solid OpenSCAD_Model
  facet normal -0.980667 0 0.195686
    outer loop
      vertex 179.564 -6 0.978946
      vertex 179.756 0 1.94114
      vertex 179.564 0 0.978946
    endloop
  endfacet
  facet normal -0.980667 0 0.195686
    outer loop
      vertex 179.756 0 1.94114
      vertex 179.564 -6 0.978946
      vertex 179.756 -6 1.94114
    endloop
  endfacet
  facet normal -0.99787 0 0.0652372
    outer loop
      vertex 179.5 -6 0
      vertex 179.564 0 0.978946
      vertex 179.5 0 0
    endloop
  endfacet
  facet normal -0.99787 0 0.0652372
    outer loop
      vertex 179.564 0 0.978946
      vertex 179.5 -6 0
      vertex 179.564 -6 0.978946
    endloop
  endfacet
  facet normal 0.99787 -0 0.0652372
    outer loop
      vertex 194.436 -6 0.978946
      vertex 194.5 0 0
      vertex 194.436 0 0.978946
    endloop
  endfacet
  facet normal 0.99787 0 0.0652372
    outer loop
      vertex 194.5 0 0
      vertex 194.436 -6 0.978946
      vertex 194.5 -6 0
    endloop
  endfacet
  facet normal -0.896836 0 0.442363
    outer loop
      vertex 180.071 -6 2.87012
      vertex 180.505 0 3.75
      vertex 180.071 0 2.87012
    endloop
  endfacet
  facet normal -0.896836 0 0.442363
    outer loop
      vertex 180.505 0 3.75
      vertex 180.071 -6 2.87012
      vertex 180.505 -6 3.75
    endloop
  endfacet
  facet normal -0.321428 0 0.946934
    outer loop
      vertex 184.13 0 6.9291
      vertex 185.059 -6 7.24444
      vertex 185.059 0 7.24444
    endloop
  endfacet
  facet normal -0.321428 0 0.946934
    outer loop
      vertex 185.059 -6 7.24444
      vertex 184.13 0 6.9291
      vertex 184.13 -6 6.9291
    endloop
  endfacet
  facet normal -0.896836 0 -0.442363
    outer loop
      vertex 180.505 -6 -3.75
      vertex 180.071 0 -2.87012
      vertex 180.505 0 -3.75
    endloop
  endfacet
  facet normal -0.896836 -0 -0.442363
    outer loop
      vertex 180.071 0 -2.87012
      vertex 180.505 -6 -3.75
      vertex 180.071 -6 -2.87012
    endloop
  endfacet
  facet normal -0.195136 0 0.980776
    outer loop
      vertex 185.059 0 7.24444
      vertex 186.021 -6 7.43584
      vertex 186.021 0 7.43584
    endloop
  endfacet
  facet normal -0.195136 0 0.980776
    outer loop
      vertex 186.021 -6 7.43584
      vertex 185.059 0 7.24444
      vertex 185.059 -6 7.24444
    endloop
  endfacet
  facet normal -0.065396 0 -0.997859
    outer loop
      vertex 186.021 -6 -7.43584
      vertex 187 0 -7.5
      vertex 187 -6 -7.5
    endloop
  endfacet
  facet normal -0.065396 0 -0.997859
    outer loop
      vertex 187 0 -7.5
      vertex 186.021 -6 -7.43584
      vertex 186.021 0 -7.43584
    endloop
  endfacet
  facet normal -0.947038 0 0.321123
    outer loop
      vertex 179.756 -6 1.94114
      vertex 180.071 0 2.87012
      vertex 179.756 0 1.94114
    endloop
  endfacet
  facet normal -0.947038 0 0.321123
    outer loop
      vertex 180.071 0 2.87012
      vertex 179.756 -6 1.94114
      vertex 180.071 -6 2.87012
    endloop
  endfacet
  facet normal 0.896836 -0 0.442363
    outer loop
      vertex 193.495 -6 3.75
      vertex 193.929 0 2.87012
      vertex 193.495 0 3.75
    endloop
  endfacet
  facet normal 0.896836 0 0.442363
    outer loop
      vertex 193.929 0 2.87012
      vertex 193.495 -6 3.75
      vertex 193.929 -6 2.87012
    endloop
  endfacet
  facet normal -0.659645 0 -0.751578
    outer loop
      vertex 181.697 -6 -5.3033
      vertex 182.434 0 -5.95015
      vertex 182.434 -6 -5.95015
    endloop
  endfacet
  facet normal -0.659645 0 -0.751578
    outer loop
      vertex 182.434 0 -5.95015
      vertex 181.697 -6 -5.3033
      vertex 181.697 0 -5.3033
    endloop
  endfacet
  facet normal -0.321428 0 -0.946934
    outer loop
      vertex 184.13 -6 -6.9291
      vertex 185.059 0 -7.24444
      vertex 185.059 -6 -7.24444
    endloop
  endfacet
  facet normal -0.321428 0 -0.946934
    outer loop
      vertex 185.059 0 -7.24444
      vertex 184.13 -6 -6.9291
      vertex 184.13 0 -6.9291
    endloop
  endfacet
  facet normal 0.659645 0 -0.751578
    outer loop
      vertex 191.566 -6 -5.95015
      vertex 192.303 0 -5.3033
      vertex 192.303 -6 -5.3033
    endloop
  endfacet
  facet normal 0.659645 0 -0.751578
    outer loop
      vertex 192.303 0 -5.3033
      vertex 191.566 -6 -5.95015
      vertex 191.566 0 -5.95015
    endloop
  endfacet
  facet normal -0.751764 0 -0.659433
    outer loop
      vertex 181.697 -6 -5.3033
      vertex 181.05 0 -4.56571
      vertex 181.697 0 -5.3033
    endloop
  endfacet
  facet normal -0.751764 -0 -0.659433
    outer loop
      vertex 181.05 0 -4.56571
      vertex 181.697 -6 -5.3033
      vertex 181.05 -6 -4.56571
    endloop
  endfacet
  facet normal 0.442241 0 0.896896
    outer loop
      vertex 189.87 0 6.9291
      vertex 190.75 -6 6.49519
      vertex 190.75 0 6.49519
    endloop
  endfacet
  facet normal 0.442241 0 0.896896
    outer loop
      vertex 190.75 -6 6.49519
      vertex 189.87 0 6.9291
      vertex 189.87 -6 6.9291
    endloop
  endfacet
  facet normal 0.896836 0 -0.442363
    outer loop
      vertex 193.929 -6 -2.87012
      vertex 193.495 0 -3.75
      vertex 193.929 0 -2.87012
    endloop
  endfacet
  facet normal 0.896836 0 -0.442363
    outer loop
      vertex 193.495 0 -3.75
      vertex 193.929 -6 -2.87012
      vertex 193.495 -6 -3.75
    endloop
  endfacet
  facet normal 0.659645 0 0.751578
    outer loop
      vertex 191.566 0 5.95015
      vertex 192.303 -6 5.3033
      vertex 192.303 0 5.3033
    endloop
  endfacet
  facet normal 0.659645 0 0.751578
    outer loop
      vertex 192.303 -6 5.3033
      vertex 191.566 0 5.95015
      vertex 191.566 -6 5.95015
    endloop
  endfacet
  facet normal 0.321428 0 0.946934
    outer loop
      vertex 188.941 0 7.24444
      vertex 189.87 -6 6.9291
      vertex 189.87 0 6.9291
    endloop
  endfacet
  facet normal 0.321428 0 0.946934
    outer loop
      vertex 189.87 -6 6.9291
      vertex 188.941 0 7.24444
      vertex 188.941 -6 7.24444
    endloop
  endfacet
  facet normal -0.751764 0 0.659433
    outer loop
      vertex 181.05 -6 4.56571
      vertex 181.697 0 5.3033
      vertex 181.05 0 4.56571
    endloop
  endfacet
  facet normal -0.751764 0 0.659433
    outer loop
      vertex 181.697 0 5.3033
      vertex 181.05 -6 4.56571
      vertex 181.697 -6 5.3033
    endloop
  endfacet
  facet normal 0.321428 0 -0.946934
    outer loop
      vertex 188.941 -6 -7.24444
      vertex 189.87 0 -6.9291
      vertex 189.87 -6 -6.9291
    endloop
  endfacet
  facet normal 0.321428 0 -0.946934
    outer loop
      vertex 189.87 0 -6.9291
      vertex 188.941 -6 -7.24444
      vertex 188.941 0 -7.24444
    endloop
  endfacet
  facet normal 0 -1 0
    outer loop
      vertex 187 -6 4.1
      vertex 187 -6 7.5
      vertex 186.021 -6 7.43584
    endloop
  endfacet
  facet normal 0 -1 0
    outer loop
      vertex 186.465 -6 4.06492
      vertex 186.021 -6 7.43584
      vertex 185.059 -6 7.24444
    endloop
  endfacet
  facet normal 0 -1 0
    outer loop
      vertex 187 -6 7.5
      vertex 187 -6 4.1
      vertex 187.979 -6 7.43584
    endloop
  endfacet
  facet normal 0 -1 0
    outer loop
      vertex 185.939 -6 3.9603
      vertex 185.059 -6 7.24444
      vertex 184.13 -6 6.9291
    endloop
  endfacet
  facet normal 0 -1 0
    outer loop
      vertex 187.535 -6 4.06492
      vertex 187.979 -6 7.43584
      vertex 187 -6 4.1
    endloop
  endfacet
  facet normal 0 -1 0
    outer loop
      vertex 185.431 -6 3.78791
      vertex 184.13 -6 6.9291
      vertex 183.25 -6 6.49519
    endloop
  endfacet
  facet normal 0 -1 -0
    outer loop
      vertex 187.979 -6 7.43584
      vertex 187.535 -6 4.06492
      vertex 188.941 -6 7.24444
    endloop
  endfacet
  facet normal 0 -1 0
    outer loop
      vertex 184.95 -6 3.5507
      vertex 183.25 -6 6.49519
      vertex 182.434 -6 5.95015
    endloop
  endfacet
  facet normal 0 -1 0
    outer loop
      vertex 188.061 -6 3.9603
      vertex 188.941 -6 7.24444
      vertex 187.535 -6 4.06492
    endloop
  endfacet
  facet normal 0 -1 0
    outer loop
      vertex 184.504 -6 3.25275
      vertex 182.434 -6 5.95015
      vertex 181.697 -6 5.3033
    endloop
  endfacet
  facet normal 0 -1 -0
    outer loop
      vertex 188.941 -6 7.24444
      vertex 188.061 -6 3.9603
      vertex 189.87 -6 6.9291
    endloop
  endfacet
  facet normal 0 -1 0
    outer loop
      vertex 184.101 -6 2.89914
      vertex 181.697 -6 5.3033
      vertex 181.05 -6 4.56571
    endloop
  endfacet
  facet normal 0 -1 0
    outer loop
      vertex 188.569 -6 3.78791
      vertex 189.87 -6 6.9291
      vertex 188.061 -6 3.9603
    endloop
  endfacet
  facet normal 0 -1 -0
    outer loop
      vertex 189.87 -6 6.9291
      vertex 188.569 -6 3.78791
      vertex 190.75 -6 6.49519
    endloop
  endfacet
  facet normal 0 -1 0
    outer loop
      vertex 186.021 -6 7.43584
      vertex 186.465 -6 4.06492
      vertex 187 -6 4.1
    endloop
  endfacet
  facet normal 0 -1 0
    outer loop
      vertex 185.059 -6 7.24444
      vertex 185.939 -6 3.9603
      vertex 186.465 -6 4.06492
    endloop
  endfacet
  facet normal 0 -1 0
    outer loop
      vertex 184.13 -6 6.9291
      vertex 185.431 -6 3.78791
      vertex 185.939 -6 3.9603
    endloop
  endfacet
  facet normal 0 -1 0
    outer loop
      vertex 183.747 -6 2.49592
      vertex 181.05 -6 4.56571
      vertex 180.505 -6 3.75
    endloop
  endfacet
  facet normal 0 -1 0
    outer loop
      vertex 183.25 -6 6.49519
      vertex 184.95 -6 3.5507
      vertex 185.431 -6 3.78791
    endloop
  endfacet
  facet normal 0 -1 0
    outer loop
      vertex 182.434 -6 5.95015
      vertex 184.504 -6 3.25275
      vertex 184.95 -6 3.5507
    endloop
  endfacet
  facet normal 0 -1 0
    outer loop
      vertex 181.697 -6 5.3033
      vertex 184.101 -6 2.89914
      vertex 184.504 -6 3.25275
    endloop
  endfacet
  facet normal 0 -1 0
    outer loop
      vertex 183.449 -6 2.05
      vertex 180.505 -6 3.75
      vertex 180.071 -6 2.87012
    endloop
  endfacet
  facet normal 0 -1 0
    outer loop
      vertex 181.05 -6 4.56571
      vertex 183.747 -6 2.49592
      vertex 184.101 -6 2.89914
    endloop
  endfacet
  facet normal 0 -1 0
    outer loop
      vertex 180.505 -6 3.75
      vertex 183.449 -6 2.05
      vertex 183.747 -6 2.49592
    endloop
  endfacet
  facet normal 0 -1 0
    outer loop
      vertex 183.212 -6 1.569
      vertex 180.071 -6 2.87012
      vertex 179.756 -6 1.94114
    endloop
  endfacet
  facet normal 0 -1 0
    outer loop
      vertex 180.071 -6 2.87012
      vertex 183.212 -6 1.569
      vertex 183.449 -6 2.05
    endloop
  endfacet
  facet normal 0 -1 0
    outer loop
      vertex 179.756 -6 1.94114
      vertex 183.04 -6 1.06116
      vertex 183.212 -6 1.569
    endloop
  endfacet
  facet normal 0 -1 0
    outer loop
      vertex 179.564 -6 0.978946
      vertex 183.04 -6 1.06116
      vertex 179.756 -6 1.94114
    endloop
  endfacet
  facet normal 0 -1 0
    outer loop
      vertex 179.564 -6 0.978946
      vertex 182.935 -6 0.535157
      vertex 183.04 -6 1.06116
    endloop
  endfacet
  facet normal 0 -1 0
    outer loop
      vertex 179.5 -6 0
      vertex 182.935 -6 0.535157
      vertex 179.564 -6 0.978946
    endloop
  endfacet
  facet normal 0 -1 0
    outer loop
      vertex 179.5 -6 0
      vertex 182.9 -6 0
      vertex 182.935 -6 0.535157
    endloop
  endfacet
  facet normal 0 -1 0
    outer loop
      vertex 179.5 -6 0
      vertex 182.935 -6 -0.535157
      vertex 182.9 -6 0
    endloop
  endfacet
  facet normal 0 -1 0
    outer loop
      vertex 179.564 -6 -0.978946
      vertex 182.935 -6 -0.535157
      vertex 179.5 -6 0
    endloop
  endfacet
  facet normal 0 -1 0
    outer loop
      vertex 179.564 -6 -0.978946
      vertex 183.04 -6 -1.06116
      vertex 182.935 -6 -0.535157
    endloop
  endfacet
  facet normal 0 -1 0
    outer loop
      vertex 179.756 -6 -1.94114
      vertex 183.04 -6 -1.06116
      vertex 179.564 -6 -0.978946
    endloop
  endfacet
  facet normal 0 -1 -0
    outer loop
      vertex 183.04 -6 -1.06116
      vertex 179.756 -6 -1.94114
      vertex 183.212 -6 -1.569
    endloop
  endfacet
  facet normal 0 -1 0
    outer loop
      vertex 180.071 -6 -2.87012
      vertex 183.212 -6 -1.569
      vertex 179.756 -6 -1.94114
    endloop
  endfacet
  facet normal 0 -1 -0
    outer loop
      vertex 183.212 -6 -1.569
      vertex 180.071 -6 -2.87012
      vertex 183.449 -6 -2.05
    endloop
  endfacet
  facet normal 0 -1 0
    outer loop
      vertex 180.505 -6 -3.75
      vertex 183.449 -6 -2.05
      vertex 180.071 -6 -2.87012
    endloop
  endfacet
  facet normal 0 -1 -0
    outer loop
      vertex 183.449 -6 -2.05
      vertex 180.505 -6 -3.75
      vertex 183.747 -6 -2.49592
    endloop
  endfacet
  facet normal 0 -1 0
    outer loop
      vertex 181.05 -6 -4.56571
      vertex 183.747 -6 -2.49592
      vertex 180.505 -6 -3.75
    endloop
  endfacet
  facet normal 0 -1 -0
    outer loop
      vertex 183.747 -6 -2.49592
      vertex 181.05 -6 -4.56571
      vertex 184.101 -6 -2.89914
    endloop
  endfacet
  facet normal 0 -1 0
    outer loop
      vertex 181.697 -6 -5.3033
      vertex 184.101 -6 -2.89914
      vertex 181.05 -6 -4.56571
    endloop
  endfacet
  facet normal 0 -1 -0
    outer loop
      vertex 184.101 -6 -2.89914
      vertex 181.697 -6 -5.3033
      vertex 184.504 -6 -3.25275
    endloop
  endfacet
  facet normal 0 -1 0
    outer loop
      vertex 182.434 -6 -5.95015
      vertex 184.504 -6 -3.25275
      vertex 181.697 -6 -5.3033
    endloop
  endfacet
  facet normal 0 -1 -0
    outer loop
      vertex 184.504 -6 -3.25275
      vertex 182.434 -6 -5.95015
      vertex 184.95 -6 -3.5507
    endloop
  endfacet
  facet normal 0 -1 0
    outer loop
      vertex 183.25 -6 -6.49519
      vertex 184.95 -6 -3.5507
      vertex 182.434 -6 -5.95015
    endloop
  endfacet
  facet normal 0 -1 -0
    outer loop
      vertex 184.95 -6 -3.5507
      vertex 183.25 -6 -6.49519
      vertex 185.431 -6 -3.78791
    endloop
  endfacet
  facet normal 0 -1 0
    outer loop
      vertex 189.05 -6 3.5507
      vertex 190.75 -6 6.49519
      vertex 188.569 -6 3.78791
    endloop
  endfacet
  facet normal 0 -1 -0
    outer loop
      vertex 190.75 -6 6.49519
      vertex 189.05 -6 3.5507
      vertex 191.566 -6 5.95015
    endloop
  endfacet
  facet normal 0 -1 0
    outer loop
      vertex 189.496 -6 3.25275
      vertex 191.566 -6 5.95015
      vertex 189.05 -6 3.5507
    endloop
  endfacet
  facet normal 0 -1 -0
    outer loop
      vertex 191.566 -6 5.95015
      vertex 189.496 -6 3.25275
      vertex 192.303 -6 5.3033
    endloop
  endfacet
  facet normal 0 -1 0
    outer loop
      vertex 189.899 -6 2.89914
      vertex 192.303 -6 5.3033
      vertex 189.496 -6 3.25275
    endloop
  endfacet
  facet normal 0 -1 -0
    outer loop
      vertex 192.303 -6 5.3033
      vertex 189.899 -6 2.89914
      vertex 192.95 -6 4.56571
    endloop
  endfacet
  facet normal 0 -1 0
    outer loop
      vertex 190.253 -6 2.49592
      vertex 192.95 -6 4.56571
      vertex 189.899 -6 2.89914
    endloop
  endfacet
  facet normal 0 -1 -0
    outer loop
      vertex 192.95 -6 4.56571
      vertex 190.253 -6 2.49592
      vertex 193.495 -6 3.75
    endloop
  endfacet
  facet normal 0 -1 0
    outer loop
      vertex 190.551 -6 2.05
      vertex 193.495 -6 3.75
      vertex 190.253 -6 2.49592
    endloop
  endfacet
  facet normal 0 -1 -0
    outer loop
      vertex 193.495 -6 3.75
      vertex 190.551 -6 2.05
      vertex 193.929 -6 2.87012
    endloop
  endfacet
  facet normal 0 -1 0
    outer loop
      vertex 190.788 -6 1.569
      vertex 193.929 -6 2.87012
      vertex 190.551 -6 2.05
    endloop
  endfacet
  facet normal 0 -1 -0
    outer loop
      vertex 193.929 -6 2.87012
      vertex 190.788 -6 1.569
      vertex 194.244 -6 1.94114
    endloop
  endfacet
  facet normal 0 -1 0
    outer loop
      vertex 190.96 -6 1.06116
      vertex 194.244 -6 1.94114
      vertex 190.788 -6 1.569
    endloop
  endfacet
  facet normal 0 -1 0
    outer loop
      vertex 190.96 -6 1.06116
      vertex 194.436 -6 0.978946
      vertex 194.244 -6 1.94114
    endloop
  endfacet
  facet normal 0 -1 0
    outer loop
      vertex 191.065 -6 0.535157
      vertex 194.436 -6 0.978946
      vertex 190.96 -6 1.06116
    endloop
  endfacet
  facet normal 0 -1 0
    outer loop
      vertex 191.1 -6 0
      vertex 194.436 -6 0.978946
      vertex 191.065 -6 0.535157
    endloop
  endfacet
  facet normal 0 -1 0
    outer loop
      vertex 191.1 -6 0
      vertex 194.5 -6 0
      vertex 194.436 -6 0.978946
    endloop
  endfacet
  facet normal 0 -1 0
    outer loop
      vertex 191.065 -6 -0.535157
      vertex 194.5 -6 0
      vertex 191.1 -6 0
    endloop
  endfacet
  facet normal 0 -1 0
    outer loop
      vertex 191.065 -6 -0.535157
      vertex 194.436 -6 -0.978946
      vertex 194.5 -6 0
    endloop
  endfacet
  facet normal 0 -1 0
    outer loop
      vertex 190.96 -6 -1.06116
      vertex 194.436 -6 -0.978946
      vertex 191.065 -6 -0.535157
    endloop
  endfacet
  facet normal 0 -1 0
    outer loop
      vertex 194.244 -6 -1.94114
      vertex 190.96 -6 -1.06116
      vertex 190.788 -6 -1.569
    endloop
  endfacet
  facet normal 0 -1 0
    outer loop
      vertex 190.96 -6 -1.06116
      vertex 194.244 -6 -1.94114
      vertex 194.436 -6 -0.978946
    endloop
  endfacet
  facet normal 0 -1 0
    outer loop
      vertex 193.929 -6 -2.87012
      vertex 190.788 -6 -1.569
      vertex 190.551 -6 -2.05
    endloop
  endfacet
  facet normal 0 -1 0
    outer loop
      vertex 193.495 -6 -3.75
      vertex 190.551 -6 -2.05
      vertex 190.253 -6 -2.49592
    endloop
  endfacet
  facet normal 0 -1 0
    outer loop
      vertex 190.788 -6 -1.569
      vertex 193.929 -6 -2.87012
      vertex 194.244 -6 -1.94114
    endloop
  endfacet
  facet normal 0 -1 0
    outer loop
      vertex 192.95 -6 -4.56571
      vertex 190.253 -6 -2.49592
      vertex 189.899 -6 -2.89914
    endloop
  endfacet
  facet normal 0 -1 0
    outer loop
      vertex 192.303 -6 -5.3033
      vertex 189.899 -6 -2.89914
      vertex 189.496 -6 -3.25275
    endloop
  endfacet
  facet normal 0 -1 0
    outer loop
      vertex 191.566 -6 -5.95015
      vertex 189.496 -6 -3.25275
      vertex 189.05 -6 -3.5507
    endloop
  endfacet
  facet normal 0 -1 0
    outer loop
      vertex 190.551 -6 -2.05
      vertex 193.495 -6 -3.75
      vertex 193.929 -6 -2.87012
    endloop
  endfacet
  facet normal 0 -1 0
    outer loop
      vertex 190.75 -6 -6.49519
      vertex 189.05 -6 -3.5507
      vertex 188.569 -6 -3.78791
    endloop
  endfacet
  facet normal 0 -1 0
    outer loop
      vertex 189.87 -6 -6.9291
      vertex 188.569 -6 -3.78791
      vertex 188.061 -6 -3.9603
    endloop
  endfacet
  facet normal 0 -1 0
    outer loop
      vertex 188.941 -6 -7.24444
      vertex 188.061 -6 -3.9603
      vertex 187.535 -6 -4.06492
    endloop
  endfacet
  facet normal 0 -1 0
    outer loop
      vertex 187.979 -6 -7.43584
      vertex 187.535 -6 -4.06492
      vertex 187 -6 -4.1
    endloop
  endfacet
  facet normal 0 -1 0
    outer loop
      vertex 184.13 -6 -6.9291
      vertex 185.431 -6 -3.78791
      vertex 183.25 -6 -6.49519
    endloop
  endfacet
  facet normal 0 -1 0
    outer loop
      vertex 190.253 -6 -2.49592
      vertex 192.95 -6 -4.56571
      vertex 193.495 -6 -3.75
    endloop
  endfacet
  facet normal 0 -1 -0
    outer loop
      vertex 185.431 -6 -3.78791
      vertex 184.13 -6 -6.9291
      vertex 185.939 -6 -3.9603
    endloop
  endfacet
  facet normal 0 -1 0
    outer loop
      vertex 189.899 -6 -2.89914
      vertex 192.303 -6 -5.3033
      vertex 192.95 -6 -4.56571
    endloop
  endfacet
  facet normal 0 -1 0
    outer loop
      vertex 185.059 -6 -7.24444
      vertex 185.939 -6 -3.9603
      vertex 184.13 -6 -6.9291
    endloop
  endfacet
  facet normal 0 -1 0
    outer loop
      vertex 189.496 -6 -3.25275
      vertex 191.566 -6 -5.95015
      vertex 192.303 -6 -5.3033
    endloop
  endfacet
  facet normal 0 -1 -0
    outer loop
      vertex 185.939 -6 -3.9603
      vertex 185.059 -6 -7.24444
      vertex 186.465 -6 -4.06492
    endloop
  endfacet
  facet normal 0 -1 0
    outer loop
      vertex 189.05 -6 -3.5507
      vertex 190.75 -6 -6.49519
      vertex 191.566 -6 -5.95015
    endloop
  endfacet
  facet normal 0 -1 0
    outer loop
      vertex 186.021 -6 -7.43584
      vertex 186.465 -6 -4.06492
      vertex 185.059 -6 -7.24444
    endloop
  endfacet
  facet normal 0 -1 0
    outer loop
      vertex 188.569 -6 -3.78791
      vertex 189.87 -6 -6.9291
      vertex 190.75 -6 -6.49519
    endloop
  endfacet
  facet normal 0 -1 -0
    outer loop
      vertex 186.465 -6 -4.06492
      vertex 186.021 -6 -7.43584
      vertex 187 -6 -4.1
    endloop
  endfacet
  facet normal 0 -1 0
    outer loop
      vertex 188.061 -6 -3.9603
      vertex 188.941 -6 -7.24444
      vertex 189.87 -6 -6.9291
    endloop
  endfacet
  facet normal 0 -1 0
    outer loop
      vertex 187 -6 -7.5
      vertex 187 -6 -4.1
      vertex 186.021 -6 -7.43584
    endloop
  endfacet
  facet normal 0 -1 0
    outer loop
      vertex 187.535 -6 -4.06492
      vertex 187.979 -6 -7.43584
      vertex 188.941 -6 -7.24444
    endloop
  endfacet
  facet normal 0 -1 0
    outer loop
      vertex 187 -6 -4.1
      vertex 187 -6 -7.5
      vertex 187.979 -6 -7.43584
    endloop
  endfacet
  facet normal -0.195136 0 -0.980776
    outer loop
      vertex 185.059 -6 -7.24444
      vertex 186.021 0 -7.43584
      vertex 186.021 -6 -7.43584
    endloop
  endfacet
  facet normal -0.195136 0 -0.980776
    outer loop
      vertex 186.021 0 -7.43584
      vertex 185.059 -6 -7.24444
      vertex 185.059 0 -7.24444
    endloop
  endfacet
  facet normal -0.980667 0 -0.195686
    outer loop
      vertex 179.756 -6 -1.94114
      vertex 179.564 0 -0.978946
      vertex 179.756 0 -1.94114
    endloop
  endfacet
  facet normal -0.980667 -0 -0.195686
    outer loop
      vertex 179.564 0 -0.978946
      vertex 179.756 -6 -1.94114
      vertex 179.564 -6 -0.978946
    endloop
  endfacet
  facet normal 0.947038 0 -0.321123
    outer loop
      vertex 194.244 -6 -1.94114
      vertex 193.929 0 -2.87012
      vertex 194.244 0 -1.94114
    endloop
  endfacet
  facet normal 0.947038 0 -0.321123
    outer loop
      vertex 193.929 0 -2.87012
      vertex 194.244 -6 -1.94114
      vertex 193.929 -6 -2.87012
    endloop
  endfacet
  facet normal 0.751764 0 -0.659433
    outer loop
      vertex 192.95 -6 -4.56571
      vertex 192.303 0 -5.3033
      vertex 192.95 0 -4.56571
    endloop
  endfacet
  facet normal 0.751764 0 -0.659433
    outer loop
      vertex 192.303 0 -5.3033
      vertex 192.95 -6 -4.56571
      vertex 192.303 -6 -5.3033
    endloop
  endfacet
  facet normal -0.555434 0 0.831561
    outer loop
      vertex 182.434 0 5.95015
      vertex 183.25 -6 6.49519
      vertex 183.25 0 6.49519
    endloop
  endfacet
  facet normal -0.555434 0 0.831561
    outer loop
      vertex 183.25 -6 6.49519
      vertex 182.434 0 5.95015
      vertex 182.434 -6 5.95015
    endloop
  endfacet
  facet normal -0.659645 0 0.751578
    outer loop
      vertex 181.697 0 5.3033
      vertex 182.434 -6 5.95015
      vertex 182.434 0 5.95015
    endloop
  endfacet
  facet normal -0.659645 0 0.751578
    outer loop
      vertex 182.434 -6 5.95015
      vertex 181.697 0 5.3033
      vertex 181.697 -6 5.3033
    endloop
  endfacet
  facet normal -0.442241 0 0.896896
    outer loop
      vertex 183.25 0 6.49519
      vertex 184.13 -6 6.9291
      vertex 184.13 0 6.9291
    endloop
  endfacet
  facet normal -0.442241 0 0.896896
    outer loop
      vertex 184.13 -6 6.9291
      vertex 183.25 0 6.49519
      vertex 183.25 -6 6.49519
    endloop
  endfacet
  facet normal 0.195136 0 0.980776
    outer loop
      vertex 187.979 0 7.43584
      vertex 188.941 -6 7.24444
      vertex 188.941 0 7.24444
    endloop
  endfacet
  facet normal 0.195136 0 0.980776
    outer loop
      vertex 188.941 -6 7.24444
      vertex 187.979 0 7.43584
      vertex 187.979 -6 7.43584
    endloop
  endfacet
  facet normal 0.065396 0 -0.997859
    outer loop
      vertex 187 -6 -7.5
      vertex 187.979 0 -7.43584
      vertex 187.979 -6 -7.43584
    endloop
  endfacet
  facet normal 0.065396 0 -0.997859
    outer loop
      vertex 187.979 0 -7.43584
      vertex 187 -6 -7.5
      vertex 187 0 -7.5
    endloop
  endfacet
  facet normal 0.442241 0 -0.896896
    outer loop
      vertex 189.87 -6 -6.9291
      vertex 190.75 0 -6.49519
      vertex 190.75 -6 -6.49519
    endloop
  endfacet
  facet normal 0.442241 0 -0.896896
    outer loop
      vertex 190.75 0 -6.49519
      vertex 189.87 -6 -6.9291
      vertex 189.87 0 -6.9291
    endloop
  endfacet
  facet normal 0.065396 0 0.997859
    outer loop
      vertex 187 0 7.5
      vertex 187.979 -6 7.43584
      vertex 187.979 0 7.43584
    endloop
  endfacet
  facet normal 0.065396 0 0.997859
    outer loop
      vertex 187.979 -6 7.43584
      vertex 187 0 7.5
      vertex 187 -6 7.5
    endloop
  endfacet
  facet normal 0.947038 -0 0.321123
    outer loop
      vertex 193.929 -6 2.87012
      vertex 194.244 0 1.94114
      vertex 193.929 0 2.87012
    endloop
  endfacet
  facet normal 0.947038 0 0.321123
    outer loop
      vertex 194.244 0 1.94114
      vertex 193.929 -6 2.87012
      vertex 194.244 -6 1.94114
    endloop
  endfacet
  facet normal 0 -1 0
    outer loop
      vertex 159.847 0 5.95723
      vertex 188.029 0 20
      vertex 140.653 0 5.95723
    endloop
  endfacet
  facet normal 0 -1 0
    outer loop
      vertex 188.029 0 20
      vertex 159.847 0 5.95723
      vertex 160.5 0 6
    endloop
  endfacet
  facet normal 0 -1 0
    outer loop
      vertex 141.294 0 5.82964
      vertex 159.847 0 5.95723
      vertex 140.653 0 5.95723
    endloop
  endfacet
  facet normal 0 -1 0
    outer loop
      vertex 141.294 0 5.82964
      vertex 159.206 0 5.82964
      vertex 159.847 0 5.95723
    endloop
  endfacet
  facet normal 0 -1 0
    outer loop
      vertex 141.913 0 5.6194
      vertex 159.206 0 5.82964
      vertex 141.294 0 5.82964
    endloop
  endfacet
  facet normal 0 -1 0
    outer loop
      vertex 141.913 0 5.6194
      vertex 158.587 0 5.6194
      vertex 159.206 0 5.82964
    endloop
  endfacet
  facet normal 0 -1 0
    outer loop
      vertex 142.5 0 5.33012
      vertex 158.587 0 5.6194
      vertex 141.913 0 5.6194
    endloop
  endfacet
  facet normal 0 -1 0
    outer loop
      vertex 142.5 0 5.33012
      vertex 158 0 5.33012
      vertex 158.587 0 5.6194
    endloop
  endfacet
  facet normal 0 -1 0
    outer loop
      vertex 143.044 0 4.96677
      vertex 158 0 5.33012
      vertex 142.5 0 5.33012
    endloop
  endfacet
  facet normal 0 -1 0
    outer loop
      vertex 143.044 0 4.96677
      vertex 157.456 0 4.96677
      vertex 158 0 5.33012
    endloop
  endfacet
  facet normal 0 -1 0
    outer loop
      vertex 143.536 0 4.53554
      vertex 157.456 0 4.96677
      vertex 143.044 0 4.96677
    endloop
  endfacet
  facet normal 0 -1 0
    outer loop
      vertex 143.536 0 4.53554
      vertex 156.964 0 4.53554
      vertex 157.456 0 4.96677
    endloop
  endfacet
  facet normal 0 -1 0
    outer loop
      vertex 143.967 0 4.04381
      vertex 156.964 0 4.53554
      vertex 143.536 0 4.53554
    endloop
  endfacet
  facet normal 0 -1 0
    outer loop
      vertex 143.967 0 4.04381
      vertex 156.533 0 4.04381
      vertex 156.964 0 4.53554
    endloop
  endfacet
  facet normal 0 -1 0
    outer loop
      vertex 144.33 0 3.5
      vertex 156.533 0 4.04381
      vertex 143.967 0 4.04381
    endloop
  endfacet
  facet normal 0 -1 0
    outer loop
      vertex 144.33 0 3.5
      vertex 156.17 0 3.5
      vertex 156.533 0 4.04381
    endloop
  endfacet
  facet normal 0 -1 0
    outer loop
      vertex 144.619 0 2.91342
      vertex 156.17 0 3.5
      vertex 144.33 0 3.5
    endloop
  endfacet
  facet normal 0 -1 0
    outer loop
      vertex 144.619 0 2.91342
      vertex 155.881 0 2.91342
      vertex 156.17 0 3.5
    endloop
  endfacet
  facet normal 0 -1 0
    outer loop
      vertex 144.83 0 2.2941
      vertex 155.881 0 2.91342
      vertex 144.619 0 2.91342
    endloop
  endfacet
  facet normal 0 -1 0
    outer loop
      vertex 144.83 0 2.2941
      vertex 155.67 0 2.2941
      vertex 155.881 0 2.91342
    endloop
  endfacet
  facet normal 0 -1 0
    outer loop
      vertex 144.957 0 1.65263
      vertex 155.67 0 2.2941
      vertex 144.83 0 2.2941
    endloop
  endfacet
  facet normal 0 -1 0
    outer loop
      vertex 144.957 0 1.65263
      vertex 155.543 0 1.65263
      vertex 155.67 0 2.2941
    endloop
  endfacet
  facet normal 0 -1 0
    outer loop
      vertex 145 0 1
      vertex 155.543 0 1.65263
      vertex 144.957 0 1.65263
    endloop
  endfacet
  facet normal 0 -1 0
    outer loop
      vertex 145 0 1
      vertex 155.5 0 1
      vertex 155.543 0 1.65263
    endloop
  endfacet
  facet normal 0 -1 0
    outer loop
      vertex 145 0 -13
      vertex 155.5 0 1
      vertex 145 0 1
    endloop
  endfacet
  facet normal 0 -1 0
    outer loop
      vertex 145 0 -13
      vertex 155.5 0 -13
      vertex 155.5 0 1
    endloop
  endfacet
  facet normal 0 -1 0
    outer loop
      vertex 144.957 0 -13.6526
      vertex 155.5 0 -13
      vertex 145 0 -13
    endloop
  endfacet
  facet normal 0 -1 0
    outer loop
      vertex 144.957 0 -13.6526
      vertex 155.543 0 -13.6526
      vertex 155.5 0 -13
    endloop
  endfacet
  facet normal 0 -1 0
    outer loop
      vertex 144.83 0 -14.2941
      vertex 155.543 0 -13.6526
      vertex 144.957 0 -13.6526
    endloop
  endfacet
  facet normal 0 -1 0
    outer loop
      vertex 144.83 0 -14.2941
      vertex 155.67 0 -14.2941
      vertex 155.543 0 -13.6526
    endloop
  endfacet
  facet normal 0 -1 0
    outer loop
      vertex 144.619 0 -14.9134
      vertex 155.67 0 -14.2941
      vertex 144.83 0 -14.2941
    endloop
  endfacet
  facet normal 0 -1 0
    outer loop
      vertex 144.619 0 -14.9134
      vertex 155.881 0 -14.9134
      vertex 155.67 0 -14.2941
    endloop
  endfacet
  facet normal 0 -1 0
    outer loop
      vertex 144.33 0 -15.5
      vertex 155.881 0 -14.9134
      vertex 144.619 0 -14.9134
    endloop
  endfacet
  facet normal 0 -1 0
    outer loop
      vertex 144.33 0 -15.5
      vertex 156.17 0 -15.5
      vertex 155.881 0 -14.9134
    endloop
  endfacet
  facet normal 0 -1 0
    outer loop
      vertex 143.967 0 -16.0438
      vertex 156.17 0 -15.5
      vertex 144.33 0 -15.5
    endloop
  endfacet
  facet normal 0 -1 0
    outer loop
      vertex 143.967 0 -16.0438
      vertex 156.533 0 -16.0438
      vertex 156.17 0 -15.5
    endloop
  endfacet
  facet normal 0 -1 0
    outer loop
      vertex 143.536 0 -16.5355
      vertex 156.533 0 -16.0438
      vertex 143.967 0 -16.0438
    endloop
  endfacet
  facet normal 0 -1 0
    outer loop
      vertex 143.536 0 -16.5355
      vertex 156.964 0 -16.5355
      vertex 156.533 0 -16.0438
    endloop
  endfacet
  facet normal 0 -1 0
    outer loop
      vertex 143.044 0 -16.9668
      vertex 156.964 0 -16.5355
      vertex 143.536 0 -16.5355
    endloop
  endfacet
  facet normal 0 -1 0
    outer loop
      vertex 143.044 0 -16.9668
      vertex 157.456 0 -16.9668
      vertex 156.964 0 -16.5355
    endloop
  endfacet
  facet normal 0 -1 0
    outer loop
      vertex 142.5 0 -17.3301
      vertex 157.456 0 -16.9668
      vertex 143.044 0 -16.9668
    endloop
  endfacet
  facet normal 0 -1 0
    outer loop
      vertex 142.5 0 -17.3301
      vertex 158 0 -17.3301
      vertex 157.456 0 -16.9668
    endloop
  endfacet
  facet normal 0 -1 0
    outer loop
      vertex 141.913 0 -17.6194
      vertex 158 0 -17.3301
      vertex 142.5 0 -17.3301
    endloop
  endfacet
  facet normal 0 -1 0
    outer loop
      vertex 141.913 0 -17.6194
      vertex 158.587 0 -17.6194
      vertex 158 0 -17.3301
    endloop
  endfacet
  facet normal 0 -1 0
    outer loop
      vertex 141.294 0 -17.8296
      vertex 158.587 0 -17.6194
      vertex 141.913 0 -17.6194
    endloop
  endfacet
  facet normal 0 -1 0
    outer loop
      vertex 141.294 0 -17.8296
      vertex 159.206 0 -17.8296
      vertex 158.587 0 -17.6194
    endloop
  endfacet
  facet normal 0 -1 0
    outer loop
      vertex 140.653 0 -17.9572
      vertex 159.206 0 -17.8296
      vertex 141.294 0 -17.8296
    endloop
  endfacet
  facet normal 0 -1 0
    outer loop
      vertex 140.653 0 -17.9572
      vertex 159.847 0 -17.9572
      vertex 159.206 0 -17.8296
    endloop
  endfacet
  facet normal 0 -1 0
    outer loop
      vertex 201 0 -35
      vertex 140.653 0 -17.9572
      vertex 140 0 -18
    endloop
  endfacet
  facet normal 0 -1 0
    outer loop
      vertex 140.653 0 -17.9572
      vertex 201 0 -35
      vertex 159.847 0 -17.9572
    endloop
  endfacet
  facet normal 0 -1 0
    outer loop
      vertex 114.153 0 5.95723
      vertex 134 0 6
      vertex 113.5 0 6
    endloop
  endfacet
  facet normal 0 -1 0
    outer loop
      vertex 114.153 0 5.95723
      vertex 133.347 0 5.95723
      vertex 134 0 6
    endloop
  endfacet
  facet normal 0 -1 0
    outer loop
      vertex 114.794 0 5.82964
      vertex 133.347 0 5.95723
      vertex 114.153 0 5.95723
    endloop
  endfacet
  facet normal 0 -1 0
    outer loop
      vertex 114.794 0 5.82964
      vertex 132.706 0 5.82964
      vertex 133.347 0 5.95723
    endloop
  endfacet
  facet normal 0 -1 0
    outer loop
      vertex 115.413 0 5.6194
      vertex 132.706 0 5.82964
      vertex 114.794 0 5.82964
    endloop
  endfacet
  facet normal 0 -1 0
    outer loop
      vertex 115.413 0 5.6194
      vertex 132.087 0 5.6194
      vertex 132.706 0 5.82964
    endloop
  endfacet
  facet normal 0 -1 0
    outer loop
      vertex 116 0 5.33012
      vertex 132.087 0 5.6194
      vertex 115.413 0 5.6194
    endloop
  endfacet
  facet normal 0 -1 0
    outer loop
      vertex 116 0 5.33012
      vertex 131.5 0 5.33012
      vertex 132.087 0 5.6194
    endloop
  endfacet
  facet normal 0 -1 0
    outer loop
      vertex 116.544 0 4.96677
      vertex 131.5 0 5.33012
      vertex 116 0 5.33012
    endloop
  endfacet
  facet normal 0 -1 0
    outer loop
      vertex 116.544 0 4.96677
      vertex 130.956 0 4.96677
      vertex 131.5 0 5.33012
    endloop
  endfacet
  facet normal 0 -1 0
    outer loop
      vertex 117.036 0 4.53554
      vertex 130.956 0 4.96677
      vertex 116.544 0 4.96677
    endloop
  endfacet
  facet normal 0 -1 0
    outer loop
      vertex 117.036 0 4.53554
      vertex 130.464 0 4.53554
      vertex 130.956 0 4.96677
    endloop
  endfacet
  facet normal 0 -1 0
    outer loop
      vertex 117.467 0 4.04381
      vertex 130.464 0 4.53554
      vertex 117.036 0 4.53554
    endloop
  endfacet
  facet normal 0 -1 0
    outer loop
      vertex 117.467 0 4.04381
      vertex 130.033 0 4.04381
      vertex 130.464 0 4.53554
    endloop
  endfacet
  facet normal 0 -1 0
    outer loop
      vertex 117.83 0 3.5
      vertex 130.033 0 4.04381
      vertex 117.467 0 4.04381
    endloop
  endfacet
  facet normal 0 -1 0
    outer loop
      vertex 117.83 0 3.5
      vertex 129.67 0 3.5
      vertex 130.033 0 4.04381
    endloop
  endfacet
  facet normal 0 -1 0
    outer loop
      vertex 118.119 0 2.91342
      vertex 129.67 0 3.5
      vertex 117.83 0 3.5
    endloop
  endfacet
  facet normal 0 -1 0
    outer loop
      vertex 118.119 0 2.91342
      vertex 129.381 0 2.91342
      vertex 129.67 0 3.5
    endloop
  endfacet
  facet normal 0 -1 0
    outer loop
      vertex 118.33 0 2.2941
      vertex 129.381 0 2.91342
      vertex 118.119 0 2.91342
    endloop
  endfacet
  facet normal 0 -1 0
    outer loop
      vertex 118.33 0 2.2941
      vertex 129.17 0 2.2941
      vertex 129.381 0 2.91342
    endloop
  endfacet
  facet normal 0 -1 0
    outer loop
      vertex 118.457 0 1.65263
      vertex 129.17 0 2.2941
      vertex 118.33 0 2.2941
    endloop
  endfacet
  facet normal 0 -1 0
    outer loop
      vertex 118.457 0 1.65263
      vertex 129.043 0 1.65263
      vertex 129.17 0 2.2941
    endloop
  endfacet
  facet normal 0 -1 0
    outer loop
      vertex 118.5 0 1
      vertex 129.043 0 1.65263
      vertex 118.457 0 1.65263
    endloop
  endfacet
  facet normal 0 -1 0
    outer loop
      vertex 118.5 0 1
      vertex 129 0 1
      vertex 129.043 0 1.65263
    endloop
  endfacet
  facet normal 0 -1 0
    outer loop
      vertex 118.5 0 -13
      vertex 129 0 1
      vertex 118.5 0 1
    endloop
  endfacet
  facet normal 0 -1 0
    outer loop
      vertex 118.5 0 -13
      vertex 129 0 -13
      vertex 129 0 1
    endloop
  endfacet
  facet normal 0 -1 0
    outer loop
      vertex 118.457 0 -13.6526
      vertex 129 0 -13
      vertex 118.5 0 -13
    endloop
  endfacet
  facet normal 0 -1 0
    outer loop
      vertex 118.457 0 -13.6526
      vertex 129.043 0 -13.6526
      vertex 129 0 -13
    endloop
  endfacet
  facet normal 0 -1 0
    outer loop
      vertex 118.33 0 -14.2941
      vertex 129.043 0 -13.6526
      vertex 118.457 0 -13.6526
    endloop
  endfacet
  facet normal 0 -1 0
    outer loop
      vertex 118.33 0 -14.2941
      vertex 129.17 0 -14.2941
      vertex 129.043 0 -13.6526
    endloop
  endfacet
  facet normal 0 -1 0
    outer loop
      vertex 118.119 0 -14.9134
      vertex 129.17 0 -14.2941
      vertex 118.33 0 -14.2941
    endloop
  endfacet
  facet normal 0 -1 0
    outer loop
      vertex 118.119 0 -14.9134
      vertex 129.381 0 -14.9134
      vertex 129.17 0 -14.2941
    endloop
  endfacet
  facet normal 0 -1 0
    outer loop
      vertex 117.83 0 -15.5
      vertex 129.381 0 -14.9134
      vertex 118.119 0 -14.9134
    endloop
  endfacet
  facet normal 0 -1 0
    outer loop
      vertex 117.83 0 -15.5
      vertex 129.67 0 -15.5
      vertex 129.381 0 -14.9134
    endloop
  endfacet
  facet normal 0 -1 0
    outer loop
      vertex 117.467 0 -16.0438
      vertex 129.67 0 -15.5
      vertex 117.83 0 -15.5
    endloop
  endfacet
  facet normal 0 -1 0
    outer loop
      vertex 117.467 0 -16.0438
      vertex 130.033 0 -16.0438
      vertex 129.67 0 -15.5
    endloop
  endfacet
  facet normal 0 -1 0
    outer loop
      vertex 117.036 0 -16.5355
      vertex 130.033 0 -16.0438
      vertex 117.467 0 -16.0438
    endloop
  endfacet
  facet normal 0 -1 0
    outer loop
      vertex 117.036 0 -16.5355
      vertex 130.464 0 -16.5355
      vertex 130.033 0 -16.0438
    endloop
  endfacet
  facet normal 0 -1 0
    outer loop
      vertex 116.544 0 -16.9668
      vertex 130.464 0 -16.5355
      vertex 117.036 0 -16.5355
    endloop
  endfacet
  facet normal 0 -1 0
    outer loop
      vertex 116.544 0 -16.9668
      vertex 130.956 0 -16.9668
      vertex 130.464 0 -16.5355
    endloop
  endfacet
  facet normal 0 -1 0
    outer loop
      vertex 116 0 -17.3301
      vertex 130.956 0 -16.9668
      vertex 116.544 0 -16.9668
    endloop
  endfacet
  facet normal 0 -1 0
    outer loop
      vertex 116 0 -17.3301
      vertex 131.5 0 -17.3301
      vertex 130.956 0 -16.9668
    endloop
  endfacet
  facet normal 0 -1 0
    outer loop
      vertex 115.413 0 -17.6194
      vertex 131.5 0 -17.3301
      vertex 116 0 -17.3301
    endloop
  endfacet
  facet normal 0 -1 0
    outer loop
      vertex 115.413 0 -17.6194
      vertex 132.087 0 -17.6194
      vertex 131.5 0 -17.3301
    endloop
  endfacet
  facet normal 0 -1 0
    outer loop
      vertex 114.794 0 -17.8296
      vertex 132.087 0 -17.6194
      vertex 115.413 0 -17.6194
    endloop
  endfacet
  facet normal 0 -1 0
    outer loop
      vertex 114.794 0 -17.8296
      vertex 132.706 0 -17.8296
      vertex 132.087 0 -17.6194
    endloop
  endfacet
  facet normal 0 -1 0
    outer loop
      vertex 114.153 0 -17.9572
      vertex 132.706 0 -17.8296
      vertex 114.794 0 -17.8296
    endloop
  endfacet
  facet normal 0 -1 0
    outer loop
      vertex 114.153 0 -17.9572
      vertex 133.347 0 -17.9572
      vertex 132.706 0 -17.8296
    endloop
  endfacet
  facet normal 0 -1 0
    outer loop
      vertex 113.5 0 -18
      vertex 133.347 0 -17.9572
      vertex 114.153 0 -17.9572
    endloop
  endfacet
  facet normal 0 -1 -0
    outer loop
      vertex 133.347 0 -17.9572
      vertex 113.5 0 -18
      vertex 134 0 -18
    endloop
  endfacet
  facet normal 0 -1 0
    outer loop
      vertex 87.6526 0 5.95723
      vertex 107.5 0 6
      vertex 87 0 6
    endloop
  endfacet
  facet normal 0 -1 0
    outer loop
      vertex 87.6526 0 5.95723
      vertex 106.847 0 5.95723
      vertex 107.5 0 6
    endloop
  endfacet
  facet normal 0 -1 0
    outer loop
      vertex 88.2941 0 5.82964
      vertex 106.847 0 5.95723
      vertex 87.6526 0 5.95723
    endloop
  endfacet
  facet normal 0 -1 0
    outer loop
      vertex 88.2941 0 5.82964
      vertex 106.206 0 5.82964
      vertex 106.847 0 5.95723
    endloop
  endfacet
  facet normal 0 -1 0
    outer loop
      vertex 88.9134 0 5.6194
      vertex 106.206 0 5.82964
      vertex 88.2941 0 5.82964
    endloop
  endfacet
  facet normal 0 -1 0
    outer loop
      vertex 88.9134 0 5.6194
      vertex 105.587 0 5.6194
      vertex 106.206 0 5.82964
    endloop
  endfacet
  facet normal 0 -1 0
    outer loop
      vertex 89.5 0 5.33012
      vertex 105.587 0 5.6194
      vertex 88.9134 0 5.6194
    endloop
  endfacet
  facet normal 0 -1 0
    outer loop
      vertex 89.5 0 5.33012
      vertex 105 0 5.33012
      vertex 105.587 0 5.6194
    endloop
  endfacet
  facet normal 0 -1 0
    outer loop
      vertex 90.0438 0 4.96677
      vertex 105 0 5.33012
      vertex 89.5 0 5.33012
    endloop
  endfacet
  facet normal 0 -1 0
    outer loop
      vertex 90.0438 0 4.96677
      vertex 104.456 0 4.96677
      vertex 105 0 5.33012
    endloop
  endfacet
  facet normal 0 -1 0
    outer loop
      vertex 90.5355 0 4.53554
      vertex 104.456 0 4.96677
      vertex 90.0438 0 4.96677
    endloop
  endfacet
  facet normal 0 -1 0
    outer loop
      vertex 90.5355 0 4.53554
      vertex 103.964 0 4.53554
      vertex 104.456 0 4.96677
    endloop
  endfacet
  facet normal 0 -1 0
    outer loop
      vertex 90.9668 0 4.04381
      vertex 103.964 0 4.53554
      vertex 90.5355 0 4.53554
    endloop
  endfacet
  facet normal 0 -1 0
    outer loop
      vertex 90.9668 0 4.04381
      vertex 103.533 0 4.04381
      vertex 103.964 0 4.53554
    endloop
  endfacet
  facet normal 0 -1 0
    outer loop
      vertex 91.3301 0 3.5
      vertex 103.533 0 4.04381
      vertex 90.9668 0 4.04381
    endloop
  endfacet
  facet normal 0 -1 0
    outer loop
      vertex 91.3301 0 3.5
      vertex 103.17 0 3.5
      vertex 103.533 0 4.04381
    endloop
  endfacet
  facet normal 0 -1 0
    outer loop
      vertex 91.6194 0 2.91342
      vertex 103.17 0 3.5
      vertex 91.3301 0 3.5
    endloop
  endfacet
  facet normal 0 -1 0
    outer loop
      vertex 91.6194 0 2.91342
      vertex 102.881 0 2.91342
      vertex 103.17 0 3.5
    endloop
  endfacet
  facet normal 0 -1 0
    outer loop
      vertex 91.8296 0 2.2941
      vertex 102.881 0 2.91342
      vertex 91.6194 0 2.91342
    endloop
  endfacet
  facet normal 0 -1 0
    outer loop
      vertex 91.8296 0 2.2941
      vertex 102.67 0 2.2941
      vertex 102.881 0 2.91342
    endloop
  endfacet
  facet normal 0 -1 0
    outer loop
      vertex 91.9572 0 1.65263
      vertex 102.67 0 2.2941
      vertex 91.8296 0 2.2941
    endloop
  endfacet
  facet normal 0 -1 0
    outer loop
      vertex 91.9572 0 1.65263
      vertex 102.543 0 1.65263
      vertex 102.67 0 2.2941
    endloop
  endfacet
  facet normal 0 -1 0
    outer loop
      vertex 92 0 1
      vertex 102.543 0 1.65263
      vertex 91.9572 0 1.65263
    endloop
  endfacet
  facet normal 0 -1 0
    outer loop
      vertex 92 0 1
      vertex 102.5 0 1
      vertex 102.543 0 1.65263
    endloop
  endfacet
  facet normal 0 -1 0
    outer loop
      vertex 92 0 -13
      vertex 102.5 0 1
      vertex 92 0 1
    endloop
  endfacet
  facet normal 0 -1 0
    outer loop
      vertex 92 0 -13
      vertex 102.5 0 -13
      vertex 102.5 0 1
    endloop
  endfacet
  facet normal 0 -1 0
    outer loop
      vertex 91.9572 0 -13.6526
      vertex 102.5 0 -13
      vertex 92 0 -13
    endloop
  endfacet
  facet normal 0 -1 0
    outer loop
      vertex 91.9572 0 -13.6526
      vertex 102.543 0 -13.6526
      vertex 102.5 0 -13
    endloop
  endfacet
  facet normal 0 -1 0
    outer loop
      vertex 91.8296 0 -14.2941
      vertex 102.543 0 -13.6526
      vertex 91.9572 0 -13.6526
    endloop
  endfacet
  facet normal 0 -1 0
    outer loop
      vertex 91.8296 0 -14.2941
      vertex 102.67 0 -14.2941
      vertex 102.543 0 -13.6526
    endloop
  endfacet
  facet normal 0 -1 0
    outer loop
      vertex 91.6194 0 -14.9134
      vertex 102.67 0 -14.2941
      vertex 91.8296 0 -14.2941
    endloop
  endfacet
  facet normal 0 -1 0
    outer loop
      vertex 91.6194 0 -14.9134
      vertex 102.881 0 -14.9134
      vertex 102.67 0 -14.2941
    endloop
  endfacet
  facet normal 0 -1 0
    outer loop
      vertex 91.3301 0 -15.5
      vertex 102.881 0 -14.9134
      vertex 91.6194 0 -14.9134
    endloop
  endfacet
  facet normal 0 -1 0
    outer loop
      vertex 91.3301 0 -15.5
      vertex 103.17 0 -15.5
      vertex 102.881 0 -14.9134
    endloop
  endfacet
  facet normal 0 -1 0
    outer loop
      vertex 90.9668 0 -16.0438
      vertex 103.17 0 -15.5
      vertex 91.3301 0 -15.5
    endloop
  endfacet
  facet normal 0 -1 0
    outer loop
      vertex 90.9668 0 -16.0438
      vertex 103.533 0 -16.0438
      vertex 103.17 0 -15.5
    endloop
  endfacet
  facet normal 0 -1 0
    outer loop
      vertex 90.5355 0 -16.5355
      vertex 103.533 0 -16.0438
      vertex 90.9668 0 -16.0438
    endloop
  endfacet
  facet normal 0 -1 0
    outer loop
      vertex 90.5355 0 -16.5355
      vertex 103.964 0 -16.5355
      vertex 103.533 0 -16.0438
    endloop
  endfacet
  facet normal 0 -1 0
    outer loop
      vertex 90.0438 0 -16.9668
      vertex 103.964 0 -16.5355
      vertex 90.5355 0 -16.5355
    endloop
  endfacet
  facet normal 0 -1 0
    outer loop
      vertex 90.0438 0 -16.9668
      vertex 104.456 0 -16.9668
      vertex 103.964 0 -16.5355
    endloop
  endfacet
  facet normal 0 -1 0
    outer loop
      vertex 89.5 0 -17.3301
      vertex 104.456 0 -16.9668
      vertex 90.0438 0 -16.9668
    endloop
  endfacet
  facet normal 0 -1 0
    outer loop
      vertex 89.5 0 -17.3301
      vertex 105 0 -17.3301
      vertex 104.456 0 -16.9668
    endloop
  endfacet
  facet normal 0 -1 0
    outer loop
      vertex 88.9134 0 -17.6194
      vertex 105 0 -17.3301
      vertex 89.5 0 -17.3301
    endloop
  endfacet
  facet normal 0 -1 0
    outer loop
      vertex 88.9134 0 -17.6194
      vertex 105.587 0 -17.6194
      vertex 105 0 -17.3301
    endloop
  endfacet
  facet normal 0 -1 0
    outer loop
      vertex 88.2941 0 -17.8296
      vertex 105.587 0 -17.6194
      vertex 88.9134 0 -17.6194
    endloop
  endfacet
  facet normal 0 -1 0
    outer loop
      vertex 88.2941 0 -17.8296
      vertex 106.206 0 -17.8296
      vertex 105.587 0 -17.6194
    endloop
  endfacet
  facet normal 0 -1 0
    outer loop
      vertex 87.6526 0 -17.9572
      vertex 106.206 0 -17.8296
      vertex 88.2941 0 -17.8296
    endloop
  endfacet
  facet normal 0 -1 0
    outer loop
      vertex 87.6526 0 -17.9572
      vertex 106.847 0 -17.9572
      vertex 106.206 0 -17.8296
    endloop
  endfacet
  facet normal 0 -1 0
    outer loop
      vertex 87 0 -18
      vertex 106.847 0 -17.9572
      vertex 87.6526 0 -17.9572
    endloop
  endfacet
  facet normal 0 -1 -0
    outer loop
      vertex 106.847 0 -17.9572
      vertex 87 0 -18
      vertex 107.5 0 -18
    endloop
  endfacet
  facet normal 0 -1 0
    outer loop
      vertex 61.1526 0 5.95723
      vertex 81 0 6
      vertex 60.5 0 6
    endloop
  endfacet
  facet normal 0 -1 0
    outer loop
      vertex 61.1526 0 5.95723
      vertex 80.3474 0 5.95723
      vertex 81 0 6
    endloop
  endfacet
  facet normal 0 -1 0
    outer loop
      vertex 61.7941 0 5.82964
      vertex 80.3474 0 5.95723
      vertex 61.1526 0 5.95723
    endloop
  endfacet
  facet normal 0 -1 0
    outer loop
      vertex 61.7941 0 5.82964
      vertex 79.7059 0 5.82964
      vertex 80.3474 0 5.95723
    endloop
  endfacet
  facet normal 0 -1 0
    outer loop
      vertex 62.4134 0 5.6194
      vertex 79.7059 0 5.82964
      vertex 61.7941 0 5.82964
    endloop
  endfacet
  facet normal 0 -1 0
    outer loop
      vertex 62.4134 0 5.6194
      vertex 79.0866 0 5.6194
      vertex 79.7059 0 5.82964
    endloop
  endfacet
  facet normal 0 -1 0
    outer loop
      vertex 63 0 5.33012
      vertex 79.0866 0 5.6194
      vertex 62.4134 0 5.6194
    endloop
  endfacet
  facet normal 0 -1 0
    outer loop
      vertex 63 0 5.33012
      vertex 78.5 0 5.33012
      vertex 79.0866 0 5.6194
    endloop
  endfacet
  facet normal 0 -1 0
    outer loop
      vertex 63.5438 0 4.96677
      vertex 78.5 0 5.33012
      vertex 63 0 5.33012
    endloop
  endfacet
  facet normal 0 -1 0
    outer loop
      vertex 63.5438 0 4.96677
      vertex 77.9562 0 4.96677
      vertex 78.5 0 5.33012
    endloop
  endfacet
  facet normal 0 -1 0
    outer loop
      vertex 64.0355 0 4.53554
      vertex 77.9562 0 4.96677
      vertex 63.5438 0 4.96677
    endloop
  endfacet
  facet normal 0 -1 0
    outer loop
      vertex 64.0355 0 4.53554
      vertex 77.4645 0 4.53554
      vertex 77.9562 0 4.96677
    endloop
  endfacet
  facet normal 0 -1 0
    outer loop
      vertex 64.4668 0 4.04381
      vertex 77.4645 0 4.53554
      vertex 64.0355 0 4.53554
    endloop
  endfacet
  facet normal 0 -1 0
    outer loop
      vertex 64.4668 0 4.04381
      vertex 77.0332 0 4.04381
      vertex 77.4645 0 4.53554
    endloop
  endfacet
  facet normal 0 -1 0
    outer loop
      vertex 64.8301 0 3.5
      vertex 77.0332 0 4.04381
      vertex 64.4668 0 4.04381
    endloop
  endfacet
  facet normal 0 -1 0
    outer loop
      vertex 64.8301 0 3.5
      vertex 76.6699 0 3.5
      vertex 77.0332 0 4.04381
    endloop
  endfacet
  facet normal 0 -1 0
    outer loop
      vertex 65.1194 0 2.91342
      vertex 76.6699 0 3.5
      vertex 64.8301 0 3.5
    endloop
  endfacet
  facet normal 0 -1 0
    outer loop
      vertex 65.1194 0 2.91342
      vertex 76.3806 0 2.91342
      vertex 76.6699 0 3.5
    endloop
  endfacet
  facet normal 0 -1 0
    outer loop
      vertex 65.3296 0 2.2941
      vertex 76.3806 0 2.91342
      vertex 65.1194 0 2.91342
    endloop
  endfacet
  facet normal 0 -1 0
    outer loop
      vertex 65.3296 0 2.2941
      vertex 76.1704 0 2.2941
      vertex 76.3806 0 2.91342
    endloop
  endfacet
  facet normal 0 -1 0
    outer loop
      vertex 65.4572 0 1.65263
      vertex 76.1704 0 2.2941
      vertex 65.3296 0 2.2941
    endloop
  endfacet
  facet normal 0 -1 0
    outer loop
      vertex 65.4572 0 1.65263
      vertex 76.0428 0 1.65263
      vertex 76.1704 0 2.2941
    endloop
  endfacet
  facet normal 0 -1 0
    outer loop
      vertex 65.5 0 1
      vertex 76.0428 0 1.65263
      vertex 65.4572 0 1.65263
    endloop
  endfacet
  facet normal 0 -1 0
    outer loop
      vertex 65.5 0 1
      vertex 76 0 1
      vertex 76.0428 0 1.65263
    endloop
  endfacet
  facet normal 0 -1 0
    outer loop
      vertex 65.5 0 -13
      vertex 76 0 1
      vertex 65.5 0 1
    endloop
  endfacet
  facet normal 0 -1 0
    outer loop
      vertex 65.5 0 -13
      vertex 76 0 -13
      vertex 76 0 1
    endloop
  endfacet
  facet normal 0 -1 0
    outer loop
      vertex 65.4572 0 -13.6526
      vertex 76 0 -13
      vertex 65.5 0 -13
    endloop
  endfacet
  facet normal 0 -1 0
    outer loop
      vertex 65.4572 0 -13.6526
      vertex 76.0428 0 -13.6526
      vertex 76 0 -13
    endloop
  endfacet
  facet normal 0 -1 0
    outer loop
      vertex 65.3296 0 -14.2941
      vertex 76.0428 0 -13.6526
      vertex 65.4572 0 -13.6526
    endloop
  endfacet
  facet normal 0 -1 0
    outer loop
      vertex 65.3296 0 -14.2941
      vertex 76.1704 0 -14.2941
      vertex 76.0428 0 -13.6526
    endloop
  endfacet
  facet normal 0 -1 0
    outer loop
      vertex 65.1194 0 -14.9134
      vertex 76.1704 0 -14.2941
      vertex 65.3296 0 -14.2941
    endloop
  endfacet
  facet normal 0 -1 0
    outer loop
      vertex 65.1194 0 -14.9134
      vertex 76.3806 0 -14.9134
      vertex 76.1704 0 -14.2941
    endloop
  endfacet
  facet normal 0 -1 0
    outer loop
      vertex 64.8301 0 -15.5
      vertex 76.3806 0 -14.9134
      vertex 65.1194 0 -14.9134
    endloop
  endfacet
  facet normal 0 -1 0
    outer loop
      vertex 64.8301 0 -15.5
      vertex 76.6699 0 -15.5
      vertex 76.3806 0 -14.9134
    endloop
  endfacet
  facet normal 0 -1 0
    outer loop
      vertex 64.4668 0 -16.0438
      vertex 76.6699 0 -15.5
      vertex 64.8301 0 -15.5
    endloop
  endfacet
  facet normal 0 -1 0
    outer loop
      vertex 64.4668 0 -16.0438
      vertex 77.0332 0 -16.0438
      vertex 76.6699 0 -15.5
    endloop
  endfacet
  facet normal 0 -1 0
    outer loop
      vertex 64.0355 0 -16.5355
      vertex 77.0332 0 -16.0438
      vertex 64.4668 0 -16.0438
    endloop
  endfacet
  facet normal 0 -1 0
    outer loop
      vertex 64.0355 0 -16.5355
      vertex 77.4645 0 -16.5355
      vertex 77.0332 0 -16.0438
    endloop
  endfacet
  facet normal 0 -1 0
    outer loop
      vertex 63.5438 0 -16.9668
      vertex 77.4645 0 -16.5355
      vertex 64.0355 0 -16.5355
    endloop
  endfacet
  facet normal 0 -1 0
    outer loop
      vertex 63.5438 0 -16.9668
      vertex 77.9562 0 -16.9668
      vertex 77.4645 0 -16.5355
    endloop
  endfacet
  facet normal 0 -1 0
    outer loop
      vertex 63 0 -17.3301
      vertex 77.9562 0 -16.9668
      vertex 63.5438 0 -16.9668
    endloop
  endfacet
  facet normal 0 -1 0
    outer loop
      vertex 63 0 -17.3301
      vertex 78.5 0 -17.3301
      vertex 77.9562 0 -16.9668
    endloop
  endfacet
  facet normal 0 -1 0
    outer loop
      vertex 62.4134 0 -17.6194
      vertex 78.5 0 -17.3301
      vertex 63 0 -17.3301
    endloop
  endfacet
  facet normal 0 -1 0
    outer loop
      vertex 62.4134 0 -17.6194
      vertex 79.0866 0 -17.6194
      vertex 78.5 0 -17.3301
    endloop
  endfacet
  facet normal 0 -1 0
    outer loop
      vertex 61.7941 0 -17.8296
      vertex 79.0866 0 -17.6194
      vertex 62.4134 0 -17.6194
    endloop
  endfacet
  facet normal 0 -1 0
    outer loop
      vertex 61.7941 0 -17.8296
      vertex 79.7059 0 -17.8296
      vertex 79.0866 0 -17.6194
    endloop
  endfacet
  facet normal 0 -1 0
    outer loop
      vertex 61.1526 0 -17.9572
      vertex 79.7059 0 -17.8296
      vertex 61.7941 0 -17.8296
    endloop
  endfacet
  facet normal 0 -1 0
    outer loop
      vertex 61.1526 0 -17.9572
      vertex 80.3474 0 -17.9572
      vertex 79.7059 0 -17.8296
    endloop
  endfacet
  facet normal 0 -1 0
    outer loop
      vertex 60.5 0 -18
      vertex 80.3474 0 -17.9572
      vertex 61.1526 0 -17.9572
    endloop
  endfacet
  facet normal 0 -1 -0
    outer loop
      vertex 80.3474 0 -17.9572
      vertex 60.5 0 -18
      vertex 81 0 -18
    endloop
  endfacet
  facet normal 0 -1 0
    outer loop
      vertex 34.6526 0 5.95723
      vertex 54.5 0 6
      vertex 34 0 6
    endloop
  endfacet
  facet normal 0 -1 0
    outer loop
      vertex 34.6526 0 5.95723
      vertex 53.8474 0 5.95723
      vertex 54.5 0 6
    endloop
  endfacet
  facet normal 0 -1 0
    outer loop
      vertex 35.2941 0 5.82964
      vertex 53.8474 0 5.95723
      vertex 34.6526 0 5.95723
    endloop
  endfacet
  facet normal 0 -1 0
    outer loop
      vertex 35.2941 0 5.82964
      vertex 53.2059 0 5.82964
      vertex 53.8474 0 5.95723
    endloop
  endfacet
  facet normal 0 -1 0
    outer loop
      vertex 35.9134 0 5.6194
      vertex 53.2059 0 5.82964
      vertex 35.2941 0 5.82964
    endloop
  endfacet
  facet normal 0 -1 0
    outer loop
      vertex 35.9134 0 5.6194
      vertex 52.5866 0 5.6194
      vertex 53.2059 0 5.82964
    endloop
  endfacet
  facet normal 0 -1 0
    outer loop
      vertex 36.5 0 5.33012
      vertex 52.5866 0 5.6194
      vertex 35.9134 0 5.6194
    endloop
  endfacet
  facet normal 0 -1 0
    outer loop
      vertex 36.5 0 5.33012
      vertex 52 0 5.33012
      vertex 52.5866 0 5.6194
    endloop
  endfacet
  facet normal 0 -1 0
    outer loop
      vertex 37.0438 0 4.96677
      vertex 52 0 5.33012
      vertex 36.5 0 5.33012
    endloop
  endfacet
  facet normal 0 -1 0
    outer loop
      vertex 37.0438 0 4.96677
      vertex 51.4562 0 4.96677
      vertex 52 0 5.33012
    endloop
  endfacet
  facet normal 0 -1 0
    outer loop
      vertex 37.5355 0 4.53554
      vertex 51.4562 0 4.96677
      vertex 37.0438 0 4.96677
    endloop
  endfacet
  facet normal 0 -1 0
    outer loop
      vertex 37.5355 0 4.53554
      vertex 50.9645 0 4.53554
      vertex 51.4562 0 4.96677
    endloop
  endfacet
  facet normal 0 -1 0
    outer loop
      vertex 37.9668 0 4.04381
      vertex 50.9645 0 4.53554
      vertex 37.5355 0 4.53554
    endloop
  endfacet
  facet normal 0 -1 0
    outer loop
      vertex 37.9668 0 4.04381
      vertex 50.5332 0 4.04381
      vertex 50.9645 0 4.53554
    endloop
  endfacet
  facet normal 0 -1 0
    outer loop
      vertex 38.3301 0 3.5
      vertex 50.5332 0 4.04381
      vertex 37.9668 0 4.04381
    endloop
  endfacet
  facet normal 0 -1 0
    outer loop
      vertex 38.3301 0 3.5
      vertex 50.1699 0 3.5
      vertex 50.5332 0 4.04381
    endloop
  endfacet
  facet normal 0 -1 0
    outer loop
      vertex 38.6194 0 2.91342
      vertex 50.1699 0 3.5
      vertex 38.3301 0 3.5
    endloop
  endfacet
  facet normal 0 -1 0
    outer loop
      vertex 38.6194 0 2.91342
      vertex 49.8806 0 2.91342
      vertex 50.1699 0 3.5
    endloop
  endfacet
  facet normal 0 -1 0
    outer loop
      vertex 38.8296 0 2.2941
      vertex 49.8806 0 2.91342
      vertex 38.6194 0 2.91342
    endloop
  endfacet
  facet normal 0 -1 0
    outer loop
      vertex 38.8296 0 2.2941
      vertex 49.6704 0 2.2941
      vertex 49.8806 0 2.91342
    endloop
  endfacet
  facet normal 0 -1 0
    outer loop
      vertex 38.9572 0 1.65263
      vertex 49.6704 0 2.2941
      vertex 38.8296 0 2.2941
    endloop
  endfacet
  facet normal 0 -1 0
    outer loop
      vertex 38.9572 0 1.65263
      vertex 49.5428 0 1.65263
      vertex 49.6704 0 2.2941
    endloop
  endfacet
  facet normal 0 -1 0
    outer loop
      vertex 39 0 1
      vertex 49.5428 0 1.65263
      vertex 38.9572 0 1.65263
    endloop
  endfacet
  facet normal 0 -1 0
    outer loop
      vertex 39 0 1
      vertex 49.5 0 1
      vertex 49.5428 0 1.65263
    endloop
  endfacet
  facet normal 0 -1 0
    outer loop
      vertex 39 0 -13
      vertex 49.5 0 1
      vertex 39 0 1
    endloop
  endfacet
  facet normal 0 -1 0
    outer loop
      vertex 39 0 -13
      vertex 49.5 0 -13
      vertex 49.5 0 1
    endloop
  endfacet
  facet normal 0 -1 0
    outer loop
      vertex 38.9572 0 -13.6526
      vertex 49.5 0 -13
      vertex 39 0 -13
    endloop
  endfacet
  facet normal 0 -1 0
    outer loop
      vertex 38.9572 0 -13.6526
      vertex 49.5428 0 -13.6526
      vertex 49.5 0 -13
    endloop
  endfacet
  facet normal 0 -1 0
    outer loop
      vertex 38.8296 0 -14.2941
      vertex 49.5428 0 -13.6526
      vertex 38.9572 0 -13.6526
    endloop
  endfacet
  facet normal 0 -1 0
    outer loop
      vertex 38.8296 0 -14.2941
      vertex 49.6704 0 -14.2941
      vertex 49.5428 0 -13.6526
    endloop
  endfacet
  facet normal 0 -1 0
    outer loop
      vertex 38.6194 0 -14.9134
      vertex 49.6704 0 -14.2941
      vertex 38.8296 0 -14.2941
    endloop
  endfacet
  facet normal 0 -1 0
    outer loop
      vertex 38.6194 0 -14.9134
      vertex 49.8806 0 -14.9134
      vertex 49.6704 0 -14.2941
    endloop
  endfacet
  facet normal 0 -1 0
    outer loop
      vertex 38.3301 0 -15.5
      vertex 49.8806 0 -14.9134
      vertex 38.6194 0 -14.9134
    endloop
  endfacet
  facet normal 0 -1 0
    outer loop
      vertex 38.3301 0 -15.5
      vertex 50.1699 0 -15.5
      vertex 49.8806 0 -14.9134
    endloop
  endfacet
  facet normal 0 -1 0
    outer loop
      vertex 37.9668 0 -16.0438
      vertex 50.1699 0 -15.5
      vertex 38.3301 0 -15.5
    endloop
  endfacet
  facet normal 0 -1 0
    outer loop
      vertex 37.9668 0 -16.0438
      vertex 50.5332 0 -16.0438
      vertex 50.1699 0 -15.5
    endloop
  endfacet
  facet normal 0 -1 0
    outer loop
      vertex 37.5355 0 -16.5355
      vertex 50.5332 0 -16.0438
      vertex 37.9668 0 -16.0438
    endloop
  endfacet
  facet normal 0 -1 0
    outer loop
      vertex 37.5355 0 -16.5355
      vertex 50.9645 0 -16.5355
      vertex 50.5332 0 -16.0438
    endloop
  endfacet
  facet normal 0 -1 0
    outer loop
      vertex 37.0438 0 -16.9668
      vertex 50.9645 0 -16.5355
      vertex 37.5355 0 -16.5355
    endloop
  endfacet
  facet normal 0 -1 0
    outer loop
      vertex 37.0438 0 -16.9668
      vertex 51.4562 0 -16.9668
      vertex 50.9645 0 -16.5355
    endloop
  endfacet
  facet normal 0 -1 0
    outer loop
      vertex 36.5 0 -17.3301
      vertex 51.4562 0 -16.9668
      vertex 37.0438 0 -16.9668
    endloop
  endfacet
  facet normal 0 -1 0
    outer loop
      vertex 36.5 0 -17.3301
      vertex 52 0 -17.3301
      vertex 51.4562 0 -16.9668
    endloop
  endfacet
  facet normal 0 -1 0
    outer loop
      vertex 35.9134 0 -17.6194
      vertex 52 0 -17.3301
      vertex 36.5 0 -17.3301
    endloop
  endfacet
  facet normal 0 -1 0
    outer loop
      vertex 35.9134 0 -17.6194
      vertex 52.5866 0 -17.6194
      vertex 52 0 -17.3301
    endloop
  endfacet
  facet normal 0 -1 0
    outer loop
      vertex 35.2941 0 -17.8296
      vertex 52.5866 0 -17.6194
      vertex 35.9134 0 -17.6194
    endloop
  endfacet
  facet normal 0 -1 0
    outer loop
      vertex 35.2941 0 -17.8296
      vertex 53.2059 0 -17.8296
      vertex 52.5866 0 -17.6194
    endloop
  endfacet
  facet normal 0 -1 0
    outer loop
      vertex 34.6526 0 -17.9572
      vertex 53.2059 0 -17.8296
      vertex 35.2941 0 -17.8296
    endloop
  endfacet
  facet normal 0 -1 0
    outer loop
      vertex 34.6526 0 -17.9572
      vertex 53.8474 0 -17.9572
      vertex 53.2059 0 -17.8296
    endloop
  endfacet
  facet normal 0 -1 0
    outer loop
      vertex -14 0 -35
      vertex 34.6526 0 -17.9572
      vertex 34 0 -18
    endloop
  endfacet
  facet normal 0 -1 -0
    outer loop
      vertex 34.6526 0 -17.9572
      vertex -14 0 -35
      vertex 53.8474 0 -17.9572
    endloop
  endfacet
  facet normal 0 -1 0
    outer loop
      vertex 60.5 0 6
      vertex -1.02945 0 20
      vertex 54.5 0 6
    endloop
  endfacet
  facet normal 0 -1 0
    outer loop
      vertex -1.02945 0 20
      vertex 87 0 6
      vertex 188.029 0 20
    endloop
  endfacet
  facet normal 0 -1 0
    outer loop
      vertex 27.3474 0 5.95723
      vertex 0.978947 0 7.43584
      vertex 1.94114 0 7.24444
    endloop
  endfacet
  facet normal 0 -1 0
    outer loop
      vertex 87 0 6
      vertex -1.02945 0 20
      vertex 81 0 6
    endloop
  endfacet
  facet normal 0 -1 0
    outer loop
      vertex 26.7059 0 5.82964
      vertex 1.94114 0 7.24444
      vertex 2.87013 0 6.9291
    endloop
  endfacet
  facet normal 0 -1 0
    outer loop
      vertex 107.5 0 6
      vertex 188.029 0 20
      vertex 87 0 6
    endloop
  endfacet
  facet normal 0 -1 0
    outer loop
      vertex 26.0866 0 5.6194
      vertex 2.87013 0 6.9291
      vertex 3.75 0 6.49519
    endloop
  endfacet
  facet normal 0 -1 0
    outer loop
      vertex 81 0 6
      vertex -1.02945 0 20
      vertex 60.5 0 6
    endloop
  endfacet
  facet normal 0 -1 0
    outer loop
      vertex 0.978947 0 7.43584
      vertex 28 0 6
      vertex 34 0 6
    endloop
  endfacet
  facet normal 0 -1 0
    outer loop
      vertex 0.978947 0 7.43584
      vertex 27.3474 0 5.95723
      vertex 28 0 6
    endloop
  endfacet
  facet normal 0 -1 0
    outer loop
      vertex 25.5 0 5.33012
      vertex 3.75 0 6.49519
      vertex 4.56571 0 5.95015
    endloop
  endfacet
  facet normal 0 -1 0
    outer loop
      vertex 1.94114 0 7.24444
      vertex 26.7059 0 5.82964
      vertex 27.3474 0 5.95723
    endloop
  endfacet
  facet normal 0 -1 0
    outer loop
      vertex 2.87013 0 6.9291
      vertex 26.0866 0 5.6194
      vertex 26.7059 0 5.82964
    endloop
  endfacet
  facet normal 0 -1 0
    outer loop
      vertex 3.75 0 6.49519
      vertex 25.5 0 5.33012
      vertex 26.0866 0 5.6194
    endloop
  endfacet
  facet normal 0 -1 0
    outer loop
      vertex 24.9562 0 4.96677
      vertex 4.56571 0 5.95015
      vertex 5.3033 0 5.3033
    endloop
  endfacet
  facet normal 0 -1 0
    outer loop
      vertex 4.56571 0 5.95015
      vertex 24.9562 0 4.96677
      vertex 25.5 0 5.33012
    endloop
  endfacet
  facet normal 0 -1 0
    outer loop
      vertex 24.4645 0 4.53554
      vertex 5.3033 0 5.3033
      vertex 5.95015 0 4.56571
    endloop
  endfacet
  facet normal 0 -1 0
    outer loop
      vertex 5.3033 0 5.3033
      vertex 24.4645 0 4.53554
      vertex 24.9562 0 4.96677
    endloop
  endfacet
  facet normal 0 -1 0
    outer loop
      vertex 5.95015 0 4.56571
      vertex 24.0332 0 4.04381
      vertex 24.4645 0 4.53554
    endloop
  endfacet
  facet normal 0 -1 0
    outer loop
      vertex 6.49519 0 3.75
      vertex 24.0332 0 4.04381
      vertex 5.95015 0 4.56571
    endloop
  endfacet
  facet normal 0 -1 0
    outer loop
      vertex 6.49519 0 3.75
      vertex 23.6699 0 3.5
      vertex 24.0332 0 4.04381
    endloop
  endfacet
  facet normal 0 -1 0
    outer loop
      vertex 6.9291 0 2.87012
      vertex 23.6699 0 3.5
      vertex 6.49519 0 3.75
    endloop
  endfacet
  facet normal 0 -1 0
    outer loop
      vertex 23.6699 0 3.5
      vertex 6.9291 0 2.87012
      vertex 23.3806 0 2.91342
    endloop
  endfacet
  facet normal 0 -1 0
    outer loop
      vertex 6.9291 0 2.87012
      vertex 23.1704 0 2.2941
      vertex 23.3806 0 2.91342
    endloop
  endfacet
  facet normal 0 -1 0
    outer loop
      vertex 7.24444 0 1.94114
      vertex 23.1704 0 2.2941
      vertex 6.9291 0 2.87012
    endloop
  endfacet
  facet normal 0 -1 0
    outer loop
      vertex 7.24444 0 1.94114
      vertex 23.0428 0 1.65263
      vertex 23.1704 0 2.2941
    endloop
  endfacet
  facet normal 0 -1 0
    outer loop
      vertex 7.43584 0 0.978946
      vertex 23.0428 0 1.65263
      vertex 7.24444 0 1.94114
    endloop
  endfacet
  facet normal 0 -1 0
    outer loop
      vertex 23.0428 0 1.65263
      vertex 7.43584 0 0.978946
      vertex 23 0 1
    endloop
  endfacet
  facet normal 0 -1 0
    outer loop
      vertex 7.5 0 0
      vertex 23 0 1
      vertex 7.43584 0 0.978946
    endloop
  endfacet
  facet normal 0 -1 0
    outer loop
      vertex 7.43584 0 -0.978946
      vertex 23 0 1
      vertex 7.5 0 0
    endloop
  endfacet
  facet normal 0 -1 0
    outer loop
      vertex 7.24444 0 -1.94114
      vertex 23 0 1
      vertex 7.43584 0 -0.978946
    endloop
  endfacet
  facet normal 0 -1 0
    outer loop
      vertex 6.9291 0 -2.87012
      vertex 23 0 1
      vertex 7.24444 0 -1.94114
    endloop
  endfacet
  facet normal 0 -1 0
    outer loop
      vertex 23 0 -13
      vertex 6.9291 0 -2.87012
      vertex 6.49519 0 -3.75
    endloop
  endfacet
  facet normal 0 -1 0
    outer loop
      vertex 23 0 -13
      vertex 6.49519 0 -3.75
      vertex 5.95015 0 -4.56571
    endloop
  endfacet
  facet normal 0 -1 0
    outer loop
      vertex 23 0 -13
      vertex 5.95015 0 -4.56571
      vertex 5.3033 0 -5.3033
    endloop
  endfacet
  facet normal 0 -1 0
    outer loop
      vertex 23 0 -13
      vertex 5.3033 0 -5.3033
      vertex 4.56571 0 -5.95015
    endloop
  endfacet
  facet normal 0 -1 0
    outer loop
      vertex 23.0428 0 -13.6526
      vertex 4.56571 0 -5.95015
      vertex 3.75 0 -6.49519
    endloop
  endfacet
  facet normal 0 -1 0
    outer loop
      vertex 23.3806 0 -14.9134
      vertex 3.75 0 -6.49519
      vertex 2.87013 0 -6.9291
    endloop
  endfacet
  facet normal 0 -1 0
    outer loop
      vertex 6.9291 0 -2.87012
      vertex 23 0 -13
      vertex 23 0 1
    endloop
  endfacet
  facet normal 0 -1 0
    outer loop
      vertex 23.6699 0 -15.5
      vertex 2.87013 0 -6.9291
      vertex 1.94114 0 -7.24444
    endloop
  endfacet
  facet normal 0 -1 0
    outer loop
      vertex -14 0 -35
      vertex 1.94114 0 -7.24444
      vertex 0.978947 0 -7.43584
    endloop
  endfacet
  facet normal 0 -1 0
    outer loop
      vertex -14 0 -35
      vertex 0.978947 0 -7.43584
      vertex 0 0 -7.5
    endloop
  endfacet
  facet normal 0 -1 0
    outer loop
      vertex -0.978946 0 7.43584
      vertex -1.02945 0 20
      vertex -2.59576 0 19.8973
    endloop
  endfacet
  facet normal 0 -1 0
    outer loop
      vertex 0.978947 0 7.43584
      vertex -1.02945 0 20
      vertex 0 0 7.5
    endloop
  endfacet
  facet normal 0 -1 0
    outer loop
      vertex -0.978946 0 7.43584
      vertex -2.59576 0 19.8973
      vertex -4.13528 0 19.5911
    endloop
  endfacet
  facet normal 0 -1 0
    outer loop
      vertex 54.5 0 6
      vertex -1.02945 0 20
      vertex 0.978947 0 7.43584
    endloop
  endfacet
  facet normal 0 -1 0
    outer loop
      vertex -1.94114 0 7.24444
      vertex -4.13528 0 19.5911
      vertex -5.62164 0 19.0865
    endloop
  endfacet
  facet normal 0 -1 0
    outer loop
      vertex 187.979 0 7.43584
      vertex 188.029 0 20
      vertex 187 0 7.5
    endloop
  endfacet
  facet normal 0 -1 0
    outer loop
      vertex -1.94114 0 7.24444
      vertex -5.62164 0 19.0865
      vertex -7.02945 0 18.3923
    endloop
  endfacet
  facet normal 0 -1 -0
    outer loop
      vertex 188.029 0 20
      vertex 187.979 0 7.43584
      vertex 189.596 0 19.8973
    endloop
  endfacet
  facet normal 0 -1 0
    outer loop
      vertex -1.94114 0 7.24444
      vertex -7.02945 0 18.3923
      vertex -8.33458 0 17.5202
    endloop
  endfacet
  facet normal 0 -1 -0
    outer loop
      vertex 189.596 0 19.8973
      vertex 187.979 0 7.43584
      vertex 191.135 0 19.5911
    endloop
  endfacet
  facet normal 0 -1 0
    outer loop
      vertex -2.87012 0 6.9291
      vertex -8.33458 0 17.5202
      vertex -9.51472 0 16.4853
    endloop
  endfacet
  facet normal 0 -1 0
    outer loop
      vertex 188.941 0 7.24444
      vertex 191.135 0 19.5911
      vertex 187.979 0 7.43584
    endloop
  endfacet
  facet normal 0 -1 0
    outer loop
      vertex -2.87012 0 6.9291
      vertex -9.51472 0 16.4853
      vertex -10.4853 0 15.5147
    endloop
  endfacet
  facet normal 0 -1 -0
    outer loop
      vertex 191.135 0 19.5911
      vertex 188.941 0 7.24444
      vertex 192.622 0 19.0865
    endloop
  endfacet
  facet normal 0 -1 0
    outer loop
      vertex -3.75 0 6.49519
      vertex -10.4853 0 15.5147
      vertex -11.5202 0 14.3346
    endloop
  endfacet
  facet normal 0 -1 -0
    outer loop
      vertex 192.622 0 19.0865
      vertex 188.941 0 7.24444
      vertex 194.029 0 18.3923
    endloop
  endfacet
  facet normal 0 -1 0
    outer loop
      vertex -4.56571 0 5.95015
      vertex -11.5202 0 14.3346
      vertex -12.3923 0 13.0294
    endloop
  endfacet
  facet normal 0 -1 -0
    outer loop
      vertex 194.029 0 18.3923
      vertex 188.941 0 7.24444
      vertex 195.335 0 17.5202
    endloop
  endfacet
  facet normal 0 -1 0
    outer loop
      vertex -4.56571 0 5.95015
      vertex -12.3923 0 13.0294
      vertex -13.0865 0 11.6216
    endloop
  endfacet
  facet normal 0 -1 0
    outer loop
      vertex 189.87 0 6.9291
      vertex 195.335 0 17.5202
      vertex 188.941 0 7.24444
    endloop
  endfacet
  facet normal 0 -1 0
    outer loop
      vertex -5.3033 0 5.3033
      vertex -13.0865 0 11.6216
      vertex -13.5911 0 10.1353
    endloop
  endfacet
  facet normal 0 -1 -0
    outer loop
      vertex 195.335 0 17.5202
      vertex 189.87 0 6.9291
      vertex 196.515 0 16.4853
    endloop
  endfacet
  facet normal 0 -1 0
    outer loop
      vertex -5.3033 0 5.3033
      vertex -13.5911 0 10.1353
      vertex -13.8973 0 8.59576
    endloop
  endfacet
  facet normal 0 -1 -0
    outer loop
      vertex 196.515 0 16.4853
      vertex 189.87 0 6.9291
      vertex 197.485 0 15.5147
    endloop
  endfacet
  facet normal 0 -1 0
    outer loop
      vertex 190.75 0 6.49519
      vertex 197.485 0 15.5147
      vertex 189.87 0 6.9291
    endloop
  endfacet
  facet normal 0 -1 0
    outer loop
      vertex -1.02945 0 20
      vertex -0.978946 0 7.43584
      vertex 0 0 7.5
    endloop
  endfacet
  facet normal 0 -1 0
    outer loop
      vertex -4.13528 0 19.5911
      vertex -1.94114 0 7.24444
      vertex -0.978946 0 7.43584
    endloop
  endfacet
  facet normal 0 -1 0
    outer loop
      vertex -5.95015 0 4.56571
      vertex -13.8973 0 8.59576
      vertex -14 0 7.02945
    endloop
  endfacet
  facet normal 0 -1 0
    outer loop
      vertex -8.33458 0 17.5202
      vertex -2.87012 0 6.9291
      vertex -1.94114 0 7.24444
    endloop
  endfacet
  facet normal 0 -1 0
    outer loop
      vertex -10.4853 0 15.5147
      vertex -3.75 0 6.49519
      vertex -2.87012 0 6.9291
    endloop
  endfacet
  facet normal 0 -1 0
    outer loop
      vertex -11.5202 0 14.3346
      vertex -4.56571 0 5.95015
      vertex -3.75 0 6.49519
    endloop
  endfacet
  facet normal 0 -1 0
    outer loop
      vertex -13.0865 0 11.6216
      vertex -5.3033 0 5.3033
      vertex -4.56571 0 5.95015
    endloop
  endfacet
  facet normal 0 -1 0
    outer loop
      vertex -13.8973 0 8.59576
      vertex -5.95015 0 4.56571
      vertex -5.3033 0 5.3033
    endloop
  endfacet
  facet normal 0 -1 0
    outer loop
      vertex -14 0 7.02945
      vertex -6.49519 0 3.75
      vertex -5.95015 0 4.56571
    endloop
  endfacet
  facet normal 0 -1 0
    outer loop
      vertex -14 0 7.02945
      vertex -6.9291 0 2.87012
      vertex -6.49519 0 3.75
    endloop
  endfacet
  facet normal 0 -1 0
    outer loop
      vertex -14 0 7.02945
      vertex -7.24444 0 1.94114
      vertex -6.9291 0 2.87012
    endloop
  endfacet
  facet normal 0 -1 0
    outer loop
      vertex -14 0 7.02945
      vertex -7.43584 0 0.978946
      vertex -7.24444 0 1.94114
    endloop
  endfacet
  facet normal 0 -1 0
    outer loop
      vertex -14 0 7.02945
      vertex -7.5 0 0
      vertex -7.43584 0 0.978946
    endloop
  endfacet
  facet normal 0 -1 0
    outer loop
      vertex -14 0 7.02945
      vertex -7.43584 0 -0.978946
      vertex -7.5 0 0
    endloop
  endfacet
  facet normal 0 -1 0
    outer loop
      vertex -14 0 7.02945
      vertex -7.24444 0 -1.94114
      vertex -7.43584 0 -0.978946
    endloop
  endfacet
  facet normal 0 -1 0
    outer loop
      vertex -14 0 7.02945
      vertex -6.9291 0 -2.87012
      vertex -7.24444 0 -1.94114
    endloop
  endfacet
  facet normal 0 -1 0
    outer loop
      vertex -14 0 -35
      vertex -6.9291 0 -2.87012
      vertex -14 0 7.02945
    endloop
  endfacet
  facet normal 0 -1 -0
    outer loop
      vertex -6.9291 0 -2.87012
      vertex -14 0 -35
      vertex -6.49519 0 -3.75
    endloop
  endfacet
  facet normal 0 -1 0
    outer loop
      vertex -14 0 -35
      vertex 0 0 -7.5
      vertex -0.978946 0 -7.43584
    endloop
  endfacet
  facet normal 0 -1 0
    outer loop
      vertex -14 0 -35
      vertex -0.978946 0 -7.43584
      vertex -1.94114 0 -7.24444
    endloop
  endfacet
  facet normal 0 -1 0
    outer loop
      vertex 4.56571 0 -5.95015
      vertex 23.0428 0 -13.6526
      vertex 23 0 -13
    endloop
  endfacet
  facet normal 0 -1 0
    outer loop
      vertex 3.75 0 -6.49519
      vertex 23.1704 0 -14.2941
      vertex 23.0428 0 -13.6526
    endloop
  endfacet
  facet normal 0 -1 0
    outer loop
      vertex 3.75 0 -6.49519
      vertex 23.3806 0 -14.9134
      vertex 23.1704 0 -14.2941
    endloop
  endfacet
  facet normal 0 -1 0
    outer loop
      vertex 2.87013 0 -6.9291
      vertex 23.6699 0 -15.5
      vertex 23.3806 0 -14.9134
    endloop
  endfacet
  facet normal 0 -1 -0
    outer loop
      vertex 1.94114 0 -7.24444
      vertex -14 0 -35
      vertex 24.0332 0 -16.0438
    endloop
  endfacet
  facet normal 0 -1 0
    outer loop
      vertex 1.94114 0 -7.24444
      vertex 24.0332 0 -16.0438
      vertex 23.6699 0 -15.5
    endloop
  endfacet
  facet normal 0 -1 0
    outer loop
      vertex -14 0 -35
      vertex -1.94114 0 -7.24444
      vertex -2.87012 0 -6.9291
    endloop
  endfacet
  facet normal 0 -1 -0
    outer loop
      vertex 24.0332 0 -16.0438
      vertex -14 0 -35
      vertex 24.4645 0 -16.5355
    endloop
  endfacet
  facet normal 0 -1 -0
    outer loop
      vertex 24.4645 0 -16.5355
      vertex -14 0 -35
      vertex 24.9562 0 -16.9668
    endloop
  endfacet
  facet normal 0 -1 -0
    outer loop
      vertex 24.9562 0 -16.9668
      vertex -14 0 -35
      vertex 25.5 0 -17.3301
    endloop
  endfacet
  facet normal 0 -1 0
    outer loop
      vertex -14 0 -35
      vertex 34 0 -18
      vertex 28 0 -18
    endloop
  endfacet
  facet normal 0 -1 -0
    outer loop
      vertex 53.8474 0 -17.9572
      vertex -14 0 -35
      vertex 54.5 0 -18
    endloop
  endfacet
  facet normal 0 -1 -0
    outer loop
      vertex 54.5 0 -18
      vertex -14 0 -35
      vertex 60.5 0 -18
    endloop
  endfacet
  facet normal 0 -1 -0
    outer loop
      vertex 60.5 0 -18
      vertex -14 0 -35
      vertex 81 0 -18
    endloop
  endfacet
  facet normal 0 -1 -0
    outer loop
      vertex 81 0 -18
      vertex -14 0 -35
      vertex 87 0 -18
    endloop
  endfacet
  facet normal 0 -1 0
    outer loop
      vertex 201 0 -35
      vertex 87 0 -18
      vertex -14 0 -35
    endloop
  endfacet
  facet normal 0 -1 0
    outer loop
      vertex 87 0 -18
      vertex 201 0 -35
      vertex 107.5 0 -18
    endloop
  endfacet
  facet normal 0 -1 0
    outer loop
      vertex 107.5 0 -18
      vertex 201 0 -35
      vertex 113.5 0 -18
    endloop
  endfacet
  facet normal 0 -1 0
    outer loop
      vertex 113.5 0 -18
      vertex 201 0 -35
      vertex 134 0 -18
    endloop
  endfacet
  facet normal 0 -1 0
    outer loop
      vertex 159.847 0 -17.9572
      vertex 201 0 -35
      vertex 160.5 0 -18
    endloop
  endfacet
  facet normal 0 -1 0
    outer loop
      vertex 134 0 -18
      vertex 201 0 -35
      vertex 140 0 -18
    endloop
  endfacet
  facet normal 0 -1 -0
    outer loop
      vertex 27.3474 0 -17.9572
      vertex -14 0 -35
      vertex 28 0 -18
    endloop
  endfacet
  facet normal 0 -1 -0
    outer loop
      vertex 26.7059 0 -17.8296
      vertex -14 0 -35
      vertex 27.3474 0 -17.9572
    endloop
  endfacet
  facet normal 0 -1 -0
    outer loop
      vertex 26.0866 0 -17.6194
      vertex -14 0 -35
      vertex 26.7059 0 -17.8296
    endloop
  endfacet
  facet normal 0 -1 -0
    outer loop
      vertex 25.5 0 -17.3301
      vertex -14 0 -35
      vertex 26.0866 0 -17.6194
    endloop
  endfacet
  facet normal 0 -1 -0
    outer loop
      vertex -3.75 0 -6.49519
      vertex -14 0 -35
      vertex -2.87012 0 -6.9291
    endloop
  endfacet
  facet normal 0 -1 -0
    outer loop
      vertex -4.56571 0 -5.95015
      vertex -14 0 -35
      vertex -3.75 0 -6.49519
    endloop
  endfacet
  facet normal 0 -1 -0
    outer loop
      vertex -5.3033 0 -5.3033
      vertex -14 0 -35
      vertex -4.56571 0 -5.95015
    endloop
  endfacet
  facet normal 0 -1 -0
    outer loop
      vertex -5.95015 0 -4.56571
      vertex -14 0 -35
      vertex -5.3033 0 -5.3033
    endloop
  endfacet
  facet normal 0 -1 -0
    outer loop
      vertex -6.49519 0 -3.75
      vertex -14 0 -35
      vertex -5.95015 0 -4.56571
    endloop
  endfacet
  facet normal 0 -1 -0
    outer loop
      vertex 197.485 0 15.5147
      vertex 190.75 0 6.49519
      vertex 198.52 0 14.3346
    endloop
  endfacet
  facet normal 0 -1 0
    outer loop
      vertex 191.566 0 5.95015
      vertex 198.52 0 14.3346
      vertex 190.75 0 6.49519
    endloop
  endfacet
  facet normal 0 -1 -0
    outer loop
      vertex 198.52 0 14.3346
      vertex 191.566 0 5.95015
      vertex 199.392 0 13.0294
    endloop
  endfacet
  facet normal 0 -1 -0
    outer loop
      vertex 199.392 0 13.0294
      vertex 191.566 0 5.95015
      vertex 200.087 0 11.6216
    endloop
  endfacet
  facet normal 0 -1 0
    outer loop
      vertex 192.303 0 5.3033
      vertex 200.087 0 11.6216
      vertex 191.566 0 5.95015
    endloop
  endfacet
  facet normal 0 -1 -0
    outer loop
      vertex 200.087 0 11.6216
      vertex 192.303 0 5.3033
      vertex 200.591 0 10.1353
    endloop
  endfacet
  facet normal 0 -1 -0
    outer loop
      vertex 200.591 0 10.1353
      vertex 192.303 0 5.3033
      vertex 200.897 0 8.59576
    endloop
  endfacet
  facet normal 0 -1 0
    outer loop
      vertex 192.95 0 4.56571
      vertex 200.897 0 8.59576
      vertex 192.303 0 5.3033
    endloop
  endfacet
  facet normal 0 -1 -0
    outer loop
      vertex 200.897 0 8.59576
      vertex 192.95 0 4.56571
      vertex 201 0 7.02945
    endloop
  endfacet
  facet normal 0 -1 0
    outer loop
      vertex 193.495 0 3.75
      vertex 201 0 7.02945
      vertex 192.95 0 4.56571
    endloop
  endfacet
  facet normal 0 -1 0
    outer loop
      vertex 193.929 0 2.87012
      vertex 201 0 7.02945
      vertex 193.495 0 3.75
    endloop
  endfacet
  facet normal 0 -1 0
    outer loop
      vertex 194.244 0 1.94114
      vertex 201 0 7.02945
      vertex 193.929 0 2.87012
    endloop
  endfacet
  facet normal 0 -1 0
    outer loop
      vertex 194.436 0 0.978946
      vertex 201 0 7.02945
      vertex 194.244 0 1.94114
    endloop
  endfacet
  facet normal 0 -1 0
    outer loop
      vertex 194.5 0 0
      vertex 201 0 7.02945
      vertex 194.436 0 0.978946
    endloop
  endfacet
  facet normal 0 -1 0
    outer loop
      vertex 194.436 0 -0.978946
      vertex 201 0 7.02945
      vertex 194.5 0 0
    endloop
  endfacet
  facet normal 0 -1 0
    outer loop
      vertex 194.244 0 -1.94114
      vertex 201 0 7.02945
      vertex 194.436 0 -0.978946
    endloop
  endfacet
  facet normal 0 -1 0
    outer loop
      vertex 193.929 0 -2.87012
      vertex 201 0 7.02945
      vertex 194.244 0 -1.94114
    endloop
  endfacet
  facet normal 0 -1 0
    outer loop
      vertex 201 0 -35
      vertex 193.929 0 -2.87012
      vertex 193.495 0 -3.75
    endloop
  endfacet
  facet normal 0 -1 0
    outer loop
      vertex 201 0 -35
      vertex 193.495 0 -3.75
      vertex 192.95 0 -4.56571
    endloop
  endfacet
  facet normal 0 -1 0
    outer loop
      vertex 171.119 0 -14.9134
      vertex 185.059 0 -7.24444
      vertex 171.33 0 -14.2941
    endloop
  endfacet
  facet normal 0 -1 -0
    outer loop
      vertex 185.059 0 -7.24444
      vertex 171.119 0 -14.9134
      vertex 186.021 0 -7.43584
    endloop
  endfacet
  facet normal 0 -1 0
    outer loop
      vertex 170.83 0 -15.5
      vertex 186.021 0 -7.43584
      vertex 171.119 0 -14.9134
    endloop
  endfacet
  facet normal 0 -1 -0
    outer loop
      vertex 186.021 0 -7.43584
      vertex 170.83 0 -15.5
      vertex 187 0 -7.5
    endloop
  endfacet
  facet normal 0 -1 0
    outer loop
      vertex 201 0 -35
      vertex 187 0 -7.5
      vertex 170.83 0 -15.5
    endloop
  endfacet
  facet normal 0 -1 0
    outer loop
      vertex 187 0 -7.5
      vertex 201 0 -35
      vertex 187.979 0 -7.43584
    endloop
  endfacet
  facet normal 0 -1 0
    outer loop
      vertex 187.979 0 -7.43584
      vertex 201 0 -35
      vertex 188.941 0 -7.24444
    endloop
  endfacet
  facet normal 0 -1 0
    outer loop
      vertex 201 0 -35
      vertex 170.83 0 -15.5
      vertex 170.467 0 -16.0438
    endloop
  endfacet
  facet normal 0 -1 0
    outer loop
      vertex 201 0 -35
      vertex 170.467 0 -16.0438
      vertex 170.036 0 -16.5355
    endloop
  endfacet
  facet normal 0 -1 0
    outer loop
      vertex 201 0 -35
      vertex 170.036 0 -16.5355
      vertex 169.544 0 -16.9668
    endloop
  endfacet
  facet normal 0 -1 0
    outer loop
      vertex 188.941 0 -7.24444
      vertex 201 0 -35
      vertex 189.87 0 -6.9291
    endloop
  endfacet
  facet normal 0 -1 0
    outer loop
      vertex 201 0 -35
      vertex 169.544 0 -16.9668
      vertex 169 0 -17.3301
    endloop
  endfacet
  facet normal 0 -1 0
    outer loop
      vertex 160.5 0 -18
      vertex 201 0 -35
      vertex 166.5 0 -18
    endloop
  endfacet
  facet normal 0 -1 0
    outer loop
      vertex 193.929 0 -2.87012
      vertex 201 0 -35
      vertex 201 0 7.02945
    endloop
  endfacet
  facet normal 0 -1 0
    outer loop
      vertex 192.303 0 -5.3033
      vertex 201 0 -35
      vertex 192.95 0 -4.56571
    endloop
  endfacet
  facet normal 0 -1 0
    outer loop
      vertex 191.566 0 -5.95015
      vertex 201 0 -35
      vertex 192.303 0 -5.3033
    endloop
  endfacet
  facet normal 0 -1 0
    outer loop
      vertex 190.75 0 -6.49519
      vertex 201 0 -35
      vertex 191.566 0 -5.95015
    endloop
  endfacet
  facet normal 0 -1 0
    outer loop
      vertex 189.87 0 -6.9291
      vertex 201 0 -35
      vertex 190.75 0 -6.49519
    endloop
  endfacet
  facet normal 0 -1 0
    outer loop
      vertex 168.413 0 -17.6194
      vertex 201 0 -35
      vertex 169 0 -17.3301
    endloop
  endfacet
  facet normal 0 -1 0
    outer loop
      vertex 167.794 0 -17.8296
      vertex 201 0 -35
      vertex 168.413 0 -17.6194
    endloop
  endfacet
  facet normal 0 -1 0
    outer loop
      vertex 167.153 0 -17.9572
      vertex 201 0 -35
      vertex 167.794 0 -17.8296
    endloop
  endfacet
  facet normal 0 -1 0
    outer loop
      vertex 166.5 0 -18
      vertex 201 0 -35
      vertex 167.153 0 -17.9572
    endloop
  endfacet
  facet normal 0 -1 0
    outer loop
      vertex 0.978947 0 7.43584
      vertex 34 0 6
      vertex 54.5 0 6
    endloop
  endfacet
  facet normal 0 -1 0
    outer loop
      vertex 113.5 0 6
      vertex 188.029 0 20
      vertex 107.5 0 6
    endloop
  endfacet
  facet normal 0 -1 0
    outer loop
      vertex 134 0 6
      vertex 188.029 0 20
      vertex 113.5 0 6
    endloop
  endfacet
  facet normal 0 -1 0
    outer loop
      vertex 140 0 6
      vertex 188.029 0 20
      vertex 134 0 6
    endloop
  endfacet
  facet normal 0 -1 0
    outer loop
      vertex 188.029 0 20
      vertex 186.021 0 7.43584
      vertex 187 0 7.5
    endloop
  endfacet
  facet normal 0 -1 0
    outer loop
      vertex 140.653 0 5.95723
      vertex 188.029 0 20
      vertex 140 0 6
    endloop
  endfacet
  facet normal 0 -1 0
    outer loop
      vertex 166.5 0 6
      vertex 188.029 0 20
      vertex 160.5 0 6
    endloop
  endfacet
  facet normal 0 -1 0
    outer loop
      vertex 167.153 0 5.95723
      vertex 188.029 0 20
      vertex 166.5 0 6
    endloop
  endfacet
  facet normal 0 -1 0
    outer loop
      vertex 188.029 0 20
      vertex 185.059 0 7.24444
      vertex 186.021 0 7.43584
    endloop
  endfacet
  facet normal 0 -1 0
    outer loop
      vertex 167.794 0 5.82964
      vertex 188.029 0 20
      vertex 167.153 0 5.95723
    endloop
  endfacet
  facet normal 0 -1 0
    outer loop
      vertex 188.029 0 20
      vertex 184.13 0 6.9291
      vertex 185.059 0 7.24444
    endloop
  endfacet
  facet normal 0 -1 0
    outer loop
      vertex 168.413 0 5.6194
      vertex 188.029 0 20
      vertex 167.794 0 5.82964
    endloop
  endfacet
  facet normal 0 -1 0
    outer loop
      vertex 188.029 0 20
      vertex 183.25 0 6.49519
      vertex 184.13 0 6.9291
    endloop
  endfacet
  facet normal 0 -1 0
    outer loop
      vertex 169 0 5.33012
      vertex 188.029 0 20
      vertex 168.413 0 5.6194
    endloop
  endfacet
  facet normal -0 -1 0
    outer loop
      vertex 182.434 0 5.95015
      vertex 188.029 0 20
      vertex 169 0 5.33012
    endloop
  endfacet
  facet normal 0 -1 0
    outer loop
      vertex 188.029 0 20
      vertex 182.434 0 5.95015
      vertex 183.25 0 6.49519
    endloop
  endfacet
  facet normal 0 -1 0
    outer loop
      vertex 169.544 0 4.96677
      vertex 182.434 0 5.95015
      vertex 169 0 5.33012
    endloop
  endfacet
  facet normal 0 -1 0
    outer loop
      vertex 182.434 0 5.95015
      vertex 169.544 0 4.96677
      vertex 181.697 0 5.3033
    endloop
  endfacet
  facet normal 0 -1 0
    outer loop
      vertex 170.036 0 4.53554
      vertex 181.697 0 5.3033
      vertex 169.544 0 4.96677
    endloop
  endfacet
  facet normal 0 -1 0
    outer loop
      vertex 181.697 0 5.3033
      vertex 170.036 0 4.53554
      vertex 181.05 0 4.56571
    endloop
  endfacet
  facet normal 0 -1 0
    outer loop
      vertex 170.467 0 4.04381
      vertex 181.05 0 4.56571
      vertex 170.036 0 4.53554
    endloop
  endfacet
  facet normal 0 -1 0
    outer loop
      vertex 170.467 0 4.04381
      vertex 180.505 0 3.75
      vertex 181.05 0 4.56571
    endloop
  endfacet
  facet normal 0 -1 0
    outer loop
      vertex 170.83 0 3.5
      vertex 180.505 0 3.75
      vertex 170.467 0 4.04381
    endloop
  endfacet
  facet normal 0 -1 0
    outer loop
      vertex 180.071 0 2.87012
      vertex 170.83 0 3.5
      vertex 171.119 0 2.91342
    endloop
  endfacet
  facet normal 0 -1 0
    outer loop
      vertex 170.83 0 3.5
      vertex 180.071 0 2.87012
      vertex 180.505 0 3.75
    endloop
  endfacet
  facet normal 0 -1 0
    outer loop
      vertex 171.33 0 2.2941
      vertex 180.071 0 2.87012
      vertex 171.119 0 2.91342
    endloop
  endfacet
  facet normal 0 -1 0
    outer loop
      vertex 171.33 0 2.2941
      vertex 179.756 0 1.94114
      vertex 180.071 0 2.87012
    endloop
  endfacet
  facet normal 0 -1 0
    outer loop
      vertex 171.457 0 1.65263
      vertex 179.756 0 1.94114
      vertex 171.33 0 2.2941
    endloop
  endfacet
  facet normal 0 -1 0
    outer loop
      vertex 179.564 0 0.978946
      vertex 171.457 0 1.65263
      vertex 171.5 0 1
    endloop
  endfacet
  facet normal 0 -1 0
    outer loop
      vertex 171.457 0 1.65263
      vertex 179.564 0 0.978946
      vertex 179.756 0 1.94114
    endloop
  endfacet
  facet normal 0 -1 0
    outer loop
      vertex 171.5 0 1
      vertex 179.5 0 0
      vertex 179.564 0 0.978946
    endloop
  endfacet
  facet normal 0 -1 0
    outer loop
      vertex 171.5 0 1
      vertex 179.564 0 -0.978946
      vertex 179.5 0 0
    endloop
  endfacet
  facet normal 0 -1 0
    outer loop
      vertex 171.5 0 1
      vertex 179.756 0 -1.94114
      vertex 179.564 0 -0.978946
    endloop
  endfacet
  facet normal 0 -1 0
    outer loop
      vertex 171.5 0 1
      vertex 180.071 0 -2.87012
      vertex 179.756 0 -1.94114
    endloop
  endfacet
  facet normal 0 -1 0
    outer loop
      vertex 171.5 0 -13
      vertex 180.071 0 -2.87012
      vertex 171.5 0 1
    endloop
  endfacet
  facet normal 0 -1 -0
    outer loop
      vertex 180.071 0 -2.87012
      vertex 171.5 0 -13
      vertex 180.505 0 -3.75
    endloop
  endfacet
  facet normal 0 -1 -0
    outer loop
      vertex 180.505 0 -3.75
      vertex 171.5 0 -13
      vertex 181.05 0 -4.56571
    endloop
  endfacet
  facet normal 0 -1 -0
    outer loop
      vertex 181.05 0 -4.56571
      vertex 171.5 0 -13
      vertex 181.697 0 -5.3033
    endloop
  endfacet
  facet normal 0 -1 -0
    outer loop
      vertex 181.697 0 -5.3033
      vertex 171.5 0 -13
      vertex 182.434 0 -5.95015
    endloop
  endfacet
  facet normal 0 -1 -0
    outer loop
      vertex 184.13 0 -6.9291
      vertex 171.33 0 -14.2941
      vertex 185.059 0 -7.24444
    endloop
  endfacet
  facet normal 0 -1 0
    outer loop
      vertex 171.33 0 -14.2941
      vertex 184.13 0 -6.9291
      vertex 171.457 0 -13.6526
    endloop
  endfacet
  facet normal 0 -1 -0
    outer loop
      vertex 183.25 0 -6.49519
      vertex 171.457 0 -13.6526
      vertex 184.13 0 -6.9291
    endloop
  endfacet
  facet normal 0 -1 0
    outer loop
      vertex 171.457 0 -13.6526
      vertex 183.25 0 -6.49519
      vertex 171.5 0 -13
    endloop
  endfacet
  facet normal 0 -1 -0
    outer loop
      vertex 182.434 0 -5.95015
      vertex 171.5 0 -13
      vertex 183.25 0 -6.49519
    endloop
  endfacet
  facet normal -0.831488 0 0.555542
    outer loop
      vertex 180.505 -6 3.75
      vertex 181.05 0 4.56571
      vertex 180.505 0 3.75
    endloop
  endfacet
  facet normal -0.831488 0 0.555542
    outer loop
      vertex 181.05 0 4.56571
      vertex 180.505 -6 3.75
      vertex 181.05 -6 4.56571
    endloop
  endfacet
  facet normal -0.442241 0 -0.896896
    outer loop
      vertex 183.25 -6 -6.49519
      vertex 184.13 0 -6.9291
      vertex 184.13 -6 -6.9291
    endloop
  endfacet
  facet normal -0.442241 0 -0.896896
    outer loop
      vertex 184.13 0 -6.9291
      vertex 183.25 -6 -6.49519
      vertex 183.25 0 -6.49519
    endloop
  endfacet
  facet normal 0.99787 0 -0.0652372
    outer loop
      vertex 194.5 -6 0
      vertex 194.436 0 -0.978946
      vertex 194.5 0 0
    endloop
  endfacet
  facet normal 0.99787 0 -0.0652372
    outer loop
      vertex 194.436 0 -0.978946
      vertex 194.5 -6 0
      vertex 194.436 -6 -0.978946
    endloop
  endfacet
  facet normal -0.831488 0 -0.555542
    outer loop
      vertex 181.05 -6 -4.56571
      vertex 180.505 0 -3.75
      vertex 181.05 0 -4.56571
    endloop
  endfacet
  facet normal -0.831488 -0 -0.555542
    outer loop
      vertex 180.505 0 -3.75
      vertex 181.05 -6 -4.56571
      vertex 180.505 -6 -3.75
    endloop
  endfacet
  facet normal -0.947038 0 -0.321123
    outer loop
      vertex 180.071 -6 -2.87012
      vertex 179.756 0 -1.94114
      vertex 180.071 0 -2.87012
    endloop
  endfacet
  facet normal -0.947038 -0 -0.321123
    outer loop
      vertex 179.756 0 -1.94114
      vertex 180.071 -6 -2.87012
      vertex 179.756 -6 -1.94114
    endloop
  endfacet
  facet normal 0.980667 -0 0.195686
    outer loop
      vertex 194.244 -6 1.94114
      vertex 194.436 0 0.978946
      vertex 194.244 0 1.94114
    endloop
  endfacet
  facet normal 0.980667 0 0.195686
    outer loop
      vertex 194.436 0 0.978946
      vertex 194.244 -6 1.94114
      vertex 194.436 -6 0.978946
    endloop
  endfacet
  facet normal 0.555434 0 -0.831561
    outer loop
      vertex 190.75 -6 -6.49519
      vertex 191.566 0 -5.95015
      vertex 191.566 -6 -5.95015
    endloop
  endfacet
  facet normal 0.555434 0 -0.831561
    outer loop
      vertex 191.566 0 -5.95015
      vertex 190.75 -6 -6.49519
      vertex 190.75 0 -6.49519
    endloop
  endfacet
  facet normal 0.555434 0 0.831561
    outer loop
      vertex 190.75 0 6.49519
      vertex 191.566 -6 5.95015
      vertex 191.566 0 5.95015
    endloop
  endfacet
  facet normal 0.555434 0 0.831561
    outer loop
      vertex 191.566 -6 5.95015
      vertex 190.75 0 6.49519
      vertex 190.75 -6 6.49519
    endloop
  endfacet
  facet normal -0.99787 0 -0.0652372
    outer loop
      vertex 179.564 -6 -0.978946
      vertex 179.5 0 0
      vertex 179.564 0 -0.978946
    endloop
  endfacet
  facet normal -0.99787 -0 -0.0652372
    outer loop
      vertex 179.5 0 0
      vertex 179.564 -6 -0.978946
      vertex 179.5 -6 0
    endloop
  endfacet
  facet normal -0.065396 0 0.997859
    outer loop
      vertex 186.021 0 7.43584
      vertex 187 -6 7.5
      vertex 187 0 7.5
    endloop
  endfacet
  facet normal -0.065396 0 0.997859
    outer loop
      vertex 187 -6 7.5
      vertex 186.021 0 7.43584
      vertex 186.021 -6 7.43584
    endloop
  endfacet
  facet normal 0.195136 0 -0.980776
    outer loop
      vertex 187.979 -6 -7.43584
      vertex 188.941 0 -7.24444
      vertex 188.941 -6 -7.24444
    endloop
  endfacet
  facet normal 0.195136 0 -0.980776
    outer loop
      vertex 188.941 0 -7.24444
      vertex 187.979 -6 -7.43584
      vertex 187.979 0 -7.43584
    endloop
  endfacet
  facet normal 0.980667 0 -0.195686
    outer loop
      vertex 194.436 -6 -0.978946
      vertex 194.244 0 -1.94114
      vertex 194.436 0 -0.978946
    endloop
  endfacet
  facet normal 0.980667 0 -0.195686
    outer loop
      vertex 194.244 0 -1.94114
      vertex 194.436 -6 -0.978946
      vertex 194.244 -6 -1.94114
    endloop
  endfacet
  facet normal 0.831488 0 -0.555542
    outer loop
      vertex 193.495 -6 -3.75
      vertex 192.95 0 -4.56571
      vertex 193.495 0 -3.75
    endloop
  endfacet
  facet normal 0.831488 0 -0.555542
    outer loop
      vertex 192.95 0 -4.56571
      vertex 193.495 -6 -3.75
      vertex 192.95 -6 -4.56571
    endloop
  endfacet
  facet normal -0.555434 0 -0.831561
    outer loop
      vertex 182.434 -6 -5.95015
      vertex 183.25 0 -6.49519
      vertex 183.25 -6 -6.49519
    endloop
  endfacet
  facet normal -0.555434 0 -0.831561
    outer loop
      vertex 183.25 0 -6.49519
      vertex 182.434 -6 -5.95015
      vertex 182.434 0 -5.95015
    endloop
  endfacet
  facet normal 0.831488 -0 0.555542
    outer loop
      vertex 192.95 -6 4.56571
      vertex 193.495 0 3.75
      vertex 192.95 0 4.56571
    endloop
  endfacet
  facet normal 0.831488 0 0.555542
    outer loop
      vertex 193.495 0 3.75
      vertex 192.95 -6 4.56571
      vertex 193.495 -6 3.75
    endloop
  endfacet
  facet normal 0.751764 -0 0.659433
    outer loop
      vertex 192.303 -6 5.3033
      vertex 192.95 0 4.56571
      vertex 192.303 0 5.3033
    endloop
  endfacet
  facet normal 0.751764 0 0.659433
    outer loop
      vertex 192.95 0 4.56571
      vertex 192.303 -6 5.3033
      vertex 192.95 -6 4.56571
    endloop
  endfacet
  facet normal -0.321434 0 -0.946932
    outer loop
      vertex -2.87012 -6 -6.9291
      vertex -1.94114 0 -7.24444
      vertex -1.94114 -6 -7.24444
    endloop
  endfacet
  facet normal -0.321434 0 -0.946932
    outer loop
      vertex -1.94114 0 -7.24444
      vertex -2.87012 -6 -6.9291
      vertex -2.87012 0 -6.9291
    endloop
  endfacet
  facet normal -0.980784 0 0.195098
    outer loop
      vertex -7.43584 -6 0.978946
      vertex -7.24444 0 1.94114
      vertex -7.43584 0 0.978946
    endloop
  endfacet
  facet normal -0.980784 0 0.195098
    outer loop
      vertex -7.24444 0 1.94114
      vertex -7.43584 -6 0.978946
      vertex -7.24444 -6 1.94114
    endloop
  endfacet
  facet normal -0.997859 0 0.0653996
    outer loop
      vertex -7.5 -6 0
      vertex -7.43584 0 0.978946
      vertex -7.5 0 0
    endloop
  endfacet
  facet normal -0.997859 0 0.0653996
    outer loop
      vertex -7.43584 0 0.978946
      vertex -7.5 -6 0
      vertex -7.43584 -6 0.978946
    endloop
  endfacet
  facet normal -0.946932 0 0.321434
    outer loop
      vertex -7.24444 -6 1.94114
      vertex -6.9291 0 2.87012
      vertex -7.24444 0 1.94114
    endloop
  endfacet
  facet normal -0.946932 0 0.321434
    outer loop
      vertex -6.9291 0 2.87012
      vertex -7.24444 -6 1.94114
      vertex -6.9291 -6 2.87012
    endloop
  endfacet
  facet normal 0.659346 0 0.751839
    outer loop
      vertex 4.56571 0 5.95015
      vertex 5.3033 -6 5.3033
      vertex 5.3033 0 5.3033
    endloop
  endfacet
  facet normal 0.659346 0 0.751839
    outer loop
      vertex 5.3033 -6 5.3033
      vertex 4.56571 0 5.95015
      vertex 4.56571 -6 5.95015
    endloop
  endfacet
  facet normal 0.321431 0 -0.946933
    outer loop
      vertex 1.94114 -6 -7.24444
      vertex 2.87013 0 -6.9291
      vertex 2.87013 -6 -6.9291
    endloop
  endfacet
  facet normal 0.321431 0 -0.946933
    outer loop
      vertex 2.87013 0 -6.9291
      vertex 1.94114 -6 -7.24444
      vertex 1.94114 0 -7.24444
    endloop
  endfacet
  facet normal -0.321434 0 0.946932
    outer loop
      vertex -2.87012 0 6.9291
      vertex -1.94114 -6 7.24444
      vertex -1.94114 0 7.24444
    endloop
  endfacet
  facet normal -0.321434 0 0.946932
    outer loop
      vertex -1.94114 -6 7.24444
      vertex -2.87012 0 6.9291
      vertex -2.87012 -6 6.9291
    endloop
  endfacet
  facet normal -0.55557 0 0.83147
    outer loop
      vertex -4.56571 0 5.95015
      vertex -3.75 -6 6.49519
      vertex -3.75 0 6.49519
    endloop
  endfacet
  facet normal -0.55557 0 0.83147
    outer loop
      vertex -3.75 -6 6.49519
      vertex -4.56571 0 5.95015
      vertex -4.56571 -6 5.95015
    endloop
  endfacet
  facet normal -0.55557 0 -0.83147
    outer loop
      vertex -4.56571 -6 -5.95015
      vertex -3.75 0 -6.49519
      vertex -3.75 -6 -6.49519
    endloop
  endfacet
  facet normal -0.55557 0 -0.83147
    outer loop
      vertex -3.75 0 -6.49519
      vertex -4.56571 -6 -5.95015
      vertex -4.56571 0 -5.95015
    endloop
  endfacet
  facet normal 0.980784 0 -0.195098
    outer loop
      vertex 7.43584 -6 -0.978946
      vertex 7.24444 0 -1.94114
      vertex 7.43584 0 -0.978946
    endloop
  endfacet
  facet normal 0.980784 0 -0.195098
    outer loop
      vertex 7.24444 0 -1.94114
      vertex 7.43584 -6 -0.978946
      vertex 7.24444 -6 -1.94114
    endloop
  endfacet
  facet normal 0.55557 0 0.83147
    outer loop
      vertex 3.75 0 6.49519
      vertex 4.56571 -6 5.95015
      vertex 4.56571 0 5.95015
    endloop
  endfacet
  facet normal 0.55557 0 0.83147
    outer loop
      vertex 4.56571 -6 5.95015
      vertex 3.75 0 6.49519
      vertex 3.75 -6 6.49519
    endloop
  endfacet
  facet normal -0.195098 0 0.980784
    outer loop
      vertex -1.94114 0 7.24444
      vertex -0.978946 -6 7.43584
      vertex -0.978946 0 7.43584
    endloop
  endfacet
  facet normal -0.195098 0 0.980784
    outer loop
      vertex -0.978946 -6 7.43584
      vertex -1.94114 0 7.24444
      vertex -1.94114 -6 7.24444
    endloop
  endfacet
  facet normal -0.83147 0 0.55557
    outer loop
      vertex -6.49519 -6 3.75
      vertex -5.95015 0 4.56571
      vertex -6.49519 0 3.75
    endloop
  endfacet
  facet normal -0.83147 0 0.55557
    outer loop
      vertex -5.95015 0 4.56571
      vertex -6.49519 -6 3.75
      vertex -5.95015 -6 4.56571
    endloop
  endfacet
  facet normal -0.44229 0 -0.896872
    outer loop
      vertex -3.75 -6 -6.49519
      vertex -2.87012 0 -6.9291
      vertex -2.87012 -6 -6.9291
    endloop
  endfacet
  facet normal -0.44229 0 -0.896872
    outer loop
      vertex -2.87012 0 -6.9291
      vertex -3.75 -6 -6.49519
      vertex -3.75 0 -6.49519
    endloop
  endfacet
  facet normal -0.946932 0 -0.321434
    outer loop
      vertex -6.9291 -6 -2.87012
      vertex -7.24444 0 -1.94114
      vertex -6.9291 0 -2.87012
    endloop
  endfacet
  facet normal -0.946932 -0 -0.321434
    outer loop
      vertex -7.24444 0 -1.94114
      vertex -6.9291 -6 -2.87012
      vertex -7.24444 -6 -1.94114
    endloop
  endfacet
  facet normal -0.659346 0 -0.751839
    outer loop
      vertex -5.3033 -6 -5.3033
      vertex -4.56571 0 -5.95015
      vertex -4.56571 -6 -5.95015
    endloop
  endfacet
  facet normal -0.659346 0 -0.751839
    outer loop
      vertex -4.56571 0 -5.95015
      vertex -5.3033 -6 -5.3033
      vertex -5.3033 0 -5.3033
    endloop
  endfacet
  facet normal 0.946932 -0 0.321434
    outer loop
      vertex 6.9291 -6 2.87012
      vertex 7.24444 0 1.94114
      vertex 6.9291 0 2.87012
    endloop
  endfacet
  facet normal 0.946932 0 0.321434
    outer loop
      vertex 7.24444 0 1.94114
      vertex 6.9291 -6 2.87012
      vertex 7.24444 -6 1.94114
    endloop
  endfacet
  facet normal 0.980784 -0 0.195098
    outer loop
      vertex 7.24444 -6 1.94114
      vertex 7.43584 0 0.978946
      vertex 7.24444 0 1.94114
    endloop
  endfacet
  facet normal 0.980784 0 0.195098
    outer loop
      vertex 7.43584 0 0.978946
      vertex 7.24444 -6 1.94114
      vertex 7.43584 -6 0.978946
    endloop
  endfacet
  facet normal 0.751839 -0 0.659346
    outer loop
      vertex 5.3033 -6 5.3033
      vertex 5.95015 0 4.56571
      vertex 5.3033 0 5.3033
    endloop
  endfacet
  facet normal 0.751839 0 0.659346
    outer loop
      vertex 5.95015 0 4.56571
      vertex 5.3033 -6 5.3033
      vertex 5.95015 -6 4.56571
    endloop
  endfacet
  facet normal -0.751839 0 -0.659346
    outer loop
      vertex -5.3033 -6 -5.3033
      vertex -5.95015 0 -4.56571
      vertex -5.3033 0 -5.3033
    endloop
  endfacet
  facet normal -0.751839 -0 -0.659346
    outer loop
      vertex -5.95015 0 -4.56571
      vertex -5.3033 -6 -5.3033
      vertex -5.95015 -6 -4.56571
    endloop
  endfacet
  facet normal -0.896872 0 -0.44229
    outer loop
      vertex -6.49519 -6 -3.75
      vertex -6.9291 0 -2.87012
      vertex -6.49519 0 -3.75
    endloop
  endfacet
  facet normal -0.896872 -0 -0.44229
    outer loop
      vertex -6.9291 0 -2.87012
      vertex -6.49519 -6 -3.75
      vertex -6.9291 -6 -2.87012
    endloop
  endfacet
  facet normal 0.442294 0 0.89687
    outer loop
      vertex 2.87013 0 6.9291
      vertex 3.75 -6 6.49519
      vertex 3.75 0 6.49519
    endloop
  endfacet
  facet normal 0.442294 0 0.89687
    outer loop
      vertex 3.75 -6 6.49519
      vertex 2.87013 0 6.9291
      vertex 2.87013 -6 6.9291
    endloop
  endfacet
  facet normal -0.896872 0 0.44229
    outer loop
      vertex -6.9291 -6 2.87012
      vertex -6.49519 0 3.75
      vertex -6.9291 0 2.87012
    endloop
  endfacet
  facet normal -0.896872 0 0.44229
    outer loop
      vertex -6.49519 0 3.75
      vertex -6.9291 -6 2.87012
      vertex -6.49519 -6 3.75
    endloop
  endfacet
  facet normal -0.980784 0 -0.195098
    outer loop
      vertex -7.24444 -6 -1.94114
      vertex -7.43584 0 -0.978946
      vertex -7.24444 0 -1.94114
    endloop
  endfacet
  facet normal -0.980784 -0 -0.195098
    outer loop
      vertex -7.43584 0 -0.978946
      vertex -7.24444 -6 -1.94114
      vertex -7.43584 -6 -0.978946
    endloop
  endfacet
  facet normal 0.751839 0 -0.659346
    outer loop
      vertex 5.95015 -6 -4.56571
      vertex 5.3033 0 -5.3033
      vertex 5.95015 0 -4.56571
    endloop
  endfacet
  facet normal 0.751839 0 -0.659346
    outer loop
      vertex 5.3033 0 -5.3033
      vertex 5.95015 -6 -4.56571
      vertex 5.3033 -6 -5.3033
    endloop
  endfacet
  facet normal -0.83147 0 -0.55557
    outer loop
      vertex -5.95015 -6 -4.56571
      vertex -6.49519 0 -3.75
      vertex -5.95015 0 -4.56571
    endloop
  endfacet
  facet normal -0.83147 -0 -0.55557
    outer loop
      vertex -6.49519 0 -3.75
      vertex -5.95015 -6 -4.56571
      vertex -6.49519 -6 -3.75
    endloop
  endfacet
  facet normal 0.896872 0 -0.44229
    outer loop
      vertex 6.9291 -6 -2.87012
      vertex 6.49519 0 -3.75
      vertex 6.9291 0 -2.87012
    endloop
  endfacet
  facet normal 0.896872 0 -0.44229
    outer loop
      vertex 6.49519 0 -3.75
      vertex 6.9291 -6 -2.87012
      vertex 6.49519 -6 -3.75
    endloop
  endfacet
  facet normal 0.83147 -0 0.55557
    outer loop
      vertex 5.95015 -6 4.56571
      vertex 6.49519 0 3.75
      vertex 5.95015 0 4.56571
    endloop
  endfacet
  facet normal 0.83147 0 0.55557
    outer loop
      vertex 6.49519 0 3.75
      vertex 5.95015 -6 4.56571
      vertex 6.49519 -6 3.75
    endloop
  endfacet
  facet normal -0.44229 0 0.896872
    outer loop
      vertex -3.75 0 6.49519
      vertex -2.87012 -6 6.9291
      vertex -2.87012 0 6.9291
    endloop
  endfacet
  facet normal -0.44229 0 0.896872
    outer loop
      vertex -2.87012 -6 6.9291
      vertex -3.75 0 6.49519
      vertex -3.75 -6 6.49519
    endloop
  endfacet
  facet normal -0.659346 0 0.751839
    outer loop
      vertex -5.3033 0 5.3033
      vertex -4.56571 -6 5.95015
      vertex -4.56571 0 5.95015
    endloop
  endfacet
  facet normal -0.659346 0 0.751839
    outer loop
      vertex -4.56571 -6 5.95015
      vertex -5.3033 0 5.3033
      vertex -5.3033 -6 5.3033
    endloop
  endfacet
  facet normal 0.55557 0 -0.83147
    outer loop
      vertex 3.75 -6 -6.49519
      vertex 4.56571 0 -5.95015
      vertex 4.56571 -6 -5.95015
    endloop
  endfacet
  facet normal 0.55557 0 -0.83147
    outer loop
      vertex 4.56571 0 -5.95015
      vertex 3.75 -6 -6.49519
      vertex 3.75 0 -6.49519
    endloop
  endfacet
  facet normal 0.442294 0 -0.89687
    outer loop
      vertex 2.87013 -6 -6.9291
      vertex 3.75 0 -6.49519
      vertex 3.75 -6 -6.49519
    endloop
  endfacet
  facet normal 0.442294 0 -0.89687
    outer loop
      vertex 3.75 0 -6.49519
      vertex 2.87013 -6 -6.9291
      vertex 2.87013 0 -6.9291
    endloop
  endfacet
  facet normal 0.997859 -0 0.0653996
    outer loop
      vertex 7.43584 -6 0.978946
      vertex 7.5 0 0
      vertex 7.43584 0 0.978946
    endloop
  endfacet
  facet normal 0.997859 0 0.0653996
    outer loop
      vertex 7.5 0 0
      vertex 7.43584 -6 0.978946
      vertex 7.5 -6 0
    endloop
  endfacet
  facet normal 0.896872 -0 0.44229
    outer loop
      vertex 6.49519 -6 3.75
      vertex 6.9291 0 2.87012
      vertex 6.49519 0 3.75
    endloop
  endfacet
  facet normal 0.896872 0 0.44229
    outer loop
      vertex 6.9291 0 2.87012
      vertex 6.49519 -6 3.75
      vertex 6.9291 -6 2.87012
    endloop
  endfacet
  facet normal 0.997859 0 -0.0653996
    outer loop
      vertex 7.5 -6 0
      vertex 7.43584 0 -0.978946
      vertex 7.5 0 0
    endloop
  endfacet
  facet normal 0.997859 0 -0.0653996
    outer loop
      vertex 7.43584 0 -0.978946
      vertex 7.5 -6 0
      vertex 7.43584 -6 -0.978946
    endloop
  endfacet
  facet normal -0.0653996 0 -0.997859
    outer loop
      vertex -0.978946 -6 -7.43584
      vertex 0 0 -7.5
      vertex 0 -6 -7.5
    endloop
  endfacet
  facet normal -0.0653996 0 -0.997859
    outer loop
      vertex 0 0 -7.5
      vertex -0.978946 -6 -7.43584
      vertex -0.978946 0 -7.43584
    endloop
  endfacet
  facet normal 0.321431 0 0.946933
    outer loop
      vertex 1.94114 0 7.24444
      vertex 2.87013 -6 6.9291
      vertex 2.87013 0 6.9291
    endloop
  endfacet
  facet normal 0.321431 0 0.946933
    outer loop
      vertex 2.87013 -6 6.9291
      vertex 1.94114 0 7.24444
      vertex 1.94114 -6 7.24444
    endloop
  endfacet
  facet normal 0.946932 0 -0.321434
    outer loop
      vertex 7.24444 -6 -1.94114
      vertex 6.9291 0 -2.87012
      vertex 7.24444 0 -1.94114
    endloop
  endfacet
  facet normal 0.946932 0 -0.321434
    outer loop
      vertex 6.9291 0 -2.87012
      vertex 7.24444 -6 -1.94114
      vertex 6.9291 -6 -2.87012
    endloop
  endfacet
  facet normal -0.997859 0 -0.0653996
    outer loop
      vertex -7.43584 -6 -0.978946
      vertex -7.5 0 0
      vertex -7.43584 0 -0.978946
    endloop
  endfacet
  facet normal -0.997859 -0 -0.0653996
    outer loop
      vertex -7.5 0 0
      vertex -7.43584 -6 -0.978946
      vertex -7.5 -6 0
    endloop
  endfacet
  facet normal -0.195098 0 -0.980784
    outer loop
      vertex -1.94114 -6 -7.24444
      vertex -0.978946 0 -7.43584
      vertex -0.978946 -6 -7.43584
    endloop
  endfacet
  facet normal -0.195098 0 -0.980784
    outer loop
      vertex -0.978946 0 -7.43584
      vertex -1.94114 -6 -7.24444
      vertex -1.94114 0 -7.24444
    endloop
  endfacet
  facet normal -0.751839 0 0.659346
    outer loop
      vertex -5.95015 -6 4.56571
      vertex -5.3033 0 5.3033
      vertex -5.95015 0 4.56571
    endloop
  endfacet
  facet normal -0.751839 0 0.659346
    outer loop
      vertex -5.3033 0 5.3033
      vertex -5.95015 -6 4.56571
      vertex -5.3033 -6 5.3033
    endloop
  endfacet
  facet normal 0.0653995 0 0.997859
    outer loop
      vertex 0 0 7.5
      vertex 0.978947 -6 7.43584
      vertex 0.978947 0 7.43584
    endloop
  endfacet
  facet normal 0.0653995 0 0.997859
    outer loop
      vertex 0.978947 -6 7.43584
      vertex 0 0 7.5
      vertex 0 -6 7.5
    endloop
  endfacet
  facet normal -0.0653996 0 0.997859
    outer loop
      vertex -0.978946 0 7.43584
      vertex 0 -6 7.5
      vertex 0 0 7.5
    endloop
  endfacet
  facet normal -0.0653996 0 0.997859
    outer loop
      vertex 0 -6 7.5
      vertex -0.978946 0 7.43584
      vertex -0.978946 -6 7.43584
    endloop
  endfacet
  facet normal 0.195098 0 0.980784
    outer loop
      vertex 0.978947 0 7.43584
      vertex 1.94114 -6 7.24444
      vertex 1.94114 0 7.24444
    endloop
  endfacet
  facet normal 0.195098 0 0.980784
    outer loop
      vertex 1.94114 -6 7.24444
      vertex 0.978947 0 7.43584
      vertex 0.978947 -6 7.43584
    endloop
  endfacet
  facet normal 0.659346 0 -0.751839
    outer loop
      vertex 4.56571 -6 -5.95015
      vertex 5.3033 0 -5.3033
      vertex 5.3033 -6 -5.3033
    endloop
  endfacet
  facet normal 0.659346 0 -0.751839
    outer loop
      vertex 5.3033 0 -5.3033
      vertex 4.56571 -6 -5.95015
      vertex 4.56571 0 -5.95015
    endloop
  endfacet
  facet normal 0.83147 0 -0.55557
    outer loop
      vertex 6.49519 -6 -3.75
      vertex 5.95015 0 -4.56571
      vertex 6.49519 0 -3.75
    endloop
  endfacet
  facet normal 0.83147 0 -0.55557
    outer loop
      vertex 5.95015 0 -4.56571
      vertex 6.49519 -6 -3.75
      vertex 5.95015 -6 -4.56571
    endloop
  endfacet
  facet normal 0.0653995 0 -0.997859
    outer loop
      vertex 0 -6 -7.5
      vertex 0.978947 0 -7.43584
      vertex 0.978947 -6 -7.43584
    endloop
  endfacet
  facet normal 0.0653995 0 -0.997859
    outer loop
      vertex 0.978947 0 -7.43584
      vertex 0 -6 -7.5
      vertex 0 0 -7.5
    endloop
  endfacet
  facet normal 0 -1 0
    outer loop
      vertex 0 -6 4.1
      vertex 0 -6 7.5
      vertex -0.978946 -6 7.43584
    endloop
  endfacet
  facet normal 0 -1 0
    outer loop
      vertex -0.535157 -6 4.06492
      vertex -0.978946 -6 7.43584
      vertex -1.94114 -6 7.24444
    endloop
  endfacet
  facet normal 0 -1 0
    outer loop
      vertex 0 -6 7.5
      vertex 0 -6 4.1
      vertex 0.978947 -6 7.43584
    endloop
  endfacet
  facet normal 0 -1 0
    outer loop
      vertex -1.06116 -6 3.9603
      vertex -1.94114 -6 7.24444
      vertex -2.87012 -6 6.9291
    endloop
  endfacet
  facet normal 0 -1 0
    outer loop
      vertex 0.535158 -6 4.06492
      vertex 0.978947 -6 7.43584
      vertex 0 -6 4.1
    endloop
  endfacet
  facet normal 0 -1 0
    outer loop
      vertex -1.569 -6 3.78791
      vertex -2.87012 -6 6.9291
      vertex -3.75 -6 6.49519
    endloop
  endfacet
  facet normal 0 -1 -0
    outer loop
      vertex 0.978947 -6 7.43584
      vertex 0.535158 -6 4.06492
      vertex 1.94114 -6 7.24444
    endloop
  endfacet
  facet normal 0 -1 0
    outer loop
      vertex -2.05 -6 3.5507
      vertex -3.75 -6 6.49519
      vertex -4.56571 -6 5.95015
    endloop
  endfacet
  facet normal 0 -1 0
    outer loop
      vertex 1.06116 -6 3.9603
      vertex 1.94114 -6 7.24444
      vertex 0.535158 -6 4.06492
    endloop
  endfacet
  facet normal 0 -1 0
    outer loop
      vertex -2.49592 -6 3.25275
      vertex -4.56571 -6 5.95015
      vertex -5.3033 -6 5.3033
    endloop
  endfacet
  facet normal 0 -1 -0
    outer loop
      vertex 1.94114 -6 7.24444
      vertex 1.06116 -6 3.9603
      vertex 2.87013 -6 6.9291
    endloop
  endfacet
  facet normal 0 -1 0
    outer loop
      vertex -2.89914 -6 2.89914
      vertex -5.3033 -6 5.3033
      vertex -5.95015 -6 4.56571
    endloop
  endfacet
  facet normal 0 -1 0
    outer loop
      vertex 1.569 -6 3.78791
      vertex 2.87013 -6 6.9291
      vertex 1.06116 -6 3.9603
    endloop
  endfacet
  facet normal 0 -1 -0
    outer loop
      vertex 2.87013 -6 6.9291
      vertex 1.569 -6 3.78791
      vertex 3.75 -6 6.49519
    endloop
  endfacet
  facet normal 0 -1 0
    outer loop
      vertex -0.978946 -6 7.43584
      vertex -0.535157 -6 4.06492
      vertex 0 -6 4.1
    endloop
  endfacet
  facet normal 0 -1 0
    outer loop
      vertex -1.94114 -6 7.24444
      vertex -1.06116 -6 3.9603
      vertex -0.535157 -6 4.06492
    endloop
  endfacet
  facet normal 0 -1 0
    outer loop
      vertex -2.87012 -6 6.9291
      vertex -1.569 -6 3.78791
      vertex -1.06116 -6 3.9603
    endloop
  endfacet
  facet normal 0 -1 0
    outer loop
      vertex -3.25275 -6 2.49592
      vertex -5.95015 -6 4.56571
      vertex -6.49519 -6 3.75
    endloop
  endfacet
  facet normal 0 -1 0
    outer loop
      vertex -3.75 -6 6.49519
      vertex -2.05 -6 3.5507
      vertex -1.569 -6 3.78791
    endloop
  endfacet
  facet normal 0 -1 0
    outer loop
      vertex -4.56571 -6 5.95015
      vertex -2.49592 -6 3.25275
      vertex -2.05 -6 3.5507
    endloop
  endfacet
  facet normal 0 -1 0
    outer loop
      vertex -5.3033 -6 5.3033
      vertex -2.89914 -6 2.89914
      vertex -2.49592 -6 3.25275
    endloop
  endfacet
  facet normal 0 -1 0
    outer loop
      vertex -3.5507 -6 2.05
      vertex -6.49519 -6 3.75
      vertex -6.9291 -6 2.87012
    endloop
  endfacet
  facet normal 0 -1 0
    outer loop
      vertex -5.95015 -6 4.56571
      vertex -3.25275 -6 2.49592
      vertex -2.89914 -6 2.89914
    endloop
  endfacet
  facet normal 0 -1 0
    outer loop
      vertex -6.49519 -6 3.75
      vertex -3.5507 -6 2.05
      vertex -3.25275 -6 2.49592
    endloop
  endfacet
  facet normal 0 -1 0
    outer loop
      vertex -3.78791 -6 1.569
      vertex -6.9291 -6 2.87012
      vertex -7.24444 -6 1.94114
    endloop
  endfacet
  facet normal 0 -1 0
    outer loop
      vertex -6.9291 -6 2.87012
      vertex -3.78791 -6 1.569
      vertex -3.5507 -6 2.05
    endloop
  endfacet
  facet normal 0 -1 0
    outer loop
      vertex -7.24444 -6 1.94114
      vertex -3.9603 -6 1.06116
      vertex -3.78791 -6 1.569
    endloop
  endfacet
  facet normal 0 -1 0
    outer loop
      vertex -7.43584 -6 0.978946
      vertex -3.9603 -6 1.06116
      vertex -7.24444 -6 1.94114
    endloop
  endfacet
  facet normal 0 -1 0
    outer loop
      vertex -7.43584 -6 0.978946
      vertex -4.06492 -6 0.535157
      vertex -3.9603 -6 1.06116
    endloop
  endfacet
  facet normal 0 -1 0
    outer loop
      vertex -7.5 -6 0
      vertex -4.06492 -6 0.535157
      vertex -7.43584 -6 0.978946
    endloop
  endfacet
  facet normal 0 -1 0
    outer loop
      vertex -7.5 -6 0
      vertex -4.1 -6 0
      vertex -4.06492 -6 0.535157
    endloop
  endfacet
  facet normal 0 -1 0
    outer loop
      vertex -7.5 -6 0
      vertex -4.06492 -6 -0.535157
      vertex -4.1 -6 0
    endloop
  endfacet
  facet normal 0 -1 0
    outer loop
      vertex -7.43584 -6 -0.978946
      vertex -4.06492 -6 -0.535157
      vertex -7.5 -6 0
    endloop
  endfacet
  facet normal 0 -1 0
    outer loop
      vertex -7.43584 -6 -0.978946
      vertex -3.9603 -6 -1.06116
      vertex -4.06492 -6 -0.535157
    endloop
  endfacet
  facet normal 0 -1 0
    outer loop
      vertex -7.24444 -6 -1.94114
      vertex -3.9603 -6 -1.06116
      vertex -7.43584 -6 -0.978946
    endloop
  endfacet
  facet normal 0 -1 -0
    outer loop
      vertex -3.9603 -6 -1.06116
      vertex -7.24444 -6 -1.94114
      vertex -3.78791 -6 -1.569
    endloop
  endfacet
  facet normal 0 -1 0
    outer loop
      vertex -6.9291 -6 -2.87012
      vertex -3.78791 -6 -1.569
      vertex -7.24444 -6 -1.94114
    endloop
  endfacet
  facet normal 0 -1 -0
    outer loop
      vertex -3.78791 -6 -1.569
      vertex -6.9291 -6 -2.87012
      vertex -3.5507 -6 -2.05
    endloop
  endfacet
  facet normal 0 -1 0
    outer loop
      vertex -6.49519 -6 -3.75
      vertex -3.5507 -6 -2.05
      vertex -6.9291 -6 -2.87012
    endloop
  endfacet
  facet normal 0 -1 -0
    outer loop
      vertex -3.5507 -6 -2.05
      vertex -6.49519 -6 -3.75
      vertex -3.25275 -6 -2.49592
    endloop
  endfacet
  facet normal 0 -1 0
    outer loop
      vertex -5.95015 -6 -4.56571
      vertex -3.25275 -6 -2.49592
      vertex -6.49519 -6 -3.75
    endloop
  endfacet
  facet normal 0 -1 -0
    outer loop
      vertex -3.25275 -6 -2.49592
      vertex -5.95015 -6 -4.56571
      vertex -2.89914 -6 -2.89914
    endloop
  endfacet
  facet normal 0 -1 0
    outer loop
      vertex -5.3033 -6 -5.3033
      vertex -2.89914 -6 -2.89914
      vertex -5.95015 -6 -4.56571
    endloop
  endfacet
  facet normal 0 -1 -0
    outer loop
      vertex -2.89914 -6 -2.89914
      vertex -5.3033 -6 -5.3033
      vertex -2.49592 -6 -3.25275
    endloop
  endfacet
  facet normal 0 -1 0
    outer loop
      vertex -4.56571 -6 -5.95015
      vertex -2.49592 -6 -3.25275
      vertex -5.3033 -6 -5.3033
    endloop
  endfacet
  facet normal 0 -1 -0
    outer loop
      vertex -2.49592 -6 -3.25275
      vertex -4.56571 -6 -5.95015
      vertex -2.05 -6 -3.5507
    endloop
  endfacet
  facet normal 0 -1 0
    outer loop
      vertex -3.75 -6 -6.49519
      vertex -2.05 -6 -3.5507
      vertex -4.56571 -6 -5.95015
    endloop
  endfacet
  facet normal 0 -1 -0
    outer loop
      vertex -2.05 -6 -3.5507
      vertex -3.75 -6 -6.49519
      vertex -1.569 -6 -3.78791
    endloop
  endfacet
  facet normal 0 -1 0
    outer loop
      vertex 2.05 -6 3.5507
      vertex 3.75 -6 6.49519
      vertex 1.569 -6 3.78791
    endloop
  endfacet
  facet normal 0 -1 -0
    outer loop
      vertex 3.75 -6 6.49519
      vertex 2.05 -6 3.5507
      vertex 4.56571 -6 5.95015
    endloop
  endfacet
  facet normal 0 -1 0
    outer loop
      vertex 2.49592 -6 3.25275
      vertex 4.56571 -6 5.95015
      vertex 2.05 -6 3.5507
    endloop
  endfacet
  facet normal 0 -1 -0
    outer loop
      vertex 4.56571 -6 5.95015
      vertex 2.49592 -6 3.25275
      vertex 5.3033 -6 5.3033
    endloop
  endfacet
  facet normal 0 -1 0
    outer loop
      vertex 2.89914 -6 2.89914
      vertex 5.3033 -6 5.3033
      vertex 2.49592 -6 3.25275
    endloop
  endfacet
  facet normal 0 -1 -0
    outer loop
      vertex 5.3033 -6 5.3033
      vertex 2.89914 -6 2.89914
      vertex 5.95015 -6 4.56571
    endloop
  endfacet
  facet normal 0 -1 0
    outer loop
      vertex 3.25275 -6 2.49592
      vertex 5.95015 -6 4.56571
      vertex 2.89914 -6 2.89914
    endloop
  endfacet
  facet normal 0 -1 -0
    outer loop
      vertex 5.95015 -6 4.56571
      vertex 3.25275 -6 2.49592
      vertex 6.49519 -6 3.75
    endloop
  endfacet
  facet normal 0 -1 0
    outer loop
      vertex 3.5507 -6 2.05
      vertex 6.49519 -6 3.75
      vertex 3.25275 -6 2.49592
    endloop
  endfacet
  facet normal 0 -1 -0
    outer loop
      vertex 6.49519 -6 3.75
      vertex 3.5507 -6 2.05
      vertex 6.9291 -6 2.87012
    endloop
  endfacet
  facet normal 0 -1 0
    outer loop
      vertex 3.78791 -6 1.569
      vertex 6.9291 -6 2.87012
      vertex 3.5507 -6 2.05
    endloop
  endfacet
  facet normal 0 -1 -0
    outer loop
      vertex 6.9291 -6 2.87012
      vertex 3.78791 -6 1.569
      vertex 7.24444 -6 1.94114
    endloop
  endfacet
  facet normal 0 -1 0
    outer loop
      vertex 3.9603 -6 1.06116
      vertex 7.24444 -6 1.94114
      vertex 3.78791 -6 1.569
    endloop
  endfacet
  facet normal 0 -1 0
    outer loop
      vertex 3.9603 -6 1.06116
      vertex 7.43584 -6 0.978946
      vertex 7.24444 -6 1.94114
    endloop
  endfacet
  facet normal 0 -1 0
    outer loop
      vertex 4.06492 -6 0.535157
      vertex 7.43584 -6 0.978946
      vertex 3.9603 -6 1.06116
    endloop
  endfacet
  facet normal 0 -1 0
    outer loop
      vertex 4.1 -6 0
      vertex 7.43584 -6 0.978946
      vertex 4.06492 -6 0.535157
    endloop
  endfacet
  facet normal 0 -1 0
    outer loop
      vertex 4.1 -6 0
      vertex 7.5 -6 0
      vertex 7.43584 -6 0.978946
    endloop
  endfacet
  facet normal 0 -1 0
    outer loop
      vertex 4.06492 -6 -0.535157
      vertex 7.5 -6 0
      vertex 4.1 -6 0
    endloop
  endfacet
  facet normal 0 -1 0
    outer loop
      vertex 4.06492 -6 -0.535157
      vertex 7.43584 -6 -0.978946
      vertex 7.5 -6 0
    endloop
  endfacet
  facet normal 0 -1 0
    outer loop
      vertex 3.9603 -6 -1.06116
      vertex 7.43584 -6 -0.978946
      vertex 4.06492 -6 -0.535157
    endloop
  endfacet
  facet normal 0 -1 0
    outer loop
      vertex 7.24444 -6 -1.94114
      vertex 3.9603 -6 -1.06116
      vertex 3.78791 -6 -1.569
    endloop
  endfacet
  facet normal 0 -1 0
    outer loop
      vertex 3.9603 -6 -1.06116
      vertex 7.24444 -6 -1.94114
      vertex 7.43584 -6 -0.978946
    endloop
  endfacet
  facet normal 0 -1 0
    outer loop
      vertex 6.9291 -6 -2.87012
      vertex 3.78791 -6 -1.569
      vertex 3.5507 -6 -2.05
    endloop
  endfacet
  facet normal 0 -1 0
    outer loop
      vertex 6.49519 -6 -3.75
      vertex 3.5507 -6 -2.05
      vertex 3.25275 -6 -2.49592
    endloop
  endfacet
  facet normal 0 -1 0
    outer loop
      vertex 3.78791 -6 -1.569
      vertex 6.9291 -6 -2.87012
      vertex 7.24444 -6 -1.94114
    endloop
  endfacet
  facet normal 0 -1 0
    outer loop
      vertex 5.95015 -6 -4.56571
      vertex 3.25275 -6 -2.49592
      vertex 2.89914 -6 -2.89914
    endloop
  endfacet
  facet normal 0 -1 0
    outer loop
      vertex 5.3033 -6 -5.3033
      vertex 2.89914 -6 -2.89914
      vertex 2.49592 -6 -3.25275
    endloop
  endfacet
  facet normal 0 -1 0
    outer loop
      vertex 4.56571 -6 -5.95015
      vertex 2.49592 -6 -3.25275
      vertex 2.05 -6 -3.5507
    endloop
  endfacet
  facet normal 0 -1 0
    outer loop
      vertex 3.5507 -6 -2.05
      vertex 6.49519 -6 -3.75
      vertex 6.9291 -6 -2.87012
    endloop
  endfacet
  facet normal 0 -1 0
    outer loop
      vertex 3.75 -6 -6.49519
      vertex 2.05 -6 -3.5507
      vertex 1.569 -6 -3.78791
    endloop
  endfacet
  facet normal 0 -1 0
    outer loop
      vertex 2.87013 -6 -6.9291
      vertex 1.569 -6 -3.78791
      vertex 1.06116 -6 -3.9603
    endloop
  endfacet
  facet normal 0 -1 0
    outer loop
      vertex 1.94114 -6 -7.24444
      vertex 1.06116 -6 -3.9603
      vertex 0.535158 -6 -4.06492
    endloop
  endfacet
  facet normal 0 -1 0
    outer loop
      vertex 0.978947 -6 -7.43584
      vertex 0.535158 -6 -4.06492
      vertex 0 -6 -4.1
    endloop
  endfacet
  facet normal 0 -1 0
    outer loop
      vertex -2.87012 -6 -6.9291
      vertex -1.569 -6 -3.78791
      vertex -3.75 -6 -6.49519
    endloop
  endfacet
  facet normal 0 -1 0
    outer loop
      vertex 3.25275 -6 -2.49592
      vertex 5.95015 -6 -4.56571
      vertex 6.49519 -6 -3.75
    endloop
  endfacet
  facet normal 0 -1 -0
    outer loop
      vertex -1.569 -6 -3.78791
      vertex -2.87012 -6 -6.9291
      vertex -1.06116 -6 -3.9603
    endloop
  endfacet
  facet normal 0 -1 0
    outer loop
      vertex 2.89914 -6 -2.89914
      vertex 5.3033 -6 -5.3033
      vertex 5.95015 -6 -4.56571
    endloop
  endfacet
  facet normal 0 -1 0
    outer loop
      vertex -1.94114 -6 -7.24444
      vertex -1.06116 -6 -3.9603
      vertex -2.87012 -6 -6.9291
    endloop
  endfacet
  facet normal 0 -1 0
    outer loop
      vertex 2.49592 -6 -3.25275
      vertex 4.56571 -6 -5.95015
      vertex 5.3033 -6 -5.3033
    endloop
  endfacet
  facet normal 0 -1 -0
    outer loop
      vertex -1.06116 -6 -3.9603
      vertex -1.94114 -6 -7.24444
      vertex -0.535157 -6 -4.06492
    endloop
  endfacet
  facet normal 0 -1 0
    outer loop
      vertex 2.05 -6 -3.5507
      vertex 3.75 -6 -6.49519
      vertex 4.56571 -6 -5.95015
    endloop
  endfacet
  facet normal 0 -1 0
    outer loop
      vertex -0.978946 -6 -7.43584
      vertex -0.535157 -6 -4.06492
      vertex -1.94114 -6 -7.24444
    endloop
  endfacet
  facet normal 0 -1 0
    outer loop
      vertex 1.569 -6 -3.78791
      vertex 2.87013 -6 -6.9291
      vertex 3.75 -6 -6.49519
    endloop
  endfacet
  facet normal 0 -1 -0
    outer loop
      vertex -0.535157 -6 -4.06492
      vertex -0.978946 -6 -7.43584
      vertex 0 -6 -4.1
    endloop
  endfacet
  facet normal 0 -1 0
    outer loop
      vertex 1.06116 -6 -3.9603
      vertex 1.94114 -6 -7.24444
      vertex 2.87013 -6 -6.9291
    endloop
  endfacet
  facet normal 0 -1 0
    outer loop
      vertex 0 -6 -7.5
      vertex 0 -6 -4.1
      vertex -0.978946 -6 -7.43584
    endloop
  endfacet
  facet normal 0 -1 0
    outer loop
      vertex 0.535158 -6 -4.06492
      vertex 0.978947 -6 -7.43584
      vertex 1.94114 -6 -7.24444
    endloop
  endfacet
  facet normal 0 -1 0
    outer loop
      vertex 0 -6 -4.1
      vertex 0 -6 -7.5
      vertex 0.978947 -6 -7.43584
    endloop
  endfacet
  facet normal 0.195098 0 -0.980784
    outer loop
      vertex 0.978947 -6 -7.43584
      vertex 1.94114 0 -7.24444
      vertex 1.94114 -6 -7.24444
    endloop
  endfacet
  facet normal 0.195098 0 -0.980784
    outer loop
      vertex 1.94114 0 -7.24444
      vertex 0.978947 -6 -7.43584
      vertex 0.978947 0 -7.43584
    endloop
  endfacet
  facet normal 0 0 1
    outer loop
      vertex 189.368 38.4273 -25
      vertex 173.75 34.0024 -25
      vertex 179.75 34.0024 -25
    endloop
  endfacet
  facet normal 0 0 1
    outer loop
      vertex 173.75 34.0024 -25
      vertex 164.077 30.1994 -25
      vertex 173.75 20 -25
    endloop
  endfacet
  facet normal -0 0 1
    outer loop
      vertex 153.25 34.0024 -25
      vertex 164.077 30.1994 -25
      vertex 173.75 34.0024 -25
    endloop
  endfacet
  facet normal 0 0 1
    outer loop
      vertex 153.25 34.0024 -25
      vertex 173.75 34.0024 -25
      vertex 189.368 38.4273 -25
    endloop
  endfacet
  facet normal 0 0 1
    outer loop
      vertex 153.25 20 -25
      vertex 157.149 30.412 -25
      vertex 153.25 34.0024 -25
    endloop
  endfacet
  facet normal 0 0 1
    outer loop
      vertex 164.077 30.1994 -25
      vertex 153.25 34.0024 -25
      vertex 157.149 30.412 -25
    endloop
  endfacet
  facet normal 0 0 1
    outer loop
      vertex 189.368 38.4273 -25
      vertex 147.25 34.0024 -25
      vertex 153.25 34.0024 -25
    endloop
  endfacet
  facet normal -0 0 1
    outer loop
      vertex 142.056 26.7004 -25
      vertex 147.25 20 -25
      vertex 147.25 34.0024 -25
    endloop
  endfacet
  facet normal 0 0 1
    outer loop
      vertex 147.25 20 -25
      vertex 142.056 26.7004 -25
      vertex 142.1 26.0348 -25
    endloop
  endfacet
  facet normal 0 0 1
    outer loop
      vertex 147.25 34.0024 -25
      vertex 141.926 27.3547 -25
      vertex 142.056 26.7004 -25
    endloop
  endfacet
  facet normal 0 0 1
    outer loop
      vertex 147.25 34.0024 -25
      vertex 141.712 27.9864 -25
      vertex 141.926 27.3547 -25
    endloop
  endfacet
  facet normal 0 0 1
    outer loop
      vertex 147.25 34.0024 -25
      vertex 141.417 28.5848 -25
      vertex 141.712 27.9864 -25
    endloop
  endfacet
  facet normal 0 0 1
    outer loop
      vertex 147.25 34.0024 -25
      vertex 141.046 29.1394 -25
      vertex 141.417 28.5848 -25
    endloop
  endfacet
  facet normal 0 0 1
    outer loop
      vertex 147.25 34.0024 -25
      vertex 140.606 29.641 -25
      vertex 141.046 29.1394 -25
    endloop
  endfacet
  facet normal 0 0 1
    outer loop
      vertex 147.25 34.0024 -25
      vertex 140.105 30.0809 -25
      vertex 140.606 29.641 -25
    endloop
  endfacet
  facet normal 0 0 1
    outer loop
      vertex 147.25 34.0024 -25
      vertex 139.55 30.4515 -25
      vertex 140.105 30.0809 -25
    endloop
  endfacet
  facet normal 0 0 1
    outer loop
      vertex 147.25 34.0024 -25
      vertex 138.952 30.7465 -25
      vertex 139.55 30.4515 -25
    endloop
  endfacet
  facet normal 0 0 1
    outer loop
      vertex 147.25 34.0024 -25
      vertex 138.32 30.961 -25
      vertex 138.952 30.7465 -25
    endloop
  endfacet
  facet normal 0 0 1
    outer loop
      vertex 147.25 34.0024 -25
      vertex 137.666 31.0911 -25
      vertex 138.32 30.961 -25
    endloop
  endfacet
  facet normal 0 0 1
    outer loop
      vertex 147.25 34.0024 -25
      vertex 137 31.1348 -25
      vertex 137.666 31.0911 -25
    endloop
  endfacet
  facet normal -0 0 1
    outer loop
      vertex 126.75 34.0024 -25
      vertex 137 31.1348 -25
      vertex 147.25 34.0024 -25
    endloop
  endfacet
  facet normal 0 0 1
    outer loop
      vertex 137 31.1348 -25
      vertex 126.75 34.0024 -25
      vertex 136.334 31.0911 -25
    endloop
  endfacet
  facet normal 0 0 1
    outer loop
      vertex 131.944 26.7004 -25
      vertex 126.75 20 -25
      vertex 131.9 26.0348 -25
    endloop
  endfacet
  facet normal 0 0 1
    outer loop
      vertex 126.75 20 -25
      vertex 131.944 26.7004 -25
      vertex 126.75 34.0024 -25
    endloop
  endfacet
  facet normal 0 0 1
    outer loop
      vertex 132.074 27.3547 -25
      vertex 126.75 34.0024 -25
      vertex 131.944 26.7004 -25
    endloop
  endfacet
  facet normal 0 0 1
    outer loop
      vertex 132.288 27.9864 -25
      vertex 126.75 34.0024 -25
      vertex 132.074 27.3547 -25
    endloop
  endfacet
  facet normal 0 0 1
    outer loop
      vertex 132.583 28.5848 -25
      vertex 126.75 34.0024 -25
      vertex 132.288 27.9864 -25
    endloop
  endfacet
  facet normal 0 0 1
    outer loop
      vertex 132.954 29.1394 -25
      vertex 126.75 34.0024 -25
      vertex 132.583 28.5848 -25
    endloop
  endfacet
  facet normal 0 0 1
    outer loop
      vertex 133.394 29.641 -25
      vertex 126.75 34.0024 -25
      vertex 132.954 29.1394 -25
    endloop
  endfacet
  facet normal 0 0 1
    outer loop
      vertex 133.895 30.0809 -25
      vertex 126.75 34.0024 -25
      vertex 133.394 29.641 -25
    endloop
  endfacet
  facet normal 0 0 1
    outer loop
      vertex 134.45 30.4515 -25
      vertex 126.75 34.0024 -25
      vertex 133.895 30.0809 -25
    endloop
  endfacet
  facet normal 0 0 1
    outer loop
      vertex 135.048 30.7465 -25
      vertex 126.75 34.0024 -25
      vertex 134.45 30.4515 -25
    endloop
  endfacet
  facet normal 0 0 1
    outer loop
      vertex 135.68 30.961 -25
      vertex 126.75 34.0024 -25
      vertex 135.048 30.7465 -25
    endloop
  endfacet
  facet normal 0 0 1
    outer loop
      vertex 136.334 31.0911 -25
      vertex 126.75 34.0024 -25
      vertex 135.68 30.961 -25
    endloop
  endfacet
  facet normal 0 0 1
    outer loop
      vertex 189.368 38.4273 -25
      vertex 126.75 34.0024 -25
      vertex 147.25 34.0024 -25
    endloop
  endfacet
  facet normal 0 0 1
    outer loop
      vertex 189.368 38.4273 -25
      vertex 120.75 34.0024 -25
      vertex 126.75 34.0024 -25
    endloop
  endfacet
  facet normal 0 0 1
    outer loop
      vertex 120.75 34.0024 -25
      vertex 111.077 31.8262 -25
      vertex 120.75 20 -25
    endloop
  endfacet
  facet normal -0 0 1
    outer loop
      vertex 100.25 34.0024 -25
      vertex 111.077 31.8262 -25
      vertex 120.75 34.0024 -25
    endloop
  endfacet
  facet normal 0 0 1
    outer loop
      vertex 100.25 20 -25
      vertex 104.149 32.0389 -25
      vertex 100.25 34.0024 -25
    endloop
  endfacet
  facet normal 0 0 1
    outer loop
      vertex 111.077 31.8262 -25
      vertex 100.25 34.0024 -25
      vertex 104.149 32.0389 -25
    endloop
  endfacet
  facet normal 0 0 1
    outer loop
      vertex 189.368 38.4273 -25
      vertex 100.25 34.0024 -25
      vertex 120.75 34.0024 -25
    endloop
  endfacet
  facet normal 0 0 1
    outer loop
      vertex -1.63184 44.2901 -25
      vertex 100.25 34.0024 -25
      vertex 189.368 38.4273 -25
    endloop
  endfacet
  facet normal 0 0 1
    outer loop
      vertex 94.25 34.0024 -25
      vertex 84.5774 32.6396 -25
      vertex 94.25 20 -25
    endloop
  endfacet
  facet normal -0 0 1
    outer loop
      vertex 73.75 34.0024 -25
      vertex 84.5774 32.6396 -25
      vertex 94.25 34.0024 -25
    endloop
  endfacet
  facet normal 0 0 1
    outer loop
      vertex 73.75 20 -25
      vertex 77.6491 32.8523 -25
      vertex 73.75 34.0024 -25
    endloop
  endfacet
  facet normal 0 0 1
    outer loop
      vertex 84.5774 32.6396 -25
      vertex 73.75 34.0024 -25
      vertex 77.6491 32.8523 -25
    endloop
  endfacet
  facet normal 0 0 1
    outer loop
      vertex 100.25 34.0024 -25
      vertex -1.63184 44.2901 -25
      vertex 94.25 34.0024 -25
    endloop
  endfacet
  facet normal 0 0 1
    outer loop
      vertex 94.25 34.0024 -25
      vertex -1.63184 44.2901 -25
      vertex 73.75 34.0024 -25
    endloop
  endfacet
  facet normal 0 0 1
    outer loop
      vertex 67.75 34.0024 -25
      vertex 58.0774 33.4531 -25
      vertex 67.75 20 -25
    endloop
  endfacet
  facet normal 0 0 1
    outer loop
      vertex 67.75 34.0024 -25
      vertex 51.1491 33.6657 -25
      vertex 58.0774 33.4531 -25
    endloop
  endfacet
  facet normal 0 0 1
    outer loop
      vertex 73.75 34.0024 -25
      vertex -1.63184 44.2901 -25
      vertex 67.75 34.0024 -25
    endloop
  endfacet
  facet normal 0 0 1
    outer loop
      vertex 47.25 20 -25
      vertex 51.1491 33.6657 -25
      vertex 47.25 34.0024 -25
    endloop
  endfacet
  facet normal 0 -0 1
    outer loop
      vertex 47.25 34.0024 -25
      vertex 67.75 34.0024 -25
      vertex -1.63184 44.2901 -25
    endloop
  endfacet
  facet normal 0 0 1
    outer loop
      vertex 67.75 34.0024 -25
      vertex 47.25 34.0024 -25
      vertex 51.1491 33.6657 -25
    endloop
  endfacet
  facet normal 0 0 1
    outer loop
      vertex 36.1 27.2884 -25
      vertex 41.25 34.0024 -25
      vertex 36.1 29.2884 -25
    endloop
  endfacet
  facet normal 0 0 1
    outer loop
      vertex 41.25 34.0024 -25
      vertex 36.0564 29.9541 -25
      vertex 36.1 29.2884 -25
    endloop
  endfacet
  facet normal 0 0 1
    outer loop
      vertex 41.25 34.0024 -25
      vertex 35.9262 30.6084 -25
      vertex 36.0564 29.9541 -25
    endloop
  endfacet
  facet normal 0 0 1
    outer loop
      vertex 41.25 34.0024 -25
      vertex 35.7118 31.2401 -25
      vertex 35.9262 30.6084 -25
    endloop
  endfacet
  facet normal 0 0 1
    outer loop
      vertex 41.25 34.0024 -25
      vertex 35.4167 31.8384 -25
      vertex 35.7118 31.2401 -25
    endloop
  endfacet
  facet normal 0 0 1
    outer loop
      vertex 41.25 34.0024 -25
      vertex 35.0461 32.3931 -25
      vertex 35.4167 31.8384 -25
    endloop
  endfacet
  facet normal 0 0 1
    outer loop
      vertex 41.25 34.0024 -25
      vertex 34.6062 32.8947 -25
      vertex 35.0461 32.3931 -25
    endloop
  endfacet
  facet normal 0 0 1
    outer loop
      vertex 41.25 34.0024 -25
      vertex 34.1047 33.3345 -25
      vertex 34.6062 32.8947 -25
    endloop
  endfacet
  facet normal 0 0 1
    outer loop
      vertex 41.25 34.0024 -25
      vertex 33.55 33.7052 -25
      vertex 34.1047 33.3345 -25
    endloop
  endfacet
  facet normal 0 0 1
    outer loop
      vertex 41.25 34.0024 -25
      vertex 32.9517 34.0002 -25
      vertex 33.55 33.7052 -25
    endloop
  endfacet
  facet normal 0 0 1
    outer loop
      vertex 47.25 34.0024 -25
      vertex -1.63184 44.2901 -25
      vertex 41.25 34.0024 -25
    endloop
  endfacet
  facet normal 0 0 1
    outer loop
      vertex 41.25 34.0024 -25
      vertex 32.32 34.2147 -25
      vertex 32.9517 34.0002 -25
    endloop
  endfacet
  facet normal -0 -0 1
    outer loop
      vertex 31.6657 34.3448 -25
      vertex 41.25 34.0024 -25
      vertex -1.63184 44.2901 -25
    endloop
  endfacet
  facet normal 0 0 1
    outer loop
      vertex 41.25 34.0024 -25
      vertex 31.6657 34.3448 -25
      vertex 32.32 34.2147 -25
    endloop
  endfacet
  facet normal 0 0 1
    outer loop
      vertex 25.9 29.2884 -25
      vertex 20.75 34.0024 -25
      vertex 25.9 27.2884 -25
    endloop
  endfacet
  facet normal 0 0 1
    outer loop
      vertex 25.9436 29.9541 -25
      vertex 20.75 34.0024 -25
      vertex 25.9 29.2884 -25
    endloop
  endfacet
  facet normal 0 0 1
    outer loop
      vertex 26.0738 30.6084 -25
      vertex 20.75 34.0024 -25
      vertex 25.9436 29.9541 -25
    endloop
  endfacet
  facet normal 0 0 1
    outer loop
      vertex 26.2882 31.2401 -25
      vertex 20.75 34.0024 -25
      vertex 26.0738 30.6084 -25
    endloop
  endfacet
  facet normal 0 0 1
    outer loop
      vertex 26.5833 31.8384 -25
      vertex 20.75 34.0024 -25
      vertex 26.2882 31.2401 -25
    endloop
  endfacet
  facet normal 0 0 1
    outer loop
      vertex 26.9539 32.3931 -25
      vertex 20.75 34.0024 -25
      vertex 26.5833 31.8384 -25
    endloop
  endfacet
  facet normal 0 0 1
    outer loop
      vertex 27.3938 32.8947 -25
      vertex 20.75 34.0024 -25
      vertex 26.9539 32.3931 -25
    endloop
  endfacet
  facet normal 0 0 1
    outer loop
      vertex 27.8953 33.3345 -25
      vertex 20.75 34.0024 -25
      vertex 27.3938 32.8947 -25
    endloop
  endfacet
  facet normal 0 0 1
    outer loop
      vertex 28.45 33.7052 -25
      vertex 20.75 34.0024 -25
      vertex 27.8953 33.3345 -25
    endloop
  endfacet
  facet normal 0 0 1
    outer loop
      vertex 29.0483 34.0002 -25
      vertex 20.75 34.0024 -25
      vertex 28.45 33.7052 -25
    endloop
  endfacet
  facet normal 0 0 1
    outer loop
      vertex 29.68 34.2147 -25
      vertex 20.75 34.0024 -25
      vertex 29.0483 34.0002 -25
    endloop
  endfacet
  facet normal 0 0 1
    outer loop
      vertex 30.3343 34.3448 -25
      vertex 20.75 34.0024 -25
      vertex 29.68 34.2147 -25
    endloop
  endfacet
  facet normal 0 0 1
    outer loop
      vertex -1.63184 44.2901 -25
      vertex 30.3343 34.3448 -25
      vertex 31 34.3884 -25
    endloop
  endfacet
  facet normal 0 0 1
    outer loop
      vertex 30.3343 34.3448 -25
      vertex -1.63184 44.2901 -25
      vertex 20.75 34.0024 -25
    endloop
  endfacet
  facet normal 0 0 1
    outer loop
      vertex 31.6657 34.3448 -25
      vertex -1.63184 44.2901 -25
      vertex 31 34.3884 -25
    endloop
  endfacet
  facet normal 0 0 1
    outer loop
      vertex 20.75 34.0024 -25
      vertex -1.63184 44.2901 -25
      vertex 14.75 34.0024 -25
    endloop
  endfacet
  facet normal 0 0 1
    outer loop
      vertex -14 32.2957 -25
      vertex 14.75 34.0024 -25
      vertex -1.63184 44.2901 -25
    endloop
  endfacet
  facet normal 0 0 1
    outer loop
      vertex -14 32.2957 -25
      vertex -1.63184 44.2901 -25
      vertex -3.56631 44.1931 -25
    endloop
  endfacet
  facet normal 0 0 1
    outer loop
      vertex -14 32.2957 -25
      vertex -3.56631 44.1931 -25
      vertex -5.10583 43.8868 -25
    endloop
  endfacet
  facet normal 0 0 1
    outer loop
      vertex -14 32.2957 -25
      vertex -5.10583 43.8868 -25
      vertex -6.59219 43.3823 -25
    endloop
  endfacet
  facet normal 0 0 1
    outer loop
      vertex -14 32.2957 -25
      vertex -6.59219 43.3823 -25
      vertex -8 42.688 -25
    endloop
  endfacet
  facet normal 0 0 1
    outer loop
      vertex -14 32.2957 -25
      vertex -8 42.688 -25
      vertex -9.30513 41.816 -25
    endloop
  endfacet
  facet normal 0 0 1
    outer loop
      vertex -14 32.2957 -25
      vertex -9.30513 41.816 -25
      vertex -10.4853 40.781 -25
    endloop
  endfacet
  facet normal 0 0 1
    outer loop
      vertex -14 32.2957 -25
      vertex -10.4853 40.781 -25
      vertex -11.5202 39.6009 -25
    endloop
  endfacet
  facet normal 0 0 1
    outer loop
      vertex -14 32.2957 -25
      vertex -11.5202 39.6009 -25
      vertex -12.3923 38.2957 -25
    endloop
  endfacet
  facet normal 0 0 1
    outer loop
      vertex -14 32.2957 -25
      vertex -12.3923 38.2957 -25
      vertex -13.0865 36.8879 -25
    endloop
  endfacet
  facet normal 0 0 1
    outer loop
      vertex -14 32.2957 -25
      vertex -13.0865 36.8879 -25
      vertex -13.5911 35.4016 -25
    endloop
  endfacet
  facet normal 0 0 1
    outer loop
      vertex -14 32.2957 -25
      vertex -13.5911 35.4016 -25
      vertex -13.8973 33.862 -25
    endloop
  endfacet
  facet normal 0 0 1
    outer loop
      vertex 14.75 34.0024 -25
      vertex -14 32.2957 -25
      vertex 14.75 20 -25
    endloop
  endfacet
  facet normal 0 0 1
    outer loop
      vertex 14.75 20 -25
      vertex -14 32.2957 -25
      vertex -14 20 -25
    endloop
  endfacet
  facet normal 0 0 1
    outer loop
      vertex 179.75 20 -25
      vertex 201 26.433 -25
      vertex 200.94 27.6335 -25
    endloop
  endfacet
  facet normal 0 0 1
    outer loop
      vertex 179.75 20 -25
      vertex 200.94 27.6335 -25
      vertex 200.681 29.1817 -25
    endloop
  endfacet
  facet normal 0 0 1
    outer loop
      vertex 179.75 20 -25
      vertex 200.681 29.1817 -25
      vertex 200.222 30.6828 -25
    endloop
  endfacet
  facet normal 0 0 1
    outer loop
      vertex 179.75 20 -25
      vertex 200.222 30.6828 -25
      vertex 199.572 32.1113 -25
    endloop
  endfacet
  facet normal 0 0 1
    outer loop
      vertex 179.75 20 -25
      vertex 199.572 32.1113 -25
      vertex 198.74 33.4426 -25
    endloop
  endfacet
  facet normal 0 0 1
    outer loop
      vertex 179.75 20 -25
      vertex 198.74 33.4426 -25
      vertex 197.742 34.6539 -25
    endloop
  endfacet
  facet normal 0 0 1
    outer loop
      vertex 179.75 20 -25
      vertex 197.742 34.6539 -25
      vertex 196.594 35.7246 -25
    endloop
  endfacet
  facet normal 0 0 1
    outer loop
      vertex 179.75 20 -25
      vertex 196.594 35.7246 -25
      vertex 195.316 36.6363 -25
    endloop
  endfacet
  facet normal 0 0 1
    outer loop
      vertex 179.75 20 -25
      vertex 195.316 36.6363 -25
      vertex 193.93 37.3734 -25
    endloop
  endfacet
  facet normal 0 0 1
    outer loop
      vertex 179.75 20 -25
      vertex 193.93 37.3734 -25
      vertex 192.46 37.9233 -25
    endloop
  endfacet
  facet normal 0 0 1
    outer loop
      vertex 179.75 20 -25
      vertex 192.46 37.9233 -25
      vertex 190.931 38.2766 -25
    endloop
  endfacet
  facet normal 0 0 1
    outer loop
      vertex 179.75 20 -25
      vertex 190.931 38.2766 -25
      vertex 189.368 38.4273 -25
    endloop
  endfacet
  facet normal 0 0 1
    outer loop
      vertex 179.75 20 -25
      vertex 189.368 38.4273 -25
      vertex 179.75 34.0024 -25
    endloop
  endfacet
  facet normal 0 0 1
    outer loop
      vertex 201 26.433 -25
      vertex 179.75 20 -25
      vertex 201 20 -25
    endloop
  endfacet
  facet normal 0 0 1
    outer loop
      vertex 173.75 20 -25
      vertex 164.077 30.1994 -25
      vertex 164.077 20 -25
    endloop
  endfacet
  facet normal 0 0 1
    outer loop
      vertex 157.149 30.412 -25
      vertex 153.25 20 -25
      vertex 157.149 20 -25
    endloop
  endfacet
  facet normal -0 0 1
    outer loop
      vertex 142.1 24.0348 -25
      vertex 147.25 20 -25
      vertex 142.1 26.0348 -25
    endloop
  endfacet
  facet normal -0 0 1
    outer loop
      vertex 142.056 23.3691 -25
      vertex 147.25 20 -25
      vertex 142.1 24.0348 -25
    endloop
  endfacet
  facet normal -0 0 1
    outer loop
      vertex 141.926 22.7148 -25
      vertex 147.25 20 -25
      vertex 142.056 23.3691 -25
    endloop
  endfacet
  facet normal -0 0 1
    outer loop
      vertex 141.712 22.0831 -25
      vertex 147.25 20 -25
      vertex 141.926 22.7148 -25
    endloop
  endfacet
  facet normal -0 0 1
    outer loop
      vertex 141.417 21.4848 -25
      vertex 147.25 20 -25
      vertex 141.712 22.0831 -25
    endloop
  endfacet
  facet normal -0 0 1
    outer loop
      vertex 141.046 20.9301 -25
      vertex 147.25 20 -25
      vertex 141.417 21.4848 -25
    endloop
  endfacet
  facet normal -0 0 1
    outer loop
      vertex 140.606 20.4285 -25
      vertex 147.25 20 -25
      vertex 141.046 20.9301 -25
    endloop
  endfacet
  facet normal 0 0 1
    outer loop
      vertex 147.25 20 -25
      vertex 140.606 20.4285 -25
      vertex 140.118 20 -25
    endloop
  endfacet
  facet normal 0 0 1
    outer loop
      vertex 131.9 26.0348 -25
      vertex 126.75 20 -25
      vertex 131.9 24.0348 -25
    endloop
  endfacet
  facet normal 0 0 1
    outer loop
      vertex 131.9 24.0348 -25
      vertex 126.75 20 -25
      vertex 131.944 23.3691 -25
    endloop
  endfacet
  facet normal 0 0 1
    outer loop
      vertex 131.944 23.3691 -25
      vertex 126.75 20 -25
      vertex 132.074 22.7148 -25
    endloop
  endfacet
  facet normal 0 0 1
    outer loop
      vertex 133.394 20.4285 -25
      vertex 126.75 20 -25
      vertex 133.882 20 -25
    endloop
  endfacet
  facet normal 0 0 1
    outer loop
      vertex 132.954 20.9301 -25
      vertex 126.75 20 -25
      vertex 133.394 20.4285 -25
    endloop
  endfacet
  facet normal 0 0 1
    outer loop
      vertex 132.583 21.4848 -25
      vertex 126.75 20 -25
      vertex 132.954 20.9301 -25
    endloop
  endfacet
  facet normal 0 0 1
    outer loop
      vertex 132.288 22.0831 -25
      vertex 126.75 20 -25
      vertex 132.583 21.4848 -25
    endloop
  endfacet
  facet normal 0 0 1
    outer loop
      vertex 132.074 22.7148 -25
      vertex 126.75 20 -25
      vertex 132.288 22.0831 -25
    endloop
  endfacet
  facet normal 0 0 1
    outer loop
      vertex 120.75 20 -25
      vertex 111.077 31.8262 -25
      vertex 111.077 20 -25
    endloop
  endfacet
  facet normal 0 0 1
    outer loop
      vertex 104.149 32.0389 -25
      vertex 100.25 20 -25
      vertex 104.149 20 -25
    endloop
  endfacet
  facet normal 0 0 1
    outer loop
      vertex 94.25 20 -25
      vertex 84.5774 32.6396 -25
      vertex 84.5774 20 -25
    endloop
  endfacet
  facet normal 0 0 1
    outer loop
      vertex 77.6491 32.8523 -25
      vertex 73.75 20 -25
      vertex 77.6491 20 -25
    endloop
  endfacet
  facet normal 0 0 1
    outer loop
      vertex 67.75 20 -25
      vertex 58.0774 33.4531 -25
      vertex 58.0774 20 -25
    endloop
  endfacet
  facet normal 0 0 1
    outer loop
      vertex 51.1491 33.6657 -25
      vertex 47.25 20 -25
      vertex 51.1491 20 -25
    endloop
  endfacet
  facet normal 0 0 1
    outer loop
      vertex 41.25 34.0024 -25
      vertex 36.1 27.2884 -25
      vertex 41.25 20 -25
    endloop
  endfacet
  facet normal -0 0 1
    outer loop
      vertex 36.0564 26.6228 -25
      vertex 41.25 20 -25
      vertex 36.1 27.2884 -25
    endloop
  endfacet
  facet normal -0 0 1
    outer loop
      vertex 35.9262 25.9685 -25
      vertex 41.25 20 -25
      vertex 36.0564 26.6228 -25
    endloop
  endfacet
  facet normal -0 0 1
    outer loop
      vertex 35.7118 25.3368 -25
      vertex 41.25 20 -25
      vertex 35.9262 25.9685 -25
    endloop
  endfacet
  facet normal -0 0 1
    outer loop
      vertex 35.4167 24.7384 -25
      vertex 41.25 20 -25
      vertex 35.7118 25.3368 -25
    endloop
  endfacet
  facet normal -0 0 1
    outer loop
      vertex 35.0461 24.1838 -25
      vertex 41.25 20 -25
      vertex 35.4167 24.7384 -25
    endloop
  endfacet
  facet normal -0 0 1
    outer loop
      vertex 34.6062 23.6822 -25
      vertex 41.25 20 -25
      vertex 35.0461 24.1838 -25
    endloop
  endfacet
  facet normal -0 0 1
    outer loop
      vertex 34.1047 23.2423 -25
      vertex 41.25 20 -25
      vertex 34.6062 23.6822 -25
    endloop
  endfacet
  facet normal -0 0 1
    outer loop
      vertex 33.55 22.8717 -25
      vertex 41.25 20 -25
      vertex 34.1047 23.2423 -25
    endloop
  endfacet
  facet normal -0 0 1
    outer loop
      vertex 32.9517 22.5767 -25
      vertex 41.25 20 -25
      vertex 33.55 22.8717 -25
    endloop
  endfacet
  facet normal -0 0 1
    outer loop
      vertex 32.32 22.3622 -25
      vertex 41.25 20 -25
      vertex 32.9517 22.5767 -25
    endloop
  endfacet
  facet normal -0 0 1
    outer loop
      vertex 31.6657 22.2321 -25
      vertex 41.25 20 -25
      vertex 32.32 22.3622 -25
    endloop
  endfacet
  facet normal -0 0 1
    outer loop
      vertex 31 22.1884 -25
      vertex 41.25 20 -25
      vertex 31.6657 22.2321 -25
    endloop
  endfacet
  facet normal 0 0 1
    outer loop
      vertex 20.75 20 -25
      vertex 31 22.1884 -25
      vertex 30.3343 22.2321 -25
    endloop
  endfacet
  facet normal 0 0 1
    outer loop
      vertex 20.75 20 -25
      vertex 30.3343 22.2321 -25
      vertex 29.68 22.3622 -25
    endloop
  endfacet
  facet normal 0 0 1
    outer loop
      vertex 20.75 20 -25
      vertex 25.9 27.2884 -25
      vertex 20.75 34.0024 -25
    endloop
  endfacet
  facet normal 0 0 1
    outer loop
      vertex 25.9 27.2884 -25
      vertex 20.75 20 -25
      vertex 25.9436 26.6228 -25
    endloop
  endfacet
  facet normal 0 0 1
    outer loop
      vertex 25.9436 26.6228 -25
      vertex 20.75 20 -25
      vertex 26.0738 25.9685 -25
    endloop
  endfacet
  facet normal 0 0 1
    outer loop
      vertex 26.0738 25.9685 -25
      vertex 20.75 20 -25
      vertex 26.2882 25.3368 -25
    endloop
  endfacet
  facet normal 0 0 1
    outer loop
      vertex 31 22.1884 -25
      vertex 20.75 20 -25
      vertex 41.25 20 -25
    endloop
  endfacet
  facet normal 0 0 1
    outer loop
      vertex 29.0483 22.5767 -25
      vertex 20.75 20 -25
      vertex 29.68 22.3622 -25
    endloop
  endfacet
  facet normal 0 0 1
    outer loop
      vertex 28.45 22.8717 -25
      vertex 20.75 20 -25
      vertex 29.0483 22.5767 -25
    endloop
  endfacet
  facet normal 0 0 1
    outer loop
      vertex 27.8953 23.2423 -25
      vertex 20.75 20 -25
      vertex 28.45 22.8717 -25
    endloop
  endfacet
  facet normal 0 0 1
    outer loop
      vertex 27.3938 23.6822 -25
      vertex 20.75 20 -25
      vertex 27.8953 23.2423 -25
    endloop
  endfacet
  facet normal 0 0 1
    outer loop
      vertex 26.9539 24.1838 -25
      vertex 20.75 20 -25
      vertex 27.3938 23.6822 -25
    endloop
  endfacet
  facet normal 0 0 1
    outer loop
      vertex 26.5833 24.7384 -25
      vertex 20.75 20 -25
      vertex 26.9539 24.1838 -25
    endloop
  endfacet
  facet normal 0 0 1
    outer loop
      vertex 26.2882 25.3368 -25
      vertex 20.75 20 -25
      vertex 26.5833 24.7384 -25
    endloop
  endfacet
  facet normal 0 0 -1
    outer loop
      vertex 139.55 19.618 -25
      vertex 140.118 20 -25
      vertex 140.105 19.9887 -25
    endloop
  endfacet
  facet normal 0 0 -1
    outer loop
      vertex 138.952 19.323 -25
      vertex 140.118 20 -25
      vertex 139.55 19.618 -25
    endloop
  endfacet
  facet normal 0 0 -1
    outer loop
      vertex 138.32 19.1085 -25
      vertex 140.118 20 -25
      vertex 138.952 19.323 -25
    endloop
  endfacet
  facet normal 0 0 -1
    outer loop
      vertex 137.666 18.9784 -25
      vertex 140.118 20 -25
      vertex 138.32 19.1085 -25
    endloop
  endfacet
  facet normal 0 0 -1
    outer loop
      vertex 137 18.9348 -25
      vertex 140.118 20 -25
      vertex 137.666 18.9784 -25
    endloop
  endfacet
  facet normal 0 0 -1
    outer loop
      vertex 136.334 18.9784 -25
      vertex 140.118 20 -25
      vertex 137 18.9348 -25
    endloop
  endfacet
  facet normal 0 0 -1
    outer loop
      vertex 135.68 19.1085 -25
      vertex 140.118 20 -25
      vertex 136.334 18.9784 -25
    endloop
  endfacet
  facet normal 0 0 -1
    outer loop
      vertex 135.048 19.323 -25
      vertex 140.118 20 -25
      vertex 135.68 19.1085 -25
    endloop
  endfacet
  facet normal 0 0 -1
    outer loop
      vertex 134.45 19.618 -25
      vertex 140.118 20 -25
      vertex 135.048 19.323 -25
    endloop
  endfacet
  facet normal 0 0 -1
    outer loop
      vertex 133.882 20 -25
      vertex 134.45 19.618 -25
      vertex 133.895 19.9887 -25
    endloop
  endfacet
  facet normal 0 0 -1
    outer loop
      vertex 134.45 19.618 -25
      vertex 133.882 20 -25
      vertex 140.118 20 -25
    endloop
  endfacet
  facet normal -1 0 0
    outer loop
      vertex -14 32.2957 -35
      vertex -14 20 -25
      vertex -14 32.2957 -25
    endloop
  endfacet
  facet normal -1 0 0
    outer loop
      vertex -14 32.2957 -35
      vertex -14 18.6947 -24.9144
      vertex -14 20 -25
    endloop
  endfacet
  facet normal -1 0 0
    outer loop
      vertex -14 0 -35
      vertex -14 18.6947 -24.9144
      vertex -14 32.2957 -35
    endloop
  endfacet
  facet normal -1 -0 0
    outer loop
      vertex -14 18.6947 -24.9144
      vertex -14 0 -35
      vertex -14 17.4118 -24.6593
    endloop
  endfacet
  facet normal -1 -0 0
    outer loop
      vertex -14 17.4118 -24.6593
      vertex -14 0 -35
      vertex -14 16.1732 -24.2388
    endloop
  endfacet
  facet normal -1 -0 0
    outer loop
      vertex -14 16.1732 -24.2388
      vertex -14 0 -35
      vertex -14 15 -23.6603
    endloop
  endfacet
  facet normal -1 0 0
    outer loop
      vertex -14 0 -35
      vertex -14 13.9124 -22.9335
      vertex -14 15 -23.6603
    endloop
  endfacet
  facet normal -1 0 0
    outer loop
      vertex -14 0 -35
      vertex -14 12.9289 -22.0711
      vertex -14 13.9124 -22.9335
    endloop
  endfacet
  facet normal -1 0 0
    outer loop
      vertex -14 0 -35
      vertex -14 12.0665 -21.0876
      vertex -14 12.9289 -22.0711
    endloop
  endfacet
  facet normal -1 0 0
    outer loop
      vertex -14 0 -35
      vertex -14 11.3397 -20
      vertex -14 12.0665 -21.0876
    endloop
  endfacet
  facet normal -1 0 0
    outer loop
      vertex -14 0 -35
      vertex -14 10.7612 -18.8268
      vertex -14 11.3397 -20
    endloop
  endfacet
  facet normal -1 0 0
    outer loop
      vertex -14 0 -35
      vertex -14 10.3407 -17.5882
      vertex -14 10.7612 -18.8268
    endloop
  endfacet
  facet normal -1 0 0
    outer loop
      vertex -14 0 -35
      vertex -14 10.0856 -16.3053
      vertex -14 10.3407 -17.5882
    endloop
  endfacet
  facet normal -1 0 0
    outer loop
      vertex -14 0 -35
      vertex -14 10 -15
      vertex -14 10.0856 -16.3053
    endloop
  endfacet
  facet normal -1 0 0
    outer loop
      vertex -14 0 7.02945
      vertex -14 10 -15
      vertex -14 0 -35
    endloop
  endfacet
  facet normal -1 0 0
    outer loop
      vertex -14 10 -15
      vertex -14 0 7.02945
      vertex -14 10 7.02945
    endloop
  endfacet
  facet normal 1 0 0
    outer loop
      vertex 201 10 7.02945
      vertex 201 0 7.02945
      vertex 201 10 -15
    endloop
  endfacet
  facet normal 1 -0 0
    outer loop
      vertex 201 20 -25
      vertex 201 26.433 -35
      vertex 201 26.433 -25
    endloop
  endfacet
  facet normal 1 0 0
    outer loop
      vertex 201 18.6947 -24.9144
      vertex 201 26.433 -35
      vertex 201 20 -25
    endloop
  endfacet
  facet normal 1 0 0
    outer loop
      vertex 201 17.4118 -24.6593
      vertex 201 26.433 -35
      vertex 201 18.6947 -24.9144
    endloop
  endfacet
  facet normal 1 0 0
    outer loop
      vertex 201 0 -35
      vertex 201 17.4118 -24.6593
      vertex 201 16.1732 -24.2388
    endloop
  endfacet
  facet normal 1 0 0
    outer loop
      vertex 201 0 -35
      vertex 201 16.1732 -24.2388
      vertex 201 15 -23.6603
    endloop
  endfacet
  facet normal 1 0 0
    outer loop
      vertex 201 0 -35
      vertex 201 15 -23.6603
      vertex 201 13.9124 -22.9335
    endloop
  endfacet
  facet normal 1 0 0
    outer loop
      vertex 201 0 -35
      vertex 201 13.9124 -22.9335
      vertex 201 12.9289 -22.0711
    endloop
  endfacet
  facet normal 1 0 0
    outer loop
      vertex 201 0 -35
      vertex 201 10 -15
      vertex 201 0 7.02945
    endloop
  endfacet
  facet normal 1 0 0
    outer loop
      vertex 201 10 -15
      vertex 201 0 -35
      vertex 201 10.0856 -16.3053
    endloop
  endfacet
  facet normal 1 0 0
    outer loop
      vertex 201 10.0856 -16.3053
      vertex 201 0 -35
      vertex 201 10.3407 -17.5882
    endloop
  endfacet
  facet normal 1 0 0
    outer loop
      vertex 201 17.4118 -24.6593
      vertex 201 0 -35
      vertex 201 26.433 -35
    endloop
  endfacet
  facet normal 1 0 0
    outer loop
      vertex 201 12.0665 -21.0876
      vertex 201 0 -35
      vertex 201 12.9289 -22.0711
    endloop
  endfacet
  facet normal 1 0 0
    outer loop
      vertex 201 11.3397 -20
      vertex 201 0 -35
      vertex 201 12.0665 -21.0876
    endloop
  endfacet
  facet normal 1 0 0
    outer loop
      vertex 201 10.7612 -18.8268
      vertex 201 0 -35
      vertex 201 11.3397 -20
    endloop
  endfacet
  facet normal 1 0 0
    outer loop
      vertex 201 10.3407 -17.5882
      vertex 201 0 -35
      vertex 201 10.7612 -18.8268
    endloop
  endfacet
  facet normal 0 1 0
    outer loop
      vertex 188.029 10 20
      vertex 187.535 10 4.06492
      vertex 187 10 4.1
    endloop
  endfacet
  facet normal 0 1 0
    outer loop
      vertex 200.897 10 8.59576
      vertex 188.061 10 3.9603
      vertex 187.535 10 4.06492
    endloop
  endfacet
  facet normal 0 1 0
    outer loop
      vertex 200.897 10 8.59576
      vertex 188.569 10 3.78791
      vertex 188.061 10 3.9603
    endloop
  endfacet
  facet normal 0 1 0
    outer loop
      vertex 200.897 10 8.59576
      vertex 189.05 10 3.5507
      vertex 188.569 10 3.78791
    endloop
  endfacet
  facet normal 0 1 0
    outer loop
      vertex 200.897 10 8.59576
      vertex 189.496 10 3.25275
      vertex 189.05 10 3.5507
    endloop
  endfacet
  facet normal 0 1 0
    outer loop
      vertex 200.897 10 8.59576
      vertex 189.899 10 2.89914
      vertex 189.496 10 3.25275
    endloop
  endfacet
  facet normal 0 1 0
    outer loop
      vertex 201 10 7.02945
      vertex 190.253 10 2.49592
      vertex 189.899 10 2.89914
    endloop
  endfacet
  facet normal 0 1 0
    outer loop
      vertex 201 10 7.02945
      vertex 190.551 10 2.05
      vertex 190.253 10 2.49592
    endloop
  endfacet
  facet normal 0 1 0
    outer loop
      vertex 201 10 7.02945
      vertex 190.788 10 1.569
      vertex 190.551 10 2.05
    endloop
  endfacet
  facet normal 0 1 0
    outer loop
      vertex 201 10 7.02945
      vertex 190.96 10 1.06116
      vertex 190.788 10 1.569
    endloop
  endfacet
  facet normal 0 1 0
    outer loop
      vertex 201 10 7.02945
      vertex 191.065 10 0.535157
      vertex 190.96 10 1.06116
    endloop
  endfacet
  facet normal 0 1 0
    outer loop
      vertex 201 10 7.02945
      vertex 191.1 10 0
      vertex 191.065 10 0.535157
    endloop
  endfacet
  facet normal 0 1 0
    outer loop
      vertex 201 10 7.02945
      vertex 191.065 10 -0.535157
      vertex 191.1 10 0
    endloop
  endfacet
  facet normal 0 1 0
    outer loop
      vertex 201 10 7.02945
      vertex 190.96 10 -1.06116
      vertex 191.065 10 -0.535157
    endloop
  endfacet
  facet normal 0 1 -0
    outer loop
      vertex 201 10 -15
      vertex 190.96 10 -1.06116
      vertex 201 10 7.02945
    endloop
  endfacet
  facet normal 0 1 0
    outer loop
      vertex 190.96 10 -1.06116
      vertex 201 10 -15
      vertex 190.788 10 -1.569
    endloop
  endfacet
  facet normal 0 1 0
    outer loop
      vertex 190.788 10 -1.569
      vertex 201 10 -15
      vertex 190.551 10 -2.05
    endloop
  endfacet
  facet normal 0 1 0
    outer loop
      vertex 190.551 10 -2.05
      vertex 201 10 -15
      vertex 190.253 10 -2.49592
    endloop
  endfacet
  facet normal 0 1 0
    outer loop
      vertex 188.061 10 -3.9603
      vertex 179.75 10 -15
      vertex 187.535 10 -4.06492
    endloop
  endfacet
  facet normal 0 1 0
    outer loop
      vertex 179.75 10 -15
      vertex 188.061 10 -3.9603
      vertex 201 10 -15
    endloop
  endfacet
  facet normal 0 1 0
    outer loop
      vertex 188.569 10 -3.78791
      vertex 201 10 -15
      vertex 188.061 10 -3.9603
    endloop
  endfacet
  facet normal 0 1 0
    outer loop
      vertex 189.05 10 -3.5507
      vertex 201 10 -15
      vertex 188.569 10 -3.78791
    endloop
  endfacet
  facet normal 0 1 0
    outer loop
      vertex 189.496 10 -3.25275
      vertex 201 10 -15
      vertex 189.05 10 -3.5507
    endloop
  endfacet
  facet normal 0 1 0
    outer loop
      vertex 189.899 10 -2.89914
      vertex 201 10 -15
      vertex 189.496 10 -3.25275
    endloop
  endfacet
  facet normal 0 1 0
    outer loop
      vertex 190.253 10 -2.49592
      vertex 201 10 -15
      vertex 189.899 10 -2.89914
    endloop
  endfacet
  facet normal 0 1 0
    outer loop
      vertex 41.25 10 11
      vertex 34 10 6
      vertex 20.75 10 11
    endloop
  endfacet
  facet normal 0 1 0
    outer loop
      vertex 41.25 10 11
      vertex 34.6526 10 5.95723
      vertex 34 10 6
    endloop
  endfacet
  facet normal 0 1 0
    outer loop
      vertex 41.25 10 11
      vertex 35.2941 10 5.82964
      vertex 34.6526 10 5.95723
    endloop
  endfacet
  facet normal 0 1 0
    outer loop
      vertex 41.25 10 11
      vertex 35.9134 10 5.6194
      vertex 35.2941 10 5.82964
    endloop
  endfacet
  facet normal 0 1 0
    outer loop
      vertex 41.25 10 11
      vertex 36.5 10 5.33012
      vertex 35.9134 10 5.6194
    endloop
  endfacet
  facet normal 0 1 0
    outer loop
      vertex 41.25 10 11
      vertex 37.0438 10 4.96677
      vertex 36.5 10 5.33012
    endloop
  endfacet
  facet normal 0 1 0
    outer loop
      vertex 41.25 10 11
      vertex 37.5355 10 4.53554
      vertex 37.0438 10 4.96677
    endloop
  endfacet
  facet normal 0 1 0
    outer loop
      vertex 41.25 10 11
      vertex 37.9668 10 4.04381
      vertex 37.5355 10 4.53554
    endloop
  endfacet
  facet normal 0 1 0
    outer loop
      vertex 41.25 10 11
      vertex 38.3301 10 3.5
      vertex 37.9668 10 4.04381
    endloop
  endfacet
  facet normal 0 1 0
    outer loop
      vertex 41.25 10 11
      vertex 38.6194 10 2.91342
      vertex 38.3301 10 3.5
    endloop
  endfacet
  facet normal 0 1 0
    outer loop
      vertex 41.25 10 11
      vertex 38.8296 10 2.2941
      vertex 38.6194 10 2.91342
    endloop
  endfacet
  facet normal 0 1 0
    outer loop
      vertex 41.25 10 11
      vertex 38.9572 10 1.65263
      vertex 38.8296 10 2.2941
    endloop
  endfacet
  facet normal 0 1 0
    outer loop
      vertex 41.25 10 11
      vertex 39 10 1
      vertex 38.9572 10 1.65263
    endloop
  endfacet
  facet normal 0 1 -0
    outer loop
      vertex 41.25 10 -15
      vertex 39 10 1
      vertex 41.25 10 11
    endloop
  endfacet
  facet normal 0 1 0
    outer loop
      vertex 39 10 1
      vertex 41.25 10 -15
      vertex 39 10 -13
    endloop
  endfacet
  facet normal 0 1 0
    outer loop
      vertex 39 10 -13
      vertex 41.25 10 -15
      vertex 38.9572 10 -13.6526
    endloop
  endfacet
  facet normal 0 1 0
    outer loop
      vertex 41.25 10 -15
      vertex 38.8296 10 -14.2941
      vertex 38.9572 10 -13.6526
    endloop
  endfacet
  facet normal 0 1 0
    outer loop
      vertex 41.25 10 -15
      vertex 38.6194 10 -14.9134
      vertex 38.8296 10 -14.2941
    endloop
  endfacet
  facet normal 0 1 0
    outer loop
      vertex 38.6194 10 -14.9134
      vertex 41.25 10 -15
      vertex 38.5767 10 -15
    endloop
  endfacet
  facet normal 0 1 0
    outer loop
      vertex 67.75 10 11
      vertex 60.5 10 6
      vertex 47.25 10 11
    endloop
  endfacet
  facet normal 0 1 0
    outer loop
      vertex 67.75 10 11
      vertex 61.1526 10 5.95723
      vertex 60.5 10 6
    endloop
  endfacet
  facet normal 0 1 0
    outer loop
      vertex 67.75 10 11
      vertex 61.7941 10 5.82964
      vertex 61.1526 10 5.95723
    endloop
  endfacet
  facet normal 0 1 0
    outer loop
      vertex 67.75 10 11
      vertex 62.4134 10 5.6194
      vertex 61.7941 10 5.82964
    endloop
  endfacet
  facet normal 0 1 0
    outer loop
      vertex 67.75 10 11
      vertex 63 10 5.33012
      vertex 62.4134 10 5.6194
    endloop
  endfacet
  facet normal 0 1 0
    outer loop
      vertex 67.75 10 11
      vertex 63.5438 10 4.96677
      vertex 63 10 5.33012
    endloop
  endfacet
  facet normal 0 1 0
    outer loop
      vertex 67.75 10 11
      vertex 64.0355 10 4.53554
      vertex 63.5438 10 4.96677
    endloop
  endfacet
  facet normal 0 1 0
    outer loop
      vertex 67.75 10 11
      vertex 64.4668 10 4.04381
      vertex 64.0355 10 4.53554
    endloop
  endfacet
  facet normal 0 1 0
    outer loop
      vertex 67.75 10 11
      vertex 64.8301 10 3.5
      vertex 64.4668 10 4.04381
    endloop
  endfacet
  facet normal 0 1 0
    outer loop
      vertex 67.75 10 11
      vertex 65.1194 10 2.91342
      vertex 64.8301 10 3.5
    endloop
  endfacet
  facet normal 0 1 0
    outer loop
      vertex 67.75 10 11
      vertex 65.3296 10 2.2941
      vertex 65.1194 10 2.91342
    endloop
  endfacet
  facet normal 0 1 0
    outer loop
      vertex 67.75 10 11
      vertex 65.4572 10 1.65263
      vertex 65.3296 10 2.2941
    endloop
  endfacet
  facet normal 0 1 0
    outer loop
      vertex 67.75 10 11
      vertex 65.5 10 1
      vertex 65.4572 10 1.65263
    endloop
  endfacet
  facet normal 0 1 -0
    outer loop
      vertex 67.75 10 -15
      vertex 65.5 10 1
      vertex 67.75 10 11
    endloop
  endfacet
  facet normal 0 1 0
    outer loop
      vertex 65.5 10 1
      vertex 67.75 10 -15
      vertex 65.5 10 -13
    endloop
  endfacet
  facet normal 0 1 0
    outer loop
      vertex 65.5 10 -13
      vertex 67.75 10 -15
      vertex 65.4572 10 -13.6526
    endloop
  endfacet
  facet normal 0 1 0
    outer loop
      vertex 67.75 10 -15
      vertex 65.3296 10 -14.2941
      vertex 65.4572 10 -13.6526
    endloop
  endfacet
  facet normal 0 1 0
    outer loop
      vertex 67.75 10 -15
      vertex 65.1194 10 -14.9134
      vertex 65.3296 10 -14.2941
    endloop
  endfacet
  facet normal 0 1 0
    outer loop
      vertex 65.1194 10 -14.9134
      vertex 67.75 10 -15
      vertex 65.0767 10 -15
    endloop
  endfacet
  facet normal 0 1 0
    outer loop
      vertex 94.25 10 11
      vertex 87 10 6
      vertex 73.75 10 11
    endloop
  endfacet
  facet normal 0 1 0
    outer loop
      vertex 94.25 10 11
      vertex 87.6526 10 5.95723
      vertex 87 10 6
    endloop
  endfacet
  facet normal 0 1 0
    outer loop
      vertex 94.25 10 11
      vertex 88.2941 10 5.82964
      vertex 87.6526 10 5.95723
    endloop
  endfacet
  facet normal 0 1 0
    outer loop
      vertex 94.25 10 11
      vertex 88.9134 10 5.6194
      vertex 88.2941 10 5.82964
    endloop
  endfacet
  facet normal 0 1 0
    outer loop
      vertex 94.25 10 11
      vertex 89.5 10 5.33012
      vertex 88.9134 10 5.6194
    endloop
  endfacet
  facet normal 0 1 0
    outer loop
      vertex 94.25 10 11
      vertex 90.0438 10 4.96677
      vertex 89.5 10 5.33012
    endloop
  endfacet
  facet normal 0 1 0
    outer loop
      vertex 94.25 10 11
      vertex 90.5355 10 4.53554
      vertex 90.0438 10 4.96677
    endloop
  endfacet
  facet normal 0 1 0
    outer loop
      vertex 94.25 10 11
      vertex 90.9668 10 4.04381
      vertex 90.5355 10 4.53554
    endloop
  endfacet
  facet normal 0 1 0
    outer loop
      vertex 94.25 10 11
      vertex 91.3301 10 3.5
      vertex 90.9668 10 4.04381
    endloop
  endfacet
  facet normal 0 1 0
    outer loop
      vertex 94.25 10 11
      vertex 91.6194 10 2.91342
      vertex 91.3301 10 3.5
    endloop
  endfacet
  facet normal 0 1 0
    outer loop
      vertex 94.25 10 11
      vertex 91.8296 10 2.2941
      vertex 91.6194 10 2.91342
    endloop
  endfacet
  facet normal 0 1 0
    outer loop
      vertex 94.25 10 11
      vertex 91.9572 10 1.65263
      vertex 91.8296 10 2.2941
    endloop
  endfacet
  facet normal 0 1 0
    outer loop
      vertex 94.25 10 11
      vertex 92 10 1
      vertex 91.9572 10 1.65263
    endloop
  endfacet
  facet normal 0 1 -0
    outer loop
      vertex 94.25 10 -15
      vertex 92 10 1
      vertex 94.25 10 11
    endloop
  endfacet
  facet normal 0 1 0
    outer loop
      vertex 92 10 1
      vertex 94.25 10 -15
      vertex 92 10 -13
    endloop
  endfacet
  facet normal 0 1 0
    outer loop
      vertex 92 10 -13
      vertex 94.25 10 -15
      vertex 91.9572 10 -13.6526
    endloop
  endfacet
  facet normal 0 1 0
    outer loop
      vertex 94.25 10 -15
      vertex 91.8296 10 -14.2941
      vertex 91.9572 10 -13.6526
    endloop
  endfacet
  facet normal 0 1 0
    outer loop
      vertex 94.25 10 -15
      vertex 91.6194 10 -14.9134
      vertex 91.8296 10 -14.2941
    endloop
  endfacet
  facet normal 0 1 0
    outer loop
      vertex 91.6194 10 -14.9134
      vertex 94.25 10 -15
      vertex 91.5767 10 -15
    endloop
  endfacet
  facet normal 0 1 0
    outer loop
      vertex 120.75 10 11
      vertex 113.5 10 6
      vertex 100.25 10 11
    endloop
  endfacet
  facet normal 0 1 0
    outer loop
      vertex 120.75 10 11
      vertex 114.153 10 5.95723
      vertex 113.5 10 6
    endloop
  endfacet
  facet normal 0 1 0
    outer loop
      vertex 120.75 10 11
      vertex 114.794 10 5.82964
      vertex 114.153 10 5.95723
    endloop
  endfacet
  facet normal 0 1 0
    outer loop
      vertex 120.75 10 11
      vertex 115.413 10 5.6194
      vertex 114.794 10 5.82964
    endloop
  endfacet
  facet normal 0 1 0
    outer loop
      vertex 120.75 10 11
      vertex 116 10 5.33012
      vertex 115.413 10 5.6194
    endloop
  endfacet
  facet normal 0 1 0
    outer loop
      vertex 120.75 10 11
      vertex 116.544 10 4.96677
      vertex 116 10 5.33012
    endloop
  endfacet
  facet normal 0 1 0
    outer loop
      vertex 120.75 10 11
      vertex 117.036 10 4.53554
      vertex 116.544 10 4.96677
    endloop
  endfacet
  facet normal 0 1 0
    outer loop
      vertex 120.75 10 11
      vertex 117.467 10 4.04381
      vertex 117.036 10 4.53554
    endloop
  endfacet
  facet normal 0 1 0
    outer loop
      vertex 120.75 10 11
      vertex 117.83 10 3.5
      vertex 117.467 10 4.04381
    endloop
  endfacet
  facet normal 0 1 0
    outer loop
      vertex 120.75 10 11
      vertex 118.119 10 2.91342
      vertex 117.83 10 3.5
    endloop
  endfacet
  facet normal 0 1 0
    outer loop
      vertex 120.75 10 11
      vertex 118.33 10 2.2941
      vertex 118.119 10 2.91342
    endloop
  endfacet
  facet normal 0 1 0
    outer loop
      vertex 120.75 10 11
      vertex 118.457 10 1.65263
      vertex 118.33 10 2.2941
    endloop
  endfacet
  facet normal 0 1 0
    outer loop
      vertex 120.75 10 11
      vertex 118.5 10 1
      vertex 118.457 10 1.65263
    endloop
  endfacet
  facet normal 0 1 -0
    outer loop
      vertex 120.75 10 -15
      vertex 118.5 10 1
      vertex 120.75 10 11
    endloop
  endfacet
  facet normal 0 1 0
    outer loop
      vertex 118.5 10 1
      vertex 120.75 10 -15
      vertex 118.5 10 -13
    endloop
  endfacet
  facet normal 0 1 0
    outer loop
      vertex 118.5 10 -13
      vertex 120.75 10 -15
      vertex 118.457 10 -13.6526
    endloop
  endfacet
  facet normal 0 1 0
    outer loop
      vertex 120.75 10 -15
      vertex 118.33 10 -14.2941
      vertex 118.457 10 -13.6526
    endloop
  endfacet
  facet normal 0 1 0
    outer loop
      vertex 120.75 10 -15
      vertex 118.119 10 -14.9134
      vertex 118.33 10 -14.2941
    endloop
  endfacet
  facet normal 0 1 0
    outer loop
      vertex 118.119 10 -14.9134
      vertex 120.75 10 -15
      vertex 118.077 10 -15
    endloop
  endfacet
  facet normal 0 1 0
    outer loop
      vertex 147.25 10 11
      vertex 140 10 6
      vertex 126.75 10 11
    endloop
  endfacet
  facet normal 0 1 0
    outer loop
      vertex 147.25 10 11
      vertex 140.653 10 5.95723
      vertex 140 10 6
    endloop
  endfacet
  facet normal 0 1 0
    outer loop
      vertex 147.25 10 11
      vertex 141.294 10 5.82964
      vertex 140.653 10 5.95723
    endloop
  endfacet
  facet normal 0 1 0
    outer loop
      vertex 147.25 10 11
      vertex 141.913 10 5.6194
      vertex 141.294 10 5.82964
    endloop
  endfacet
  facet normal 0 1 0
    outer loop
      vertex 147.25 10 11
      vertex 142.5 10 5.33012
      vertex 141.913 10 5.6194
    endloop
  endfacet
  facet normal 0 1 0
    outer loop
      vertex 147.25 10 11
      vertex 143.044 10 4.96677
      vertex 142.5 10 5.33012
    endloop
  endfacet
  facet normal 0 1 0
    outer loop
      vertex 147.25 10 11
      vertex 143.536 10 4.53554
      vertex 143.044 10 4.96677
    endloop
  endfacet
  facet normal 0 1 0
    outer loop
      vertex 147.25 10 11
      vertex 143.967 10 4.04381
      vertex 143.536 10 4.53554
    endloop
  endfacet
  facet normal 0 1 0
    outer loop
      vertex 147.25 10 11
      vertex 144.33 10 3.5
      vertex 143.967 10 4.04381
    endloop
  endfacet
  facet normal 0 1 0
    outer loop
      vertex 147.25 10 11
      vertex 144.619 10 2.91342
      vertex 144.33 10 3.5
    endloop
  endfacet
  facet normal 0 1 0
    outer loop
      vertex 147.25 10 11
      vertex 144.83 10 2.2941
      vertex 144.619 10 2.91342
    endloop
  endfacet
  facet normal 0 1 0
    outer loop
      vertex 147.25 10 11
      vertex 144.957 10 1.65263
      vertex 144.83 10 2.2941
    endloop
  endfacet
  facet normal 0 1 0
    outer loop
      vertex 147.25 10 11
      vertex 145 10 1
      vertex 144.957 10 1.65263
    endloop
  endfacet
  facet normal 0 1 -0
    outer loop
      vertex 147.25 10 -15
      vertex 145 10 1
      vertex 147.25 10 11
    endloop
  endfacet
  facet normal 0 1 0
    outer loop
      vertex 145 10 1
      vertex 147.25 10 -15
      vertex 145 10 -13
    endloop
  endfacet
  facet normal 0 1 0
    outer loop
      vertex 145 10 -13
      vertex 147.25 10 -15
      vertex 144.957 10 -13.6526
    endloop
  endfacet
  facet normal 0 1 0
    outer loop
      vertex 147.25 10 -15
      vertex 144.83 10 -14.2941
      vertex 144.957 10 -13.6526
    endloop
  endfacet
  facet normal 0 1 0
    outer loop
      vertex 147.25 10 -15
      vertex 144.619 10 -14.9134
      vertex 144.83 10 -14.2941
    endloop
  endfacet
  facet normal 0 1 0
    outer loop
      vertex 144.619 10 -14.9134
      vertex 147.25 10 -15
      vertex 144.577 10 -15
    endloop
  endfacet
  facet normal 0 1 0
    outer loop
      vertex 173.75 10 11
      vertex 166.5 10 6
      vertex 153.25 10 11
    endloop
  endfacet
  facet normal 0 1 0
    outer loop
      vertex 173.75 10 11
      vertex 167.153 10 5.95723
      vertex 166.5 10 6
    endloop
  endfacet
  facet normal 0 1 0
    outer loop
      vertex 173.75 10 11
      vertex 167.794 10 5.82964
      vertex 167.153 10 5.95723
    endloop
  endfacet
  facet normal 0 1 0
    outer loop
      vertex 173.75 10 11
      vertex 168.413 10 5.6194
      vertex 167.794 10 5.82964
    endloop
  endfacet
  facet normal 0 1 0
    outer loop
      vertex 173.75 10 11
      vertex 169 10 5.33012
      vertex 168.413 10 5.6194
    endloop
  endfacet
  facet normal 0 1 0
    outer loop
      vertex 173.75 10 11
      vertex 169.544 10 4.96677
      vertex 169 10 5.33012
    endloop
  endfacet
  facet normal 0 1 0
    outer loop
      vertex 173.75 10 11
      vertex 170.036 10 4.53554
      vertex 169.544 10 4.96677
    endloop
  endfacet
  facet normal 0 1 0
    outer loop
      vertex 173.75 10 11
      vertex 170.467 10 4.04381
      vertex 170.036 10 4.53554
    endloop
  endfacet
  facet normal 0 1 0
    outer loop
      vertex 173.75 10 11
      vertex 170.83 10 3.5
      vertex 170.467 10 4.04381
    endloop
  endfacet
  facet normal 0 1 0
    outer loop
      vertex 173.75 10 11
      vertex 171.119 10 2.91342
      vertex 170.83 10 3.5
    endloop
  endfacet
  facet normal 0 1 0
    outer loop
      vertex 173.75 10 11
      vertex 171.33 10 2.2941
      vertex 171.119 10 2.91342
    endloop
  endfacet
  facet normal 0 1 0
    outer loop
      vertex 173.75 10 11
      vertex 171.457 10 1.65263
      vertex 171.33 10 2.2941
    endloop
  endfacet
  facet normal 0 1 0
    outer loop
      vertex 173.75 10 11
      vertex 171.5 10 1
      vertex 171.457 10 1.65263
    endloop
  endfacet
  facet normal 0 1 -0
    outer loop
      vertex 173.75 10 -15
      vertex 171.5 10 1
      vertex 173.75 10 11
    endloop
  endfacet
  facet normal 0 1 0
    outer loop
      vertex 171.5 10 1
      vertex 173.75 10 -15
      vertex 171.5 10 -13
    endloop
  endfacet
  facet normal 0 1 0
    outer loop
      vertex 171.5 10 -13
      vertex 173.75 10 -15
      vertex 171.457 10 -13.6526
    endloop
  endfacet
  facet normal 0 1 0
    outer loop
      vertex 173.75 10 -15
      vertex 171.33 10 -14.2941
      vertex 171.457 10 -13.6526
    endloop
  endfacet
  facet normal 0 1 0
    outer loop
      vertex 173.75 10 -15
      vertex 171.119 10 -14.9134
      vertex 171.33 10 -14.2941
    endloop
  endfacet
  facet normal 0 1 0
    outer loop
      vertex 171.119 10 -14.9134
      vertex 173.75 10 -15
      vertex 171.077 10 -15
    endloop
  endfacet
  facet normal 0 1 0
    outer loop
      vertex 187.535 10 4.06492
      vertex 188.029 10 20
      vertex 189.596 10 19.8973
    endloop
  endfacet
  facet normal 0 1 0
    outer loop
      vertex 188.029 10 20
      vertex 100.25 10 11
      vertex -1.02945 10 20
    endloop
  endfacet
  facet normal 0 1 0
    outer loop
      vertex 187.535 10 4.06492
      vertex 189.596 10 19.8973
      vertex 191.135 10 19.5911
    endloop
  endfacet
  facet normal 0 1 -0
    outer loop
      vertex 94.25 10 11
      vertex -1.02945 10 20
      vertex 100.25 10 11
    endloop
  endfacet
  facet normal 0 1 0
    outer loop
      vertex 187.535 10 4.06492
      vertex 191.135 10 19.5911
      vertex 192.622 10 19.0865
    endloop
  endfacet
  facet normal 0 1 -0
    outer loop
      vertex 73.75 10 11
      vertex -1.02945 10 20
      vertex 94.25 10 11
    endloop
  endfacet
  facet normal 0 1 0
    outer loop
      vertex 187.535 10 4.06492
      vertex 192.622 10 19.0865
      vertex 194.029 10 18.3923
    endloop
  endfacet
  facet normal 0 1 -0
    outer loop
      vertex 67.75 10 11
      vertex -1.02945 10 20
      vertex 73.75 10 11
    endloop
  endfacet
  facet normal 0 1 0
    outer loop
      vertex 187.535 10 4.06492
      vertex 194.029 10 18.3923
      vertex 195.335 10 17.5202
    endloop
  endfacet
  facet normal 0 1 -0
    outer loop
      vertex 47.25 10 11
      vertex -1.02945 10 20
      vertex 67.75 10 11
    endloop
  endfacet
  facet normal 0 1 0
    outer loop
      vertex 187.535 10 4.06492
      vertex 195.335 10 17.5202
      vertex 196.515 10 16.4853
    endloop
  endfacet
  facet normal 0 1 -0
    outer loop
      vertex 41.25 10 11
      vertex -1.02945 10 20
      vertex 47.25 10 11
    endloop
  endfacet
  facet normal 0 1 0
    outer loop
      vertex 187.535 10 4.06492
      vertex 196.515 10 16.4853
      vertex 197.485 10 15.5147
    endloop
  endfacet
  facet normal 0 1 -0
    outer loop
      vertex 20.75 10 11
      vertex -1.02945 10 20
      vertex 41.25 10 11
    endloop
  endfacet
  facet normal 0 1 0
    outer loop
      vertex 187.535 10 4.06492
      vertex 197.485 10 15.5147
      vertex 198.52 10 14.3346
    endloop
  endfacet
  facet normal 0 1 -0
    outer loop
      vertex 14.75 10 11
      vertex -1.02945 10 20
      vertex 20.75 10 11
    endloop
  endfacet
  facet normal 0 1 0
    outer loop
      vertex 187.535 10 4.06492
      vertex 198.52 10 14.3346
      vertex 199.392 10 13.0294
    endloop
  endfacet
  facet normal 0 1 0
    outer loop
      vertex 188.029 10 20
      vertex 120.75 10 11
      vertex 100.25 10 11
    endloop
  endfacet
  facet normal 0 1 0
    outer loop
      vertex 187.535 10 4.06492
      vertex 199.392 10 13.0294
      vertex 200.087 10 11.6216
    endloop
  endfacet
  facet normal 0 1 0
    outer loop
      vertex 188.029 10 20
      vertex 153.25 10 11
      vertex 147.25 10 11
    endloop
  endfacet
  facet normal 0 1 0
    outer loop
      vertex 188.029 10 20
      vertex 179.75 10 11
      vertex 173.75 10 11
    endloop
  endfacet
  facet normal 0 1 0
    outer loop
      vertex 187.535 10 4.06492
      vertex 200.087 10 11.6216
      vertex 200.591 10 10.1353
    endloop
  endfacet
  facet normal 0 1 0
    outer loop
      vertex 187.535 10 4.06492
      vertex 200.591 10 10.1353
      vertex 200.897 10 8.59576
    endloop
  endfacet
  facet normal 0 1 0
    outer loop
      vertex 189.899 10 2.89914
      vertex 200.897 10 8.59576
      vertex 201 10 7.02945
    endloop
  endfacet
  facet normal 0 1 0
    outer loop
      vertex 188.029 10 20
      vertex 187 10 4.1
      vertex 179.75 10 11
    endloop
  endfacet
  facet normal 0 1 -0
    outer loop
      vertex 186.465 10 4.06492
      vertex 179.75 10 11
      vertex 187 10 4.1
    endloop
  endfacet
  facet normal 0 1 -0
    outer loop
      vertex 185.939 10 3.9603
      vertex 179.75 10 11
      vertex 186.465 10 4.06492
    endloop
  endfacet
  facet normal 0 1 -0
    outer loop
      vertex 185.431 10 3.78791
      vertex 179.75 10 11
      vertex 185.939 10 3.9603
    endloop
  endfacet
  facet normal 0 1 -0
    outer loop
      vertex 184.95 10 3.5507
      vertex 179.75 10 11
      vertex 185.431 10 3.78791
    endloop
  endfacet
  facet normal 0 1 -0
    outer loop
      vertex 184.504 10 3.25275
      vertex 179.75 10 11
      vertex 184.95 10 3.5507
    endloop
  endfacet
  facet normal 0 1 -0
    outer loop
      vertex 184.101 10 2.89914
      vertex 179.75 10 11
      vertex 184.504 10 3.25275
    endloop
  endfacet
  facet normal 0 1 -0
    outer loop
      vertex 183.747 10 2.49592
      vertex 179.75 10 11
      vertex 184.101 10 2.89914
    endloop
  endfacet
  facet normal 0 1 -0
    outer loop
      vertex 183.449 10 2.05
      vertex 179.75 10 11
      vertex 183.747 10 2.49592
    endloop
  endfacet
  facet normal 0 1 -0
    outer loop
      vertex 183.212 10 1.569
      vertex 179.75 10 11
      vertex 183.449 10 2.05
    endloop
  endfacet
  facet normal 0 1 -0
    outer loop
      vertex 183.04 10 1.06116
      vertex 179.75 10 11
      vertex 183.212 10 1.569
    endloop
  endfacet
  facet normal 0 1 -0
    outer loop
      vertex 182.935 10 0.535157
      vertex 179.75 10 11
      vertex 183.04 10 1.06116
    endloop
  endfacet
  facet normal 0 1 -0
    outer loop
      vertex 182.9 10 0
      vertex 179.75 10 11
      vertex 182.935 10 0.535157
    endloop
  endfacet
  facet normal 0 1 0
    outer loop
      vertex 182.935 10 -0.535157
      vertex 179.75 10 11
      vertex 182.9 10 0
    endloop
  endfacet
  facet normal 0 1 0
    outer loop
      vertex 179.75 10 -15
      vertex 182.935 10 -0.535157
      vertex 183.04 10 -1.06116
    endloop
  endfacet
  facet normal 0 1 0
    outer loop
      vertex 187.535 10 -4.06492
      vertex 179.75 10 -15
      vertex 187 10 -4.1
    endloop
  endfacet
  facet normal 0 1 0
    outer loop
      vertex 187 10 -4.1
      vertex 179.75 10 -15
      vertex 186.465 10 -4.06492
    endloop
  endfacet
  facet normal 0 1 0
    outer loop
      vertex 186.465 10 -4.06492
      vertex 179.75 10 -15
      vertex 185.939 10 -3.9603
    endloop
  endfacet
  facet normal 0 1 0
    outer loop
      vertex 185.939 10 -3.9603
      vertex 179.75 10 -15
      vertex 185.431 10 -3.78791
    endloop
  endfacet
  facet normal 0 1 0
    outer loop
      vertex 185.431 10 -3.78791
      vertex 179.75 10 -15
      vertex 184.95 10 -3.5507
    endloop
  endfacet
  facet normal 0 1 0
    outer loop
      vertex 182.935 10 -0.535157
      vertex 179.75 10 -15
      vertex 179.75 10 11
    endloop
  endfacet
  facet normal 0 1 0
    outer loop
      vertex 183.212 10 -1.569
      vertex 179.75 10 -15
      vertex 183.04 10 -1.06116
    endloop
  endfacet
  facet normal 0 1 0
    outer loop
      vertex 183.449 10 -2.05
      vertex 179.75 10 -15
      vertex 183.212 10 -1.569
    endloop
  endfacet
  facet normal 0 1 0
    outer loop
      vertex 183.747 10 -2.49592
      vertex 179.75 10 -15
      vertex 183.449 10 -2.05
    endloop
  endfacet
  facet normal 0 1 0
    outer loop
      vertex 184.101 10 -2.89914
      vertex 179.75 10 -15
      vertex 183.747 10 -2.49592
    endloop
  endfacet
  facet normal 0 1 0
    outer loop
      vertex 184.504 10 -3.25275
      vertex 179.75 10 -15
      vertex 184.101 10 -2.89914
    endloop
  endfacet
  facet normal 0 1 0
    outer loop
      vertex 184.95 10 -3.5507
      vertex 179.75 10 -15
      vertex 184.504 10 -3.25275
    endloop
  endfacet
  facet normal 0 1 0
    outer loop
      vertex 188.029 10 20
      vertex 173.75 10 11
      vertex 153.25 10 11
    endloop
  endfacet
  facet normal 0 1 0
    outer loop
      vertex 188.029 10 20
      vertex 147.25 10 11
      vertex 126.75 10 11
    endloop
  endfacet
  facet normal 0 1 0
    outer loop
      vertex 188.029 10 20
      vertex 126.75 10 11
      vertex 120.75 10 11
    endloop
  endfacet
  facet normal 0 1 -0
    outer loop
      vertex 1.569 10 3.78791
      vertex -1.02945 10 20
      vertex 14.75 10 11
    endloop
  endfacet
  facet normal -0 1 -0
    outer loop
      vertex 1.06116 10 3.9603
      vertex -1.02945 10 20
      vertex 1.569 10 3.78791
    endloop
  endfacet
  facet normal -0 1 -0
    outer loop
      vertex 0 10 4.1
      vertex -1.02945 10 20
      vertex 0.535158 10 4.06492
    endloop
  endfacet
  facet normal 0 1 -0
    outer loop
      vertex -0.535157 10 4.06492
      vertex -1.02945 10 20
      vertex 0 10 4.1
    endloop
  endfacet
  facet normal 0 1 0
    outer loop
      vertex -1.02945 10 20
      vertex -0.535157 10 4.06492
      vertex -2.59576 10 19.8973
    endloop
  endfacet
  facet normal 0 1 0
    outer loop
      vertex -2.59576 10 19.8973
      vertex -0.535157 10 4.06492
      vertex -4.13528 10 19.5911
    endloop
  endfacet
  facet normal 0 1 -0
    outer loop
      vertex -1.06116 10 3.9603
      vertex -5.62164 10 19.0865
      vertex -0.535157 10 4.06492
    endloop
  endfacet
  facet normal 0 1 0
    outer loop
      vertex -5.62164 10 19.0865
      vertex -1.06116 10 3.9603
      vertex -7.02945 10 18.3923
    endloop
  endfacet
  facet normal 0 1 0
    outer loop
      vertex -7.02945 10 18.3923
      vertex -1.06116 10 3.9603
      vertex -8.33458 10 17.5202
    endloop
  endfacet
  facet normal 0 1 0
    outer loop
      vertex -8.33458 10 17.5202
      vertex -1.06116 10 3.9603
      vertex -9.51472 10 16.4853
    endloop
  endfacet
  facet normal 0 1 0
    outer loop
      vertex -9.51472 10 16.4853
      vertex -1.569 10 3.78791
      vertex -10.4853 10 15.5147
    endloop
  endfacet
  facet normal 0 1 -0
    outer loop
      vertex -2.05 10 3.5507
      vertex -10.4853 10 15.5147
      vertex -1.569 10 3.78791
    endloop
  endfacet
  facet normal 0 1 0
    outer loop
      vertex -10.4853 10 15.5147
      vertex -2.05 10 3.5507
      vertex -11.5202 10 14.3346
    endloop
  endfacet
  facet normal 0 1 0
    outer loop
      vertex -11.5202 10 14.3346
      vertex -2.05 10 3.5507
      vertex -12.3923 10 13.0294
    endloop
  endfacet
  facet normal 0 1 -0
    outer loop
      vertex -1.569 10 3.78791
      vertex -9.51472 10 16.4853
      vertex -1.06116 10 3.9603
    endloop
  endfacet
  facet normal 0 1 0
    outer loop
      vertex -4.13528 10 19.5911
      vertex -0.535157 10 4.06492
      vertex -5.62164 10 19.0865
    endloop
  endfacet
  facet normal -0 1 -0
    outer loop
      vertex 0.535158 10 4.06492
      vertex -1.02945 10 20
      vertex 1.06116 10 3.9603
    endloop
  endfacet
  facet normal 0 1 0
    outer loop
      vertex 14.75 10 11
      vertex 2.05 10 3.5507
      vertex 1.569 10 3.78791
    endloop
  endfacet
  facet normal 0 1 0
    outer loop
      vertex 14.75 10 11
      vertex 2.49592 10 3.25275
      vertex 2.05 10 3.5507
    endloop
  endfacet
  facet normal 0 1 0
    outer loop
      vertex 14.75 10 11
      vertex 2.89914 10 2.89914
      vertex 2.49592 10 3.25275
    endloop
  endfacet
  facet normal 0 1 0
    outer loop
      vertex 14.75 10 11
      vertex 3.25275 10 2.49592
      vertex 2.89914 10 2.89914
    endloop
  endfacet
  facet normal 0 1 0
    outer loop
      vertex 14.75 10 11
      vertex 3.5507 10 2.05
      vertex 3.25275 10 2.49592
    endloop
  endfacet
  facet normal 0 1 0
    outer loop
      vertex 14.75 10 11
      vertex 3.78791 10 1.569
      vertex 3.5507 10 2.05
    endloop
  endfacet
  facet normal 0 1 0
    outer loop
      vertex 14.75 10 11
      vertex 3.9603 10 1.06116
      vertex 3.78791 10 1.569
    endloop
  endfacet
  facet normal 0 1 0
    outer loop
      vertex 14.75 10 11
      vertex 4.06492 10 0.535157
      vertex 3.9603 10 1.06116
    endloop
  endfacet
  facet normal 0 1 0
    outer loop
      vertex 14.75 10 11
      vertex 4.1 10 0
      vertex 4.06492 10 0.535157
    endloop
  endfacet
  facet normal 0 1 0
    outer loop
      vertex 14.75 10 11
      vertex 4.06492 10 -0.535157
      vertex 4.1 10 0
    endloop
  endfacet
  facet normal 0 1 -0
    outer loop
      vertex 14.75 10 -15
      vertex 4.06492 10 -0.535157
      vertex 14.75 10 11
    endloop
  endfacet
  facet normal 0 1 0
    outer loop
      vertex 4.06492 10 -0.535157
      vertex 14.75 10 -15
      vertex 3.9603 10 -1.06116
    endloop
  endfacet
  facet normal 0 1 0
    outer loop
      vertex 3.9603 10 -1.06116
      vertex 14.75 10 -15
      vertex 3.78791 10 -1.569
    endloop
  endfacet
  facet normal 0 1 0
    outer loop
      vertex 3.78791 10 -1.569
      vertex 14.75 10 -15
      vertex 3.5507 10 -2.05
    endloop
  endfacet
  facet normal 0 1 0
    outer loop
      vertex 0.535158 10 -4.06492
      vertex 14.75 10 -15
      vertex 0 10 -4.1
    endloop
  endfacet
  facet normal 0 1 0
    outer loop
      vertex 1.06116 10 -3.9603
      vertex 14.75 10 -15
      vertex 0.535158 10 -4.06492
    endloop
  endfacet
  facet normal 0 1 0
    outer loop
      vertex 1.569 10 -3.78791
      vertex 14.75 10 -15
      vertex 1.06116 10 -3.9603
    endloop
  endfacet
  facet normal 0 1 0
    outer loop
      vertex 2.05 10 -3.5507
      vertex 14.75 10 -15
      vertex 1.569 10 -3.78791
    endloop
  endfacet
  facet normal 0 1 0
    outer loop
      vertex 2.49592 10 -3.25275
      vertex 14.75 10 -15
      vertex 2.05 10 -3.5507
    endloop
  endfacet
  facet normal 0 1 0
    outer loop
      vertex 2.89914 10 -2.89914
      vertex 14.75 10 -15
      vertex 2.49592 10 -3.25275
    endloop
  endfacet
  facet normal 0 1 0
    outer loop
      vertex 3.25275 10 -2.49592
      vertex 14.75 10 -15
      vertex 2.89914 10 -2.89914
    endloop
  endfacet
  facet normal 0 1 0
    outer loop
      vertex 3.5507 10 -2.05
      vertex 14.75 10 -15
      vertex 3.25275 10 -2.49592
    endloop
  endfacet
  facet normal 0 1 -0
    outer loop
      vertex 160.5 10 6
      vertex 153.25 10 11
      vertex 166.5 10 6
    endloop
  endfacet
  facet normal 0 1 -0
    outer loop
      vertex 159.847 10 5.95723
      vertex 153.25 10 11
      vertex 160.5 10 6
    endloop
  endfacet
  facet normal 0 1 -0
    outer loop
      vertex 159.206 10 5.82964
      vertex 153.25 10 11
      vertex 159.847 10 5.95723
    endloop
  endfacet
  facet normal 0 1 -0
    outer loop
      vertex 158.587 10 5.6194
      vertex 153.25 10 11
      vertex 159.206 10 5.82964
    endloop
  endfacet
  facet normal 0 1 -0
    outer loop
      vertex 158 10 5.33012
      vertex 153.25 10 11
      vertex 158.587 10 5.6194
    endloop
  endfacet
  facet normal 0 1 -0
    outer loop
      vertex 157.456 10 4.96677
      vertex 153.25 10 11
      vertex 158 10 5.33012
    endloop
  endfacet
  facet normal 0 1 -0
    outer loop
      vertex 156.964 10 4.53554
      vertex 153.25 10 11
      vertex 157.456 10 4.96677
    endloop
  endfacet
  facet normal 0 1 -0
    outer loop
      vertex 156.533 10 4.04381
      vertex 153.25 10 11
      vertex 156.964 10 4.53554
    endloop
  endfacet
  facet normal 0 1 -0
    outer loop
      vertex 156.17 10 3.5
      vertex 153.25 10 11
      vertex 156.533 10 4.04381
    endloop
  endfacet
  facet normal 0 1 -0
    outer loop
      vertex 155.881 10 2.91342
      vertex 153.25 10 11
      vertex 156.17 10 3.5
    endloop
  endfacet
  facet normal 0 1 -0
    outer loop
      vertex 155.67 10 2.2941
      vertex 153.25 10 11
      vertex 155.881 10 2.91342
    endloop
  endfacet
  facet normal 0 1 -0
    outer loop
      vertex 155.543 10 1.65263
      vertex 153.25 10 11
      vertex 155.67 10 2.2941
    endloop
  endfacet
  facet normal 0 1 -0
    outer loop
      vertex 155.5 10 1
      vertex 153.25 10 11
      vertex 155.543 10 1.65263
    endloop
  endfacet
  facet normal 0 1 0
    outer loop
      vertex 153.25 10 -15
      vertex 155.5 10 1
      vertex 155.5 10 -13
    endloop
  endfacet
  facet normal 0 1 0
    outer loop
      vertex 153.25 10 -15
      vertex 155.5 10 -13
      vertex 155.543 10 -13.6526
    endloop
  endfacet
  facet normal 0 1 0
    outer loop
      vertex 155.5 10 1
      vertex 153.25 10 -15
      vertex 153.25 10 11
    endloop
  endfacet
  facet normal 0 1 0
    outer loop
      vertex 155.67 10 -14.2941
      vertex 153.25 10 -15
      vertex 155.543 10 -13.6526
    endloop
  endfacet
  facet normal 0 1 0
    outer loop
      vertex 155.881 10 -14.9134
      vertex 153.25 10 -15
      vertex 155.67 10 -14.2941
    endloop
  endfacet
  facet normal 0 1 0
    outer loop
      vertex 153.25 10 -15
      vertex 155.881 10 -14.9134
      vertex 155.923 10 -15
    endloop
  endfacet
  facet normal 0 1 -0
    outer loop
      vertex 134 10 6
      vertex 126.75 10 11
      vertex 140 10 6
    endloop
  endfacet
  facet normal 0 1 -0
    outer loop
      vertex 133.347 10 5.95723
      vertex 126.75 10 11
      vertex 134 10 6
    endloop
  endfacet
  facet normal 0 1 -0
    outer loop
      vertex 132.706 10 5.82964
      vertex 126.75 10 11
      vertex 133.347 10 5.95723
    endloop
  endfacet
  facet normal 0 1 -0
    outer loop
      vertex 132.087 10 5.6194
      vertex 126.75 10 11
      vertex 132.706 10 5.82964
    endloop
  endfacet
  facet normal 0 1 -0
    outer loop
      vertex 131.5 10 5.33012
      vertex 126.75 10 11
      vertex 132.087 10 5.6194
    endloop
  endfacet
  facet normal 0 1 -0
    outer loop
      vertex 130.956 10 4.96677
      vertex 126.75 10 11
      vertex 131.5 10 5.33012
    endloop
  endfacet
  facet normal 0 1 -0
    outer loop
      vertex 130.464 10 4.53554
      vertex 126.75 10 11
      vertex 130.956 10 4.96677
    endloop
  endfacet
  facet normal 0 1 -0
    outer loop
      vertex 130.033 10 4.04381
      vertex 126.75 10 11
      vertex 130.464 10 4.53554
    endloop
  endfacet
  facet normal 0 1 -0
    outer loop
      vertex 129.67 10 3.5
      vertex 126.75 10 11
      vertex 130.033 10 4.04381
    endloop
  endfacet
  facet normal 0 1 -0
    outer loop
      vertex 129.381 10 2.91342
      vertex 126.75 10 11
      vertex 129.67 10 3.5
    endloop
  endfacet
  facet normal 0 1 -0
    outer loop
      vertex 129.17 10 2.2941
      vertex 126.75 10 11
      vertex 129.381 10 2.91342
    endloop
  endfacet
  facet normal 0 1 -0
    outer loop
      vertex 129.043 10 1.65263
      vertex 126.75 10 11
      vertex 129.17 10 2.2941
    endloop
  endfacet
  facet normal 0 1 -0
    outer loop
      vertex 129 10 1
      vertex 126.75 10 11
      vertex 129.043 10 1.65263
    endloop
  endfacet
  facet normal 0 1 0
    outer loop
      vertex 126.75 10 -15
      vertex 129 10 1
      vertex 129 10 -13
    endloop
  endfacet
  facet normal 0 1 0
    outer loop
      vertex 126.75 10 -15
      vertex 129 10 -13
      vertex 129.043 10 -13.6526
    endloop
  endfacet
  facet normal 0 1 0
    outer loop
      vertex 129 10 1
      vertex 126.75 10 -15
      vertex 126.75 10 11
    endloop
  endfacet
  facet normal 0 1 0
    outer loop
      vertex 129.17 10 -14.2941
      vertex 126.75 10 -15
      vertex 129.043 10 -13.6526
    endloop
  endfacet
  facet normal 0 1 0
    outer loop
      vertex 129.381 10 -14.9134
      vertex 126.75 10 -15
      vertex 129.17 10 -14.2941
    endloop
  endfacet
  facet normal 0 1 0
    outer loop
      vertex 126.75 10 -15
      vertex 129.381 10 -14.9134
      vertex 129.423 10 -15
    endloop
  endfacet
  facet normal 0 1 -0
    outer loop
      vertex 107.5 10 6
      vertex 100.25 10 11
      vertex 113.5 10 6
    endloop
  endfacet
  facet normal 0 1 -0
    outer loop
      vertex 106.847 10 5.95723
      vertex 100.25 10 11
      vertex 107.5 10 6
    endloop
  endfacet
  facet normal 0 1 -0
    outer loop
      vertex 106.206 10 5.82964
      vertex 100.25 10 11
      vertex 106.847 10 5.95723
    endloop
  endfacet
  facet normal 0 1 -0
    outer loop
      vertex 105.587 10 5.6194
      vertex 100.25 10 11
      vertex 106.206 10 5.82964
    endloop
  endfacet
  facet normal 0 1 -0
    outer loop
      vertex 105 10 5.33012
      vertex 100.25 10 11
      vertex 105.587 10 5.6194
    endloop
  endfacet
  facet normal 0 1 -0
    outer loop
      vertex 104.456 10 4.96677
      vertex 100.25 10 11
      vertex 105 10 5.33012
    endloop
  endfacet
  facet normal 0 1 -0
    outer loop
      vertex 103.964 10 4.53554
      vertex 100.25 10 11
      vertex 104.456 10 4.96677
    endloop
  endfacet
  facet normal 0 1 -0
    outer loop
      vertex 103.533 10 4.04381
      vertex 100.25 10 11
      vertex 103.964 10 4.53554
    endloop
  endfacet
  facet normal 0 1 -0
    outer loop
      vertex 103.17 10 3.5
      vertex 100.25 10 11
      vertex 103.533 10 4.04381
    endloop
  endfacet
  facet normal 0 1 -0
    outer loop
      vertex 102.881 10 2.91342
      vertex 100.25 10 11
      vertex 103.17 10 3.5
    endloop
  endfacet
  facet normal 0 1 -0
    outer loop
      vertex 102.67 10 2.2941
      vertex 100.25 10 11
      vertex 102.881 10 2.91342
    endloop
  endfacet
  facet normal 0 1 -0
    outer loop
      vertex 102.543 10 1.65263
      vertex 100.25 10 11
      vertex 102.67 10 2.2941
    endloop
  endfacet
  facet normal 0 1 -0
    outer loop
      vertex 102.5 10 1
      vertex 100.25 10 11
      vertex 102.543 10 1.65263
    endloop
  endfacet
  facet normal 0 1 0
    outer loop
      vertex 100.25 10 -15
      vertex 102.5 10 1
      vertex 102.5 10 -13
    endloop
  endfacet
  facet normal 0 1 0
    outer loop
      vertex 100.25 10 -15
      vertex 102.5 10 -13
      vertex 102.543 10 -13.6526
    endloop
  endfacet
  facet normal 0 1 0
    outer loop
      vertex 102.5 10 1
      vertex 100.25 10 -15
      vertex 100.25 10 11
    endloop
  endfacet
  facet normal 0 1 0
    outer loop
      vertex 102.67 10 -14.2941
      vertex 100.25 10 -15
      vertex 102.543 10 -13.6526
    endloop
  endfacet
  facet normal 0 1 0
    outer loop
      vertex 102.881 10 -14.9134
      vertex 100.25 10 -15
      vertex 102.67 10 -14.2941
    endloop
  endfacet
  facet normal 0 1 0
    outer loop
      vertex 100.25 10 -15
      vertex 102.881 10 -14.9134
      vertex 102.923 10 -15
    endloop
  endfacet
  facet normal 0 1 -0
    outer loop
      vertex 81 10 6
      vertex 73.75 10 11
      vertex 87 10 6
    endloop
  endfacet
  facet normal 0 1 -0
    outer loop
      vertex 80.3474 10 5.95723
      vertex 73.75 10 11
      vertex 81 10 6
    endloop
  endfacet
  facet normal 0 1 -0
    outer loop
      vertex 79.7059 10 5.82964
      vertex 73.75 10 11
      vertex 80.3474 10 5.95723
    endloop
  endfacet
  facet normal 0 1 -0
    outer loop
      vertex 79.0866 10 5.6194
      vertex 73.75 10 11
      vertex 79.7059 10 5.82964
    endloop
  endfacet
  facet normal 0 1 -0
    outer loop
      vertex 78.5 10 5.33012
      vertex 73.75 10 11
      vertex 79.0866 10 5.6194
    endloop
  endfacet
  facet normal 0 1 -0
    outer loop
      vertex 77.9562 10 4.96677
      vertex 73.75 10 11
      vertex 78.5 10 5.33012
    endloop
  endfacet
  facet normal 0 1 -0
    outer loop
      vertex 77.4645 10 4.53554
      vertex 73.75 10 11
      vertex 77.9562 10 4.96677
    endloop
  endfacet
  facet normal 0 1 -0
    outer loop
      vertex 77.0332 10 4.04381
      vertex 73.75 10 11
      vertex 77.4645 10 4.53554
    endloop
  endfacet
  facet normal 0 1 -0
    outer loop
      vertex 76.6699 10 3.5
      vertex 73.75 10 11
      vertex 77.0332 10 4.04381
    endloop
  endfacet
  facet normal 0 1 -0
    outer loop
      vertex 76.3806 10 2.91342
      vertex 73.75 10 11
      vertex 76.6699 10 3.5
    endloop
  endfacet
  facet normal 0 1 -0
    outer loop
      vertex 76.1704 10 2.2941
      vertex 73.75 10 11
      vertex 76.3806 10 2.91342
    endloop
  endfacet
  facet normal 0 1 -0
    outer loop
      vertex 76.0428 10 1.65263
      vertex 73.75 10 11
      vertex 76.1704 10 2.2941
    endloop
  endfacet
  facet normal 0 1 -0
    outer loop
      vertex 76 10 1
      vertex 73.75 10 11
      vertex 76.0428 10 1.65263
    endloop
  endfacet
  facet normal 0 1 0
    outer loop
      vertex 73.75 10 -15
      vertex 76 10 1
      vertex 76 10 -13
    endloop
  endfacet
  facet normal 0 1 0
    outer loop
      vertex 73.75 10 -15
      vertex 76 10 -13
      vertex 76.0428 10 -13.6526
    endloop
  endfacet
  facet normal 0 1 0
    outer loop
      vertex 76 10 1
      vertex 73.75 10 -15
      vertex 73.75 10 11
    endloop
  endfacet
  facet normal 0 1 0
    outer loop
      vertex 76.1704 10 -14.2941
      vertex 73.75 10 -15
      vertex 76.0428 10 -13.6526
    endloop
  endfacet
  facet normal 0 1 0
    outer loop
      vertex 76.3806 10 -14.9134
      vertex 73.75 10 -15
      vertex 76.1704 10 -14.2941
    endloop
  endfacet
  facet normal 0 1 0
    outer loop
      vertex 73.75 10 -15
      vertex 76.3806 10 -14.9134
      vertex 76.4233 10 -15
    endloop
  endfacet
  facet normal 0 1 -0
    outer loop
      vertex 54.5 10 6
      vertex 47.25 10 11
      vertex 60.5 10 6
    endloop
  endfacet
  facet normal 0 1 -0
    outer loop
      vertex 53.8474 10 5.95723
      vertex 47.25 10 11
      vertex 54.5 10 6
    endloop
  endfacet
  facet normal 0 1 -0
    outer loop
      vertex 53.2059 10 5.82964
      vertex 47.25 10 11
      vertex 53.8474 10 5.95723
    endloop
  endfacet
  facet normal 0 1 -0
    outer loop
      vertex 52.5866 10 5.6194
      vertex 47.25 10 11
      vertex 53.2059 10 5.82964
    endloop
  endfacet
  facet normal 0 1 -0
    outer loop
      vertex 52 10 5.33012
      vertex 47.25 10 11
      vertex 52.5866 10 5.6194
    endloop
  endfacet
  facet normal 0 1 -0
    outer loop
      vertex 51.4562 10 4.96677
      vertex 47.25 10 11
      vertex 52 10 5.33012
    endloop
  endfacet
  facet normal 0 1 -0
    outer loop
      vertex 50.9645 10 4.53554
      vertex 47.25 10 11
      vertex 51.4562 10 4.96677
    endloop
  endfacet
  facet normal 0 1 -0
    outer loop
      vertex 50.5332 10 4.04381
      vertex 47.25 10 11
      vertex 50.9645 10 4.53554
    endloop
  endfacet
  facet normal 0 1 -0
    outer loop
      vertex 50.1699 10 3.5
      vertex 47.25 10 11
      vertex 50.5332 10 4.04381
    endloop
  endfacet
  facet normal 0 1 -0
    outer loop
      vertex 49.8806 10 2.91342
      vertex 47.25 10 11
      vertex 50.1699 10 3.5
    endloop
  endfacet
  facet normal 0 1 -0
    outer loop
      vertex 49.6704 10 2.2941
      vertex 47.25 10 11
      vertex 49.8806 10 2.91342
    endloop
  endfacet
  facet normal 0 1 -0
    outer loop
      vertex 49.5428 10 1.65263
      vertex 47.25 10 11
      vertex 49.6704 10 2.2941
    endloop
  endfacet
  facet normal 0 1 -0
    outer loop
      vertex 49.5 10 1
      vertex 47.25 10 11
      vertex 49.5428 10 1.65263
    endloop
  endfacet
  facet normal 0 1 0
    outer loop
      vertex 47.25 10 -15
      vertex 49.5 10 1
      vertex 49.5 10 -13
    endloop
  endfacet
  facet normal 0 1 0
    outer loop
      vertex 47.25 10 -15
      vertex 49.5 10 -13
      vertex 49.5428 10 -13.6526
    endloop
  endfacet
  facet normal 0 1 0
    outer loop
      vertex 49.5 10 1
      vertex 47.25 10 -15
      vertex 47.25 10 11
    endloop
  endfacet
  facet normal 0 1 0
    outer loop
      vertex 49.6704 10 -14.2941
      vertex 47.25 10 -15
      vertex 49.5428 10 -13.6526
    endloop
  endfacet
  facet normal 0 1 0
    outer loop
      vertex 49.8806 10 -14.9134
      vertex 47.25 10 -15
      vertex 49.6704 10 -14.2941
    endloop
  endfacet
  facet normal 0 1 0
    outer loop
      vertex 47.25 10 -15
      vertex 49.8806 10 -14.9134
      vertex 49.9233 10 -15
    endloop
  endfacet
  facet normal 0 1 -0
    outer loop
      vertex 28 10 6
      vertex 20.75 10 11
      vertex 34 10 6
    endloop
  endfacet
  facet normal 0 1 -0
    outer loop
      vertex 27.3474 10 5.95723
      vertex 20.75 10 11
      vertex 28 10 6
    endloop
  endfacet
  facet normal 0 1 -0
    outer loop
      vertex 26.7059 10 5.82964
      vertex 20.75 10 11
      vertex 27.3474 10 5.95723
    endloop
  endfacet
  facet normal 0 1 -0
    outer loop
      vertex 26.0866 10 5.6194
      vertex 20.75 10 11
      vertex 26.7059 10 5.82964
    endloop
  endfacet
  facet normal 0 1 -0
    outer loop
      vertex 25.5 10 5.33012
      vertex 20.75 10 11
      vertex 26.0866 10 5.6194
    endloop
  endfacet
  facet normal 0 1 -0
    outer loop
      vertex 24.9562 10 4.96677
      vertex 20.75 10 11
      vertex 25.5 10 5.33012
    endloop
  endfacet
  facet normal 0 1 -0
    outer loop
      vertex 24.4645 10 4.53554
      vertex 20.75 10 11
      vertex 24.9562 10 4.96677
    endloop
  endfacet
  facet normal 0 1 -0
    outer loop
      vertex 24.0332 10 4.04381
      vertex 20.75 10 11
      vertex 24.4645 10 4.53554
    endloop
  endfacet
  facet normal 0 1 -0
    outer loop
      vertex 23.6699 10 3.5
      vertex 20.75 10 11
      vertex 24.0332 10 4.04381
    endloop
  endfacet
  facet normal 0 1 -0
    outer loop
      vertex 23.3806 10 2.91342
      vertex 20.75 10 11
      vertex 23.6699 10 3.5
    endloop
  endfacet
  facet normal 0 1 -0
    outer loop
      vertex 23.1704 10 2.2941
      vertex 20.75 10 11
      vertex 23.3806 10 2.91342
    endloop
  endfacet
  facet normal 0 1 -0
    outer loop
      vertex 23.0428 10 1.65263
      vertex 20.75 10 11
      vertex 23.1704 10 2.2941
    endloop
  endfacet
  facet normal 0 1 -0
    outer loop
      vertex 23 10 1
      vertex 20.75 10 11
      vertex 23.0428 10 1.65263
    endloop
  endfacet
  facet normal 0 1 0
    outer loop
      vertex 20.75 10 -15
      vertex 23 10 1
      vertex 23 10 -13
    endloop
  endfacet
  facet normal 0 1 0
    outer loop
      vertex 20.75 10 -15
      vertex 23 10 -13
      vertex 23.0428 10 -13.6526
    endloop
  endfacet
  facet normal 0 1 0
    outer loop
      vertex 23 10 1
      vertex 20.75 10 -15
      vertex 20.75 10 11
    endloop
  endfacet
  facet normal 0 1 0
    outer loop
      vertex 23.1704 10 -14.2941
      vertex 20.75 10 -15
      vertex 23.0428 10 -13.6526
    endloop
  endfacet
  facet normal 0 1 0
    outer loop
      vertex 23.3806 10 -14.9134
      vertex 20.75 10 -15
      vertex 23.1704 10 -14.2941
    endloop
  endfacet
  facet normal 0 1 0
    outer loop
      vertex 20.75 10 -15
      vertex 23.3806 10 -14.9134
      vertex 23.4233 10 -15
    endloop
  endfacet
  facet normal 0 1 -0
    outer loop
      vertex -2.49592 10 3.25275
      vertex -12.3923 10 13.0294
      vertex -2.05 10 3.5507
    endloop
  endfacet
  facet normal 0 1 0
    outer loop
      vertex -12.3923 10 13.0294
      vertex -2.49592 10 3.25275
      vertex -13.0865 10 11.6216
    endloop
  endfacet
  facet normal 0 1 0
    outer loop
      vertex -13.0865 10 11.6216
      vertex -2.49592 10 3.25275
      vertex -13.5911 10 10.1353
    endloop
  endfacet
  facet normal 0 1 -0
    outer loop
      vertex -2.89914 10 2.89914
      vertex -13.5911 10 10.1353
      vertex -2.49592 10 3.25275
    endloop
  endfacet
  facet normal 0 1 0
    outer loop
      vertex -13.5911 10 10.1353
      vertex -2.89914 10 2.89914
      vertex -13.8973 10 8.59576
    endloop
  endfacet
  facet normal 0 1 0
    outer loop
      vertex -13.8973 10 8.59576
      vertex -2.89914 10 2.89914
      vertex -14 10 7.02945
    endloop
  endfacet
  facet normal 0 1 -0
    outer loop
      vertex -3.25275 10 2.49592
      vertex -14 10 7.02945
      vertex -2.89914 10 2.89914
    endloop
  endfacet
  facet normal 0 1 -0
    outer loop
      vertex -3.5507 10 2.05
      vertex -14 10 7.02945
      vertex -3.25275 10 2.49592
    endloop
  endfacet
  facet normal 0 1 -0
    outer loop
      vertex -3.78791 10 1.569
      vertex -14 10 7.02945
      vertex -3.5507 10 2.05
    endloop
  endfacet
  facet normal 0 1 -0
    outer loop
      vertex -3.9603 10 1.06116
      vertex -14 10 7.02945
      vertex -3.78791 10 1.569
    endloop
  endfacet
  facet normal 0 1 -0
    outer loop
      vertex -4.06492 10 0.535157
      vertex -14 10 7.02945
      vertex -3.9603 10 1.06116
    endloop
  endfacet
  facet normal 0 1 -0
    outer loop
      vertex -4.1 10 0
      vertex -14 10 7.02945
      vertex -4.06492 10 0.535157
    endloop
  endfacet
  facet normal 0 1 0
    outer loop
      vertex -4.06492 10 -0.535157
      vertex -14 10 7.02945
      vertex -4.1 10 0
    endloop
  endfacet
  facet normal 0 1 0
    outer loop
      vertex -3.9603 10 -1.06116
      vertex -14 10 7.02945
      vertex -4.06492 10 -0.535157
    endloop
  endfacet
  facet normal 0 1 0
    outer loop
      vertex -14 10 -15
      vertex -3.9603 10 -1.06116
      vertex -3.78791 10 -1.569
    endloop
  endfacet
  facet normal 0 1 0
    outer loop
      vertex -14 10 -15
      vertex -3.78791 10 -1.569
      vertex -3.5507 10 -2.05
    endloop
  endfacet
  facet normal 0 1 0
    outer loop
      vertex -14 10 -15
      vertex -3.5507 10 -2.05
      vertex -3.25275 10 -2.49592
    endloop
  endfacet
  facet normal 0 1 0
    outer loop
      vertex -14 10 -15
      vertex -3.25275 10 -2.49592
      vertex -2.89914 10 -2.89914
    endloop
  endfacet
  facet normal 0 1 0
    outer loop
      vertex -14 10 -15
      vertex 0 10 -4.1
      vertex 14.75 10 -15
    endloop
  endfacet
  facet normal 0 1 0
    outer loop
      vertex 0 10 -4.1
      vertex -14 10 -15
      vertex -0.535157 10 -4.06492
    endloop
  endfacet
  facet normal 0 1 0
    outer loop
      vertex -0.535157 10 -4.06492
      vertex -14 10 -15
      vertex -1.06116 10 -3.9603
    endloop
  endfacet
  facet normal 0 1 0
    outer loop
      vertex -1.06116 10 -3.9603
      vertex -14 10 -15
      vertex -1.569 10 -3.78791
    endloop
  endfacet
  facet normal 0 1 0
    outer loop
      vertex -1.569 10 -3.78791
      vertex -14 10 -15
      vertex -2.05 10 -3.5507
    endloop
  endfacet
  facet normal 0 1 0
    outer loop
      vertex -3.9603 10 -1.06116
      vertex -14 10 -15
      vertex -14 10 7.02945
    endloop
  endfacet
  facet normal 0 1 0
    outer loop
      vertex -2.49592 10 -3.25275
      vertex -14 10 -15
      vertex -2.89914 10 -2.89914
    endloop
  endfacet
  facet normal 0 1 0
    outer loop
      vertex -2.05 10 -3.5507
      vertex -14 10 -15
      vertex -2.49592 10 -3.25275
    endloop
  endfacet
  facet normal -0 0.195028 0.980798
    outer loop
      vertex -14 18.6947 -24.9144
      vertex 14.75 17.4118 -24.6593
      vertex 14.75 18.6947 -24.9144
    endloop
  endfacet
  facet normal 0 0.195028 0.980798
    outer loop
      vertex 14.75 17.4118 -24.6593
      vertex -14 18.6947 -24.9144
      vertex -14 17.4118 -24.6593
    endloop
  endfacet
  facet normal -0 0.195028 0.980798
    outer loop
      vertex 179.75 18.6947 -24.9144
      vertex 201 17.4118 -24.6593
      vertex 201 18.6947 -24.9144
    endloop
  endfacet
  facet normal 0 0.195028 0.980798
    outer loop
      vertex 201 17.4118 -24.6593
      vertex 179.75 18.6947 -24.9144
      vertex 179.75 17.4118 -24.6593
    endloop
  endfacet
  facet normal -0 0.195028 0.980798
    outer loop
      vertex 153.25 18.6947 -24.9144
      vertex 173.75 17.4118 -24.6593
      vertex 173.75 18.6947 -24.9144
    endloop
  endfacet
  facet normal 0 0.195028 0.980798
    outer loop
      vertex 173.75 17.4118 -24.6593
      vertex 153.25 18.6947 -24.9144
      vertex 153.25 17.4118 -24.6593
    endloop
  endfacet
  facet normal -0 0.195028 0.980798
    outer loop
      vertex 126.75 18.6947 -24.9144
      vertex 147.25 17.4118 -24.6593
      vertex 147.25 18.6947 -24.9144
    endloop
  endfacet
  facet normal 0 0.195028 0.980798
    outer loop
      vertex 147.25 17.4118 -24.6593
      vertex 126.75 18.6947 -24.9144
      vertex 126.75 17.4118 -24.6593
    endloop
  endfacet
  facet normal -0 0.195028 0.980798
    outer loop
      vertex 100.25 18.6947 -24.9144
      vertex 120.75 17.4118 -24.6593
      vertex 120.75 18.6947 -24.9144
    endloop
  endfacet
  facet normal 0 0.195028 0.980798
    outer loop
      vertex 120.75 17.4118 -24.6593
      vertex 100.25 18.6947 -24.9144
      vertex 100.25 17.4118 -24.6593
    endloop
  endfacet
  facet normal -0 0.195028 0.980798
    outer loop
      vertex 73.75 18.6947 -24.9144
      vertex 94.25 17.4118 -24.6593
      vertex 94.25 18.6947 -24.9144
    endloop
  endfacet
  facet normal 0 0.195028 0.980798
    outer loop
      vertex 94.25 17.4118 -24.6593
      vertex 73.75 18.6947 -24.9144
      vertex 73.75 17.4118 -24.6593
    endloop
  endfacet
  facet normal -0 0.195028 0.980798
    outer loop
      vertex 47.25 18.6947 -24.9144
      vertex 67.75 17.4118 -24.6593
      vertex 67.75 18.6947 -24.9144
    endloop
  endfacet
  facet normal 0 0.195028 0.980798
    outer loop
      vertex 67.75 17.4118 -24.6593
      vertex 47.25 18.6947 -24.9144
      vertex 47.25 17.4118 -24.6593
    endloop
  endfacet
  facet normal -0 0.195028 0.980798
    outer loop
      vertex 20.75 18.6947 -24.9144
      vertex 41.25 17.4118 -24.6593
      vertex 41.25 18.6947 -24.9144
    endloop
  endfacet
  facet normal 0 0.195028 0.980798
    outer loop
      vertex 41.25 17.4118 -24.6593
      vertex 20.75 18.6947 -24.9144
      vertex 20.75 17.4118 -24.6593
    endloop
  endfacet
  facet normal 0 0.980798 0.195028
    outer loop
      vertex 14.75 10.3407 -17.5882
      vertex -14 10.0856 -16.3053
      vertex 14.75 10.0856 -16.3053
    endloop
  endfacet
  facet normal 0 0.980798 0.195028
    outer loop
      vertex -14 10.0856 -16.3053
      vertex 14.75 10.3407 -17.5882
      vertex -14 10.3407 -17.5882
    endloop
  endfacet
  facet normal 0 0.980798 0.195028
    outer loop
      vertex 201 10.3407 -17.5882
      vertex 179.75 10.0856 -16.3053
      vertex 201 10.0856 -16.3053
    endloop
  endfacet
  facet normal 0 0.980798 0.195028
    outer loop
      vertex 179.75 10.0856 -16.3053
      vertex 201 10.3407 -17.5882
      vertex 179.75 10.3407 -17.5882
    endloop
  endfacet
  facet normal 0 0.980798 0.195028
    outer loop
      vertex 173.75 10.3407 -17.5882
      vertex 170.237 10.0856 -16.3053
      vertex 173.75 10.0856 -16.3053
    endloop
  endfacet
  facet normal 3.01622e-05 0.980782 0.195108
    outer loop
      vertex 170.237 10.0856 -16.3053
      vertex 173.75 10.3407 -17.5882
      vertex 170.036 10.1314 -16.5355
    endloop
  endfacet
  facet normal -2.53097e-05 0.980819 0.194919
    outer loop
      vertex 170.036 10.1314 -16.5355
      vertex 173.75 10.3407 -17.5882
      vertex 169.544 10.2171 -16.9668
    endloop
  endfacet
  facet normal 1.2267e-05 0.980771 0.195164
    outer loop
      vertex 169.544 10.2171 -16.9668
      vertex 173.75 10.3407 -17.5882
      vertex 169 10.2894 -17.3301
    endloop
  endfacet
  facet normal 0 0.980814 0.194947
    outer loop
      vertex 169 10.2894 -17.3301
      vertex 173.75 10.3407 -17.5882
      vertex 168.477 10.3407 -17.5882
    endloop
  endfacet
  facet normal -3.01622e-05 0.980782 0.195108
    outer loop
      vertex 153.25 10.3407 -17.5882
      vertex 156.763 10.0856 -16.3053
      vertex 156.964 10.1314 -16.5355
    endloop
  endfacet
  facet normal 2.53097e-05 0.980819 0.194919
    outer loop
      vertex 153.25 10.3407 -17.5882
      vertex 156.964 10.1314 -16.5355
      vertex 157.456 10.2171 -16.9668
    endloop
  endfacet
  facet normal -1.2267e-05 0.980771 0.195164
    outer loop
      vertex 153.25 10.3407 -17.5882
      vertex 157.456 10.2171 -16.9668
      vertex 158 10.2894 -17.3301
    endloop
  endfacet
  facet normal -0 0.980814 0.194947
    outer loop
      vertex 153.25 10.3407 -17.5882
      vertex 158 10.2894 -17.3301
      vertex 158.523 10.3407 -17.5882
    endloop
  endfacet
  facet normal 0 0.980798 0.195028
    outer loop
      vertex 156.763 10.0856 -16.3053
      vertex 153.25 10.3407 -17.5882
      vertex 153.25 10.0856 -16.3053
    endloop
  endfacet
  facet normal 0 0.980798 0.195028
    outer loop
      vertex 147.25 10.3407 -17.5882
      vertex 143.737 10.0856 -16.3053
      vertex 147.25 10.0856 -16.3053
    endloop
  endfacet
  facet normal 3.01622e-05 0.980782 0.195108
    outer loop
      vertex 143.737 10.0856 -16.3053
      vertex 147.25 10.3407 -17.5882
      vertex 143.536 10.1314 -16.5355
    endloop
  endfacet
  facet normal -2.53097e-05 0.980819 0.194919
    outer loop
      vertex 143.536 10.1314 -16.5355
      vertex 147.25 10.3407 -17.5882
      vertex 143.044 10.2171 -16.9668
    endloop
  endfacet
  facet normal 1.2267e-05 0.980771 0.195164
    outer loop
      vertex 143.044 10.2171 -16.9668
      vertex 147.25 10.3407 -17.5882
      vertex 142.5 10.2894 -17.3301
    endloop
  endfacet
  facet normal 0 0.980814 0.194947
    outer loop
      vertex 142.5 10.2894 -17.3301
      vertex 147.25 10.3407 -17.5882
      vertex 141.977 10.3407 -17.5882
    endloop
  endfacet
  facet normal -3.01622e-05 0.980782 0.195108
    outer loop
      vertex 126.75 10.3407 -17.5882
      vertex 130.263 10.0856 -16.3053
      vertex 130.464 10.1314 -16.5355
    endloop
  endfacet
  facet normal 2.53097e-05 0.980819 0.194919
    outer loop
      vertex 126.75 10.3407 -17.5882
      vertex 130.464 10.1314 -16.5355
      vertex 130.956 10.2171 -16.9668
    endloop
  endfacet
  facet normal -1.2267e-05 0.980771 0.195164
    outer loop
      vertex 126.75 10.3407 -17.5882
      vertex 130.956 10.2171 -16.9668
      vertex 131.5 10.2894 -17.3301
    endloop
  endfacet
  facet normal -0 0.980814 0.194947
    outer loop
      vertex 126.75 10.3407 -17.5882
      vertex 131.5 10.2894 -17.3301
      vertex 132.023 10.3407 -17.5882
    endloop
  endfacet
  facet normal 0 0.980798 0.195028
    outer loop
      vertex 130.263 10.0856 -16.3053
      vertex 126.75 10.3407 -17.5882
      vertex 126.75 10.0856 -16.3053
    endloop
  endfacet
  facet normal 0 0.980798 0.195028
    outer loop
      vertex 120.75 10.3407 -17.5882
      vertex 117.237 10.0856 -16.3053
      vertex 120.75 10.0856 -16.3053
    endloop
  endfacet
  facet normal 3.01622e-05 0.980782 0.195108
    outer loop
      vertex 117.237 10.0856 -16.3053
      vertex 120.75 10.3407 -17.5882
      vertex 117.036 10.1314 -16.5355
    endloop
  endfacet
  facet normal -2.53097e-05 0.980819 0.194919
    outer loop
      vertex 117.036 10.1314 -16.5355
      vertex 120.75 10.3407 -17.5882
      vertex 116.544 10.2171 -16.9668
    endloop
  endfacet
  facet normal 1.2267e-05 0.980771 0.195164
    outer loop
      vertex 116.544 10.2171 -16.9668
      vertex 120.75 10.3407 -17.5882
      vertex 116 10.2894 -17.3301
    endloop
  endfacet
  facet normal 0 0.980814 0.194947
    outer loop
      vertex 116 10.2894 -17.3301
      vertex 120.75 10.3407 -17.5882
      vertex 115.477 10.3407 -17.5882
    endloop
  endfacet
  facet normal -3.01622e-05 0.980782 0.195108
    outer loop
      vertex 100.25 10.3407 -17.5882
      vertex 103.763 10.0856 -16.3053
      vertex 103.964 10.1314 -16.5355
    endloop
  endfacet
  facet normal 2.53097e-05 0.980819 0.194919
    outer loop
      vertex 100.25 10.3407 -17.5882
      vertex 103.964 10.1314 -16.5355
      vertex 104.456 10.2171 -16.9668
    endloop
  endfacet
  facet normal -1.2267e-05 0.980771 0.195164
    outer loop
      vertex 100.25 10.3407 -17.5882
      vertex 104.456 10.2171 -16.9668
      vertex 105 10.2894 -17.3301
    endloop
  endfacet
  facet normal -0 0.980814 0.194947
    outer loop
      vertex 100.25 10.3407 -17.5882
      vertex 105 10.2894 -17.3301
      vertex 105.523 10.3407 -17.5882
    endloop
  endfacet
  facet normal 0 0.980798 0.195028
    outer loop
      vertex 103.763 10.0856 -16.3053
      vertex 100.25 10.3407 -17.5882
      vertex 100.25 10.0856 -16.3053
    endloop
  endfacet
  facet normal 0 0.980798 0.195028
    outer loop
      vertex 94.25 10.3407 -17.5882
      vertex 90.7375 10.0856 -16.3053
      vertex 94.25 10.0856 -16.3053
    endloop
  endfacet
  facet normal 3.01292e-05 0.980782 0.195107
    outer loop
      vertex 90.7375 10.0856 -16.3053
      vertex 94.25 10.3407 -17.5882
      vertex 90.5355 10.1314 -16.5355
    endloop
  endfacet
  facet normal -2.53109e-05 0.980819 0.194919
    outer loop
      vertex 90.5355 10.1314 -16.5355
      vertex 94.25 10.3407 -17.5882
      vertex 90.0438 10.2171 -16.9668
    endloop
  endfacet
  facet normal 1.22673e-05 0.980771 0.195164
    outer loop
      vertex 90.0438 10.2171 -16.9668
      vertex 94.25 10.3407 -17.5882
      vertex 89.5 10.2894 -17.3301
    endloop
  endfacet
  facet normal 0 0.980814 0.194947
    outer loop
      vertex 89.5 10.2894 -17.3301
      vertex 94.25 10.3407 -17.5882
      vertex 88.9767 10.3407 -17.5882
    endloop
  endfacet
  facet normal -3.01292e-05 0.980782 0.195107
    outer loop
      vertex 73.75 10.3407 -17.5882
      vertex 77.2625 10.0856 -16.3053
      vertex 77.4645 10.1314 -16.5355
    endloop
  endfacet
  facet normal 2.53109e-05 0.980819 0.194919
    outer loop
      vertex 73.75 10.3407 -17.5882
      vertex 77.4645 10.1314 -16.5355
      vertex 77.9562 10.2171 -16.9668
    endloop
  endfacet
  facet normal -1.22673e-05 0.980771 0.195164
    outer loop
      vertex 73.75 10.3407 -17.5882
      vertex 77.9562 10.2171 -16.9668
      vertex 78.5 10.2894 -17.3301
    endloop
  endfacet
  facet normal -0 0.980814 0.194947
    outer loop
      vertex 73.75 10.3407 -17.5882
      vertex 78.5 10.2894 -17.3301
      vertex 79.0233 10.3407 -17.5882
    endloop
  endfacet
  facet normal 0 0.980798 0.195028
    outer loop
      vertex 77.2625 10.0856 -16.3053
      vertex 73.75 10.3407 -17.5882
      vertex 73.75 10.0856 -16.3053
    endloop
  endfacet
  facet normal 0 0.980798 0.195028
    outer loop
      vertex 67.75 10.3407 -17.5882
      vertex 64.2375 10.0856 -16.3053
      vertex 67.75 10.0856 -16.3053
    endloop
  endfacet
  facet normal 3.01292e-05 0.980782 0.195107
    outer loop
      vertex 64.2375 10.0856 -16.3053
      vertex 67.75 10.3407 -17.5882
      vertex 64.0355 10.1314 -16.5355
    endloop
  endfacet
  facet normal -2.53109e-05 0.980819 0.194919
    outer loop
      vertex 64.0355 10.1314 -16.5355
      vertex 67.75 10.3407 -17.5882
      vertex 63.5438 10.2171 -16.9668
    endloop
  endfacet
  facet normal 1.22673e-05 0.980771 0.195164
    outer loop
      vertex 63.5438 10.2171 -16.9668
      vertex 67.75 10.3407 -17.5882
      vertex 63 10.2894 -17.3301
    endloop
  endfacet
  facet normal 0 0.980814 0.194947
    outer loop
      vertex 63 10.2894 -17.3301
      vertex 67.75 10.3407 -17.5882
      vertex 62.4767 10.3407 -17.5882
    endloop
  endfacet
  facet normal -3.01292e-05 0.980782 0.195107
    outer loop
      vertex 47.25 10.3407 -17.5882
      vertex 50.7625 10.0856 -16.3053
      vertex 50.9645 10.1314 -16.5355
    endloop
  endfacet
  facet normal 2.53109e-05 0.980819 0.194919
    outer loop
      vertex 47.25 10.3407 -17.5882
      vertex 50.9645 10.1314 -16.5355
      vertex 51.4562 10.2171 -16.9668
    endloop
  endfacet
  facet normal -1.22673e-05 0.980771 0.195164
    outer loop
      vertex 47.25 10.3407 -17.5882
      vertex 51.4562 10.2171 -16.9668
      vertex 52 10.2894 -17.3301
    endloop
  endfacet
  facet normal -0 0.980814 0.194947
    outer loop
      vertex 47.25 10.3407 -17.5882
      vertex 52 10.2894 -17.3301
      vertex 52.5233 10.3407 -17.5882
    endloop
  endfacet
  facet normal 0 0.980798 0.195028
    outer loop
      vertex 50.7625 10.0856 -16.3053
      vertex 47.25 10.3407 -17.5882
      vertex 47.25 10.0856 -16.3053
    endloop
  endfacet
  facet normal 0 0.980798 0.195028
    outer loop
      vertex 41.25 10.3407 -17.5882
      vertex 37.7375 10.0856 -16.3053
      vertex 41.25 10.0856 -16.3053
    endloop
  endfacet
  facet normal 3.01292e-05 0.980782 0.195107
    outer loop
      vertex 37.7375 10.0856 -16.3053
      vertex 41.25 10.3407 -17.5882
      vertex 37.5355 10.1314 -16.5355
    endloop
  endfacet
  facet normal -2.53109e-05 0.980819 0.194919
    outer loop
      vertex 37.5355 10.1314 -16.5355
      vertex 41.25 10.3407 -17.5882
      vertex 37.0438 10.2171 -16.9668
    endloop
  endfacet
  facet normal 1.22673e-05 0.980771 0.195164
    outer loop
      vertex 37.0438 10.2171 -16.9668
      vertex 41.25 10.3407 -17.5882
      vertex 36.5 10.2894 -17.3301
    endloop
  endfacet
  facet normal 0 0.980814 0.194947
    outer loop
      vertex 36.5 10.2894 -17.3301
      vertex 41.25 10.3407 -17.5882
      vertex 35.9767 10.3407 -17.5882
    endloop
  endfacet
  facet normal -3.01292e-05 0.980782 0.195107
    outer loop
      vertex 20.75 10.3407 -17.5882
      vertex 24.2625 10.0856 -16.3053
      vertex 24.4645 10.1314 -16.5355
    endloop
  endfacet
  facet normal 2.53109e-05 0.980819 0.194919
    outer loop
      vertex 20.75 10.3407 -17.5882
      vertex 24.4645 10.1314 -16.5355
      vertex 24.9562 10.2171 -16.9668
    endloop
  endfacet
  facet normal -1.22673e-05 0.980771 0.195164
    outer loop
      vertex 20.75 10.3407 -17.5882
      vertex 24.9562 10.2171 -16.9668
      vertex 25.5 10.2894 -17.3301
    endloop
  endfacet
  facet normal -0 0.980814 0.194947
    outer loop
      vertex 20.75 10.3407 -17.5882
      vertex 25.5 10.2894 -17.3301
      vertex 26.0233 10.3407 -17.5882
    endloop
  endfacet
  facet normal 0 0.980798 0.195028
    outer loop
      vertex 24.2625 10.0856 -16.3053
      vertex 20.75 10.3407 -17.5882
      vertex 20.75 10.0856 -16.3053
    endloop
  endfacet
  facet normal -0 0.555617 0.831438
    outer loop
      vertex -14 15 -23.6603
      vertex 14.75 13.9124 -22.9335
      vertex 14.75 15 -23.6603
    endloop
  endfacet
  facet normal 0 0.555617 0.831438
    outer loop
      vertex 14.75 13.9124 -22.9335
      vertex -14 15 -23.6603
      vertex -14 13.9124 -22.9335
    endloop
  endfacet
  facet normal -0 0.555617 0.831438
    outer loop
      vertex 179.75 15 -23.6603
      vertex 201 13.9124 -22.9335
      vertex 201 15 -23.6603
    endloop
  endfacet
  facet normal 0 0.555617 0.831438
    outer loop
      vertex 201 13.9124 -22.9335
      vertex 179.75 15 -23.6603
      vertex 179.75 13.9124 -22.9335
    endloop
  endfacet
  facet normal -0 0.555617 0.831438
    outer loop
      vertex 153.25 15 -23.6603
      vertex 173.75 13.9124 -22.9335
      vertex 173.75 15 -23.6603
    endloop
  endfacet
  facet normal 0 0.555617 0.831438
    outer loop
      vertex 173.75 13.9124 -22.9335
      vertex 153.25 15 -23.6603
      vertex 153.25 13.9124 -22.9335
    endloop
  endfacet
  facet normal -0 0.555617 0.831438
    outer loop
      vertex 126.75 15 -23.6603
      vertex 147.25 13.9124 -22.9335
      vertex 147.25 15 -23.6603
    endloop
  endfacet
  facet normal 0 0.555617 0.831438
    outer loop
      vertex 147.25 13.9124 -22.9335
      vertex 126.75 15 -23.6603
      vertex 126.75 13.9124 -22.9335
    endloop
  endfacet
  facet normal -0 0.555617 0.831438
    outer loop
      vertex 100.25 15 -23.6603
      vertex 120.75 13.9124 -22.9335
      vertex 120.75 15 -23.6603
    endloop
  endfacet
  facet normal 0 0.555617 0.831438
    outer loop
      vertex 120.75 13.9124 -22.9335
      vertex 100.25 15 -23.6603
      vertex 100.25 13.9124 -22.9335
    endloop
  endfacet
  facet normal -0 0.555617 0.831438
    outer loop
      vertex 73.75 15 -23.6603
      vertex 94.25 13.9124 -22.9335
      vertex 94.25 15 -23.6603
    endloop
  endfacet
  facet normal 0 0.555617 0.831438
    outer loop
      vertex 94.25 13.9124 -22.9335
      vertex 73.75 15 -23.6603
      vertex 73.75 13.9124 -22.9335
    endloop
  endfacet
  facet normal -0 0.555617 0.831438
    outer loop
      vertex 47.25 15 -23.6603
      vertex 67.75 13.9124 -22.9335
      vertex 67.75 15 -23.6603
    endloop
  endfacet
  facet normal 0 0.555617 0.831438
    outer loop
      vertex 67.75 13.9124 -22.9335
      vertex 47.25 15 -23.6603
      vertex 47.25 13.9124 -22.9335
    endloop
  endfacet
  facet normal -0 0.555617 0.831438
    outer loop
      vertex 20.75 15 -23.6603
      vertex 41.25 13.9124 -22.9335
      vertex 41.25 15 -23.6603
    endloop
  endfacet
  facet normal 0 0.555617 0.831438
    outer loop
      vertex 41.25 13.9124 -22.9335
      vertex 20.75 15 -23.6603
      vertex 20.75 13.9124 -22.9335
    endloop
  endfacet
  facet normal -0 0.0654382 0.997857
    outer loop
      vertex -14 20 -25
      vertex 14.75 18.6947 -24.9144
      vertex 14.75 20 -25
    endloop
  endfacet
  facet normal 0 0.0654382 0.997857
    outer loop
      vertex 14.75 18.6947 -24.9144
      vertex -14 20 -25
      vertex -14 18.6947 -24.9144
    endloop
  endfacet
  facet normal -0 0.0654382 0.997857
    outer loop
      vertex 179.75 20 -25
      vertex 201 18.6947 -24.9144
      vertex 201 20 -25
    endloop
  endfacet
  facet normal 0 0.0654382 0.997857
    outer loop
      vertex 201 18.6947 -24.9144
      vertex 179.75 20 -25
      vertex 179.75 18.6947 -24.9144
    endloop
  endfacet
  facet normal 0 0.0653599 0.997862
    outer loop
      vertex 157.149 20 -25
      vertex 153.25 20 -25
      vertex 157.111 19 -24.9345
    endloop
  endfacet
  facet normal -0 0.0654382 0.997857
    outer loop
      vertex 164.077 20 -25
      vertex 173.75 18.6947 -24.9144
      vertex 173.75 20 -25
    endloop
  endfacet
  facet normal -1.05572e-05 0.0653603 0.997862
    outer loop
      vertex 164.04 19 -24.9345
      vertex 173.75 18.6947 -24.9144
      vertex 164.077 20 -25
    endloop
  endfacet
  facet normal 0 0.0656947 0.99784
    outer loop
      vertex 153.25 18.6947 -24.9144
      vertex 164.04 19 -24.9345
      vertex 157.111 19 -24.9345
    endloop
  endfacet
  facet normal 0 0.0656947 0.99784
    outer loop
      vertex 164.04 19 -24.9345
      vertex 153.25 18.6947 -24.9144
      vertex 173.75 18.6947 -24.9144
    endloop
  endfacet
  facet normal 2.0364e-05 0.0654382 0.997857
    outer loop
      vertex 153.25 18.6947 -24.9144
      vertex 157.111 19 -24.9345
      vertex 153.25 20 -25
    endloop
  endfacet
  facet normal -0 0.0654382 0.997857
    outer loop
      vertex 140.118 20 -25
      vertex 147.25 18.6947 -24.9144
      vertex 147.25 20 -25
    endloop
  endfacet
  facet normal -0 0.0654382 0.997857
    outer loop
      vertex 133.882 20 -25
      vertex 147.25 18.6947 -24.9144
      vertex 140.118 20 -25
    endloop
  endfacet
  facet normal 0 0.0654382 0.997857
    outer loop
      vertex 126.75 18.6947 -24.9144
      vertex 133.882 20 -25
      vertex 126.75 20 -25
    endloop
  endfacet
  facet normal 0 0.0654382 0.997857
    outer loop
      vertex 133.882 20 -25
      vertex 126.75 18.6947 -24.9144
      vertex 147.25 18.6947 -24.9144
    endloop
  endfacet
  facet normal 0 0.0653599 0.997862
    outer loop
      vertex 104.149 20 -25
      vertex 100.25 20 -25
      vertex 104.111 19 -24.9345
    endloop
  endfacet
  facet normal -0 0.0654382 0.997857
    outer loop
      vertex 111.077 20 -25
      vertex 120.75 18.6947 -24.9144
      vertex 120.75 20 -25
    endloop
  endfacet
  facet normal -1.05572e-05 0.0653603 0.997862
    outer loop
      vertex 111.04 19 -24.9345
      vertex 120.75 18.6947 -24.9144
      vertex 111.077 20 -25
    endloop
  endfacet
  facet normal 0 0.0656947 0.99784
    outer loop
      vertex 100.25 18.6947 -24.9144
      vertex 111.04 19 -24.9345
      vertex 104.111 19 -24.9345
    endloop
  endfacet
  facet normal 0 0.0656947 0.99784
    outer loop
      vertex 111.04 19 -24.9345
      vertex 100.25 18.6947 -24.9144
      vertex 120.75 18.6947 -24.9144
    endloop
  endfacet
  facet normal 2.0364e-05 0.0654382 0.997857
    outer loop
      vertex 100.25 18.6947 -24.9144
      vertex 104.111 19 -24.9345
      vertex 100.25 20 -25
    endloop
  endfacet
  facet normal 0 0.0653599 0.997862
    outer loop
      vertex 77.6491 20 -25
      vertex 73.75 20 -25
      vertex 77.6113 19 -24.9345
    endloop
  endfacet
  facet normal -0 0.0654382 0.997857
    outer loop
      vertex 84.5774 20 -25
      vertex 94.25 18.6947 -24.9144
      vertex 94.25 20 -25
    endloop
  endfacet
  facet normal -1.05564e-05 0.0653603 0.997862
    outer loop
      vertex 84.5395 19 -24.9345
      vertex 94.25 18.6947 -24.9144
      vertex 84.5774 20 -25
    endloop
  endfacet
  facet normal 0 0.0656947 0.99784
    outer loop
      vertex 73.75 18.6947 -24.9144
      vertex 84.5395 19 -24.9345
      vertex 77.6113 19 -24.9345
    endloop
  endfacet
  facet normal 0 0.0656947 0.99784
    outer loop
      vertex 84.5395 19 -24.9345
      vertex 73.75 18.6947 -24.9144
      vertex 94.25 18.6947 -24.9144
    endloop
  endfacet
  facet normal 2.03624e-05 0.0654382 0.997857
    outer loop
      vertex 73.75 18.6947 -24.9144
      vertex 77.6113 19 -24.9345
      vertex 73.75 20 -25
    endloop
  endfacet
  facet normal 0 0.0653599 0.997862
    outer loop
      vertex 51.1491 20 -25
      vertex 47.25 20 -25
      vertex 51.1113 19 -24.9345
    endloop
  endfacet
  facet normal -0 0.0654382 0.997857
    outer loop
      vertex 58.0774 20 -25
      vertex 67.75 18.6947 -24.9144
      vertex 67.75 20 -25
    endloop
  endfacet
  facet normal -1.05564e-05 0.0653603 0.997862
    outer loop
      vertex 58.0395 19 -24.9345
      vertex 67.75 18.6947 -24.9144
      vertex 58.0774 20 -25
    endloop
  endfacet
  facet normal 0 0.0656947 0.99784
    outer loop
      vertex 47.25 18.6947 -24.9144
      vertex 58.0395 19 -24.9345
      vertex 51.1113 19 -24.9345
    endloop
  endfacet
  facet normal 0 0.0656947 0.99784
    outer loop
      vertex 58.0395 19 -24.9345
      vertex 47.25 18.6947 -24.9144
      vertex 67.75 18.6947 -24.9144
    endloop
  endfacet
  facet normal 2.03624e-05 0.0654382 0.997857
    outer loop
      vertex 47.25 18.6947 -24.9144
      vertex 51.1113 19 -24.9345
      vertex 47.25 20 -25
    endloop
  endfacet
  facet normal -0 0.0654382 0.997857
    outer loop
      vertex 20.75 20 -25
      vertex 41.25 18.6947 -24.9144
      vertex 41.25 20 -25
    endloop
  endfacet
  facet normal 0 0.0654382 0.997857
    outer loop
      vertex 41.25 18.6947 -24.9144
      vertex 20.75 20 -25
      vertex 20.75 18.6947 -24.9144
    endloop
  endfacet
  facet normal 0 0.831438 0.555617
    outer loop
      vertex 14.75 12.0665 -21.0876
      vertex -14 11.3397 -20
      vertex 14.75 11.3397 -20
    endloop
  endfacet
  facet normal 0 0.831438 0.555617
    outer loop
      vertex -14 11.3397 -20
      vertex 14.75 12.0665 -21.0876
      vertex -14 12.0665 -21.0876
    endloop
  endfacet
  facet normal 0 0.831438 0.555617
    outer loop
      vertex 201 12.0665 -21.0876
      vertex 179.75 11.3397 -20
      vertex 201 11.3397 -20
    endloop
  endfacet
  facet normal 0 0.831438 0.555617
    outer loop
      vertex 179.75 11.3397 -20
      vertex 201 12.0665 -21.0876
      vertex 179.75 12.0665 -21.0876
    endloop
  endfacet
  facet normal 0 0.831438 0.555617
    outer loop
      vertex 173.75 12.0665 -21.0876
      vertex 153.25 11.3397 -20
      vertex 173.75 11.3397 -20
    endloop
  endfacet
  facet normal 0 0.831438 0.555617
    outer loop
      vertex 153.25 11.3397 -20
      vertex 173.75 12.0665 -21.0876
      vertex 153.25 12.0665 -21.0876
    endloop
  endfacet
  facet normal 0 0.831438 0.555617
    outer loop
      vertex 147.25 12.0665 -21.0876
      vertex 126.75 11.3397 -20
      vertex 147.25 11.3397 -20
    endloop
  endfacet
  facet normal 0 0.831438 0.555617
    outer loop
      vertex 126.75 11.3397 -20
      vertex 147.25 12.0665 -21.0876
      vertex 126.75 12.0665 -21.0876
    endloop
  endfacet
  facet normal 0 0.831438 0.555617
    outer loop
      vertex 120.75 12.0665 -21.0876
      vertex 100.25 11.3397 -20
      vertex 120.75 11.3397 -20
    endloop
  endfacet
  facet normal 0 0.831438 0.555617
    outer loop
      vertex 100.25 11.3397 -20
      vertex 120.75 12.0665 -21.0876
      vertex 100.25 12.0665 -21.0876
    endloop
  endfacet
  facet normal 0 0.831438 0.555617
    outer loop
      vertex 94.25 12.0665 -21.0876
      vertex 73.75 11.3397 -20
      vertex 94.25 11.3397 -20
    endloop
  endfacet
  facet normal 0 0.831438 0.555617
    outer loop
      vertex 73.75 11.3397 -20
      vertex 94.25 12.0665 -21.0876
      vertex 73.75 12.0665 -21.0876
    endloop
  endfacet
  facet normal 0 0.831438 0.555617
    outer loop
      vertex 67.75 12.0665 -21.0876
      vertex 47.25 11.3397 -20
      vertex 67.75 11.3397 -20
    endloop
  endfacet
  facet normal 0 0.831438 0.555617
    outer loop
      vertex 47.25 11.3397 -20
      vertex 67.75 12.0665 -21.0876
      vertex 47.25 12.0665 -21.0876
    endloop
  endfacet
  facet normal 0 0.831438 0.555617
    outer loop
      vertex 41.25 12.0665 -21.0876
      vertex 20.75 11.3397 -20
      vertex 41.25 11.3397 -20
    endloop
  endfacet
  facet normal 0 0.831438 0.555617
    outer loop
      vertex 20.75 11.3397 -20
      vertex 41.25 12.0665 -21.0876
      vertex 20.75 12.0665 -21.0876
    endloop
  endfacet
  facet normal -0 0.442253 0.89689
    outer loop
      vertex -14 16.1732 -24.2388
      vertex 14.75 15 -23.6603
      vertex 14.75 16.1732 -24.2388
    endloop
  endfacet
  facet normal 0 0.442253 0.89689
    outer loop
      vertex 14.75 15 -23.6603
      vertex -14 16.1732 -24.2388
      vertex -14 15 -23.6603
    endloop
  endfacet
  facet normal -0 0.442253 0.89689
    outer loop
      vertex 179.75 16.1732 -24.2388
      vertex 201 15 -23.6603
      vertex 201 16.1732 -24.2388
    endloop
  endfacet
  facet normal 0 0.442253 0.89689
    outer loop
      vertex 201 15 -23.6603
      vertex 179.75 16.1732 -24.2388
      vertex 179.75 15 -23.6603
    endloop
  endfacet
  facet normal -0 0.442253 0.89689
    outer loop
      vertex 153.25 16.1732 -24.2388
      vertex 173.75 15 -23.6603
      vertex 173.75 16.1732 -24.2388
    endloop
  endfacet
  facet normal 0 0.442253 0.89689
    outer loop
      vertex 173.75 15 -23.6603
      vertex 153.25 16.1732 -24.2388
      vertex 153.25 15 -23.6603
    endloop
  endfacet
  facet normal -0 0.442253 0.89689
    outer loop
      vertex 126.75 16.1732 -24.2388
      vertex 147.25 15 -23.6603
      vertex 147.25 16.1732 -24.2388
    endloop
  endfacet
  facet normal 0 0.442253 0.89689
    outer loop
      vertex 147.25 15 -23.6603
      vertex 126.75 16.1732 -24.2388
      vertex 126.75 15 -23.6603
    endloop
  endfacet
  facet normal -0 0.442253 0.89689
    outer loop
      vertex 100.25 16.1732 -24.2388
      vertex 120.75 15 -23.6603
      vertex 120.75 16.1732 -24.2388
    endloop
  endfacet
  facet normal 0 0.442253 0.89689
    outer loop
      vertex 120.75 15 -23.6603
      vertex 100.25 16.1732 -24.2388
      vertex 100.25 15 -23.6603
    endloop
  endfacet
  facet normal -0 0.442253 0.89689
    outer loop
      vertex 73.75 16.1732 -24.2388
      vertex 94.25 15 -23.6603
      vertex 94.25 16.1732 -24.2388
    endloop
  endfacet
  facet normal 0 0.442253 0.89689
    outer loop
      vertex 94.25 15 -23.6603
      vertex 73.75 16.1732 -24.2388
      vertex 73.75 15 -23.6603
    endloop
  endfacet
  facet normal -0 0.442253 0.89689
    outer loop
      vertex 47.25 16.1732 -24.2388
      vertex 67.75 15 -23.6603
      vertex 67.75 16.1732 -24.2388
    endloop
  endfacet
  facet normal 0 0.442253 0.89689
    outer loop
      vertex 67.75 15 -23.6603
      vertex 47.25 16.1732 -24.2388
      vertex 47.25 15 -23.6603
    endloop
  endfacet
  facet normal -0 0.442253 0.89689
    outer loop
      vertex 20.75 16.1732 -24.2388
      vertex 41.25 15 -23.6603
      vertex 41.25 16.1732 -24.2388
    endloop
  endfacet
  facet normal 0 0.442253 0.89689
    outer loop
      vertex 41.25 15 -23.6603
      vertex 20.75 16.1732 -24.2388
      vertex 20.75 15 -23.6603
    endloop
  endfacet
  facet normal -0 0.6593 0.75188
    outer loop
      vertex -14 13.9124 -22.9335
      vertex 14.75 12.9289 -22.0711
      vertex 14.75 13.9124 -22.9335
    endloop
  endfacet
  facet normal 0 0.6593 0.75188
    outer loop
      vertex 14.75 12.9289 -22.0711
      vertex -14 13.9124 -22.9335
      vertex -14 12.9289 -22.0711
    endloop
  endfacet
  facet normal -0 0.6593 0.75188
    outer loop
      vertex 179.75 13.9124 -22.9335
      vertex 201 12.9289 -22.0711
      vertex 201 13.9124 -22.9335
    endloop
  endfacet
  facet normal 0 0.6593 0.75188
    outer loop
      vertex 201 12.9289 -22.0711
      vertex 179.75 13.9124 -22.9335
      vertex 179.75 12.9289 -22.0711
    endloop
  endfacet
  facet normal -0 0.6593 0.75188
    outer loop
      vertex 153.25 13.9124 -22.9335
      vertex 173.75 12.9289 -22.0711
      vertex 173.75 13.9124 -22.9335
    endloop
  endfacet
  facet normal 0 0.6593 0.75188
    outer loop
      vertex 173.75 12.9289 -22.0711
      vertex 153.25 13.9124 -22.9335
      vertex 153.25 12.9289 -22.0711
    endloop
  endfacet
  facet normal -0 0.6593 0.75188
    outer loop
      vertex 126.75 13.9124 -22.9335
      vertex 147.25 12.9289 -22.0711
      vertex 147.25 13.9124 -22.9335
    endloop
  endfacet
  facet normal 0 0.6593 0.75188
    outer loop
      vertex 147.25 12.9289 -22.0711
      vertex 126.75 13.9124 -22.9335
      vertex 126.75 12.9289 -22.0711
    endloop
  endfacet
  facet normal -0 0.6593 0.75188
    outer loop
      vertex 100.25 13.9124 -22.9335
      vertex 120.75 12.9289 -22.0711
      vertex 120.75 13.9124 -22.9335
    endloop
  endfacet
  facet normal 0 0.6593 0.75188
    outer loop
      vertex 120.75 12.9289 -22.0711
      vertex 100.25 13.9124 -22.9335
      vertex 100.25 12.9289 -22.0711
    endloop
  endfacet
  facet normal -0 0.6593 0.75188
    outer loop
      vertex 73.75 13.9124 -22.9335
      vertex 94.25 12.9289 -22.0711
      vertex 94.25 13.9124 -22.9335
    endloop
  endfacet
  facet normal 0 0.6593 0.75188
    outer loop
      vertex 94.25 12.9289 -22.0711
      vertex 73.75 13.9124 -22.9335
      vertex 73.75 12.9289 -22.0711
    endloop
  endfacet
  facet normal -0 0.6593 0.75188
    outer loop
      vertex 47.25 13.9124 -22.9335
      vertex 67.75 12.9289 -22.0711
      vertex 67.75 13.9124 -22.9335
    endloop
  endfacet
  facet normal 0 0.6593 0.75188
    outer loop
      vertex 67.75 12.9289 -22.0711
      vertex 47.25 13.9124 -22.9335
      vertex 47.25 12.9289 -22.0711
    endloop
  endfacet
  facet normal -0 0.6593 0.75188
    outer loop
      vertex 20.75 13.9124 -22.9335
      vertex 41.25 12.9289 -22.0711
      vertex 41.25 13.9124 -22.9335
    endloop
  endfacet
  facet normal 0 0.6593 0.75188
    outer loop
      vertex 41.25 12.9289 -22.0711
      vertex 20.75 13.9124 -22.9335
      vertex 20.75 12.9289 -22.0711
    endloop
  endfacet
  facet normal 0 0.75188 0.6593
    outer loop
      vertex 14.75 12.9289 -22.0711
      vertex -14 12.0665 -21.0876
      vertex 14.75 12.0665 -21.0876
    endloop
  endfacet
  facet normal 0 0.75188 0.6593
    outer loop
      vertex -14 12.0665 -21.0876
      vertex 14.75 12.9289 -22.0711
      vertex -14 12.9289 -22.0711
    endloop
  endfacet
  facet normal 0 0.75188 0.6593
    outer loop
      vertex 201 12.9289 -22.0711
      vertex 179.75 12.0665 -21.0876
      vertex 201 12.0665 -21.0876
    endloop
  endfacet
  facet normal 0 0.75188 0.6593
    outer loop
      vertex 179.75 12.0665 -21.0876
      vertex 201 12.9289 -22.0711
      vertex 179.75 12.9289 -22.0711
    endloop
  endfacet
  facet normal 0 0.75188 0.6593
    outer loop
      vertex 173.75 12.9289 -22.0711
      vertex 153.25 12.0665 -21.0876
      vertex 173.75 12.0665 -21.0876
    endloop
  endfacet
  facet normal 0 0.75188 0.6593
    outer loop
      vertex 153.25 12.0665 -21.0876
      vertex 173.75 12.9289 -22.0711
      vertex 153.25 12.9289 -22.0711
    endloop
  endfacet
  facet normal 0 0.75188 0.6593
    outer loop
      vertex 147.25 12.9289 -22.0711
      vertex 126.75 12.0665 -21.0876
      vertex 147.25 12.0665 -21.0876
    endloop
  endfacet
  facet normal 0 0.75188 0.6593
    outer loop
      vertex 126.75 12.0665 -21.0876
      vertex 147.25 12.9289 -22.0711
      vertex 126.75 12.9289 -22.0711
    endloop
  endfacet
  facet normal 0 0.75188 0.6593
    outer loop
      vertex 120.75 12.9289 -22.0711
      vertex 100.25 12.0665 -21.0876
      vertex 120.75 12.0665 -21.0876
    endloop
  endfacet
  facet normal 0 0.75188 0.6593
    outer loop
      vertex 100.25 12.0665 -21.0876
      vertex 120.75 12.9289 -22.0711
      vertex 100.25 12.9289 -22.0711
    endloop
  endfacet
  facet normal 0 0.75188 0.6593
    outer loop
      vertex 94.25 12.9289 -22.0711
      vertex 73.75 12.0665 -21.0876
      vertex 94.25 12.0665 -21.0876
    endloop
  endfacet
  facet normal 0 0.75188 0.6593
    outer loop
      vertex 73.75 12.0665 -21.0876
      vertex 94.25 12.9289 -22.0711
      vertex 73.75 12.9289 -22.0711
    endloop
  endfacet
  facet normal 0 0.75188 0.6593
    outer loop
      vertex 67.75 12.9289 -22.0711
      vertex 47.25 12.0665 -21.0876
      vertex 67.75 12.0665 -21.0876
    endloop
  endfacet
  facet normal 0 0.75188 0.6593
    outer loop
      vertex 47.25 12.0665 -21.0876
      vertex 67.75 12.9289 -22.0711
      vertex 47.25 12.9289 -22.0711
    endloop
  endfacet
  facet normal 0 0.75188 0.6593
    outer loop
      vertex 41.25 12.9289 -22.0711
      vertex 20.75 12.0665 -21.0876
      vertex 41.25 12.0665 -21.0876
    endloop
  endfacet
  facet normal 0 0.75188 0.6593
    outer loop
      vertex 20.75 12.0665 -21.0876
      vertex 41.25 12.9289 -22.0711
      vertex 20.75 12.9289 -22.0711
    endloop
  endfacet
  facet normal -0 0.321475 0.946918
    outer loop
      vertex -14 17.4118 -24.6593
      vertex 14.75 16.1732 -24.2388
      vertex 14.75 17.4118 -24.6593
    endloop
  endfacet
  facet normal 0 0.321475 0.946918
    outer loop
      vertex 14.75 16.1732 -24.2388
      vertex -14 17.4118 -24.6593
      vertex -14 16.1732 -24.2388
    endloop
  endfacet
  facet normal -0 0.321475 0.946918
    outer loop
      vertex 179.75 17.4118 -24.6593
      vertex 201 16.1732 -24.2388
      vertex 201 17.4118 -24.6593
    endloop
  endfacet
  facet normal 0 0.321475 0.946918
    outer loop
      vertex 201 16.1732 -24.2388
      vertex 179.75 17.4118 -24.6593
      vertex 179.75 16.1732 -24.2388
    endloop
  endfacet
  facet normal -0 0.321475 0.946918
    outer loop
      vertex 153.25 17.4118 -24.6593
      vertex 173.75 16.1732 -24.2388
      vertex 173.75 17.4118 -24.6593
    endloop
  endfacet
  facet normal 0 0.321475 0.946918
    outer loop
      vertex 173.75 16.1732 -24.2388
      vertex 153.25 17.4118 -24.6593
      vertex 153.25 16.1732 -24.2388
    endloop
  endfacet
  facet normal -0 0.321475 0.946918
    outer loop
      vertex 126.75 17.4118 -24.6593
      vertex 147.25 16.1732 -24.2388
      vertex 147.25 17.4118 -24.6593
    endloop
  endfacet
  facet normal 0 0.321475 0.946918
    outer loop
      vertex 147.25 16.1732 -24.2388
      vertex 126.75 17.4118 -24.6593
      vertex 126.75 16.1732 -24.2388
    endloop
  endfacet
  facet normal -0 0.321475 0.946918
    outer loop
      vertex 100.25 17.4118 -24.6593
      vertex 120.75 16.1732 -24.2388
      vertex 120.75 17.4118 -24.6593
    endloop
  endfacet
  facet normal 0 0.321475 0.946918
    outer loop
      vertex 120.75 16.1732 -24.2388
      vertex 100.25 17.4118 -24.6593
      vertex 100.25 16.1732 -24.2388
    endloop
  endfacet
  facet normal -0 0.321475 0.946918
    outer loop
      vertex 73.75 17.4118 -24.6593
      vertex 94.25 16.1732 -24.2388
      vertex 94.25 17.4118 -24.6593
    endloop
  endfacet
  facet normal 0 0.321475 0.946918
    outer loop
      vertex 94.25 16.1732 -24.2388
      vertex 73.75 17.4118 -24.6593
      vertex 73.75 16.1732 -24.2388
    endloop
  endfacet
  facet normal -0 0.321475 0.946918
    outer loop
      vertex 47.25 17.4118 -24.6593
      vertex 67.75 16.1732 -24.2388
      vertex 67.75 17.4118 -24.6593
    endloop
  endfacet
  facet normal 0 0.321475 0.946918
    outer loop
      vertex 67.75 16.1732 -24.2388
      vertex 47.25 17.4118 -24.6593
      vertex 47.25 16.1732 -24.2388
    endloop
  endfacet
  facet normal -0 0.321475 0.946918
    outer loop
      vertex 20.75 17.4118 -24.6593
      vertex 41.25 16.1732 -24.2388
      vertex 41.25 17.4118 -24.6593
    endloop
  endfacet
  facet normal 0 0.321475 0.946918
    outer loop
      vertex 41.25 16.1732 -24.2388
      vertex 20.75 17.4118 -24.6593
      vertex 20.75 16.1732 -24.2388
    endloop
  endfacet
  facet normal 0 0.946918 0.321475
    outer loop
      vertex 14.75 10.7612 -18.8268
      vertex -14 10.3407 -17.5882
      vertex 14.75 10.3407 -17.5882
    endloop
  endfacet
  facet normal 0 0.946918 0.321475
    outer loop
      vertex -14 10.3407 -17.5882
      vertex 14.75 10.7612 -18.8268
      vertex -14 10.7612 -18.8268
    endloop
  endfacet
  facet normal 0 0.946918 0.321475
    outer loop
      vertex 201 10.7612 -18.8268
      vertex 179.75 10.3407 -17.5882
      vertex 201 10.3407 -17.5882
    endloop
  endfacet
  facet normal 0 0.946918 0.321475
    outer loop
      vertex 179.75 10.3407 -17.5882
      vertex 201 10.7612 -18.8268
      vertex 179.75 10.7612 -18.8268
    endloop
  endfacet
  facet normal 0 0.946918 0.321475
    outer loop
      vertex 173.75 10.7612 -18.8268
      vertex 168.477 10.3407 -17.5882
      vertex 173.75 10.3407 -17.5882
    endloop
  endfacet
  facet normal 3.71309e-05 0.94687 0.321617
    outer loop
      vertex 168.477 10.3407 -17.5882
      vertex 173.75 10.7612 -18.8268
      vertex 168.413 10.3513 -17.6194
    endloop
  endfacet
  facet normal 2.40012e-05 0.946888 0.321565
    outer loop
      vertex 168.413 10.3513 -17.6194
      vertex 173.75 10.7612 -18.8268
      vertex 167.794 10.4227 -17.8296
    endloop
  endfacet
  facet normal -9.36667e-06 0.946948 0.321386
    outer loop
      vertex 167.794 10.4227 -17.8296
      vertex 173.75 10.7612 -18.8268
      vertex 167.153 10.466 -17.9572
    endloop
  endfacet
  facet normal 0 0.946916 0.32148
    outer loop
      vertex 166.5 10.4805 -18
      vertex 173.75 10.7612 -18.8268
      vertex 160.5 10.4805 -18
    endloop
  endfacet
  facet normal -2.82471e-05 0.946992 0.321258
    outer loop
      vertex 167.153 10.466 -17.9572
      vertex 173.75 10.7612 -18.8268
      vertex 166.5 10.4805 -18
    endloop
  endfacet
  facet normal -3.71309e-05 0.94687 0.321617
    outer loop
      vertex 153.25 10.7612 -18.8268
      vertex 158.523 10.3407 -17.5882
      vertex 158.587 10.3513 -17.6194
    endloop
  endfacet
  facet normal -2.40012e-05 0.946888 0.321565
    outer loop
      vertex 153.25 10.7612 -18.8268
      vertex 158.587 10.3513 -17.6194
      vertex 159.206 10.4227 -17.8296
    endloop
  endfacet
  facet normal 9.36667e-06 0.946948 0.321386
    outer loop
      vertex 153.25 10.7612 -18.8268
      vertex 159.206 10.4227 -17.8296
      vertex 159.847 10.466 -17.9572
    endloop
  endfacet
  facet normal 2.82471e-05 0.946992 0.321258
    outer loop
      vertex 153.25 10.7612 -18.8268
      vertex 159.847 10.466 -17.9572
      vertex 160.5 10.4805 -18
    endloop
  endfacet
  facet normal -0 0.946916 0.32148
    outer loop
      vertex 153.25 10.7612 -18.8268
      vertex 160.5 10.4805 -18
      vertex 173.75 10.7612 -18.8268
    endloop
  endfacet
  facet normal 0 0.946918 0.321475
    outer loop
      vertex 158.523 10.3407 -17.5882
      vertex 153.25 10.7612 -18.8268
      vertex 153.25 10.3407 -17.5882
    endloop
  endfacet
  facet normal 0 0.946918 0.321475
    outer loop
      vertex 147.25 10.7612 -18.8268
      vertex 141.977 10.3407 -17.5882
      vertex 147.25 10.3407 -17.5882
    endloop
  endfacet
  facet normal 3.71309e-05 0.94687 0.321617
    outer loop
      vertex 141.977 10.3407 -17.5882
      vertex 147.25 10.7612 -18.8268
      vertex 141.913 10.3513 -17.6194
    endloop
  endfacet
  facet normal 2.40012e-05 0.946888 0.321565
    outer loop
      vertex 141.913 10.3513 -17.6194
      vertex 147.25 10.7612 -18.8268
      vertex 141.294 10.4227 -17.8296
    endloop
  endfacet
  facet normal -9.36667e-06 0.946948 0.321386
    outer loop
      vertex 141.294 10.4227 -17.8296
      vertex 147.25 10.7612 -18.8268
      vertex 140.653 10.466 -17.9572
    endloop
  endfacet
  facet normal 0 0.946916 0.32148
    outer loop
      vertex 140 10.4805 -18
      vertex 147.25 10.7612 -18.8268
      vertex 134 10.4805 -18
    endloop
  endfacet
  facet normal -2.82471e-05 0.946992 0.321258
    outer loop
      vertex 140.653 10.466 -17.9572
      vertex 147.25 10.7612 -18.8268
      vertex 140 10.4805 -18
    endloop
  endfacet
  facet normal -3.71309e-05 0.94687 0.321617
    outer loop
      vertex 126.75 10.7612 -18.8268
      vertex 132.023 10.3407 -17.5882
      vertex 132.087 10.3513 -17.6194
    endloop
  endfacet
  facet normal -2.40012e-05 0.946888 0.321565
    outer loop
      vertex 126.75 10.7612 -18.8268
      vertex 132.087 10.3513 -17.6194
      vertex 132.706 10.4227 -17.8296
    endloop
  endfacet
  facet normal 9.36667e-06 0.946948 0.321386
    outer loop
      vertex 126.75 10.7612 -18.8268
      vertex 132.706 10.4227 -17.8296
      vertex 133.347 10.466 -17.9572
    endloop
  endfacet
  facet normal 2.82471e-05 0.946992 0.321258
    outer loop
      vertex 126.75 10.7612 -18.8268
      vertex 133.347 10.466 -17.9572
      vertex 134 10.4805 -18
    endloop
  endfacet
  facet normal -0 0.946916 0.32148
    outer loop
      vertex 126.75 10.7612 -18.8268
      vertex 134 10.4805 -18
      vertex 147.25 10.7612 -18.8268
    endloop
  endfacet
  facet normal 0 0.946918 0.321475
    outer loop
      vertex 132.023 10.3407 -17.5882
      vertex 126.75 10.7612 -18.8268
      vertex 126.75 10.3407 -17.5882
    endloop
  endfacet
  facet normal 0 0.946918 0.321475
    outer loop
      vertex 120.75 10.7612 -18.8268
      vertex 115.477 10.3407 -17.5882
      vertex 120.75 10.3407 -17.5882
    endloop
  endfacet
  facet normal 3.71309e-05 0.94687 0.321617
    outer loop
      vertex 115.477 10.3407 -17.5882
      vertex 120.75 10.7612 -18.8268
      vertex 115.413 10.3513 -17.6194
    endloop
  endfacet
  facet normal 2.40012e-05 0.946888 0.321565
    outer loop
      vertex 115.413 10.3513 -17.6194
      vertex 120.75 10.7612 -18.8268
      vertex 114.794 10.4227 -17.8296
    endloop
  endfacet
  facet normal -9.36667e-06 0.946948 0.321386
    outer loop
      vertex 114.794 10.4227 -17.8296
      vertex 120.75 10.7612 -18.8268
      vertex 114.153 10.466 -17.9572
    endloop
  endfacet
  facet normal 0 0.946916 0.32148
    outer loop
      vertex 113.5 10.4805 -18
      vertex 120.75 10.7612 -18.8268
      vertex 107.5 10.4805 -18
    endloop
  endfacet
  facet normal -2.82471e-05 0.946992 0.321258
    outer loop
      vertex 114.153 10.466 -17.9572
      vertex 120.75 10.7612 -18.8268
      vertex 113.5 10.4805 -18
    endloop
  endfacet
  facet normal -3.71309e-05 0.94687 0.321617
    outer loop
      vertex 100.25 10.7612 -18.8268
      vertex 105.523 10.3407 -17.5882
      vertex 105.587 10.3513 -17.6194
    endloop
  endfacet
  facet normal -2.40012e-05 0.946888 0.321565
    outer loop
      vertex 100.25 10.7612 -18.8268
      vertex 105.587 10.3513 -17.6194
      vertex 106.206 10.4227 -17.8296
    endloop
  endfacet
  facet normal 9.36667e-06 0.946948 0.321386
    outer loop
      vertex 100.25 10.7612 -18.8268
      vertex 106.206 10.4227 -17.8296
      vertex 106.847 10.466 -17.9572
    endloop
  endfacet
  facet normal 2.82471e-05 0.946992 0.321258
    outer loop
      vertex 100.25 10.7612 -18.8268
      vertex 106.847 10.466 -17.9572
      vertex 107.5 10.4805 -18
    endloop
  endfacet
  facet normal -0 0.946916 0.32148
    outer loop
      vertex 100.25 10.7612 -18.8268
      vertex 107.5 10.4805 -18
      vertex 120.75 10.7612 -18.8268
    endloop
  endfacet
  facet normal 0 0.946918 0.321475
    outer loop
      vertex 105.523 10.3407 -17.5882
      vertex 100.25 10.7612 -18.8268
      vertex 100.25 10.3407 -17.5882
    endloop
  endfacet
  facet normal 0 0.946918 0.321475
    outer loop
      vertex 94.25 10.7612 -18.8268
      vertex 88.9767 10.3407 -17.5882
      vertex 94.25 10.3407 -17.5882
    endloop
  endfacet
  facet normal 3.7262e-05 0.94687 0.321617
    outer loop
      vertex 88.9767 10.3407 -17.5882
      vertex 94.25 10.7612 -18.8268
      vertex 88.9134 10.3513 -17.6194
    endloop
  endfacet
  facet normal 2.39977e-05 0.946888 0.321565
    outer loop
      vertex 88.9134 10.3513 -17.6194
      vertex 94.25 10.7612 -18.8268
      vertex 88.2941 10.4227 -17.8296
    endloop
  endfacet
  facet normal -9.36342e-06 0.946948 0.321386
    outer loop
      vertex 88.2941 10.4227 -17.8296
      vertex 94.25 10.7612 -18.8268
      vertex 87.6526 10.466 -17.9572
    endloop
  endfacet
  facet normal 0 0.946916 0.32148
    outer loop
      vertex 87 10.4805 -18
      vertex 94.25 10.7612 -18.8268
      vertex 81 10.4805 -18
    endloop
  endfacet
  facet normal -2.82581e-05 0.946992 0.321258
    outer loop
      vertex 87.6526 10.466 -17.9572
      vertex 94.25 10.7612 -18.8268
      vertex 87 10.4805 -18
    endloop
  endfacet
  facet normal -3.7262e-05 0.94687 0.321617
    outer loop
      vertex 73.75 10.7612 -18.8268
      vertex 79.0233 10.3407 -17.5882
      vertex 79.0866 10.3513 -17.6194
    endloop
  endfacet
  facet normal -2.39977e-05 0.946888 0.321565
    outer loop
      vertex 73.75 10.7612 -18.8268
      vertex 79.0866 10.3513 -17.6194
      vertex 79.7059 10.4227 -17.8296
    endloop
  endfacet
  facet normal 9.36342e-06 0.946948 0.321386
    outer loop
      vertex 73.75 10.7612 -18.8268
      vertex 79.7059 10.4227 -17.8296
      vertex 80.3474 10.466 -17.9572
    endloop
  endfacet
  facet normal 2.82581e-05 0.946992 0.321258
    outer loop
      vertex 73.75 10.7612 -18.8268
      vertex 80.3474 10.466 -17.9572
      vertex 81 10.4805 -18
    endloop
  endfacet
  facet normal -0 0.946916 0.32148
    outer loop
      vertex 73.75 10.7612 -18.8268
      vertex 81 10.4805 -18
      vertex 94.25 10.7612 -18.8268
    endloop
  endfacet
  facet normal 0 0.946918 0.321475
    outer loop
      vertex 79.0233 10.3407 -17.5882
      vertex 73.75 10.7612 -18.8268
      vertex 73.75 10.3407 -17.5882
    endloop
  endfacet
  facet normal 0 0.946918 0.321475
    outer loop
      vertex 67.75 10.7612 -18.8268
      vertex 62.4767 10.3407 -17.5882
      vertex 67.75 10.3407 -17.5882
    endloop
  endfacet
  facet normal 3.7262e-05 0.94687 0.321617
    outer loop
      vertex 62.4767 10.3407 -17.5882
      vertex 67.75 10.7612 -18.8268
      vertex 62.4134 10.3513 -17.6194
    endloop
  endfacet
  facet normal 2.39977e-05 0.946888 0.321565
    outer loop
      vertex 62.4134 10.3513 -17.6194
      vertex 67.75 10.7612 -18.8268
      vertex 61.7941 10.4227 -17.8296
    endloop
  endfacet
  facet normal -9.36342e-06 0.946948 0.321386
    outer loop
      vertex 61.7941 10.4227 -17.8296
      vertex 67.75 10.7612 -18.8268
      vertex 61.1526 10.466 -17.9572
    endloop
  endfacet
  facet normal 0 0.946916 0.32148
    outer loop
      vertex 60.5 10.4805 -18
      vertex 67.75 10.7612 -18.8268
      vertex 54.5 10.4805 -18
    endloop
  endfacet
  facet normal -2.82581e-05 0.946992 0.321258
    outer loop
      vertex 61.1526 10.466 -17.9572
      vertex 67.75 10.7612 -18.8268
      vertex 60.5 10.4805 -18
    endloop
  endfacet
  facet normal -3.7262e-05 0.94687 0.321617
    outer loop
      vertex 47.25 10.7612 -18.8268
      vertex 52.5233 10.3407 -17.5882
      vertex 52.5866 10.3513 -17.6194
    endloop
  endfacet
  facet normal -2.39977e-05 0.946888 0.321565
    outer loop
      vertex 47.25 10.7612 -18.8268
      vertex 52.5866 10.3513 -17.6194
      vertex 53.2059 10.4227 -17.8296
    endloop
  endfacet
  facet normal 9.36342e-06 0.946948 0.321386
    outer loop
      vertex 47.25 10.7612 -18.8268
      vertex 53.2059 10.4227 -17.8296
      vertex 53.8474 10.466 -17.9572
    endloop
  endfacet
  facet normal 2.82581e-05 0.946992 0.321258
    outer loop
      vertex 47.25 10.7612 -18.8268
      vertex 53.8474 10.466 -17.9572
      vertex 54.5 10.4805 -18
    endloop
  endfacet
  facet normal -0 0.946916 0.32148
    outer loop
      vertex 47.25 10.7612 -18.8268
      vertex 54.5 10.4805 -18
      vertex 67.75 10.7612 -18.8268
    endloop
  endfacet
  facet normal 0 0.946918 0.321475
    outer loop
      vertex 52.5233 10.3407 -17.5882
      vertex 47.25 10.7612 -18.8268
      vertex 47.25 10.3407 -17.5882
    endloop
  endfacet
  facet normal 0 0.946918 0.321475
    outer loop
      vertex 41.25 10.7612 -18.8268
      vertex 35.9767 10.3407 -17.5882
      vertex 41.25 10.3407 -17.5882
    endloop
  endfacet
  facet normal 3.7262e-05 0.94687 0.321617
    outer loop
      vertex 35.9767 10.3407 -17.5882
      vertex 41.25 10.7612 -18.8268
      vertex 35.9134 10.3513 -17.6194
    endloop
  endfacet
  facet normal 2.39977e-05 0.946888 0.321565
    outer loop
      vertex 35.9134 10.3513 -17.6194
      vertex 41.25 10.7612 -18.8268
      vertex 35.2941 10.4227 -17.8296
    endloop
  endfacet
  facet normal -9.36342e-06 0.946948 0.321386
    outer loop
      vertex 35.2941 10.4227 -17.8296
      vertex 41.25 10.7612 -18.8268
      vertex 34.6526 10.466 -17.9572
    endloop
  endfacet
  facet normal 0 0.946916 0.32148
    outer loop
      vertex 34 10.4805 -18
      vertex 41.25 10.7612 -18.8268
      vertex 28 10.4805 -18
    endloop
  endfacet
  facet normal -2.82581e-05 0.946992 0.321258
    outer loop
      vertex 34.6526 10.466 -17.9572
      vertex 41.25 10.7612 -18.8268
      vertex 34 10.4805 -18
    endloop
  endfacet
  facet normal -3.7262e-05 0.94687 0.321617
    outer loop
      vertex 20.75 10.7612 -18.8268
      vertex 26.0233 10.3407 -17.5882
      vertex 26.0866 10.3513 -17.6194
    endloop
  endfacet
  facet normal -2.39977e-05 0.946888 0.321565
    outer loop
      vertex 20.75 10.7612 -18.8268
      vertex 26.0866 10.3513 -17.6194
      vertex 26.7059 10.4227 -17.8296
    endloop
  endfacet
  facet normal 9.36342e-06 0.946948 0.321386
    outer loop
      vertex 20.75 10.7612 -18.8268
      vertex 26.7059 10.4227 -17.8296
      vertex 27.3474 10.466 -17.9572
    endloop
  endfacet
  facet normal 2.82581e-05 0.946992 0.321258
    outer loop
      vertex 20.75 10.7612 -18.8268
      vertex 27.3474 10.466 -17.9572
      vertex 28 10.4805 -18
    endloop
  endfacet
  facet normal -0 0.946916 0.32148
    outer loop
      vertex 20.75 10.7612 -18.8268
      vertex 28 10.4805 -18
      vertex 41.25 10.7612 -18.8268
    endloop
  endfacet
  facet normal 0 0.946918 0.321475
    outer loop
      vertex 26.0233 10.3407 -17.5882
      vertex 20.75 10.7612 -18.8268
      vertex 20.75 10.3407 -17.5882
    endloop
  endfacet
  facet normal 0 0.89689 0.442253
    outer loop
      vertex 14.75 11.3397 -20
      vertex -14 10.7612 -18.8268
      vertex 14.75 10.7612 -18.8268
    endloop
  endfacet
  facet normal 0 0.89689 0.442253
    outer loop
      vertex -14 10.7612 -18.8268
      vertex 14.75 11.3397 -20
      vertex -14 11.3397 -20
    endloop
  endfacet
  facet normal 0 0.89689 0.442253
    outer loop
      vertex 201 11.3397 -20
      vertex 179.75 10.7612 -18.8268
      vertex 201 10.7612 -18.8268
    endloop
  endfacet
  facet normal 0 0.89689 0.442253
    outer loop
      vertex 179.75 10.7612 -18.8268
      vertex 201 11.3397 -20
      vertex 179.75 11.3397 -20
    endloop
  endfacet
  facet normal 0 0.89689 0.442253
    outer loop
      vertex 173.75 11.3397 -20
      vertex 153.25 10.7612 -18.8268
      vertex 173.75 10.7612 -18.8268
    endloop
  endfacet
  facet normal 0 0.89689 0.442253
    outer loop
      vertex 153.25 10.7612 -18.8268
      vertex 173.75 11.3397 -20
      vertex 153.25 11.3397 -20
    endloop
  endfacet
  facet normal 0 0.89689 0.442253
    outer loop
      vertex 147.25 11.3397 -20
      vertex 126.75 10.7612 -18.8268
      vertex 147.25 10.7612 -18.8268
    endloop
  endfacet
  facet normal 0 0.89689 0.442253
    outer loop
      vertex 126.75 10.7612 -18.8268
      vertex 147.25 11.3397 -20
      vertex 126.75 11.3397 -20
    endloop
  endfacet
  facet normal 0 0.89689 0.442253
    outer loop
      vertex 120.75 11.3397 -20
      vertex 100.25 10.7612 -18.8268
      vertex 120.75 10.7612 -18.8268
    endloop
  endfacet
  facet normal 0 0.89689 0.442253
    outer loop
      vertex 100.25 10.7612 -18.8268
      vertex 120.75 11.3397 -20
      vertex 100.25 11.3397 -20
    endloop
  endfacet
  facet normal 0 0.89689 0.442253
    outer loop
      vertex 94.25 11.3397 -20
      vertex 73.75 10.7612 -18.8268
      vertex 94.25 10.7612 -18.8268
    endloop
  endfacet
  facet normal 0 0.89689 0.442253
    outer loop
      vertex 73.75 10.7612 -18.8268
      vertex 94.25 11.3397 -20
      vertex 73.75 11.3397 -20
    endloop
  endfacet
  facet normal 0 0.89689 0.442253
    outer loop
      vertex 67.75 11.3397 -20
      vertex 47.25 10.7612 -18.8268
      vertex 67.75 10.7612 -18.8268
    endloop
  endfacet
  facet normal 0 0.89689 0.442253
    outer loop
      vertex 47.25 10.7612 -18.8268
      vertex 67.75 11.3397 -20
      vertex 47.25 11.3397 -20
    endloop
  endfacet
  facet normal 0 0.89689 0.442253
    outer loop
      vertex 41.25 11.3397 -20
      vertex 20.75 10.7612 -18.8268
      vertex 41.25 10.7612 -18.8268
    endloop
  endfacet
  facet normal 0 0.89689 0.442253
    outer loop
      vertex 20.75 10.7612 -18.8268
      vertex 41.25 11.3397 -20
      vertex 20.75 11.3397 -20
    endloop
  endfacet
  facet normal 0 0.997857 0.0654382
    outer loop
      vertex 14.75 10.0856 -16.3053
      vertex -14 10 -15
      vertex 14.75 10 -15
    endloop
  endfacet
  facet normal 0 0.997857 0.0654382
    outer loop
      vertex -14 10 -15
      vertex 14.75 10.0856 -16.3053
      vertex -14 10.0856 -16.3053
    endloop
  endfacet
  facet normal 0 0.997857 0.0654382
    outer loop
      vertex 201 10.0856 -16.3053
      vertex 179.75 10 -15
      vertex 201 10 -15
    endloop
  endfacet
  facet normal 0 0.997857 0.0654382
    outer loop
      vertex 179.75 10 -15
      vertex 201 10.0856 -16.3053
      vertex 179.75 10.0856 -16.3053
    endloop
  endfacet
  facet normal 0 0.997857 0.0654382
    outer loop
      vertex 173.75 10.0856 -16.3053
      vertex 171.077 10 -15
      vertex 173.75 10 -15
    endloop
  endfacet
  facet normal 8.32494e-06 0.997856 0.0654552
    outer loop
      vertex 171.077 10 -15
      vertex 173.75 10.0856 -16.3053
      vertex 170.83 10.0328 -15.5
    endloop
  endfacet
  facet normal -2.33303e-05 0.997863 0.0653409
    outer loop
      vertex 170.83 10.0328 -15.5
      vertex 173.75 10.0856 -16.3053
      vertex 170.467 10.0684 -16.0438
    endloop
  endfacet
  facet normal 0 0.997844 0.0656326
    outer loop
      vertex 170.467 10.0684 -16.0438
      vertex 173.75 10.0856 -16.3053
      vertex 170.237 10.0856 -16.3053
    endloop
  endfacet
  facet normal -8.32494e-06 0.997856 0.0654552
    outer loop
      vertex 153.25 10.0856 -16.3053
      vertex 155.923 10 -15
      vertex 156.17 10.0328 -15.5
    endloop
  endfacet
  facet normal 2.33303e-05 0.997863 0.0653409
    outer loop
      vertex 153.25 10.0856 -16.3053
      vertex 156.17 10.0328 -15.5
      vertex 156.533 10.0684 -16.0438
    endloop
  endfacet
  facet normal -0 0.997844 0.0656326
    outer loop
      vertex 153.25 10.0856 -16.3053
      vertex 156.533 10.0684 -16.0438
      vertex 156.763 10.0856 -16.3053
    endloop
  endfacet
  facet normal 0 0.997857 0.0654382
    outer loop
      vertex 155.923 10 -15
      vertex 153.25 10.0856 -16.3053
      vertex 153.25 10 -15
    endloop
  endfacet
  facet normal 0 0.997857 0.0654382
    outer loop
      vertex 147.25 10.0856 -16.3053
      vertex 144.577 10 -15
      vertex 147.25 10 -15
    endloop
  endfacet
  facet normal 8.32494e-06 0.997856 0.0654552
    outer loop
      vertex 144.577 10 -15
      vertex 147.25 10.0856 -16.3053
      vertex 144.33 10.0328 -15.5
    endloop
  endfacet
  facet normal -2.33303e-05 0.997863 0.0653409
    outer loop
      vertex 144.33 10.0328 -15.5
      vertex 147.25 10.0856 -16.3053
      vertex 143.967 10.0684 -16.0438
    endloop
  endfacet
  facet normal 0 0.997844 0.0656326
    outer loop
      vertex 143.967 10.0684 -16.0438
      vertex 147.25 10.0856 -16.3053
      vertex 143.737 10.0856 -16.3053
    endloop
  endfacet
  facet normal -8.32494e-06 0.997856 0.0654552
    outer loop
      vertex 126.75 10.0856 -16.3053
      vertex 129.423 10 -15
      vertex 129.67 10.0328 -15.5
    endloop
  endfacet
  facet normal 2.33303e-05 0.997863 0.0653409
    outer loop
      vertex 126.75 10.0856 -16.3053
      vertex 129.67 10.0328 -15.5
      vertex 130.033 10.0684 -16.0438
    endloop
  endfacet
  facet normal -0 0.997844 0.0656326
    outer loop
      vertex 126.75 10.0856 -16.3053
      vertex 130.033 10.0684 -16.0438
      vertex 130.263 10.0856 -16.3053
    endloop
  endfacet
  facet normal 0 0.997857 0.0654382
    outer loop
      vertex 129.423 10 -15
      vertex 126.75 10.0856 -16.3053
      vertex 126.75 10 -15
    endloop
  endfacet
  facet normal 0 0.997857 0.0654382
    outer loop
      vertex 120.75 10.0856 -16.3053
      vertex 118.077 10 -15
      vertex 120.75 10 -15
    endloop
  endfacet
  facet normal 8.32494e-06 0.997856 0.0654552
    outer loop
      vertex 118.077 10 -15
      vertex 120.75 10.0856 -16.3053
      vertex 117.83 10.0328 -15.5
    endloop
  endfacet
  facet normal -2.33303e-05 0.997863 0.0653409
    outer loop
      vertex 117.83 10.0328 -15.5
      vertex 120.75 10.0856 -16.3053
      vertex 117.467 10.0684 -16.0438
    endloop
  endfacet
  facet normal 0 0.997844 0.0656326
    outer loop
      vertex 117.467 10.0684 -16.0438
      vertex 120.75 10.0856 -16.3053
      vertex 117.237 10.0856 -16.3053
    endloop
  endfacet
  facet normal -8.32494e-06 0.997856 0.0654552
    outer loop
      vertex 100.25 10.0856 -16.3053
      vertex 102.923 10 -15
      vertex 103.17 10.0328 -15.5
    endloop
  endfacet
  facet normal 2.33303e-05 0.997863 0.0653409
    outer loop
      vertex 100.25 10.0856 -16.3053
      vertex 103.17 10.0328 -15.5
      vertex 103.533 10.0684 -16.0438
    endloop
  endfacet
  facet normal -0 0.997844 0.0656326
    outer loop
      vertex 100.25 10.0856 -16.3053
      vertex 103.533 10.0684 -16.0438
      vertex 103.763 10.0856 -16.3053
    endloop
  endfacet
  facet normal 0 0.997857 0.0654382
    outer loop
      vertex 102.923 10 -15
      vertex 100.25 10.0856 -16.3053
      vertex 100.25 10 -15
    endloop
  endfacet
  facet normal 0 0.997857 0.0654382
    outer loop
      vertex 94.25 10.0856 -16.3053
      vertex 91.5767 10 -15
      vertex 94.25 10 -15
    endloop
  endfacet
  facet normal 8.32681e-06 0.997856 0.0654552
    outer loop
      vertex 91.5767 10 -15
      vertex 94.25 10.0856 -16.3053
      vertex 91.3301 10.0328 -15.5
    endloop
  endfacet
  facet normal -2.3328e-05 0.997863 0.0653409
    outer loop
      vertex 91.3301 10.0328 -15.5
      vertex 94.25 10.0856 -16.3053
      vertex 90.9668 10.0684 -16.0438
    endloop
  endfacet
  facet normal 0 0.997844 0.0656326
    outer loop
      vertex 90.9668 10.0684 -16.0438
      vertex 94.25 10.0856 -16.3053
      vertex 90.7375 10.0856 -16.3053
    endloop
  endfacet
  facet normal -8.32681e-06 0.997856 0.0654552
    outer loop
      vertex 73.75 10.0856 -16.3053
      vertex 76.4233 10 -15
      vertex 76.6699 10.0328 -15.5
    endloop
  endfacet
  facet normal 2.3328e-05 0.997863 0.0653409
    outer loop
      vertex 73.75 10.0856 -16.3053
      vertex 76.6699 10.0328 -15.5
      vertex 77.0332 10.0684 -16.0438
    endloop
  endfacet
  facet normal -0 0.997844 0.0656326
    outer loop
      vertex 73.75 10.0856 -16.3053
      vertex 77.0332 10.0684 -16.0438
      vertex 77.2625 10.0856 -16.3053
    endloop
  endfacet
  facet normal 0 0.997857 0.0654382
    outer loop
      vertex 76.4233 10 -15
      vertex 73.75 10.0856 -16.3053
      vertex 73.75 10 -15
    endloop
  endfacet
  facet normal 0 0.997857 0.0654382
    outer loop
      vertex 67.75 10.0856 -16.3053
      vertex 65.0767 10 -15
      vertex 67.75 10 -15
    endloop
  endfacet
  facet normal 8.32681e-06 0.997856 0.0654552
    outer loop
      vertex 65.0767 10 -15
      vertex 67.75 10.0856 -16.3053
      vertex 64.8301 10.0328 -15.5
    endloop
  endfacet
  facet normal -2.3328e-05 0.997863 0.0653409
    outer loop
      vertex 64.8301 10.0328 -15.5
      vertex 67.75 10.0856 -16.3053
      vertex 64.4668 10.0684 -16.0438
    endloop
  endfacet
  facet normal 0 0.997844 0.0656326
    outer loop
      vertex 64.4668 10.0684 -16.0438
      vertex 67.75 10.0856 -16.3053
      vertex 64.2375 10.0856 -16.3053
    endloop
  endfacet
  facet normal -8.32681e-06 0.997856 0.0654552
    outer loop
      vertex 47.25 10.0856 -16.3053
      vertex 49.9233 10 -15
      vertex 50.1699 10.0328 -15.5
    endloop
  endfacet
  facet normal 2.3328e-05 0.997863 0.0653409
    outer loop
      vertex 47.25 10.0856 -16.3053
      vertex 50.1699 10.0328 -15.5
      vertex 50.5332 10.0684 -16.0438
    endloop
  endfacet
  facet normal -0 0.997844 0.0656326
    outer loop
      vertex 47.25 10.0856 -16.3053
      vertex 50.5332 10.0684 -16.0438
      vertex 50.7625 10.0856 -16.3053
    endloop
  endfacet
  facet normal 0 0.997857 0.0654382
    outer loop
      vertex 49.9233 10 -15
      vertex 47.25 10.0856 -16.3053
      vertex 47.25 10 -15
    endloop
  endfacet
  facet normal 0 0.997857 0.0654382
    outer loop
      vertex 41.25 10.0856 -16.3053
      vertex 38.5767 10 -15
      vertex 41.25 10 -15
    endloop
  endfacet
  facet normal 8.32681e-06 0.997856 0.0654552
    outer loop
      vertex 38.5767 10 -15
      vertex 41.25 10.0856 -16.3053
      vertex 38.3301 10.0328 -15.5
    endloop
  endfacet
  facet normal -2.3328e-05 0.997863 0.0653409
    outer loop
      vertex 38.3301 10.0328 -15.5
      vertex 41.25 10.0856 -16.3053
      vertex 37.9668 10.0684 -16.0438
    endloop
  endfacet
  facet normal 0 0.997844 0.0656326
    outer loop
      vertex 37.9668 10.0684 -16.0438
      vertex 41.25 10.0856 -16.3053
      vertex 37.7375 10.0856 -16.3053
    endloop
  endfacet
  facet normal -8.32681e-06 0.997856 0.0654552
    outer loop
      vertex 20.75 10.0856 -16.3053
      vertex 23.4233 10 -15
      vertex 23.6699 10.0328 -15.5
    endloop
  endfacet
  facet normal 2.3328e-05 0.997863 0.0653409
    outer loop
      vertex 20.75 10.0856 -16.3053
      vertex 23.6699 10.0328 -15.5
      vertex 24.0332 10.0684 -16.0438
    endloop
  endfacet
  facet normal -0 0.997844 0.0656326
    outer loop
      vertex 20.75 10.0856 -16.3053
      vertex 24.0332 10.0684 -16.0438
      vertex 24.2625 10.0856 -16.3053
    endloop
  endfacet
  facet normal 0 0.997857 0.0654382
    outer loop
      vertex 23.4233 10 -15
      vertex 20.75 10.0856 -16.3053
      vertex 20.75 10 -15
    endloop
  endfacet
  facet normal 0 0 -1
    outer loop
      vertex 169.851 19 -35
      vertex 201 26.433 -35
      vertex 201 0 -35
    endloop
  endfacet
  facet normal 0 -0 -1
    outer loop
      vertex 189.368 38.4273 -35
      vertex 201 26.433 -35
      vertex 169.851 19 -35
    endloop
  endfacet
  facet normal 0 0 -1
    outer loop
      vertex 201 26.433 -35
      vertex 189.368 38.4273 -35
      vertex 200.94 27.6335 -35
    endloop
  endfacet
  facet normal 0 0 -1
    outer loop
      vertex 200.94 27.6335 -35
      vertex 189.368 38.4273 -35
      vertex 200.681 29.1817 -35
    endloop
  endfacet
  facet normal 0 0 -1
    outer loop
      vertex 200.681 29.1817 -35
      vertex 189.368 38.4273 -35
      vertex 200.222 30.6828 -35
    endloop
  endfacet
  facet normal 0 0 -1
    outer loop
      vertex 200.222 30.6828 -35
      vertex 189.368 38.4273 -35
      vertex 199.572 32.1113 -35
    endloop
  endfacet
  facet normal 0 0 -1
    outer loop
      vertex 199.572 32.1113 -35
      vertex 189.368 38.4273 -35
      vertex 198.74 33.4426 -35
    endloop
  endfacet
  facet normal 0 0 -1
    outer loop
      vertex 198.74 33.4426 -35
      vertex 189.368 38.4273 -35
      vertex 197.742 34.6539 -35
    endloop
  endfacet
  facet normal 0 0 -1
    outer loop
      vertex 197.742 34.6539 -35
      vertex 189.368 38.4273 -35
      vertex 196.594 35.7246 -35
    endloop
  endfacet
  facet normal 0 0 -1
    outer loop
      vertex 196.594 35.7246 -35
      vertex 189.368 38.4273 -35
      vertex 195.316 36.6363 -35
    endloop
  endfacet
  facet normal 0 0 -1
    outer loop
      vertex 195.316 36.6363 -35
      vertex 189.368 38.4273 -35
      vertex 193.93 37.3734 -35
    endloop
  endfacet
  facet normal 0 0 -1
    outer loop
      vertex 193.93 37.3734 -35
      vertex 189.368 38.4273 -35
      vertex 192.46 37.9233 -35
    endloop
  endfacet
  facet normal 0 0 -1
    outer loop
      vertex 192.46 37.9233 -35
      vertex 189.368 38.4273 -35
      vertex 190.931 38.2766 -35
    endloop
  endfacet
  facet normal 0 0 -1
    outer loop
      vertex 201 0 -35
      vertex 162.923 19 -35
      vertex 169.851 19 -35
    endloop
  endfacet
  facet normal 0 0 -1
    outer loop
      vertex 162.923 19 -35
      vertex 142.1 24.0348 -35
      vertex 162.923 30.2348 -35
    endloop
  endfacet
  facet normal 0 0 -1
    outer loop
      vertex 137.666 18.9784 -35
      vertex 162.923 19 -35
      vertex 201 0 -35
    endloop
  endfacet
  facet normal 0 0 -1
    outer loop
      vertex 162.923 19 -35
      vertex 142.056 23.3691 -35
      vertex 142.1 24.0348 -35
    endloop
  endfacet
  facet normal 0 0 -1
    outer loop
      vertex 162.923 19 -35
      vertex 141.926 22.7148 -35
      vertex 142.056 23.3691 -35
    endloop
  endfacet
  facet normal 0 0 -1
    outer loop
      vertex 162.923 19 -35
      vertex 141.712 22.0831 -35
      vertex 141.926 22.7148 -35
    endloop
  endfacet
  facet normal 0 0 -1
    outer loop
      vertex 162.923 19 -35
      vertex 141.417 21.4848 -35
      vertex 141.712 22.0831 -35
    endloop
  endfacet
  facet normal 0 0 -1
    outer loop
      vertex 162.923 19 -35
      vertex 141.046 20.9301 -35
      vertex 141.417 21.4848 -35
    endloop
  endfacet
  facet normal 0 0 -1
    outer loop
      vertex 162.923 19 -35
      vertex 140.606 20.4285 -35
      vertex 141.046 20.9301 -35
    endloop
  endfacet
  facet normal 0 0 -1
    outer loop
      vertex 162.923 19 -35
      vertex 140.105 19.9887 -35
      vertex 140.606 20.4285 -35
    endloop
  endfacet
  facet normal 0 0 -1
    outer loop
      vertex 162.923 19 -35
      vertex 139.55 19.618 -35
      vertex 140.105 19.9887 -35
    endloop
  endfacet
  facet normal 0 0 -1
    outer loop
      vertex 162.923 19 -35
      vertex 138.952 19.323 -35
      vertex 139.55 19.618 -35
    endloop
  endfacet
  facet normal 0 0 -1
    outer loop
      vertex 162.923 19 -35
      vertex 138.32 19.1085 -35
      vertex 138.952 19.323 -35
    endloop
  endfacet
  facet normal -0 0 -1
    outer loop
      vertex 162.923 19 -35
      vertex 137.666 18.9784 -35
      vertex 138.32 19.1085 -35
    endloop
  endfacet
  facet normal 0 0 -1
    outer loop
      vertex 201 0 -35
      vertex 137 18.9348 -35
      vertex 137.666 18.9784 -35
    endloop
  endfacet
  facet normal 0 0 -1
    outer loop
      vertex 201 0 -35
      vertex 136.334 18.9784 -35
      vertex 137 18.9348 -35
    endloop
  endfacet
  facet normal 0 0 -1
    outer loop
      vertex 116.851 19 -35
      vertex 136.334 18.9784 -35
      vertex 201 0 -35
    endloop
  endfacet
  facet normal -0 0 -1
    outer loop
      vertex 131.9 24.0348 -35
      vertex 116.851 19 -35
      vertex 131.9 26.0348 -35
    endloop
  endfacet
  facet normal -0 0 -1
    outer loop
      vertex 131.944 23.3691 -35
      vertex 116.851 19 -35
      vertex 131.9 24.0348 -35
    endloop
  endfacet
  facet normal -0 0 -1
    outer loop
      vertex 132.074 22.7148 -35
      vertex 116.851 19 -35
      vertex 131.944 23.3691 -35
    endloop
  endfacet
  facet normal -0 0 -1
    outer loop
      vertex 132.288 22.0831 -35
      vertex 116.851 19 -35
      vertex 132.074 22.7148 -35
    endloop
  endfacet
  facet normal -0 0 -1
    outer loop
      vertex 132.583 21.4848 -35
      vertex 116.851 19 -35
      vertex 132.288 22.0831 -35
    endloop
  endfacet
  facet normal -0 0 -1
    outer loop
      vertex 132.954 20.9301 -35
      vertex 116.851 19 -35
      vertex 132.583 21.4848 -35
    endloop
  endfacet
  facet normal -0 0 -1
    outer loop
      vertex 133.394 20.4285 -35
      vertex 116.851 19 -35
      vertex 132.954 20.9301 -35
    endloop
  endfacet
  facet normal -0 0 -1
    outer loop
      vertex 133.895 19.9887 -35
      vertex 116.851 19 -35
      vertex 133.394 20.4285 -35
    endloop
  endfacet
  facet normal -0 0 -1
    outer loop
      vertex 134.45 19.618 -35
      vertex 116.851 19 -35
      vertex 133.895 19.9887 -35
    endloop
  endfacet
  facet normal -0 0 -1
    outer loop
      vertex 135.048 19.323 -35
      vertex 116.851 19 -35
      vertex 134.45 19.618 -35
    endloop
  endfacet
  facet normal -0 0 -1
    outer loop
      vertex 135.68 19.1085 -35
      vertex 116.851 19 -35
      vertex 135.048 19.323 -35
    endloop
  endfacet
  facet normal 0 0 -1
    outer loop
      vertex 136.334 18.9784 -35
      vertex 116.851 19 -35
      vertex 135.68 19.1085 -35
    endloop
  endfacet
  facet normal 0 0 -1
    outer loop
      vertex 201 0 -35
      vertex 109.923 19 -35
      vertex 116.851 19 -35
    endloop
  endfacet
  facet normal 0 0 -1
    outer loop
      vertex 109.923 19 -35
      vertex 90.3509 19 -35
      vertex 109.923 31.8617 -35
    endloop
  endfacet
  facet normal 0 0 -1
    outer loop
      vertex 201 0 -35
      vertex 90.3509 19 -35
      vertex 109.923 19 -35
    endloop
  endfacet
  facet normal 0 0 -1
    outer loop
      vertex -14 0 -35
      vertex 90.3509 19 -35
      vertex 201 0 -35
    endloop
  endfacet
  facet normal 0 0 -1
    outer loop
      vertex 83.4227 19 -35
      vertex 63.8509 19 -35
      vertex 83.4227 32.6751 -35
    endloop
  endfacet
  facet normal -0 0 -1
    outer loop
      vertex 90.3509 19 -35
      vertex -14 0 -35
      vertex 83.4227 19 -35
    endloop
  endfacet
  facet normal -0 0 -1
    outer loop
      vertex 83.4227 19 -35
      vertex -14 0 -35
      vertex 63.8509 19 -35
    endloop
  endfacet
  facet normal 0 0 -1
    outer loop
      vertex 56.9226 19 -35
      vertex 36.1 27.2884 -35
      vertex 56.9226 33.4885 -35
    endloop
  endfacet
  facet normal 0 0 -1
    outer loop
      vertex 56.9226 19 -35
      vertex 36.0564 26.6228 -35
      vertex 36.1 27.2884 -35
    endloop
  endfacet
  facet normal 0 0 -1
    outer loop
      vertex 56.9226 19 -35
      vertex 35.9262 25.9685 -35
      vertex 36.0564 26.6228 -35
    endloop
  endfacet
  facet normal 0 0 -1
    outer loop
      vertex 56.9226 19 -35
      vertex 35.7118 25.3368 -35
      vertex 35.9262 25.9685 -35
    endloop
  endfacet
  facet normal 0 0 -1
    outer loop
      vertex 56.9226 19 -35
      vertex 35.4167 24.7384 -35
      vertex 35.7118 25.3368 -35
    endloop
  endfacet
  facet normal 0 0 -1
    outer loop
      vertex 56.9226 19 -35
      vertex 35.0461 24.1838 -35
      vertex 35.4167 24.7384 -35
    endloop
  endfacet
  facet normal 0 0 -1
    outer loop
      vertex 56.9226 19 -35
      vertex 34.6062 23.6822 -35
      vertex 35.0461 24.1838 -35
    endloop
  endfacet
  facet normal 0 0 -1
    outer loop
      vertex 56.9226 19 -35
      vertex 34.1047 23.2423 -35
      vertex 34.6062 23.6822 -35
    endloop
  endfacet
  facet normal 0 0 -1
    outer loop
      vertex 56.9226 19 -35
      vertex 33.55 22.8717 -35
      vertex 34.1047 23.2423 -35
    endloop
  endfacet
  facet normal 0 0 -1
    outer loop
      vertex 56.9226 19 -35
      vertex 32.9517 22.5767 -35
      vertex 33.55 22.8717 -35
    endloop
  endfacet
  facet normal 0 0 -1
    outer loop
      vertex 56.9226 19 -35
      vertex 32.32 22.3622 -35
      vertex 32.9517 22.5767 -35
    endloop
  endfacet
  facet normal 0 0 -1
    outer loop
      vertex 56.9226 19 -35
      vertex 31.6657 22.2321 -35
      vertex 32.32 22.3622 -35
    endloop
  endfacet
  facet normal -0 0 -1
    outer loop
      vertex 63.8509 19 -35
      vertex -14 0 -35
      vertex 56.9226 19 -35
    endloop
  endfacet
  facet normal -0 0 -1
    outer loop
      vertex 56.9226 19 -35
      vertex -14 0 -35
      vertex 31.6657 22.2321 -35
    endloop
  endfacet
  facet normal 0 0 -1
    outer loop
      vertex 31.6657 22.2321 -35
      vertex -14 0 -35
      vertex 31 22.1884 -35
    endloop
  endfacet
  facet normal 0 0 -1
    outer loop
      vertex 25.9 27.2884 -35
      vertex -1.63184 44.2901 -35
      vertex 25.9 29.2884 -35
    endloop
  endfacet
  facet normal 0 0 -1
    outer loop
      vertex 25.9436 26.6228 -35
      vertex -1.63184 44.2901 -35
      vertex 25.9 27.2884 -35
    endloop
  endfacet
  facet normal 0 0 -1
    outer loop
      vertex -14 32.2957 -35
      vertex 25.9436 26.6228 -35
      vertex 26.0738 25.9685 -35
    endloop
  endfacet
  facet normal 0 0 -1
    outer loop
      vertex -14 32.2957 -35
      vertex 26.0738 25.9685 -35
      vertex 26.2882 25.3368 -35
    endloop
  endfacet
  facet normal 0 0 -1
    outer loop
      vertex -14 0 -35
      vertex 26.2882 25.3368 -35
      vertex 26.5833 24.7384 -35
    endloop
  endfacet
  facet normal 0 0 -1
    outer loop
      vertex -14 0 -35
      vertex 26.5833 24.7384 -35
      vertex 26.9539 24.1838 -35
    endloop
  endfacet
  facet normal 0 0 -1
    outer loop
      vertex -14 0 -35
      vertex 26.9539 24.1838 -35
      vertex 27.3938 23.6822 -35
    endloop
  endfacet
  facet normal 0 0 -1
    outer loop
      vertex -14 0 -35
      vertex 27.3938 23.6822 -35
      vertex 27.8953 23.2423 -35
    endloop
  endfacet
  facet normal 0 0 -1
    outer loop
      vertex 25.9436 26.6228 -35
      vertex -14 32.2957 -35
      vertex -1.63184 44.2901 -35
    endloop
  endfacet
  facet normal 0 0 -1
    outer loop
      vertex -14 0 -35
      vertex 27.8953 23.2423 -35
      vertex 28.45 22.8717 -35
    endloop
  endfacet
  facet normal 0 0 -1
    outer loop
      vertex -1.63184 44.2901 -35
      vertex -14 32.2957 -35
      vertex -3.56631 44.1931 -35
    endloop
  endfacet
  facet normal 0 0 -1
    outer loop
      vertex -3.56631 44.1931 -35
      vertex -14 32.2957 -35
      vertex -5.10583 43.8868 -35
    endloop
  endfacet
  facet normal 0 0 -1
    outer loop
      vertex -5.10583 43.8868 -35
      vertex -14 32.2957 -35
      vertex -6.59219 43.3823 -35
    endloop
  endfacet
  facet normal 0 0 -1
    outer loop
      vertex -6.59219 43.3823 -35
      vertex -14 32.2957 -35
      vertex -8 42.688 -35
    endloop
  endfacet
  facet normal 0 0 -1
    outer loop
      vertex -8 42.688 -35
      vertex -14 32.2957 -35
      vertex -9.30513 41.816 -35
    endloop
  endfacet
  facet normal 0 0 -1
    outer loop
      vertex -14 0 -35
      vertex 28.45 22.8717 -35
      vertex 29.0483 22.5767 -35
    endloop
  endfacet
  facet normal 0 0 -1
    outer loop
      vertex -9.30513 41.816 -35
      vertex -14 32.2957 -35
      vertex -10.4853 40.781 -35
    endloop
  endfacet
  facet normal 0 0 -1
    outer loop
      vertex -10.4853 40.781 -35
      vertex -14 32.2957 -35
      vertex -11.5202 39.6009 -35
    endloop
  endfacet
  facet normal 0 0 -1
    outer loop
      vertex -11.5202 39.6009 -35
      vertex -14 32.2957 -35
      vertex -12.3923 38.2957 -35
    endloop
  endfacet
  facet normal 0 0 -1
    outer loop
      vertex -12.3923 38.2957 -35
      vertex -14 32.2957 -35
      vertex -13.0865 36.8879 -35
    endloop
  endfacet
  facet normal 0 0 -1
    outer loop
      vertex -14 0 -35
      vertex 29.0483 22.5767 -35
      vertex 29.68 22.3622 -35
    endloop
  endfacet
  facet normal 0 0 -1
    outer loop
      vertex -13.0865 36.8879 -35
      vertex -14 32.2957 -35
      vertex -13.5911 35.4016 -35
    endloop
  endfacet
  facet normal -0 0 -1
    outer loop
      vertex 31 22.1884 -35
      vertex -14 0 -35
      vertex 30.3343 22.2321 -35
    endloop
  endfacet
  facet normal 0 0 -1
    outer loop
      vertex -14 0 -35
      vertex 29.68 22.3622 -35
      vertex 30.3343 22.2321 -35
    endloop
  endfacet
  facet normal -0 0 -1
    outer loop
      vertex 26.2882 25.3368 -35
      vertex -14 0 -35
      vertex -14 32.2957 -35
    endloop
  endfacet
  facet normal 0 0 -1
    outer loop
      vertex -13.5911 35.4016 -35
      vertex -14 32.2957 -35
      vertex -13.8973 33.862 -35
    endloop
  endfacet
  facet normal 0 0 -1
    outer loop
      vertex 169.851 30.0222 -35
      vertex 189.368 38.4273 -35
      vertex 169.851 19 -35
    endloop
  endfacet
  facet normal 0 0 -1
    outer loop
      vertex 162.923 30.2348 -35
      vertex 189.368 38.4273 -35
      vertex 169.851 30.0222 -35
    endloop
  endfacet
  facet normal 0 0 -1
    outer loop
      vertex 142.1 26.0348 -35
      vertex 162.923 30.2348 -35
      vertex 142.1 24.0348 -35
    endloop
  endfacet
  facet normal 0 0 -1
    outer loop
      vertex 142.056 26.7004 -35
      vertex 162.923 30.2348 -35
      vertex 142.1 26.0348 -35
    endloop
  endfacet
  facet normal 0 0 -1
    outer loop
      vertex 141.926 27.3547 -35
      vertex 162.923 30.2348 -35
      vertex 142.056 26.7004 -35
    endloop
  endfacet
  facet normal 0 0 -1
    outer loop
      vertex 141.712 27.9864 -35
      vertex 162.923 30.2348 -35
      vertex 141.926 27.3547 -35
    endloop
  endfacet
  facet normal 0 0 -1
    outer loop
      vertex 141.417 28.5848 -35
      vertex 162.923 30.2348 -35
      vertex 141.712 27.9864 -35
    endloop
  endfacet
  facet normal 0 0 -1
    outer loop
      vertex 141.046 29.1394 -35
      vertex 162.923 30.2348 -35
      vertex 141.417 28.5848 -35
    endloop
  endfacet
  facet normal 0 0 -1
    outer loop
      vertex 140.606 29.641 -35
      vertex 162.923 30.2348 -35
      vertex 141.046 29.1394 -35
    endloop
  endfacet
  facet normal 0 0 -1
    outer loop
      vertex 140.105 30.0809 -35
      vertex 162.923 30.2348 -35
      vertex 140.606 29.641 -35
    endloop
  endfacet
  facet normal 0 0 -1
    outer loop
      vertex 139.55 30.4515 -35
      vertex 162.923 30.2348 -35
      vertex 140.105 30.0809 -35
    endloop
  endfacet
  facet normal 0 0 -1
    outer loop
      vertex 138.952 30.7465 -35
      vertex 162.923 30.2348 -35
      vertex 139.55 30.4515 -35
    endloop
  endfacet
  facet normal 0 0 -1
    outer loop
      vertex 138.32 30.961 -35
      vertex 162.923 30.2348 -35
      vertex 138.952 30.7465 -35
    endloop
  endfacet
  facet normal 0 0 -1
    outer loop
      vertex 162.923 30.2348 -35
      vertex 138.32 30.961 -35
      vertex 189.368 38.4273 -35
    endloop
  endfacet
  facet normal 0 0 -1
    outer loop
      vertex 137.666 31.0911 -35
      vertex 189.368 38.4273 -35
      vertex 138.32 30.961 -35
    endloop
  endfacet
  facet normal 0 0 -1
    outer loop
      vertex 137 31.1348 -35
      vertex 189.368 38.4273 -35
      vertex 137.666 31.0911 -35
    endloop
  endfacet
  facet normal 0 0 -1
    outer loop
      vertex 116.851 31.649 -35
      vertex 137 31.1348 -35
      vertex 136.334 31.0911 -35
    endloop
  endfacet
  facet normal 0 0 -1
    outer loop
      vertex 116.851 31.649 -35
      vertex 131.9 26.0348 -35
      vertex 116.851 19 -35
    endloop
  endfacet
  facet normal 0 0 -1
    outer loop
      vertex 131.9 26.0348 -35
      vertex 116.851 31.649 -35
      vertex 131.944 26.7004 -35
    endloop
  endfacet
  facet normal 0 0 -1
    outer loop
      vertex 131.944 26.7004 -35
      vertex 116.851 31.649 -35
      vertex 132.074 27.3547 -35
    endloop
  endfacet
  facet normal 0 0 -1
    outer loop
      vertex 132.074 27.3547 -35
      vertex 116.851 31.649 -35
      vertex 132.288 27.9864 -35
    endloop
  endfacet
  facet normal 0 0 -1
    outer loop
      vertex 132.288 27.9864 -35
      vertex 116.851 31.649 -35
      vertex 132.583 28.5848 -35
    endloop
  endfacet
  facet normal 0 0 -1
    outer loop
      vertex 132.583 28.5848 -35
      vertex 116.851 31.649 -35
      vertex 132.954 29.1394 -35
    endloop
  endfacet
  facet normal 0 0 -1
    outer loop
      vertex 132.954 29.1394 -35
      vertex 116.851 31.649 -35
      vertex 133.394 29.641 -35
    endloop
  endfacet
  facet normal 0 0 -1
    outer loop
      vertex 133.394 29.641 -35
      vertex 116.851 31.649 -35
      vertex 133.895 30.0809 -35
    endloop
  endfacet
  facet normal 0 0 -1
    outer loop
      vertex 133.895 30.0809 -35
      vertex 116.851 31.649 -35
      vertex 134.45 30.4515 -35
    endloop
  endfacet
  facet normal 0 0 -1
    outer loop
      vertex 116.851 31.649 -35
      vertex 135.048 30.7465 -35
      vertex 134.45 30.4515 -35
    endloop
  endfacet
  facet normal 0 0 -1
    outer loop
      vertex 116.851 31.649 -35
      vertex 135.68 30.961 -35
      vertex 135.048 30.7465 -35
    endloop
  endfacet
  facet normal 0 0 -1
    outer loop
      vertex 116.851 31.649 -35
      vertex 136.334 31.0911 -35
      vertex 135.68 30.961 -35
    endloop
  endfacet
  facet normal 0 0 -1
    outer loop
      vertex 137 31.1348 -35
      vertex 116.851 31.649 -35
      vertex 189.368 38.4273 -35
    endloop
  endfacet
  facet normal 0 0 -1
    outer loop
      vertex 109.923 31.8617 -35
      vertex 189.368 38.4273 -35
      vertex 116.851 31.649 -35
    endloop
  endfacet
  facet normal 0 0 -1
    outer loop
      vertex 90.3509 32.4624 -35
      vertex 109.923 31.8617 -35
      vertex 90.3509 19 -35
    endloop
  endfacet
  facet normal 0 0 -1
    outer loop
      vertex 90.3509 32.4624 -35
      vertex 189.368 38.4273 -35
      vertex 109.923 31.8617 -35
    endloop
  endfacet
  facet normal 0 0 -1
    outer loop
      vertex -1.63184 44.2901 -35
      vertex 90.3509 32.4624 -35
      vertex 83.4227 32.6751 -35
    endloop
  endfacet
  facet normal 0 0 -1
    outer loop
      vertex 63.8509 33.2758 -35
      vertex 83.4227 32.6751 -35
      vertex 63.8509 19 -35
    endloop
  endfacet
  facet normal 0 0 -1
    outer loop
      vertex -1.63184 44.2901 -35
      vertex 83.4227 32.6751 -35
      vertex 63.8509 33.2758 -35
    endloop
  endfacet
  facet normal 0 0 -1
    outer loop
      vertex -1.63184 44.2901 -35
      vertex 63.8509 33.2758 -35
      vertex 56.9226 33.4885 -35
    endloop
  endfacet
  facet normal 0 0 -1
    outer loop
      vertex 36.1 29.2884 -35
      vertex 56.9226 33.4885 -35
      vertex 36.1 27.2884 -35
    endloop
  endfacet
  facet normal 0 0 -1
    outer loop
      vertex 36.0564 29.9541 -35
      vertex 56.9226 33.4885 -35
      vertex 36.1 29.2884 -35
    endloop
  endfacet
  facet normal 0 0 -1
    outer loop
      vertex 35.9262 30.6084 -35
      vertex 56.9226 33.4885 -35
      vertex 36.0564 29.9541 -35
    endloop
  endfacet
  facet normal 0 0 -1
    outer loop
      vertex 35.7118 31.2401 -35
      vertex 56.9226 33.4885 -35
      vertex 35.9262 30.6084 -35
    endloop
  endfacet
  facet normal 0 0 -1
    outer loop
      vertex 35.4167 31.8384 -35
      vertex 56.9226 33.4885 -35
      vertex 35.7118 31.2401 -35
    endloop
  endfacet
  facet normal 0 0 -1
    outer loop
      vertex 35.0461 32.3931 -35
      vertex 56.9226 33.4885 -35
      vertex 35.4167 31.8384 -35
    endloop
  endfacet
  facet normal 0 0 -1
    outer loop
      vertex 34.6062 32.8947 -35
      vertex 56.9226 33.4885 -35
      vertex 35.0461 32.3931 -35
    endloop
  endfacet
  facet normal 0 0 -1
    outer loop
      vertex 34.1047 33.3345 -35
      vertex 56.9226 33.4885 -35
      vertex 34.6062 32.8947 -35
    endloop
  endfacet
  facet normal 0 0 -1
    outer loop
      vertex 33.55 33.7052 -35
      vertex 56.9226 33.4885 -35
      vertex 34.1047 33.3345 -35
    endloop
  endfacet
  facet normal 0 0 -1
    outer loop
      vertex 32.9517 34.0002 -35
      vertex 56.9226 33.4885 -35
      vertex 33.55 33.7052 -35
    endloop
  endfacet
  facet normal 0 0 -1
    outer loop
      vertex 32.32 34.2147 -35
      vertex 56.9226 33.4885 -35
      vertex 32.9517 34.0002 -35
    endloop
  endfacet
  facet normal 0 0 -1
    outer loop
      vertex 31.6657 34.3448 -35
      vertex 56.9226 33.4885 -35
      vertex 32.32 34.2147 -35
    endloop
  endfacet
  facet normal 0 0 -1
    outer loop
      vertex 56.9226 33.4885 -35
      vertex 31.6657 34.3448 -35
      vertex -1.63184 44.2901 -35
    endloop
  endfacet
  facet normal 0 0 -1
    outer loop
      vertex -1.63184 44.2901 -35
      vertex 31.6657 34.3448 -35
      vertex 31 34.3884 -35
    endloop
  endfacet
  facet normal 0 0 -1
    outer loop
      vertex 90.3509 32.4624 -35
      vertex -1.63184 44.2901 -35
      vertex 189.368 38.4273 -35
    endloop
  endfacet
  facet normal 0 0 -1
    outer loop
      vertex 30.3343 34.3448 -35
      vertex -1.63184 44.2901 -35
      vertex 31 34.3884 -35
    endloop
  endfacet
  facet normal 0 0 -1
    outer loop
      vertex 29.68 34.2147 -35
      vertex -1.63184 44.2901 -35
      vertex 30.3343 34.3448 -35
    endloop
  endfacet
  facet normal 0 0 -1
    outer loop
      vertex 29.0483 34.0002 -35
      vertex -1.63184 44.2901 -35
      vertex 29.68 34.2147 -35
    endloop
  endfacet
  facet normal 0 0 -1
    outer loop
      vertex 28.45 33.7052 -35
      vertex -1.63184 44.2901 -35
      vertex 29.0483 34.0002 -35
    endloop
  endfacet
  facet normal 0 0 -1
    outer loop
      vertex 27.8953 33.3345 -35
      vertex -1.63184 44.2901 -35
      vertex 28.45 33.7052 -35
    endloop
  endfacet
  facet normal 0 0 -1
    outer loop
      vertex 27.3938 32.8947 -35
      vertex -1.63184 44.2901 -35
      vertex 27.8953 33.3345 -35
    endloop
  endfacet
  facet normal 0 0 -1
    outer loop
      vertex 26.9539 32.3931 -35
      vertex -1.63184 44.2901 -35
      vertex 27.3938 32.8947 -35
    endloop
  endfacet
  facet normal 0 0 -1
    outer loop
      vertex 26.5833 31.8384 -35
      vertex -1.63184 44.2901 -35
      vertex 26.9539 32.3931 -35
    endloop
  endfacet
  facet normal 0 0 -1
    outer loop
      vertex 26.2882 31.2401 -35
      vertex -1.63184 44.2901 -35
      vertex 26.5833 31.8384 -35
    endloop
  endfacet
  facet normal 0 0 -1
    outer loop
      vertex 26.0738 30.6084 -35
      vertex -1.63184 44.2901 -35
      vertex 26.2882 31.2401 -35
    endloop
  endfacet
  facet normal 0 0 -1
    outer loop
      vertex 25.9436 29.9541 -35
      vertex -1.63184 44.2901 -35
      vertex 26.0738 30.6084 -35
    endloop
  endfacet
  facet normal 0 0 -1
    outer loop
      vertex -1.63184 44.2901 -35
      vertex 25.9436 29.9541 -35
      vertex 25.9 29.2884 -35
    endloop
  endfacet
  facet normal 0 0.832025 0.554739
    outer loop
      vertex 179.75 34.0024 -25
      vertex 173.75 10 11
      vertex 179.75 10 11
    endloop
  endfacet
  facet normal 0 0.832025 0.554739
    outer loop
      vertex 173.75 10 11
      vertex 179.75 34.0024 -25
      vertex 173.75 34.0024 -25
    endloop
  endfacet
  facet normal -1 0 0
    outer loop
      vertex 173.75 10 -15
      vertex 173.75 20 -25
      vertex 173.75 18.6947 -24.9144
    endloop
  endfacet
  facet normal -1 0 0
    outer loop
      vertex 173.75 10 -15
      vertex 173.75 18.6947 -24.9144
      vertex 173.75 17.4118 -24.6593
    endloop
  endfacet
  facet normal -1 0 0
    outer loop
      vertex 173.75 10 -15
      vertex 173.75 17.4118 -24.6593
      vertex 173.75 16.1732 -24.2388
    endloop
  endfacet
  facet normal -1 0 0
    outer loop
      vertex 173.75 10 -15
      vertex 173.75 16.1732 -24.2388
      vertex 173.75 15 -23.6603
    endloop
  endfacet
  facet normal -1 0 0
    outer loop
      vertex 173.75 10 -15
      vertex 173.75 15 -23.6603
      vertex 173.75 13.9124 -22.9335
    endloop
  endfacet
  facet normal -1 0 0
    outer loop
      vertex 173.75 10 -15
      vertex 173.75 13.9124 -22.9335
      vertex 173.75 12.9289 -22.0711
    endloop
  endfacet
  facet normal -1 0 0
    outer loop
      vertex 173.75 10 -15
      vertex 173.75 12.9289 -22.0711
      vertex 173.75 12.0665 -21.0876
    endloop
  endfacet
  facet normal -1 0 0
    outer loop
      vertex 173.75 10 -15
      vertex 173.75 12.0665 -21.0876
      vertex 173.75 11.3397 -20
    endloop
  endfacet
  facet normal -1 0 0
    outer loop
      vertex 173.75 10 -15
      vertex 173.75 11.3397 -20
      vertex 173.75 10.7612 -18.8268
    endloop
  endfacet
  facet normal -1 0 0
    outer loop
      vertex 173.75 10 -15
      vertex 173.75 10.7612 -18.8268
      vertex 173.75 10.3407 -17.5882
    endloop
  endfacet
  facet normal -1 0 0
    outer loop
      vertex 173.75 10 -15
      vertex 173.75 10.3407 -17.5882
      vertex 173.75 10.0856 -16.3053
    endloop
  endfacet
  facet normal -1 0 0
    outer loop
      vertex 173.75 20 -25
      vertex 173.75 10 -15
      vertex 173.75 34.0024 -25
    endloop
  endfacet
  facet normal -1 0 0
    outer loop
      vertex 173.75 34.0024 -25
      vertex 173.75 10 -15
      vertex 173.75 10 11
    endloop
  endfacet
  facet normal 1 0 0
    outer loop
      vertex 179.75 10 -15
      vertex 179.75 20 -25
      vertex 179.75 34.0024 -25
    endloop
  endfacet
  facet normal 1 0 0
    outer loop
      vertex 179.75 20 -25
      vertex 179.75 10 -15
      vertex 179.75 18.6947 -24.9144
    endloop
  endfacet
  facet normal 1 0 0
    outer loop
      vertex 179.75 18.6947 -24.9144
      vertex 179.75 10 -15
      vertex 179.75 17.4118 -24.6593
    endloop
  endfacet
  facet normal 1 0 0
    outer loop
      vertex 179.75 17.4118 -24.6593
      vertex 179.75 10 -15
      vertex 179.75 16.1732 -24.2388
    endloop
  endfacet
  facet normal 1 0 0
    outer loop
      vertex 179.75 16.1732 -24.2388
      vertex 179.75 10 -15
      vertex 179.75 15 -23.6603
    endloop
  endfacet
  facet normal 1 0 0
    outer loop
      vertex 179.75 15 -23.6603
      vertex 179.75 10 -15
      vertex 179.75 13.9124 -22.9335
    endloop
  endfacet
  facet normal 1 0 0
    outer loop
      vertex 179.75 13.9124 -22.9335
      vertex 179.75 10 -15
      vertex 179.75 12.9289 -22.0711
    endloop
  endfacet
  facet normal 1 0 0
    outer loop
      vertex 179.75 12.9289 -22.0711
      vertex 179.75 10 -15
      vertex 179.75 12.0665 -21.0876
    endloop
  endfacet
  facet normal 1 0 0
    outer loop
      vertex 179.75 12.0665 -21.0876
      vertex 179.75 10 -15
      vertex 179.75 11.3397 -20
    endloop
  endfacet
  facet normal 1 0 0
    outer loop
      vertex 179.75 11.3397 -20
      vertex 179.75 10 -15
      vertex 179.75 10.7612 -18.8268
    endloop
  endfacet
  facet normal 1 0 0
    outer loop
      vertex 179.75 10.7612 -18.8268
      vertex 179.75 10 -15
      vertex 179.75 10.3407 -17.5882
    endloop
  endfacet
  facet normal 1 -0 0
    outer loop
      vertex 179.75 10 -15
      vertex 179.75 34.0024 -25
      vertex 179.75 10 11
    endloop
  endfacet
  facet normal 1 0 0
    outer loop
      vertex 179.75 10.3407 -17.5882
      vertex 179.75 10 -15
      vertex 179.75 10.0856 -16.3053
    endloop
  endfacet
  facet normal 0 0.832025 0.554739
    outer loop
      vertex 153.25 34.0024 -25
      vertex 147.25 10 11
      vertex 153.25 10 11
    endloop
  endfacet
  facet normal 0 0.832025 0.554739
    outer loop
      vertex 147.25 10 11
      vertex 153.25 34.0024 -25
      vertex 147.25 34.0024 -25
    endloop
  endfacet
  facet normal -1 0 0
    outer loop
      vertex 147.25 10 -15
      vertex 147.25 20 -25
      vertex 147.25 18.6947 -24.9144
    endloop
  endfacet
  facet normal -1 0 0
    outer loop
      vertex 147.25 10 -15
      vertex 147.25 18.6947 -24.9144
      vertex 147.25 17.4118 -24.6593
    endloop
  endfacet
  facet normal -1 0 0
    outer loop
      vertex 147.25 10 -15
      vertex 147.25 17.4118 -24.6593
      vertex 147.25 16.1732 -24.2388
    endloop
  endfacet
  facet normal -1 0 0
    outer loop
      vertex 147.25 10 -15
      vertex 147.25 16.1732 -24.2388
      vertex 147.25 15 -23.6603
    endloop
  endfacet
  facet normal -1 0 0
    outer loop
      vertex 147.25 10 -15
      vertex 147.25 15 -23.6603
      vertex 147.25 13.9124 -22.9335
    endloop
  endfacet
  facet normal -1 0 0
    outer loop
      vertex 147.25 10 -15
      vertex 147.25 13.9124 -22.9335
      vertex 147.25 12.9289 -22.0711
    endloop
  endfacet
  facet normal -1 0 0
    outer loop
      vertex 147.25 10 -15
      vertex 147.25 12.9289 -22.0711
      vertex 147.25 12.0665 -21.0876
    endloop
  endfacet
  facet normal -1 0 0
    outer loop
      vertex 147.25 10 -15
      vertex 147.25 12.0665 -21.0876
      vertex 147.25 11.3397 -20
    endloop
  endfacet
  facet normal -1 0 0
    outer loop
      vertex 147.25 10 -15
      vertex 147.25 11.3397 -20
      vertex 147.25 10.7612 -18.8268
    endloop
  endfacet
  facet normal -1 0 0
    outer loop
      vertex 147.25 10 -15
      vertex 147.25 10.7612 -18.8268
      vertex 147.25 10.3407 -17.5882
    endloop
  endfacet
  facet normal -1 0 0
    outer loop
      vertex 147.25 10 -15
      vertex 147.25 10.3407 -17.5882
      vertex 147.25 10.0856 -16.3053
    endloop
  endfacet
  facet normal -1 0 0
    outer loop
      vertex 147.25 20 -25
      vertex 147.25 10 -15
      vertex 147.25 34.0024 -25
    endloop
  endfacet
  facet normal -1 0 0
    outer loop
      vertex 147.25 34.0024 -25
      vertex 147.25 10 -15
      vertex 147.25 10 11
    endloop
  endfacet
  facet normal 1 0 0
    outer loop
      vertex 153.25 10 -15
      vertex 153.25 20 -25
      vertex 153.25 34.0024 -25
    endloop
  endfacet
  facet normal 1 0 0
    outer loop
      vertex 153.25 20 -25
      vertex 153.25 10 -15
      vertex 153.25 18.6947 -24.9144
    endloop
  endfacet
  facet normal 1 0 0
    outer loop
      vertex 153.25 18.6947 -24.9144
      vertex 153.25 10 -15
      vertex 153.25 17.4118 -24.6593
    endloop
  endfacet
  facet normal 1 0 0
    outer loop
      vertex 153.25 17.4118 -24.6593
      vertex 153.25 10 -15
      vertex 153.25 16.1732 -24.2388
    endloop
  endfacet
  facet normal 1 0 0
    outer loop
      vertex 153.25 16.1732 -24.2388
      vertex 153.25 10 -15
      vertex 153.25 15 -23.6603
    endloop
  endfacet
  facet normal 1 0 0
    outer loop
      vertex 153.25 15 -23.6603
      vertex 153.25 10 -15
      vertex 153.25 13.9124 -22.9335
    endloop
  endfacet
  facet normal 1 0 0
    outer loop
      vertex 153.25 13.9124 -22.9335
      vertex 153.25 10 -15
      vertex 153.25 12.9289 -22.0711
    endloop
  endfacet
  facet normal 1 0 0
    outer loop
      vertex 153.25 12.9289 -22.0711
      vertex 153.25 10 -15
      vertex 153.25 12.0665 -21.0876
    endloop
  endfacet
  facet normal 1 0 0
    outer loop
      vertex 153.25 12.0665 -21.0876
      vertex 153.25 10 -15
      vertex 153.25 11.3397 -20
    endloop
  endfacet
  facet normal 1 0 0
    outer loop
      vertex 153.25 11.3397 -20
      vertex 153.25 10 -15
      vertex 153.25 10.7612 -18.8268
    endloop
  endfacet
  facet normal 1 0 0
    outer loop
      vertex 153.25 10.7612 -18.8268
      vertex 153.25 10 -15
      vertex 153.25 10.3407 -17.5882
    endloop
  endfacet
  facet normal 1 -0 0
    outer loop
      vertex 153.25 10 -15
      vertex 153.25 34.0024 -25
      vertex 153.25 10 11
    endloop
  endfacet
  facet normal 1 0 0
    outer loop
      vertex 153.25 10.3407 -17.5882
      vertex 153.25 10 -15
      vertex 153.25 10.0856 -16.3053
    endloop
  endfacet
  facet normal 0 0.832025 0.554739
    outer loop
      vertex 126.75 34.0024 -25
      vertex 120.75 10 11
      vertex 126.75 10 11
    endloop
  endfacet
  facet normal 0 0.832025 0.554739
    outer loop
      vertex 120.75 10 11
      vertex 126.75 34.0024 -25
      vertex 120.75 34.0024 -25
    endloop
  endfacet
  facet normal -1 0 0
    outer loop
      vertex 120.75 10 -15
      vertex 120.75 20 -25
      vertex 120.75 18.6947 -24.9144
    endloop
  endfacet
  facet normal -1 0 0
    outer loop
      vertex 120.75 10 -15
      vertex 120.75 18.6947 -24.9144
      vertex 120.75 17.4118 -24.6593
    endloop
  endfacet
  facet normal -1 0 0
    outer loop
      vertex 120.75 10 -15
      vertex 120.75 17.4118 -24.6593
      vertex 120.75 16.1732 -24.2388
    endloop
  endfacet
  facet normal -1 0 0
    outer loop
      vertex 120.75 10 -15
      vertex 120.75 16.1732 -24.2388
      vertex 120.75 15 -23.6603
    endloop
  endfacet
  facet normal -1 0 0
    outer loop
      vertex 120.75 10 -15
      vertex 120.75 15 -23.6603
      vertex 120.75 13.9124 -22.9335
    endloop
  endfacet
  facet normal -1 0 0
    outer loop
      vertex 120.75 10 -15
      vertex 120.75 13.9124 -22.9335
      vertex 120.75 12.9289 -22.0711
    endloop
  endfacet
  facet normal -1 0 0
    outer loop
      vertex 120.75 10 -15
      vertex 120.75 12.9289 -22.0711
      vertex 120.75 12.0665 -21.0876
    endloop
  endfacet
  facet normal -1 0 0
    outer loop
      vertex 120.75 10 -15
      vertex 120.75 12.0665 -21.0876
      vertex 120.75 11.3397 -20
    endloop
  endfacet
  facet normal -1 0 0
    outer loop
      vertex 120.75 10 -15
      vertex 120.75 11.3397 -20
      vertex 120.75 10.7612 -18.8268
    endloop
  endfacet
  facet normal -1 0 0
    outer loop
      vertex 120.75 10 -15
      vertex 120.75 10.7612 -18.8268
      vertex 120.75 10.3407 -17.5882
    endloop
  endfacet
  facet normal -1 0 0
    outer loop
      vertex 120.75 10 -15
      vertex 120.75 10.3407 -17.5882
      vertex 120.75 10.0856 -16.3053
    endloop
  endfacet
  facet normal -1 0 0
    outer loop
      vertex 120.75 20 -25
      vertex 120.75 10 -15
      vertex 120.75 34.0024 -25
    endloop
  endfacet
  facet normal -1 0 0
    outer loop
      vertex 120.75 34.0024 -25
      vertex 120.75 10 -15
      vertex 120.75 10 11
    endloop
  endfacet
  facet normal 1 0 0
    outer loop
      vertex 126.75 10 -15
      vertex 126.75 20 -25
      vertex 126.75 34.0024 -25
    endloop
  endfacet
  facet normal 1 0 0
    outer loop
      vertex 126.75 20 -25
      vertex 126.75 10 -15
      vertex 126.75 18.6947 -24.9144
    endloop
  endfacet
  facet normal 1 0 0
    outer loop
      vertex 126.75 18.6947 -24.9144
      vertex 126.75 10 -15
      vertex 126.75 17.4118 -24.6593
    endloop
  endfacet
  facet normal 1 0 0
    outer loop
      vertex 126.75 17.4118 -24.6593
      vertex 126.75 10 -15
      vertex 126.75 16.1732 -24.2388
    endloop
  endfacet
  facet normal 1 0 0
    outer loop
      vertex 126.75 16.1732 -24.2388
      vertex 126.75 10 -15
      vertex 126.75 15 -23.6603
    endloop
  endfacet
  facet normal 1 0 0
    outer loop
      vertex 126.75 15 -23.6603
      vertex 126.75 10 -15
      vertex 126.75 13.9124 -22.9335
    endloop
  endfacet
  facet normal 1 0 0
    outer loop
      vertex 126.75 13.9124 -22.9335
      vertex 126.75 10 -15
      vertex 126.75 12.9289 -22.0711
    endloop
  endfacet
  facet normal 1 0 0
    outer loop
      vertex 126.75 12.9289 -22.0711
      vertex 126.75 10 -15
      vertex 126.75 12.0665 -21.0876
    endloop
  endfacet
  facet normal 1 0 0
    outer loop
      vertex 126.75 12.0665 -21.0876
      vertex 126.75 10 -15
      vertex 126.75 11.3397 -20
    endloop
  endfacet
  facet normal 1 0 0
    outer loop
      vertex 126.75 11.3397 -20
      vertex 126.75 10 -15
      vertex 126.75 10.7612 -18.8268
    endloop
  endfacet
  facet normal 1 0 0
    outer loop
      vertex 126.75 10.7612 -18.8268
      vertex 126.75 10 -15
      vertex 126.75 10.3407 -17.5882
    endloop
  endfacet
  facet normal 1 -0 0
    outer loop
      vertex 126.75 10 -15
      vertex 126.75 34.0024 -25
      vertex 126.75 10 11
    endloop
  endfacet
  facet normal 1 0 0
    outer loop
      vertex 126.75 10.3407 -17.5882
      vertex 126.75 10 -15
      vertex 126.75 10.0856 -16.3053
    endloop
  endfacet
  facet normal 0 0.832025 0.554739
    outer loop
      vertex 100.25 34.0024 -25
      vertex 94.25 10 11
      vertex 100.25 10 11
    endloop
  endfacet
  facet normal 0 0.832025 0.554739
    outer loop
      vertex 94.25 10 11
      vertex 100.25 34.0024 -25
      vertex 94.25 34.0024 -25
    endloop
  endfacet
  facet normal -1 0 0
    outer loop
      vertex 94.25 10 -15
      vertex 94.25 20 -25
      vertex 94.25 18.6947 -24.9144
    endloop
  endfacet
  facet normal -1 0 0
    outer loop
      vertex 94.25 10 -15
      vertex 94.25 18.6947 -24.9144
      vertex 94.25 17.4118 -24.6593
    endloop
  endfacet
  facet normal -1 0 0
    outer loop
      vertex 94.25 10 -15
      vertex 94.25 17.4118 -24.6593
      vertex 94.25 16.1732 -24.2388
    endloop
  endfacet
  facet normal -1 0 0
    outer loop
      vertex 94.25 10 -15
      vertex 94.25 16.1732 -24.2388
      vertex 94.25 15 -23.6603
    endloop
  endfacet
  facet normal -1 0 0
    outer loop
      vertex 94.25 10 -15
      vertex 94.25 15 -23.6603
      vertex 94.25 13.9124 -22.9335
    endloop
  endfacet
  facet normal -1 0 0
    outer loop
      vertex 94.25 10 -15
      vertex 94.25 13.9124 -22.9335
      vertex 94.25 12.9289 -22.0711
    endloop
  endfacet
  facet normal -1 0 0
    outer loop
      vertex 94.25 10 -15
      vertex 94.25 12.9289 -22.0711
      vertex 94.25 12.0665 -21.0876
    endloop
  endfacet
  facet normal -1 0 0
    outer loop
      vertex 94.25 10 -15
      vertex 94.25 12.0665 -21.0876
      vertex 94.25 11.3397 -20
    endloop
  endfacet
  facet normal -1 0 0
    outer loop
      vertex 94.25 10 -15
      vertex 94.25 11.3397 -20
      vertex 94.25 10.7612 -18.8268
    endloop
  endfacet
  facet normal -1 0 0
    outer loop
      vertex 94.25 10 -15
      vertex 94.25 10.7612 -18.8268
      vertex 94.25 10.3407 -17.5882
    endloop
  endfacet
  facet normal -1 0 0
    outer loop
      vertex 94.25 10 -15
      vertex 94.25 10.3407 -17.5882
      vertex 94.25 10.0856 -16.3053
    endloop
  endfacet
  facet normal -1 0 0
    outer loop
      vertex 94.25 20 -25
      vertex 94.25 10 -15
      vertex 94.25 34.0024 -25
    endloop
  endfacet
  facet normal -1 0 0
    outer loop
      vertex 94.25 34.0024 -25
      vertex 94.25 10 -15
      vertex 94.25 10 11
    endloop
  endfacet
  facet normal 1 0 0
    outer loop
      vertex 100.25 10 -15
      vertex 100.25 20 -25
      vertex 100.25 34.0024 -25
    endloop
  endfacet
  facet normal 1 0 0
    outer loop
      vertex 100.25 20 -25
      vertex 100.25 10 -15
      vertex 100.25 18.6947 -24.9144
    endloop
  endfacet
  facet normal 1 0 0
    outer loop
      vertex 100.25 18.6947 -24.9144
      vertex 100.25 10 -15
      vertex 100.25 17.4118 -24.6593
    endloop
  endfacet
  facet normal 1 0 0
    outer loop
      vertex 100.25 17.4118 -24.6593
      vertex 100.25 10 -15
      vertex 100.25 16.1732 -24.2388
    endloop
  endfacet
  facet normal 1 0 0
    outer loop
      vertex 100.25 16.1732 -24.2388
      vertex 100.25 10 -15
      vertex 100.25 15 -23.6603
    endloop
  endfacet
  facet normal 1 0 0
    outer loop
      vertex 100.25 15 -23.6603
      vertex 100.25 10 -15
      vertex 100.25 13.9124 -22.9335
    endloop
  endfacet
  facet normal 1 0 0
    outer loop
      vertex 100.25 13.9124 -22.9335
      vertex 100.25 10 -15
      vertex 100.25 12.9289 -22.0711
    endloop
  endfacet
  facet normal 1 0 0
    outer loop
      vertex 100.25 12.9289 -22.0711
      vertex 100.25 10 -15
      vertex 100.25 12.0665 -21.0876
    endloop
  endfacet
  facet normal 1 0 0
    outer loop
      vertex 100.25 12.0665 -21.0876
      vertex 100.25 10 -15
      vertex 100.25 11.3397 -20
    endloop
  endfacet
  facet normal 1 0 0
    outer loop
      vertex 100.25 11.3397 -20
      vertex 100.25 10 -15
      vertex 100.25 10.7612 -18.8268
    endloop
  endfacet
  facet normal 1 0 0
    outer loop
      vertex 100.25 10.7612 -18.8268
      vertex 100.25 10 -15
      vertex 100.25 10.3407 -17.5882
    endloop
  endfacet
  facet normal 1 -0 0
    outer loop
      vertex 100.25 10 -15
      vertex 100.25 34.0024 -25
      vertex 100.25 10 11
    endloop
  endfacet
  facet normal 1 0 0
    outer loop
      vertex 100.25 10.3407 -17.5882
      vertex 100.25 10 -15
      vertex 100.25 10.0856 -16.3053
    endloop
  endfacet
  facet normal 0 0.832025 0.554739
    outer loop
      vertex 73.75 34.0024 -25
      vertex 67.75 10 11
      vertex 73.75 10 11
    endloop
  endfacet
  facet normal 0 0.832025 0.554739
    outer loop
      vertex 67.75 10 11
      vertex 73.75 34.0024 -25
      vertex 67.75 34.0024 -25
    endloop
  endfacet
  facet normal -1 0 0
    outer loop
      vertex 67.75 10 -15
      vertex 67.75 20 -25
      vertex 67.75 18.6947 -24.9144
    endloop
  endfacet
  facet normal -1 0 0
    outer loop
      vertex 67.75 10 -15
      vertex 67.75 18.6947 -24.9144
      vertex 67.75 17.4118 -24.6593
    endloop
  endfacet
  facet normal -1 0 0
    outer loop
      vertex 67.75 10 -15
      vertex 67.75 17.4118 -24.6593
      vertex 67.75 16.1732 -24.2388
    endloop
  endfacet
  facet normal -1 0 0
    outer loop
      vertex 67.75 10 -15
      vertex 67.75 16.1732 -24.2388
      vertex 67.75 15 -23.6603
    endloop
  endfacet
  facet normal -1 0 0
    outer loop
      vertex 67.75 10 -15
      vertex 67.75 15 -23.6603
      vertex 67.75 13.9124 -22.9335
    endloop
  endfacet
  facet normal -1 0 0
    outer loop
      vertex 67.75 10 -15
      vertex 67.75 13.9124 -22.9335
      vertex 67.75 12.9289 -22.0711
    endloop
  endfacet
  facet normal -1 0 0
    outer loop
      vertex 67.75 10 -15
      vertex 67.75 12.9289 -22.0711
      vertex 67.75 12.0665 -21.0876
    endloop
  endfacet
  facet normal -1 0 0
    outer loop
      vertex 67.75 10 -15
      vertex 67.75 12.0665 -21.0876
      vertex 67.75 11.3397 -20
    endloop
  endfacet
  facet normal -1 0 0
    outer loop
      vertex 67.75 10 -15
      vertex 67.75 11.3397 -20
      vertex 67.75 10.7612 -18.8268
    endloop
  endfacet
  facet normal -1 0 0
    outer loop
      vertex 67.75 10 -15
      vertex 67.75 10.7612 -18.8268
      vertex 67.75 10.3407 -17.5882
    endloop
  endfacet
  facet normal -1 0 0
    outer loop
      vertex 67.75 10 -15
      vertex 67.75 10.3407 -17.5882
      vertex 67.75 10.0856 -16.3053
    endloop
  endfacet
  facet normal -1 0 0
    outer loop
      vertex 67.75 20 -25
      vertex 67.75 10 -15
      vertex 67.75 34.0024 -25
    endloop
  endfacet
  facet normal -1 0 0
    outer loop
      vertex 67.75 34.0024 -25
      vertex 67.75 10 -15
      vertex 67.75 10 11
    endloop
  endfacet
  facet normal 1 0 0
    outer loop
      vertex 73.75 10 -15
      vertex 73.75 20 -25
      vertex 73.75 34.0024 -25
    endloop
  endfacet
  facet normal 1 0 0
    outer loop
      vertex 73.75 20 -25
      vertex 73.75 10 -15
      vertex 73.75 18.6947 -24.9144
    endloop
  endfacet
  facet normal 1 0 0
    outer loop
      vertex 73.75 18.6947 -24.9144
      vertex 73.75 10 -15
      vertex 73.75 17.4118 -24.6593
    endloop
  endfacet
  facet normal 1 0 0
    outer loop
      vertex 73.75 17.4118 -24.6593
      vertex 73.75 10 -15
      vertex 73.75 16.1732 -24.2388
    endloop
  endfacet
  facet normal 1 0 0
    outer loop
      vertex 73.75 16.1732 -24.2388
      vertex 73.75 10 -15
      vertex 73.75 15 -23.6603
    endloop
  endfacet
  facet normal 1 0 0
    outer loop
      vertex 73.75 15 -23.6603
      vertex 73.75 10 -15
      vertex 73.75 13.9124 -22.9335
    endloop
  endfacet
  facet normal 1 0 0
    outer loop
      vertex 73.75 13.9124 -22.9335
      vertex 73.75 10 -15
      vertex 73.75 12.9289 -22.0711
    endloop
  endfacet
  facet normal 1 0 0
    outer loop
      vertex 73.75 12.9289 -22.0711
      vertex 73.75 10 -15
      vertex 73.75 12.0665 -21.0876
    endloop
  endfacet
  facet normal 1 0 0
    outer loop
      vertex 73.75 12.0665 -21.0876
      vertex 73.75 10 -15
      vertex 73.75 11.3397 -20
    endloop
  endfacet
  facet normal 1 0 0
    outer loop
      vertex 73.75 11.3397 -20
      vertex 73.75 10 -15
      vertex 73.75 10.7612 -18.8268
    endloop
  endfacet
  facet normal 1 0 0
    outer loop
      vertex 73.75 10.7612 -18.8268
      vertex 73.75 10 -15
      vertex 73.75 10.3407 -17.5882
    endloop
  endfacet
  facet normal 1 -0 0
    outer loop
      vertex 73.75 10 -15
      vertex 73.75 34.0024 -25
      vertex 73.75 10 11
    endloop
  endfacet
  facet normal 1 0 0
    outer loop
      vertex 73.75 10.3407 -17.5882
      vertex 73.75 10 -15
      vertex 73.75 10.0856 -16.3053
    endloop
  endfacet
  facet normal 0 0.832025 0.554739
    outer loop
      vertex 47.25 34.0024 -25
      vertex 41.25 10 11
      vertex 47.25 10 11
    endloop
  endfacet
  facet normal 0 0.832025 0.554739
    outer loop
      vertex 41.25 10 11
      vertex 47.25 34.0024 -25
      vertex 41.25 34.0024 -25
    endloop
  endfacet
  facet normal -1 0 0
    outer loop
      vertex 41.25 10 -15
      vertex 41.25 20 -25
      vertex 41.25 18.6947 -24.9144
    endloop
  endfacet
  facet normal -1 0 0
    outer loop
      vertex 41.25 10 -15
      vertex 41.25 18.6947 -24.9144
      vertex 41.25 17.4118 -24.6593
    endloop
  endfacet
  facet normal -1 0 0
    outer loop
      vertex 41.25 10 -15
      vertex 41.25 17.4118 -24.6593
      vertex 41.25 16.1732 -24.2388
    endloop
  endfacet
  facet normal -1 0 0
    outer loop
      vertex 41.25 10 -15
      vertex 41.25 16.1732 -24.2388
      vertex 41.25 15 -23.6603
    endloop
  endfacet
  facet normal -1 0 0
    outer loop
      vertex 41.25 10 -15
      vertex 41.25 15 -23.6603
      vertex 41.25 13.9124 -22.9335
    endloop
  endfacet
  facet normal -1 0 0
    outer loop
      vertex 41.25 10 -15
      vertex 41.25 13.9124 -22.9335
      vertex 41.25 12.9289 -22.0711
    endloop
  endfacet
  facet normal -1 0 0
    outer loop
      vertex 41.25 10 -15
      vertex 41.25 12.9289 -22.0711
      vertex 41.25 12.0665 -21.0876
    endloop
  endfacet
  facet normal -1 0 0
    outer loop
      vertex 41.25 10 -15
      vertex 41.25 12.0665 -21.0876
      vertex 41.25 11.3397 -20
    endloop
  endfacet
  facet normal -1 0 0
    outer loop
      vertex 41.25 10 -15
      vertex 41.25 11.3397 -20
      vertex 41.25 10.7612 -18.8268
    endloop
  endfacet
  facet normal -1 0 0
    outer loop
      vertex 41.25 10 -15
      vertex 41.25 10.7612 -18.8268
      vertex 41.25 10.3407 -17.5882
    endloop
  endfacet
  facet normal -1 0 0
    outer loop
      vertex 41.25 10 -15
      vertex 41.25 10.3407 -17.5882
      vertex 41.25 10.0856 -16.3053
    endloop
  endfacet
  facet normal -1 0 0
    outer loop
      vertex 41.25 20 -25
      vertex 41.25 10 -15
      vertex 41.25 34.0024 -25
    endloop
  endfacet
  facet normal -1 0 0
    outer loop
      vertex 41.25 34.0024 -25
      vertex 41.25 10 -15
      vertex 41.25 10 11
    endloop
  endfacet
  facet normal 1 0 0
    outer loop
      vertex 47.25 10 -15
      vertex 47.25 20 -25
      vertex 47.25 34.0024 -25
    endloop
  endfacet
  facet normal 1 0 0
    outer loop
      vertex 47.25 20 -25
      vertex 47.25 10 -15
      vertex 47.25 18.6947 -24.9144
    endloop
  endfacet
  facet normal 1 0 0
    outer loop
      vertex 47.25 18.6947 -24.9144
      vertex 47.25 10 -15
      vertex 47.25 17.4118 -24.6593
    endloop
  endfacet
  facet normal 1 0 0
    outer loop
      vertex 47.25 17.4118 -24.6593
      vertex 47.25 10 -15
      vertex 47.25 16.1732 -24.2388
    endloop
  endfacet
  facet normal 1 0 0
    outer loop
      vertex 47.25 16.1732 -24.2388
      vertex 47.25 10 -15
      vertex 47.25 15 -23.6603
    endloop
  endfacet
  facet normal 1 0 0
    outer loop
      vertex 47.25 15 -23.6603
      vertex 47.25 10 -15
      vertex 47.25 13.9124 -22.9335
    endloop
  endfacet
  facet normal 1 0 0
    outer loop
      vertex 47.25 13.9124 -22.9335
      vertex 47.25 10 -15
      vertex 47.25 12.9289 -22.0711
    endloop
  endfacet
  facet normal 1 0 0
    outer loop
      vertex 47.25 12.9289 -22.0711
      vertex 47.25 10 -15
      vertex 47.25 12.0665 -21.0876
    endloop
  endfacet
  facet normal 1 0 0
    outer loop
      vertex 47.25 12.0665 -21.0876
      vertex 47.25 10 -15
      vertex 47.25 11.3397 -20
    endloop
  endfacet
  facet normal 1 0 0
    outer loop
      vertex 47.25 11.3397 -20
      vertex 47.25 10 -15
      vertex 47.25 10.7612 -18.8268
    endloop
  endfacet
  facet normal 1 0 0
    outer loop
      vertex 47.25 10.7612 -18.8268
      vertex 47.25 10 -15
      vertex 47.25 10.3407 -17.5882
    endloop
  endfacet
  facet normal 1 -0 0
    outer loop
      vertex 47.25 10 -15
      vertex 47.25 34.0024 -25
      vertex 47.25 10 11
    endloop
  endfacet
  facet normal 1 0 0
    outer loop
      vertex 47.25 10.3407 -17.5882
      vertex 47.25 10 -15
      vertex 47.25 10.0856 -16.3053
    endloop
  endfacet
  facet normal 0 0.832025 0.554739
    outer loop
      vertex 20.75 34.0024 -25
      vertex 14.75 10 11
      vertex 20.75 10 11
    endloop
  endfacet
  facet normal 0 0.832025 0.554739
    outer loop
      vertex 14.75 10 11
      vertex 20.75 34.0024 -25
      vertex 14.75 34.0024 -25
    endloop
  endfacet
  facet normal -1 0 0
    outer loop
      vertex 14.75 10 -15
      vertex 14.75 20 -25
      vertex 14.75 18.6947 -24.9144
    endloop
  endfacet
  facet normal -1 0 0
    outer loop
      vertex 14.75 10 -15
      vertex 14.75 18.6947 -24.9144
      vertex 14.75 17.4118 -24.6593
    endloop
  endfacet
  facet normal -1 0 0
    outer loop
      vertex 14.75 10 -15
      vertex 14.75 17.4118 -24.6593
      vertex 14.75 16.1732 -24.2388
    endloop
  endfacet
  facet normal -1 0 0
    outer loop
      vertex 14.75 10 -15
      vertex 14.75 16.1732 -24.2388
      vertex 14.75 15 -23.6603
    endloop
  endfacet
  facet normal -1 0 0
    outer loop
      vertex 14.75 10 -15
      vertex 14.75 15 -23.6603
      vertex 14.75 13.9124 -22.9335
    endloop
  endfacet
  facet normal -1 0 0
    outer loop
      vertex 14.75 10 -15
      vertex 14.75 13.9124 -22.9335
      vertex 14.75 12.9289 -22.0711
    endloop
  endfacet
  facet normal -1 0 0
    outer loop
      vertex 14.75 10 -15
      vertex 14.75 12.9289 -22.0711
      vertex 14.75 12.0665 -21.0876
    endloop
  endfacet
  facet normal -1 0 0
    outer loop
      vertex 14.75 10 -15
      vertex 14.75 12.0665 -21.0876
      vertex 14.75 11.3397 -20
    endloop
  endfacet
  facet normal -1 0 0
    outer loop
      vertex 14.75 10 -15
      vertex 14.75 11.3397 -20
      vertex 14.75 10.7612 -18.8268
    endloop
  endfacet
  facet normal -1 0 0
    outer loop
      vertex 14.75 10 -15
      vertex 14.75 10.7612 -18.8268
      vertex 14.75 10.3407 -17.5882
    endloop
  endfacet
  facet normal -1 0 0
    outer loop
      vertex 14.75 10 -15
      vertex 14.75 10.3407 -17.5882
      vertex 14.75 10.0856 -16.3053
    endloop
  endfacet
  facet normal -1 0 0
    outer loop
      vertex 14.75 20 -25
      vertex 14.75 10 -15
      vertex 14.75 34.0024 -25
    endloop
  endfacet
  facet normal -1 0 0
    outer loop
      vertex 14.75 34.0024 -25
      vertex 14.75 10 -15
      vertex 14.75 10 11
    endloop
  endfacet
  facet normal 1 0 0
    outer loop
      vertex 20.75 10 -15
      vertex 20.75 20 -25
      vertex 20.75 34.0024 -25
    endloop
  endfacet
  facet normal 1 0 0
    outer loop
      vertex 20.75 20 -25
      vertex 20.75 10 -15
      vertex 20.75 18.6947 -24.9144
    endloop
  endfacet
  facet normal 1 0 0
    outer loop
      vertex 20.75 18.6947 -24.9144
      vertex 20.75 10 -15
      vertex 20.75 17.4118 -24.6593
    endloop
  endfacet
  facet normal 1 0 0
    outer loop
      vertex 20.75 17.4118 -24.6593
      vertex 20.75 10 -15
      vertex 20.75 16.1732 -24.2388
    endloop
  endfacet
  facet normal 1 0 0
    outer loop
      vertex 20.75 16.1732 -24.2388
      vertex 20.75 10 -15
      vertex 20.75 15 -23.6603
    endloop
  endfacet
  facet normal 1 0 0
    outer loop
      vertex 20.75 15 -23.6603
      vertex 20.75 10 -15
      vertex 20.75 13.9124 -22.9335
    endloop
  endfacet
  facet normal 1 0 0
    outer loop
      vertex 20.75 13.9124 -22.9335
      vertex 20.75 10 -15
      vertex 20.75 12.9289 -22.0711
    endloop
  endfacet
  facet normal 1 0 0
    outer loop
      vertex 20.75 12.9289 -22.0711
      vertex 20.75 10 -15
      vertex 20.75 12.0665 -21.0876
    endloop
  endfacet
  facet normal 1 0 0
    outer loop
      vertex 20.75 12.0665 -21.0876
      vertex 20.75 10 -15
      vertex 20.75 11.3397 -20
    endloop
  endfacet
  facet normal 1 0 0
    outer loop
      vertex 20.75 11.3397 -20
      vertex 20.75 10 -15
      vertex 20.75 10.7612 -18.8268
    endloop
  endfacet
  facet normal 1 0 0
    outer loop
      vertex 20.75 10.7612 -18.8268
      vertex 20.75 10 -15
      vertex 20.75 10.3407 -17.5882
    endloop
  endfacet
  facet normal 1 -0 0
    outer loop
      vertex 20.75 10 -15
      vertex 20.75 34.0024 -25
      vertex 20.75 10 11
    endloop
  endfacet
  facet normal 1 0 0
    outer loop
      vertex 20.75 10.3407 -17.5882
      vertex 20.75 10 -15
      vertex 20.75 10.0856 -16.3053
    endloop
  endfacet
  facet normal -0.997857 0 0.0654276
    outer loop
      vertex -14 0 7.02945
      vertex -13.8973 10 8.59576
      vertex -14 10 7.02945
    endloop
  endfacet
  facet normal -0.997857 0 0.0654276
    outer loop
      vertex -13.8973 10 8.59576
      vertex -14 0 7.02945
      vertex -13.8973 0 8.59576
    endloop
  endfacet
  facet normal -0.555588 0 0.831458
    outer loop
      vertex -8.33458 10 17.5202
      vertex -7.02945 0 18.3923
      vertex -7.02945 10 18.3923
    endloop
  endfacet
  facet normal -0.555588 0 0.831458
    outer loop
      vertex -7.02945 0 18.3923
      vertex -8.33458 10 17.5202
      vertex -8.33458 0 17.5202
    endloop
  endfacet
  facet normal -0 0 1
    outer loop
      vertex -1.02945 10 20
      vertex 188.029 0 20
      vertex 188.029 10 20
    endloop
  endfacet
  facet normal 0 0 1
    outer loop
      vertex 188.029 0 20
      vertex -1.02945 10 20
      vertex -1.02945 0 20
    endloop
  endfacet
  facet normal -0.0654276 0 0.997857
    outer loop
      vertex -2.59576 10 19.8973
      vertex -1.02945 0 20
      vertex -1.02945 10 20
    endloop
  endfacet
  facet normal -0.0654276 0 0.997857
    outer loop
      vertex -1.02945 0 20
      vertex -2.59576 10 19.8973
      vertex -2.59576 0 19.8973
    endloop
  endfacet
  facet normal -0.980789 0 0.19507
    outer loop
      vertex -13.8973 0 8.59576
      vertex -13.5911 10 10.1353
      vertex -13.8973 10 8.59576
    endloop
  endfacet
  facet normal -0.980789 0 0.19507
    outer loop
      vertex -13.5911 10 10.1353
      vertex -13.8973 0 8.59576
      vertex -13.5911 0 10.1353
    endloop
  endfacet
  facet normal 0.707325 -0 0.706888
    outer loop
      vertex 196.515 0 16.4853
      vertex 197.485 10 15.5147
      vertex 196.515 10 16.4853
    endloop
  endfacet
  facet normal 0.707325 0 0.706888
    outer loop
      vertex 197.485 10 15.5147
      vertex 196.515 0 16.4853
      vertex 197.485 0 15.5147
    endloop
  endfacet
  facet normal -0.707114 0 0.707099
    outer loop
      vertex -10.4853 0 15.5147
      vertex -9.51472 10 16.4853
      vertex -10.4853 10 15.5147
    endloop
  endfacet
  facet normal -0.707114 0 0.707099
    outer loop
      vertex -9.51472 10 16.4853
      vertex -10.4853 0 15.5147
      vertex -9.51472 0 16.4853
    endloop
  endfacet
  facet normal -0.44226 0 0.896887
    outer loop
      vertex -7.02945 10 18.3923
      vertex -5.62164 0 19.0865
      vertex -5.62164 10 19.0865
    endloop
  endfacet
  facet normal -0.44226 0 0.896887
    outer loop
      vertex -5.62164 0 19.0865
      vertex -7.02945 10 18.3923
      vertex -7.02945 0 18.3923
    endloop
  endfacet
  facet normal 0.65937 0 0.751818
    outer loop
      vertex 195.335 10 17.5202
      vertex 196.515 0 16.4853
      vertex 196.515 10 16.4853
    endloop
  endfacet
  facet normal 0.65937 0 0.751818
    outer loop
      vertex 196.515 0 16.4853
      vertex 195.335 10 17.5202
      vertex 195.335 0 17.5202
    endloop
  endfacet
  facet normal 0.997845 -0 0.0656179
    outer loop
      vertex 200.897 0 8.59576
      vertex 201 10 7.02945
      vertex 200.897 10 8.59576
    endloop
  endfacet
  facet normal 0.997845 0 0.0656179
    outer loop
      vertex 201 10 7.02945
      vertex 200.897 0 8.59576
      vertex 201 0 7.02945
    endloop
  endfacet
  facet normal 0.442465 0 0.896786
    outer loop
      vertex 192.622 10 19.0865
      vertex 194.029 0 18.3923
      vertex 194.029 10 18.3923
    endloop
  endfacet
  facet normal 0.442465 0 0.896786
    outer loop
      vertex 194.029 0 18.3923
      vertex 192.622 10 19.0865
      vertex 192.622 0 19.0865
    endloop
  endfacet
  facet normal 0.947033 -0 0.321136
    outer loop
      vertex 200.087 0 11.6216
      vertex 200.591 10 10.1353
      vertex 200.087 10 11.6216
    endloop
  endfacet
  facet normal 0.947033 0 0.321136
    outer loop
      vertex 200.591 10 10.1353
      vertex 200.087 0 11.6216
      vertex 200.591 0 10.1353
    endloop
  endfacet
  facet normal -0.751846 0 0.659339
    outer loop
      vertex -11.5202 0 14.3346
      vertex -10.4853 10 15.5147
      vertex -11.5202 10 14.3346
    endloop
  endfacet
  facet normal -0.751846 0 0.659339
    outer loop
      vertex -10.4853 10 15.5147
      vertex -11.5202 0 14.3346
      vertex -10.4853 0 15.5147
    endloop
  endfacet
  facet normal 0.0653989 0 0.997859
    outer loop
      vertex 188.029 10 20
      vertex 189.596 0 19.8973
      vertex 189.596 10 19.8973
    endloop
  endfacet
  facet normal 0.0653989 0 0.997859
    outer loop
      vertex 189.596 0 19.8973
      vertex 188.029 10 20
      vertex 188.029 0 20
    endloop
  endfacet
  facet normal 0.831501 -0 0.555523
    outer loop
      vertex 198.52 0 14.3346
      vertex 199.392 10 13.0294
      vertex 198.52 10 14.3346
    endloop
  endfacet
  facet normal 0.831501 0 0.555523
    outer loop
      vertex 199.392 10 13.0294
      vertex 198.52 0 14.3346
      vertex 199.392 0 13.0294
    endloop
  endfacet
  facet normal 0.321343 0 0.946963
    outer loop
      vertex 191.135 10 19.5911
      vertex 192.622 0 19.0865
      vertex 192.622 10 19.0865
    endloop
  endfacet
  facet normal 0.321343 0 0.946963
    outer loop
      vertex 192.622 0 19.0865
      vertex 191.135 10 19.5911
      vertex 191.135 0 19.5911
    endloop
  endfacet
  facet normal -0.659326 0 0.751857
    outer loop
      vertex -9.51472 10 16.4853
      vertex -8.33458 0 17.5202
      vertex -8.33458 10 17.5202
    endloop
  endfacet
  facet normal -0.659326 0 0.751857
    outer loop
      vertex -8.33458 0 17.5202
      vertex -9.51472 10 16.4853
      vertex -9.51472 0 16.4853
    endloop
  endfacet
  facet normal 0.980814 -0 0.194947
    outer loop
      vertex 200.591 0 10.1353
      vertex 200.897 10 8.59576
      vertex 200.591 10 10.1353
    endloop
  endfacet
  facet normal 0.980814 0 0.194947
    outer loop
      vertex 200.897 10 8.59576
      vertex 200.591 0 10.1353
      vertex 200.897 0 8.59576
    endloop
  endfacet
  facet normal -0.946917 0 0.321479
    outer loop
      vertex -13.5911 0 10.1353
      vertex -13.0865 10 11.6216
      vertex -13.5911 10 10.1353
    endloop
  endfacet
  facet normal -0.946917 0 0.321479
    outer loop
      vertex -13.0865 10 11.6216
      vertex -13.5911 0 10.1353
      vertex -13.0865 0 11.6216
    endloop
  endfacet
  facet normal -0.195072 0 0.980789
    outer loop
      vertex -4.13528 10 19.5911
      vertex -2.59576 0 19.8973
      vertex -2.59576 10 19.8973
    endloop
  endfacet
  facet normal -0.195072 0 0.980789
    outer loop
      vertex -2.59576 0 19.8973
      vertex -4.13528 10 19.5911
      vertex -4.13528 0 19.5911
    endloop
  endfacet
  facet normal 0.195136 0 0.980776
    outer loop
      vertex 189.596 10 19.8973
      vertex 191.135 0 19.5911
      vertex 191.135 10 19.5911
    endloop
  endfacet
  facet normal 0.195136 0 0.980776
    outer loop
      vertex 191.135 0 19.5911
      vertex 189.596 10 19.8973
      vertex 189.596 0 19.8973
    endloop
  endfacet
  facet normal 0.896683 -0 0.442673
    outer loop
      vertex 199.392 0 13.0294
      vertex 200.087 10 11.6216
      vertex 199.392 10 13.0294
    endloop
  endfacet
  facet normal 0.896683 0 0.442673
    outer loop
      vertex 200.087 10 11.6216
      vertex 199.392 0 13.0294
      vertex 200.087 0 11.6216
    endloop
  endfacet
  facet normal 0.751815 -0 0.659375
    outer loop
      vertex 197.485 0 15.5147
      vertex 198.52 10 14.3346
      vertex 197.485 10 15.5147
    endloop
  endfacet
  facet normal 0.751815 0 0.659375
    outer loop
      vertex 198.52 10 14.3346
      vertex 197.485 0 15.5147
      vertex 198.52 0 14.3346
    endloop
  endfacet
  facet normal -0.321467 0 0.946921
    outer loop
      vertex -5.62164 10 19.0865
      vertex -4.13528 0 19.5911
      vertex -4.13528 10 19.5911
    endloop
  endfacet
  facet normal -0.321467 0 0.946921
    outer loop
      vertex -4.13528 0 19.5911
      vertex -5.62164 10 19.0865
      vertex -5.62164 0 19.0865
    endloop
  endfacet
  facet normal 0.555332 0 0.831629
    outer loop
      vertex 194.029 10 18.3923
      vertex 195.335 0 17.5202
      vertex 195.335 10 17.5202
    endloop
  endfacet
  facet normal 0.555332 0 0.831629
    outer loop
      vertex 195.335 0 17.5202
      vertex 194.029 10 18.3923
      vertex 194.029 0 18.3923
    endloop
  endfacet
  facet normal -0.831472 0 0.555567
    outer loop
      vertex -12.3923 0 13.0294
      vertex -11.5202 10 14.3346
      vertex -12.3923 10 13.0294
    endloop
  endfacet
  facet normal -0.831472 0 0.555567
    outer loop
      vertex -11.5202 10 14.3346
      vertex -12.3923 0 13.0294
      vertex -11.5202 0 14.3346
    endloop
  endfacet
  facet normal -0.896885 0 0.442263
    outer loop
      vertex -13.0865 0 11.6216
      vertex -12.3923 10 13.0294
      vertex -13.0865 10 11.6216
    endloop
  endfacet
  facet normal -0.896885 0 0.442263
    outer loop
      vertex -12.3923 10 13.0294
      vertex -13.0865 0 11.6216
      vertex -12.3923 0 13.0294
    endloop
  endfacet
  facet normal -0.980791 0.195062 0
    outer loop
      vertex -13.8973 33.862 -35
      vertex -13.5911 35.4016 -25
      vertex -13.5911 35.4016 -35
    endloop
  endfacet
  facet normal -0.980791 0.195062 0
    outer loop
      vertex -13.5911 35.4016 -25
      vertex -13.8973 33.862 -35
      vertex -13.8973 33.862 -25
    endloop
  endfacet
  facet normal -0.831472 0.555567 0
    outer loop
      vertex -12.3923 38.2957 -35
      vertex -11.5202 39.6009 -25
      vertex -11.5202 39.6009 -35
    endloop
  endfacet
  facet normal -0.831472 0.555567 0
    outer loop
      vertex -11.5202 39.6009 -25
      vertex -12.3923 38.2957 -35
      vertex -12.3923 38.2957 -25
    endloop
  endfacet
  facet normal -0.997857 0.065428 0
    outer loop
      vertex -14 32.2957 -35
      vertex -13.8973 33.862 -25
      vertex -13.8973 33.862 -35
    endloop
  endfacet
  facet normal -0.997857 0.065428 0
    outer loop
      vertex -13.8973 33.862 -25
      vertex -14 32.2957 -35
      vertex -14 32.2957 -25
    endloop
  endfacet
  facet normal -0.195133 0.980777 0
    outer loop
      vertex -3.56631 44.1931 -35
      vertex -5.10583 43.8868 -25
      vertex -3.56631 44.1931 -25
    endloop
  endfacet
  facet normal -0.195133 0.980777 0
    outer loop
      vertex -5.10583 43.8868 -25
      vertex -3.56631 44.1931 -35
      vertex -5.10583 43.8868 -35
    endloop
  endfacet
  facet normal 0.225134 0.974328 -0
    outer loop
      vertex 192.46 37.9233 -35
      vertex 190.931 38.2766 -25
      vertex 192.46 37.9233 -25
    endloop
  endfacet
  facet normal 0.225134 0.974328 0
    outer loop
      vertex 190.931 38.2766 -25
      vertex 192.46 37.9233 -35
      vertex 190.931 38.2766 -35
    endloop
  endfacet
  facet normal 0.682057 0.731299 -0
    outer loop
      vertex 197.742 34.6539 -35
      vertex 196.594 35.7246 -25
      vertex 197.742 34.6539 -25
    endloop
  endfacet
  facet normal 0.682057 0.731299 0
    outer loop
      vertex 196.594 35.7246 -25
      vertex 197.742 34.6539 -35
      vertex 196.594 35.7246 -35
    endloop
  endfacet
  facet normal 0.0959721 0.995384 -0
    outer loop
      vertex 190.931 38.2766 -35
      vertex 189.368 38.4273 -25
      vertex 190.931 38.2766 -25
    endloop
  endfacet
  facet normal 0.0959721 0.995384 0
    outer loop
      vertex 189.368 38.4273 -25
      vertex 190.931 38.2766 -35
      vertex 189.368 38.4273 -35
    endloop
  endfacet
  facet normal -0.05008 0.998745 0
    outer loop
      vertex -1.63184 44.2901 -35
      vertex -3.56631 44.1931 -25
      vertex -1.63184 44.2901 -25
    endloop
  endfacet
  facet normal -0.05008 0.998745 0
    outer loop
      vertex -3.56631 44.1931 -25
      vertex -1.63184 44.2901 -35
      vertex -3.56631 44.1931 -35
    endloop
  endfacet
  facet normal 0.58075 0.814082 -0
    outer loop
      vertex 196.594 35.7246 -35
      vertex 195.316 36.6363 -25
      vertex 196.594 35.7246 -25
    endloop
  endfacet
  facet normal 0.58075 0.814082 0
    outer loop
      vertex 195.316 36.6363 -25
      vertex 196.594 35.7246 -35
      vertex 195.316 36.6363 -35
    endloop
  endfacet
  facet normal -0.555544 0.831487 0
    outer loop
      vertex -8 42.688 -35
      vertex -9.30513 41.816 -25
      vertex -8 42.688 -25
    endloop
  endfacet
  facet normal -0.555544 0.831487 0
    outer loop
      vertex -9.30513 41.816 -25
      vertex -8 42.688 -35
      vertex -9.30513 41.816 -35
    endloop
  endfacet
  facet normal 0.0306809 0.999529 -0
    outer loop
      vertex 189.368 38.4273 -35
      vertex -1.63184 44.2901 -25
      vertex 189.368 38.4273 -25
    endloop
  endfacet
  facet normal 0.0306809 0.999529 0
    outer loop
      vertex -1.63184 44.2901 -25
      vertex 189.368 38.4273 -35
      vertex -1.63184 44.2901 -35
    endloop
  endfacet
  facet normal 0.956293 0.292411 0
    outer loop
      vertex 200.681 29.1817 -25
      vertex 200.222 30.6828 -35
      vertex 200.222 30.6828 -25
    endloop
  endfacet
  facet normal 0.956293 0.292411 0
    outer loop
      vertex 200.222 30.6828 -35
      vertex 200.681 29.1817 -25
      vertex 200.681 29.1817 -35
    endloop
  endfacet
  facet normal -0.32141 0.94694 0
    outer loop
      vertex -5.10583 43.8868 -35
      vertex -6.59219 43.3823 -25
      vertex -5.10583 43.8868 -25
    endloop
  endfacet
  facet normal -0.32141 0.94694 0
    outer loop
      vertex -6.59219 43.3823 -25
      vertex -5.10583 43.8868 -35
      vertex -6.59219 43.3823 -35
    endloop
  endfacet
  facet normal 0.771787 0.635881 0
    outer loop
      vertex 198.74 33.4426 -25
      vertex 197.742 34.6539 -35
      vertex 197.742 34.6539 -25
    endloop
  endfacet
  facet normal 0.771787 0.635881 0
    outer loop
      vertex 197.742 34.6539 -35
      vertex 198.74 33.4426 -25
      vertex 198.74 33.4426 -35
    endloop
  endfacet
  facet normal -0.946917 0.321479 0
    outer loop
      vertex -13.5911 35.4016 -35
      vertex -13.0865 36.8879 -25
      vertex -13.0865 36.8879 -35
    endloop
  endfacet
  facet normal -0.946917 0.321479 0
    outer loop
      vertex -13.0865 36.8879 -25
      vertex -13.5911 35.4016 -35
      vertex -13.5911 35.4016 -25
    endloop
  endfacet
  facet normal 0.910203 0.414163 0
    outer loop
      vertex 200.222 30.6828 -25
      vertex 199.572 32.1113 -35
      vertex 199.572 32.1113 -25
    endloop
  endfacet
  facet normal 0.910203 0.414163 0
    outer loop
      vertex 199.572 32.1113 -35
      vertex 200.222 30.6828 -25
      vertex 200.222 30.6828 -35
    endloop
  endfacet
  facet normal 0.986294 0.164998 0
    outer loop
      vertex 200.94 27.6335 -25
      vertex 200.681 29.1817 -35
      vertex 200.681 29.1817 -25
    endloop
  endfacet
  facet normal 0.986294 0.164998 0
    outer loop
      vertex 200.681 29.1817 -35
      vertex 200.94 27.6335 -25
      vertex 200.94 27.6335 -35
    endloop
  endfacet
  facet normal -0.751846 0.659339 0
    outer loop
      vertex -11.5202 39.6009 -35
      vertex -10.4853 40.781 -25
      vertex -10.4853 40.781 -35
    endloop
  endfacet
  facet normal -0.751846 0.659339 0
    outer loop
      vertex -10.4853 40.781 -25
      vertex -11.5202 39.6009 -35
      vertex -11.5202 39.6009 -25
    endloop
  endfacet
  facet normal 0.848016 0.52997 0
    outer loop
      vertex 199.572 32.1113 -25
      vertex 198.74 33.4426 -35
      vertex 198.74 33.4426 -25
    endloop
  endfacet
  facet normal 0.848016 0.52997 0
    outer loop
      vertex 198.74 33.4426 -35
      vertex 199.572 32.1113 -25
      vertex 199.572 32.1113 -35
    endloop
  endfacet
  facet normal 0.998753 0.0499169 0
    outer loop
      vertex 201 26.433 -25
      vertex 200.94 27.6335 -35
      vertex 200.94 27.6335 -25
    endloop
  endfacet
  facet normal 0.998753 0.0499169 0
    outer loop
      vertex 200.94 27.6335 -35
      vertex 201 26.433 -25
      vertex 201 26.433 -35
    endloop
  endfacet
  facet normal -0.442312 0.896861 0
    outer loop
      vertex -6.59219 43.3823 -35
      vertex -8 42.688 -25
      vertex -6.59219 43.3823 -25
    endloop
  endfacet
  facet normal -0.442312 0.896861 0
    outer loop
      vertex -8 42.688 -25
      vertex -6.59219 43.3823 -35
      vertex -8 42.688 -35
    endloop
  endfacet
  facet normal 0.350369 0.936612 -0
    outer loop
      vertex 193.93 37.3734 -35
      vertex 192.46 37.9233 -25
      vertex 193.93 37.3734 -25
    endloop
  endfacet
  facet normal 0.350369 0.936612 0
    outer loop
      vertex 192.46 37.9233 -25
      vertex 193.93 37.3734 -35
      vertex 192.46 37.9233 -35
    endloop
  endfacet
  facet normal 0.469546 0.882908 -0
    outer loop
      vertex 195.316 36.6363 -35
      vertex 193.93 37.3734 -25
      vertex 195.316 36.6363 -25
    endloop
  endfacet
  facet normal 0.469546 0.882908 0
    outer loop
      vertex 193.93 37.3734 -25
      vertex 195.316 36.6363 -35
      vertex 193.93 37.3734 -35
    endloop
  endfacet
  facet normal -0.896885 0.442263 0
    outer loop
      vertex -13.0865 36.8879 -35
      vertex -12.3923 38.2957 -25
      vertex -12.3923 38.2957 -35
    endloop
  endfacet
  facet normal -0.896885 0.442263 0
    outer loop
      vertex -12.3923 38.2957 -25
      vertex -13.0865 36.8879 -35
      vertex -13.0865 36.8879 -25
    endloop
  endfacet
  facet normal -0.659353 0.751834 0
    outer loop
      vertex -9.30513 41.816 -35
      vertex -10.4853 40.781 -25
      vertex -9.30513 41.816 -25
    endloop
  endfacet
  facet normal -0.659353 0.751834 0
    outer loop
      vertex -10.4853 40.781 -25
      vertex -9.30513 41.816 -35
      vertex -10.4853 40.781 -35
    endloop
  endfacet
  facet normal -0.195076 0 0.980788
    outer loop
      vertex 187.535 10 -4.06492
      vertex 188.061 -6 -3.9603
      vertex 188.061 10 -3.9603
    endloop
  endfacet
  facet normal -0.195076 0 0.980788
    outer loop
      vertex 188.061 -6 -3.9603
      vertex 187.535 10 -4.06492
      vertex 187.535 -6 -4.06492
    endloop
  endfacet
  facet normal -0.997868 0 0.0652619
    outer loop
      vertex 191.065 -6 -0.535157
      vertex 191.1 10 0
      vertex 191.065 10 -0.535157
    endloop
  endfacet
  facet normal -0.997868 0 0.0652619
    outer loop
      vertex 191.1 10 0
      vertex 191.065 -6 -0.535157
      vertex 191.1 -6 0
    endloop
  endfacet
  facet normal -0.659545 0 -0.751666
    outer loop
      vertex 189.496 -6 3.25275
      vertex 189.899 10 2.89914
      vertex 189.899 -6 2.89914
    endloop
  endfacet
  facet normal -0.659545 0 -0.751666
    outer loop
      vertex 189.899 10 2.89914
      vertex 189.496 -6 3.25275
      vertex 189.496 10 3.25275
    endloop
  endfacet
  facet normal -0.980653 0 0.195757
    outer loop
      vertex 190.96 -6 -1.06116
      vertex 191.065 10 -0.535157
      vertex 190.96 10 -1.06116
    endloop
  endfacet
  facet normal -0.980653 0 0.195757
    outer loop
      vertex 191.065 10 -0.535157
      vertex 190.96 -6 -1.06116
      vertex 191.065 -6 -0.535157
    endloop
  endfacet
  facet normal -0.94715 0 0.32079
    outer loop
      vertex 190.788 -6 -1.569
      vertex 190.96 10 -1.06116
      vertex 190.788 10 -1.569
    endloop
  endfacet
  facet normal -0.94715 0 0.32079
    outer loop
      vertex 190.96 10 -1.06116
      vertex 190.788 -6 -1.569
      vertex 190.96 -6 -1.06116
    endloop
  endfacet
  facet normal 0.980653 0 -0.195757
    outer loop
      vertex 183.04 -6 1.06116
      vertex 182.935 10 0.535157
      vertex 183.04 10 1.06116
    endloop
  endfacet
  facet normal 0.980653 0 -0.195757
    outer loop
      vertex 182.935 10 0.535157
      vertex 183.04 -6 1.06116
      vertex 182.935 -6 0.535157
    endloop
  endfacet
  facet normal -0.980653 0 -0.195757
    outer loop
      vertex 191.065 -6 0.535157
      vertex 190.96 10 1.06116
      vertex 191.065 10 0.535157
    endloop
  endfacet
  facet normal -0.980653 -0 -0.195757
    outer loop
      vertex 190.96 10 1.06116
      vertex 191.065 -6 0.535157
      vertex 190.96 -6 1.06116
    endloop
  endfacet
  facet normal -0.0654296 0 -0.997857
    outer loop
      vertex 187 -6 4.1
      vertex 187.535 10 4.06492
      vertex 187.535 -6 4.06492
    endloop
  endfacet
  facet normal -0.0654296 0 -0.997857
    outer loop
      vertex 187.535 10 4.06492
      vertex 187 -6 4.1
      vertex 187 10 4.1
    endloop
  endfacet
  facet normal -0.659545 0 0.751666
    outer loop
      vertex 189.496 10 -3.25275
      vertex 189.899 -6 -2.89914
      vertex 189.899 10 -2.89914
    endloop
  endfacet
  facet normal -0.659545 0 0.751666
    outer loop
      vertex 189.899 -6 -2.89914
      vertex 189.496 10 -3.25275
      vertex 189.496 -6 -3.25275
    endloop
  endfacet
  facet normal -0.0654296 0 0.997857
    outer loop
      vertex 187 10 -4.1
      vertex 187.535 -6 -4.06492
      vertex 187.535 10 -4.06492
    endloop
  endfacet
  facet normal -0.0654296 0 0.997857
    outer loop
      vertex 187.535 -6 -4.06492
      vertex 187 10 -4.1
      vertex 187 -6 -4.1
    endloop
  endfacet
  facet normal -0.94715 0 -0.32079
    outer loop
      vertex 190.96 -6 1.06116
      vertex 190.788 10 1.569
      vertex 190.96 10 1.06116
    endloop
  endfacet
  facet normal -0.94715 -0 -0.32079
    outer loop
      vertex 190.788 10 1.569
      vertex 190.96 -6 1.06116
      vertex 190.788 -6 1.569
    endloop
  endfacet
  facet normal -0.997868 0 -0.0652619
    outer loop
      vertex 191.1 -6 0
      vertex 191.065 10 0.535157
      vertex 191.1 10 0
    endloop
  endfacet
  facet normal -0.997868 -0 -0.0652619
    outer loop
      vertex 191.065 10 0.535157
      vertex 191.1 -6 0
      vertex 191.065 -6 0.535157
    endloop
  endfacet
  facet normal -0.897023 0 -0.441984
    outer loop
      vertex 190.788 -6 1.569
      vertex 190.551 10 2.05
      vertex 190.788 10 1.569
    endloop
  endfacet
  facet normal -0.897023 -0 -0.441984
    outer loop
      vertex 190.551 10 2.05
      vertex 190.788 -6 1.569
      vertex 190.551 -6 2.05
    endloop
  endfacet
  facet normal 0.751483 0 -0.659752
    outer loop
      vertex 184.101 -6 2.89914
      vertex 183.747 10 2.49592
      vertex 184.101 10 2.89914
    endloop
  endfacet
  facet normal 0.751483 0 -0.659752
    outer loop
      vertex 183.747 10 2.49592
      vertex 184.101 -6 2.89914
      vertex 183.747 -6 2.49592
    endloop
  endfacet
  facet normal 0.0654296 0 0.997857
    outer loop
      vertex 186.465 10 -4.06492
      vertex 187 -6 -4.1
      vertex 187 10 -4.1
    endloop
  endfacet
  facet normal 0.0654296 0 0.997857
    outer loop
      vertex 187 -6 -4.1
      vertex 186.465 10 -4.06492
      vertex 186.465 -6 -4.06492
    endloop
  endfacet
  facet normal 0.195076 0 0.980788
    outer loop
      vertex 185.939 10 -3.9603
      vertex 186.465 -6 -4.06492
      vertex 186.465 10 -4.06492
    endloop
  endfacet
  facet normal 0.195076 0 0.980788
    outer loop
      vertex 186.465 -6 -4.06492
      vertex 185.939 10 -3.9603
      vertex 185.939 -6 -3.9603
    endloop
  endfacet
  facet normal 0.94715 0 -0.32079
    outer loop
      vertex 183.212 -6 1.569
      vertex 183.04 10 1.06116
      vertex 183.212 10 1.569
    endloop
  endfacet
  facet normal 0.94715 0 -0.32079
    outer loop
      vertex 183.04 10 1.06116
      vertex 183.212 -6 1.569
      vertex 183.04 -6 1.06116
    endloop
  endfacet
  facet normal 0.980653 -0 0.195757
    outer loop
      vertex 182.935 -6 -0.535157
      vertex 183.04 10 -1.06116
      vertex 182.935 10 -0.535157
    endloop
  endfacet
  facet normal 0.980653 0 0.195757
    outer loop
      vertex 183.04 10 -1.06116
      vertex 182.935 -6 -0.535157
      vertex 183.04 -6 -1.06116
    endloop
  endfacet
  facet normal 0.997868 -0 0.0652619
    outer loop
      vertex 182.9 -6 0
      vertex 182.935 10 -0.535157
      vertex 182.9 10 0
    endloop
  endfacet
  facet normal 0.997868 0 0.0652619
    outer loop
      vertex 182.935 10 -0.535157
      vertex 182.9 -6 0
      vertex 182.935 -6 -0.535157
    endloop
  endfacet
  facet normal 0.195076 0 -0.980788
    outer loop
      vertex 185.939 -6 3.9603
      vertex 186.465 10 4.06492
      vertex 186.465 -6 4.06492
    endloop
  endfacet
  facet normal 0.195076 0 -0.980788
    outer loop
      vertex 186.465 10 4.06492
      vertex 185.939 -6 3.9603
      vertex 185.939 10 3.9603
    endloop
  endfacet
  facet normal 0.897023 0 -0.441984
    outer loop
      vertex 183.449 -6 2.05
      vertex 183.212 10 1.569
      vertex 183.449 10 2.05
    endloop
  endfacet
  facet normal 0.897023 0 -0.441984
    outer loop
      vertex 183.212 10 1.569
      vertex 183.449 -6 2.05
      vertex 183.212 -6 1.569
    endloop
  endfacet
  facet normal -0.555496 0 0.831519
    outer loop
      vertex 189.05 10 -3.5507
      vertex 189.496 -6 -3.25275
      vertex 189.496 10 -3.25275
    endloop
  endfacet
  facet normal -0.555496 0 0.831519
    outer loop
      vertex 189.496 -6 -3.25275
      vertex 189.05 10 -3.5507
      vertex 189.05 -6 -3.5507
    endloop
  endfacet
  facet normal -0.555496 0 -0.831519
    outer loop
      vertex 189.05 -6 3.5507
      vertex 189.496 10 3.25275
      vertex 189.496 -6 3.25275
    endloop
  endfacet
  facet normal -0.555496 0 -0.831519
    outer loop
      vertex 189.496 10 3.25275
      vertex 189.05 -6 3.5507
      vertex 189.05 10 3.5507
    endloop
  endfacet
  facet normal 0.659545 0 -0.751666
    outer loop
      vertex 184.101 -6 2.89914
      vertex 184.504 10 3.25275
      vertex 184.504 -6 3.25275
    endloop
  endfacet
  facet normal 0.659545 0 -0.751666
    outer loop
      vertex 184.504 10 3.25275
      vertex 184.101 -6 2.89914
      vertex 184.101 10 2.89914
    endloop
  endfacet
  facet normal 0.83143 0 -0.555629
    outer loop
      vertex 183.747 -6 2.49592
      vertex 183.449 10 2.05
      vertex 183.747 10 2.49592
    endloop
  endfacet
  facet normal 0.83143 0 -0.555629
    outer loop
      vertex 183.449 10 2.05
      vertex 183.747 -6 2.49592
      vertex 183.449 -6 2.05
    endloop
  endfacet
  facet normal 0.997868 0 -0.0652619
    outer loop
      vertex 182.935 -6 0.535157
      vertex 182.9 10 0
      vertex 182.935 10 0.535157
    endloop
  endfacet
  facet normal 0.997868 0 -0.0652619
    outer loop
      vertex 182.9 10 0
      vertex 182.935 -6 0.535157
      vertex 182.9 -6 0
    endloop
  endfacet
  facet normal 0.83143 -0 0.555629
    outer loop
      vertex 183.449 -6 -2.05
      vertex 183.747 10 -2.49592
      vertex 183.449 10 -2.05
    endloop
  endfacet
  facet normal 0.83143 0 0.555629
    outer loop
      vertex 183.747 10 -2.49592
      vertex 183.449 -6 -2.05
      vertex 183.747 -6 -2.49592
    endloop
  endfacet
  facet normal -0.442299 0 -0.896868
    outer loop
      vertex 188.569 -6 3.78791
      vertex 189.05 10 3.5507
      vertex 189.05 -6 3.5507
    endloop
  endfacet
  facet normal -0.442299 0 -0.896868
    outer loop
      vertex 189.05 10 3.5507
      vertex 188.569 -6 3.78791
      vertex 188.569 10 3.78791
    endloop
  endfacet
  facet normal 0.659545 0 0.751666
    outer loop
      vertex 184.101 10 -2.89914
      vertex 184.504 -6 -3.25275
      vertex 184.504 10 -3.25275
    endloop
  endfacet
  facet normal 0.659545 0 0.751666
    outer loop
      vertex 184.504 -6 -3.25275
      vertex 184.101 10 -2.89914
      vertex 184.101 -6 -2.89914
    endloop
  endfacet
  facet normal 0.321351 0 -0.94696
    outer loop
      vertex 185.431 -6 3.78791
      vertex 185.939 10 3.9603
      vertex 185.939 -6 3.9603
    endloop
  endfacet
  facet normal 0.321351 0 -0.94696
    outer loop
      vertex 185.939 10 3.9603
      vertex 185.431 -6 3.78791
      vertex 185.431 10 3.78791
    endloop
  endfacet
  facet normal -0.195076 0 -0.980788
    outer loop
      vertex 187.535 -6 4.06492
      vertex 188.061 10 3.9603
      vertex 188.061 -6 3.9603
    endloop
  endfacet
  facet normal -0.195076 0 -0.980788
    outer loop
      vertex 188.061 10 3.9603
      vertex 187.535 -6 4.06492
      vertex 187.535 10 4.06492
    endloop
  endfacet
  facet normal 0.555496 0 -0.831519
    outer loop
      vertex 184.504 -6 3.25275
      vertex 184.95 10 3.5507
      vertex 184.95 -6 3.5507
    endloop
  endfacet
  facet normal 0.555496 0 -0.831519
    outer loop
      vertex 184.95 10 3.5507
      vertex 184.504 -6 3.25275
      vertex 184.504 10 3.25275
    endloop
  endfacet
  facet normal 0.555496 0 0.831519
    outer loop
      vertex 184.504 10 -3.25275
      vertex 184.95 -6 -3.5507
      vertex 184.95 10 -3.5507
    endloop
  endfacet
  facet normal 0.555496 0 0.831519
    outer loop
      vertex 184.95 -6 -3.5507
      vertex 184.504 10 -3.25275
      vertex 184.504 -6 -3.25275
    endloop
  endfacet
  facet normal 0.442299 0 -0.896868
    outer loop
      vertex 184.95 -6 3.5507
      vertex 185.431 10 3.78791
      vertex 185.431 -6 3.78791
    endloop
  endfacet
  facet normal 0.442299 0 -0.896868
    outer loop
      vertex 185.431 10 3.78791
      vertex 184.95 -6 3.5507
      vertex 184.95 10 3.5507
    endloop
  endfacet
  facet normal -0.751483 0 -0.659752
    outer loop
      vertex 190.253 -6 2.49592
      vertex 189.899 10 2.89914
      vertex 190.253 10 2.49592
    endloop
  endfacet
  facet normal -0.751483 -0 -0.659752
    outer loop
      vertex 189.899 10 2.89914
      vertex 190.253 -6 2.49592
      vertex 189.899 -6 2.89914
    endloop
  endfacet
  facet normal 0.0654296 0 -0.997857
    outer loop
      vertex 186.465 -6 4.06492
      vertex 187 10 4.1
      vertex 187 -6 4.1
    endloop
  endfacet
  facet normal 0.0654296 0 -0.997857
    outer loop
      vertex 187 10 4.1
      vertex 186.465 -6 4.06492
      vertex 186.465 10 4.06492
    endloop
  endfacet
  facet normal 0.751483 -0 0.659752
    outer loop
      vertex 183.747 -6 -2.49592
      vertex 184.101 10 -2.89914
      vertex 183.747 10 -2.49592
    endloop
  endfacet
  facet normal 0.751483 0 0.659752
    outer loop
      vertex 184.101 10 -2.89914
      vertex 183.747 -6 -2.49592
      vertex 184.101 -6 -2.89914
    endloop
  endfacet
  facet normal 0.897023 -0 0.441984
    outer loop
      vertex 183.212 -6 -1.569
      vertex 183.449 10 -2.05
      vertex 183.212 10 -1.569
    endloop
  endfacet
  facet normal 0.897023 0 0.441984
    outer loop
      vertex 183.449 10 -2.05
      vertex 183.212 -6 -1.569
      vertex 183.449 -6 -2.05
    endloop
  endfacet
  facet normal -0.321351 0 -0.94696
    outer loop
      vertex 188.061 -6 3.9603
      vertex 188.569 10 3.78791
      vertex 188.569 -6 3.78791
    endloop
  endfacet
  facet normal -0.321351 0 -0.94696
    outer loop
      vertex 188.569 10 3.78791
      vertex 188.061 -6 3.9603
      vertex 188.061 10 3.9603
    endloop
  endfacet
  facet normal -0.442299 0 0.896868
    outer loop
      vertex 188.569 10 -3.78791
      vertex 189.05 -6 -3.5507
      vertex 189.05 10 -3.5507
    endloop
  endfacet
  facet normal -0.442299 0 0.896868
    outer loop
      vertex 189.05 -6 -3.5507
      vertex 188.569 10 -3.78791
      vertex 188.569 -6 -3.78791
    endloop
  endfacet
  facet normal -0.321351 0 0.94696
    outer loop
      vertex 188.061 10 -3.9603
      vertex 188.569 -6 -3.78791
      vertex 188.569 10 -3.78791
    endloop
  endfacet
  facet normal -0.321351 0 0.94696
    outer loop
      vertex 188.569 -6 -3.78791
      vertex 188.061 10 -3.9603
      vertex 188.061 -6 -3.9603
    endloop
  endfacet
  facet normal 0.442299 0 0.896868
    outer loop
      vertex 184.95 10 -3.5507
      vertex 185.431 -6 -3.78791
      vertex 185.431 10 -3.78791
    endloop
  endfacet
  facet normal 0.442299 0 0.896868
    outer loop
      vertex 185.431 -6 -3.78791
      vertex 184.95 10 -3.5507
      vertex 184.95 -6 -3.5507
    endloop
  endfacet
  facet normal 0.321351 0 0.94696
    outer loop
      vertex 185.431 10 -3.78791
      vertex 185.939 -6 -3.9603
      vertex 185.939 10 -3.9603
    endloop
  endfacet
  facet normal 0.321351 0 0.94696
    outer loop
      vertex 185.939 -6 -3.9603
      vertex 185.431 10 -3.78791
      vertex 185.431 -6 -3.78791
    endloop
  endfacet
  facet normal -0.83143 0 0.555629
    outer loop
      vertex 190.253 -6 -2.49592
      vertex 190.551 10 -2.05
      vertex 190.253 10 -2.49592
    endloop
  endfacet
  facet normal -0.83143 0 0.555629
    outer loop
      vertex 190.551 10 -2.05
      vertex 190.253 -6 -2.49592
      vertex 190.551 -6 -2.05
    endloop
  endfacet
  facet normal -0.83143 0 -0.555629
    outer loop
      vertex 190.551 -6 2.05
      vertex 190.253 10 2.49592
      vertex 190.551 10 2.05
    endloop
  endfacet
  facet normal -0.83143 -0 -0.555629
    outer loop
      vertex 190.253 10 2.49592
      vertex 190.551 -6 2.05
      vertex 190.253 -6 2.49592
    endloop
  endfacet
  facet normal -0.897023 0 0.441984
    outer loop
      vertex 190.551 -6 -2.05
      vertex 190.788 10 -1.569
      vertex 190.551 10 -2.05
    endloop
  endfacet
  facet normal -0.897023 0 0.441984
    outer loop
      vertex 190.788 10 -1.569
      vertex 190.551 -6 -2.05
      vertex 190.788 -6 -1.569
    endloop
  endfacet
  facet normal 0.94715 -0 0.32079
    outer loop
      vertex 183.04 -6 -1.06116
      vertex 183.212 10 -1.569
      vertex 183.04 10 -1.06116
    endloop
  endfacet
  facet normal 0.94715 0 0.32079
    outer loop
      vertex 183.212 10 -1.569
      vertex 183.04 -6 -1.06116
      vertex 183.212 -6 -1.569
    endloop
  endfacet
  facet normal -0.751483 0 0.659752
    outer loop
      vertex 189.899 -6 -2.89914
      vertex 190.253 10 -2.49592
      vertex 189.899 10 -2.89914
    endloop
  endfacet
  facet normal -0.751483 0 0.659752
    outer loop
      vertex 190.253 10 -2.49592
      vertex 189.899 -6 -2.89914
      vertex 190.253 -6 -2.49592
    endloop
  endfacet
  facet normal 0.321442 0 -0.946929
    outer loop
      vertex -1.569 -6 3.78791
      vertex -1.06116 10 3.9603
      vertex -1.06116 -6 3.9603
    endloop
  endfacet
  facet normal 0.321442 0 -0.946929
    outer loop
      vertex -1.06116 10 3.9603
      vertex -1.569 -6 3.78791
      vertex -1.569 10 3.78791
    endloop
  endfacet
  facet normal 0.195075 0 -0.980788
    outer loop
      vertex -1.06116 -6 3.9603
      vertex -0.535157 10 4.06492
      vertex -0.535157 -6 4.06492
    endloop
  endfacet
  facet normal 0.195075 0 -0.980788
    outer loop
      vertex -0.535157 10 4.06492
      vertex -1.06116 -6 3.9603
      vertex -1.06116 10 3.9603
    endloop
  endfacet
  facet normal 0.831473 -0 0.555565
    outer loop
      vertex -3.5507 -6 -2.05
      vertex -3.25275 10 -2.49592
      vertex -3.5507 10 -2.05
    endloop
  endfacet
  facet normal 0.831473 0 0.555565
    outer loop
      vertex -3.25275 10 -2.49592
      vertex -3.5507 -6 -2.05
      vertex -3.25275 -6 -2.49592
    endloop
  endfacet
  facet normal 0.555565 0 0.831473
    outer loop
      vertex -2.49592 10 -3.25275
      vertex -2.05 -6 -3.5507
      vertex -2.05 10 -3.5507
    endloop
  endfacet
  facet normal 0.555565 0 0.831473
    outer loop
      vertex -2.05 -6 -3.5507
      vertex -2.49592 10 -3.25275
      vertex -2.49592 -6 -3.25275
    endloop
  endfacet
  facet normal 0.980788 -0 0.195075
    outer loop
      vertex -4.06492 -6 -0.535157
      vertex -3.9603 10 -1.06116
      vertex -4.06492 10 -0.535157
    endloop
  endfacet
  facet normal 0.980788 0 0.195075
    outer loop
      vertex -3.9603 10 -1.06116
      vertex -4.06492 -6 -0.535157
      vertex -3.9603 -6 -1.06116
    endloop
  endfacet
  facet normal 0.751844 0 -0.659341
    outer loop
      vertex -2.89914 -6 2.89914
      vertex -3.25275 10 2.49592
      vertex -2.89914 10 2.89914
    endloop
  endfacet
  facet normal 0.751844 0 -0.659341
    outer loop
      vertex -3.25275 10 2.49592
      vertex -2.89914 -6 2.89914
      vertex -3.25275 -6 2.49592
    endloop
  endfacet
  facet normal -0.751844 0 -0.659341
    outer loop
      vertex 3.25275 -6 2.49592
      vertex 2.89914 10 2.89914
      vertex 3.25275 10 2.49592
    endloop
  endfacet
  facet normal -0.751844 -0 -0.659341
    outer loop
      vertex 2.89914 10 2.89914
      vertex 3.25275 -6 2.49592
      vertex 2.89914 -6 2.89914
    endloop
  endfacet
  facet normal -0.831473 0 -0.555565
    outer loop
      vertex 3.5507 -6 2.05
      vertex 3.25275 10 2.49592
      vertex 3.5507 10 2.05
    endloop
  endfacet
  facet normal -0.831473 -0 -0.555565
    outer loop
      vertex 3.25275 10 2.49592
      vertex 3.5507 -6 2.05
      vertex 3.25275 -6 2.49592
    endloop
  endfacet
  facet normal -0.659341 0 0.751844
    outer loop
      vertex 2.49592 10 -3.25275
      vertex 2.89914 -6 -2.89914
      vertex 2.89914 10 -2.89914
    endloop
  endfacet
  facet normal -0.659341 0 0.751844
    outer loop
      vertex 2.89914 -6 -2.89914
      vertex 2.49592 10 -3.25275
      vertex 2.49592 -6 -3.25275
    endloop
  endfacet
  facet normal 0.946929 -0 0.321442
    outer loop
      vertex -3.9603 -6 -1.06116
      vertex -3.78791 10 -1.569
      vertex -3.9603 10 -1.06116
    endloop
  endfacet
  facet normal 0.946929 0 0.321442
    outer loop
      vertex -3.78791 10 -1.569
      vertex -3.9603 -6 -1.06116
      vertex -3.78791 -6 -1.569
    endloop
  endfacet
  facet normal 0.442299 0 0.896868
    outer loop
      vertex -2.05 10 -3.5507
      vertex -1.569 -6 -3.78791
      vertex -1.569 10 -3.78791
    endloop
  endfacet
  facet normal 0.442299 0 0.896868
    outer loop
      vertex -1.569 -6 -3.78791
      vertex -2.05 10 -3.5507
      vertex -2.05 -6 -3.5507
    endloop
  endfacet
  facet normal 0.896868 -0 0.442299
    outer loop
      vertex -3.78791 -6 -1.569
      vertex -3.5507 10 -2.05
      vertex -3.78791 10 -1.569
    endloop
  endfacet
  facet normal 0.896868 0 0.442299
    outer loop
      vertex -3.5507 10 -2.05
      vertex -3.78791 -6 -1.569
      vertex -3.5507 -6 -2.05
    endloop
  endfacet
  facet normal 0.442299 0 -0.896868
    outer loop
      vertex -2.05 -6 3.5507
      vertex -1.569 10 3.78791
      vertex -1.569 -6 3.78791
    endloop
  endfacet
  facet normal 0.442299 0 -0.896868
    outer loop
      vertex -1.569 10 3.78791
      vertex -2.05 -6 3.5507
      vertex -2.05 10 3.5507
    endloop
  endfacet
  facet normal -0.659341 0 -0.751844
    outer loop
      vertex 2.49592 -6 3.25275
      vertex 2.89914 10 2.89914
      vertex 2.89914 -6 2.89914
    endloop
  endfacet
  facet normal -0.659341 0 -0.751844
    outer loop
      vertex 2.89914 10 2.89914
      vertex 2.49592 -6 3.25275
      vertex 2.49592 10 3.25275
    endloop
  endfacet
  facet normal -0.946929 0 -0.321442
    outer loop
      vertex 3.9603 -6 1.06116
      vertex 3.78791 10 1.569
      vertex 3.9603 10 1.06116
    endloop
  endfacet
  facet normal -0.946929 -0 -0.321442
    outer loop
      vertex 3.78791 10 1.569
      vertex 3.9603 -6 1.06116
      vertex 3.78791 -6 1.569
    endloop
  endfacet
  facet normal -0.997858 0 0.0654105
    outer loop
      vertex 4.06492 -6 -0.535157
      vertex 4.1 10 0
      vertex 4.06492 10 -0.535157
    endloop
  endfacet
  facet normal -0.997858 0 0.0654105
    outer loop
      vertex 4.1 10 0
      vertex 4.06492 -6 -0.535157
      vertex 4.1 -6 0
    endloop
  endfacet
  facet normal -0.195075 0 0.980788
    outer loop
      vertex 0.535158 10 -4.06492
      vertex 1.06116 -6 -3.9603
      vertex 1.06116 10 -3.9603
    endloop
  endfacet
  facet normal -0.195075 0 0.980788
    outer loop
      vertex 1.06116 -6 -3.9603
      vertex 0.535158 10 -4.06492
      vertex 0.535158 -6 -4.06492
    endloop
  endfacet
  facet normal -0.442299 0 -0.896868
    outer loop
      vertex 1.569 -6 3.78791
      vertex 2.05 10 3.5507
      vertex 2.05 -6 3.5507
    endloop
  endfacet
  facet normal -0.442299 0 -0.896868
    outer loop
      vertex 2.05 10 3.5507
      vertex 1.569 -6 3.78791
      vertex 1.569 10 3.78791
    endloop
  endfacet
  facet normal 0.321442 0 0.946929
    outer loop
      vertex -1.569 10 -3.78791
      vertex -1.06116 -6 -3.9603
      vertex -1.06116 10 -3.9603
    endloop
  endfacet
  facet normal 0.321442 0 0.946929
    outer loop
      vertex -1.06116 -6 -3.9603
      vertex -1.569 10 -3.78791
      vertex -1.569 -6 -3.78791
    endloop
  endfacet
  facet normal -0.896868 0 -0.442299
    outer loop
      vertex 3.78791 -6 1.569
      vertex 3.5507 10 2.05
      vertex 3.78791 10 1.569
    endloop
  endfacet
  facet normal -0.896868 -0 -0.442299
    outer loop
      vertex 3.5507 10 2.05
      vertex 3.78791 -6 1.569
      vertex 3.5507 -6 2.05
    endloop
  endfacet
  facet normal -0.896868 0 0.442299
    outer loop
      vertex 3.5507 -6 -2.05
      vertex 3.78791 10 -1.569
      vertex 3.5507 10 -2.05
    endloop
  endfacet
  facet normal -0.896868 0 0.442299
    outer loop
      vertex 3.78791 10 -1.569
      vertex 3.5507 -6 -2.05
      vertex 3.78791 -6 -1.569
    endloop
  endfacet
  facet normal -0.0654104 0 -0.997858
    outer loop
      vertex 0 -6 4.1
      vertex 0.535158 10 4.06492
      vertex 0.535158 -6 4.06492
    endloop
  endfacet
  facet normal -0.0654104 0 -0.997858
    outer loop
      vertex 0.535158 10 4.06492
      vertex 0 -6 4.1
      vertex 0 10 4.1
    endloop
  endfacet
  facet normal 0.195075 0 0.980788
    outer loop
      vertex -1.06116 10 -3.9603
      vertex -0.535157 -6 -4.06492
      vertex -0.535157 10 -4.06492
    endloop
  endfacet
  facet normal 0.195075 0 0.980788
    outer loop
      vertex -0.535157 -6 -4.06492
      vertex -1.06116 10 -3.9603
      vertex -1.06116 -6 -3.9603
    endloop
  endfacet
  facet normal 0.659341 0 0.751844
    outer loop
      vertex -2.89914 10 -2.89914
      vertex -2.49592 -6 -3.25275
      vertex -2.49592 10 -3.25275
    endloop
  endfacet
  facet normal 0.659341 0 0.751844
    outer loop
      vertex -2.49592 -6 -3.25275
      vertex -2.89914 10 -2.89914
      vertex -2.89914 -6 -2.89914
    endloop
  endfacet
  facet normal -0.980788 0 -0.195075
    outer loop
      vertex 4.06492 -6 0.535157
      vertex 3.9603 10 1.06116
      vertex 4.06492 10 0.535157
    endloop
  endfacet
  facet normal -0.980788 -0 -0.195075
    outer loop
      vertex 3.9603 10 1.06116
      vertex 4.06492 -6 0.535157
      vertex 3.9603 -6 1.06116
    endloop
  endfacet
  facet normal -0.0654104 0 0.997858
    outer loop
      vertex 0 10 -4.1
      vertex 0.535158 -6 -4.06492
      vertex 0.535158 10 -4.06492
    endloop
  endfacet
  facet normal -0.0654104 0 0.997858
    outer loop
      vertex 0.535158 -6 -4.06492
      vertex 0 10 -4.1
      vertex 0 -6 -4.1
    endloop
  endfacet
  facet normal -0.555565 0 0.831473
    outer loop
      vertex 2.05 10 -3.5507
      vertex 2.49592 -6 -3.25275
      vertex 2.49592 10 -3.25275
    endloop
  endfacet
  facet normal -0.555565 0 0.831473
    outer loop
      vertex 2.49592 -6 -3.25275
      vertex 2.05 10 -3.5507
      vertex 2.05 -6 -3.5507
    endloop
  endfacet
  facet normal 0.980788 0 -0.195075
    outer loop
      vertex -3.9603 -6 1.06116
      vertex -4.06492 10 0.535157
      vertex -3.9603 10 1.06116
    endloop
  endfacet
  facet normal 0.980788 0 -0.195075
    outer loop
      vertex -4.06492 10 0.535157
      vertex -3.9603 -6 1.06116
      vertex -4.06492 -6 0.535157
    endloop
  endfacet
  facet normal 0.831473 0 -0.555565
    outer loop
      vertex -3.25275 -6 2.49592
      vertex -3.5507 10 2.05
      vertex -3.25275 10 2.49592
    endloop
  endfacet
  facet normal 0.831473 0 -0.555565
    outer loop
      vertex -3.5507 10 2.05
      vertex -3.25275 -6 2.49592
      vertex -3.5507 -6 2.05
    endloop
  endfacet
  facet normal 0.946929 0 -0.321442
    outer loop
      vertex -3.78791 -6 1.569
      vertex -3.9603 10 1.06116
      vertex -3.78791 10 1.569
    endloop
  endfacet
  facet normal 0.946929 0 -0.321442
    outer loop
      vertex -3.9603 10 1.06116
      vertex -3.78791 -6 1.569
      vertex -3.9603 -6 1.06116
    endloop
  endfacet
  facet normal 0.555565 0 -0.831473
    outer loop
      vertex -2.49592 -6 3.25275
      vertex -2.05 10 3.5507
      vertex -2.05 -6 3.5507
    endloop
  endfacet
  facet normal 0.555565 0 -0.831473
    outer loop
      vertex -2.05 10 3.5507
      vertex -2.49592 -6 3.25275
      vertex -2.49592 10 3.25275
    endloop
  endfacet
  facet normal -0.195075 0 -0.980788
    outer loop
      vertex 0.535158 -6 4.06492
      vertex 1.06116 10 3.9603
      vertex 1.06116 -6 3.9603
    endloop
  endfacet
  facet normal -0.195075 0 -0.980788
    outer loop
      vertex 1.06116 10 3.9603
      vertex 0.535158 -6 4.06492
      vertex 0.535158 10 4.06492
    endloop
  endfacet
  facet normal -0.751844 0 0.659341
    outer loop
      vertex 2.89914 -6 -2.89914
      vertex 3.25275 10 -2.49592
      vertex 2.89914 10 -2.89914
    endloop
  endfacet
  facet normal -0.751844 0 0.659341
    outer loop
      vertex 3.25275 10 -2.49592
      vertex 2.89914 -6 -2.89914
      vertex 3.25275 -6 -2.49592
    endloop
  endfacet
  facet normal -0.980788 0 0.195075
    outer loop
      vertex 3.9603 -6 -1.06116
      vertex 4.06492 10 -0.535157
      vertex 3.9603 10 -1.06116
    endloop
  endfacet
  facet normal -0.980788 0 0.195075
    outer loop
      vertex 4.06492 10 -0.535157
      vertex 3.9603 -6 -1.06116
      vertex 4.06492 -6 -0.535157
    endloop
  endfacet
  facet normal 0.997858 -0 0.0654105
    outer loop
      vertex -4.1 -6 0
      vertex -4.06492 10 -0.535157
      vertex -4.1 10 0
    endloop
  endfacet
  facet normal 0.997858 0 0.0654105
    outer loop
      vertex -4.06492 10 -0.535157
      vertex -4.1 -6 0
      vertex -4.06492 -6 -0.535157
    endloop
  endfacet
  facet normal -0.321442 0 0.946929
    outer loop
      vertex 1.06116 10 -3.9603
      vertex 1.569 -6 -3.78791
      vertex 1.569 10 -3.78791
    endloop
  endfacet
  facet normal -0.321442 0 0.946929
    outer loop
      vertex 1.569 -6 -3.78791
      vertex 1.06116 10 -3.9603
      vertex 1.06116 -6 -3.9603
    endloop
  endfacet
  facet normal 0.659341 0 -0.751844
    outer loop
      vertex -2.89914 -6 2.89914
      vertex -2.49592 10 3.25275
      vertex -2.49592 -6 3.25275
    endloop
  endfacet
  facet normal 0.659341 0 -0.751844
    outer loop
      vertex -2.49592 10 3.25275
      vertex -2.89914 -6 2.89914
      vertex -2.89914 10 2.89914
    endloop
  endfacet
  facet normal -0.997858 0 -0.0654105
    outer loop
      vertex 4.1 -6 0
      vertex 4.06492 10 0.535157
      vertex 4.1 10 0
    endloop
  endfacet
  facet normal -0.997858 -0 -0.0654105
    outer loop
      vertex 4.06492 10 0.535157
      vertex 4.1 -6 0
      vertex 4.06492 -6 0.535157
    endloop
  endfacet
  facet normal 0.0654105 0 0.997858
    outer loop
      vertex -0.535157 10 -4.06492
      vertex 0 -6 -4.1
      vertex 0 10 -4.1
    endloop
  endfacet
  facet normal 0.0654105 0 0.997858
    outer loop
      vertex 0 -6 -4.1
      vertex -0.535157 10 -4.06492
      vertex -0.535157 -6 -4.06492
    endloop
  endfacet
  facet normal 0.0654105 0 -0.997858
    outer loop
      vertex -0.535157 -6 4.06492
      vertex 0 10 4.1
      vertex 0 -6 4.1
    endloop
  endfacet
  facet normal 0.0654105 0 -0.997858
    outer loop
      vertex 0 10 4.1
      vertex -0.535157 -6 4.06492
      vertex -0.535157 10 4.06492
    endloop
  endfacet
  facet normal 0.896868 0 -0.442299
    outer loop
      vertex -3.5507 -6 2.05
      vertex -3.78791 10 1.569
      vertex -3.5507 10 2.05
    endloop
  endfacet
  facet normal 0.896868 0 -0.442299
    outer loop
      vertex -3.78791 10 1.569
      vertex -3.5507 -6 2.05
      vertex -3.78791 -6 1.569
    endloop
  endfacet
  facet normal 0.997858 0 -0.0654105
    outer loop
      vertex -4.06492 -6 0.535157
      vertex -4.1 10 0
      vertex -4.06492 10 0.535157
    endloop
  endfacet
  facet normal 0.997858 0 -0.0654105
    outer loop
      vertex -4.1 10 0
      vertex -4.06492 -6 0.535157
      vertex -4.1 -6 0
    endloop
  endfacet
  facet normal -0.555565 0 -0.831473
    outer loop
      vertex 2.05 -6 3.5507
      vertex 2.49592 10 3.25275
      vertex 2.49592 -6 3.25275
    endloop
  endfacet
  facet normal -0.555565 0 -0.831473
    outer loop
      vertex 2.49592 10 3.25275
      vertex 2.05 -6 3.5507
      vertex 2.05 10 3.5507
    endloop
  endfacet
  facet normal -0.321442 0 -0.946929
    outer loop
      vertex 1.06116 -6 3.9603
      vertex 1.569 10 3.78791
      vertex 1.569 -6 3.78791
    endloop
  endfacet
  facet normal -0.321442 0 -0.946929
    outer loop
      vertex 1.569 10 3.78791
      vertex 1.06116 -6 3.9603
      vertex 1.06116 10 3.9603
    endloop
  endfacet
  facet normal -0.946929 0 0.321442
    outer loop
      vertex 3.78791 -6 -1.569
      vertex 3.9603 10 -1.06116
      vertex 3.78791 10 -1.569
    endloop
  endfacet
  facet normal -0.946929 0 0.321442
    outer loop
      vertex 3.9603 10 -1.06116
      vertex 3.78791 -6 -1.569
      vertex 3.9603 -6 -1.06116
    endloop
  endfacet
  facet normal -0.442299 0 0.896868
    outer loop
      vertex 1.569 10 -3.78791
      vertex 2.05 -6 -3.5507
      vertex 2.05 10 -3.5507
    endloop
  endfacet
  facet normal -0.442299 0 0.896868
    outer loop
      vertex 2.05 -6 -3.5507
      vertex 1.569 10 -3.78791
      vertex 1.569 -6 -3.78791
    endloop
  endfacet
  facet normal 0.751844 -0 0.659341
    outer loop
      vertex -3.25275 -6 -2.49592
      vertex -2.89914 10 -2.89914
      vertex -3.25275 10 -2.49592
    endloop
  endfacet
  facet normal 0.751844 0 0.659341
    outer loop
      vertex -2.89914 10 -2.89914
      vertex -3.25275 -6 -2.49592
      vertex -2.89914 -6 -2.89914
    endloop
  endfacet
  facet normal -0.831473 0 0.555565
    outer loop
      vertex 3.25275 -6 -2.49592
      vertex 3.5507 10 -2.05
      vertex 3.25275 10 -2.49592
    endloop
  endfacet
  facet normal -0.831473 0 0.555565
    outer loop
      vertex 3.5507 10 -2.05
      vertex 3.25275 -6 -2.49592
      vertex 3.5507 -6 -2.05
    endloop
  endfacet
  facet normal -0.831173 -0.556014 0
    outer loop
      vertex 141.417 28.5848 -35
      vertex 141.046 29.1394 -25
      vertex 141.046 29.1394 -35
    endloop
  endfacet
  facet normal -0.831173 -0.556014 0
    outer loop
      vertex 141.046 29.1394 -25
      vertex 141.417 28.5848 -35
      vertex 141.417 28.5848 -25
    endloop
  endfacet
  facet normal -0.997822 -0.0659618 0
    outer loop
      vertex 142.1 26.0348 -35
      vertex 142.056 26.7004 -25
      vertex 142.056 26.7004 -35
    endloop
  endfacet
  facet normal -0.997822 -0.0659618 0
    outer loop
      vertex 142.056 26.7004 -25
      vertex 142.1 26.0348 -35
      vertex 142.1 26.0348 -25
    endloop
  endfacet
  facet normal 0.442408 -0.896814 0
    outer loop
      vertex 134.45 30.4515 -35
      vertex 135.048 30.7465 -25
      vertex 134.45 30.4515 -25
    endloop
  endfacet
  facet normal 0.442408 -0.896814 0
    outer loop
      vertex 135.048 30.7465 -25
      vertex 134.45 30.4515 -35
      vertex 135.048 30.7465 -35
    endloop
  endfacet
  facet normal -0.555322 -0.831635 0
    outer loop
      vertex 139.55 30.4515 -35
      vertex 140.105 30.0809 -25
      vertex 139.55 30.4515 -25
    endloop
  endfacet
  facet normal -0.555322 -0.831635 -0
    outer loop
      vertex 140.105 30.0809 -25
      vertex 139.55 30.4515 -35
      vertex 140.105 30.0809 -35
    endloop
  endfacet
  facet normal -0.947128 -0.320857 0
    outer loop
      vertex 141.926 27.3547 -35
      vertex 141.712 27.9864 -25
      vertex 141.712 27.9864 -35
    endloop
  endfacet
  facet normal -0.947128 -0.320857 0
    outer loop
      vertex 141.712 27.9864 -25
      vertex 141.926 27.3547 -35
      vertex 141.926 27.3547 -25
    endloop
  endfacet
  facet normal -0.442408 -0.896814 0
    outer loop
      vertex 138.952 30.7465 -35
      vertex 139.55 30.4515 -25
      vertex 138.952 30.7465 -25
    endloop
  endfacet
  facet normal -0.442408 -0.896814 -0
    outer loop
      vertex 139.55 30.4515 -25
      vertex 138.952 30.7465 -35
      vertex 139.55 30.4515 -35
    endloop
  endfacet
  facet normal -0.442408 0.896814 0
    outer loop
      vertex 139.55 19.618 -35
      vertex 138.952 19.323 -25
      vertex 139.55 19.618 -25
    endloop
  endfacet
  facet normal -0.442408 0.896814 0
    outer loop
      vertex 138.952 19.323 -25
      vertex 139.55 19.618 -35
      vertex 138.952 19.323 -35
    endloop
  endfacet
  facet normal 0.321392 0.946946 -0
    outer loop
      vertex 135.68 19.1085 -35
      vertex 135.048 19.323 -25
      vertex 135.68 19.1085 -25
    endloop
  endfacet
  facet normal 0.321392 0.946946 0
    outer loop
      vertex 135.048 19.323 -25
      vertex 135.68 19.1085 -35
      vertex 135.048 19.323 -35
    endloop
  endfacet
  facet normal 0.555426 0.831566 -0
    outer loop
      vertex 134.45 19.618 -35
      vertex 133.895 19.9887 -25
      vertex 134.45 19.618 -25
    endloop
  endfacet
  facet normal 0.555426 0.831566 0
    outer loop
      vertex 133.895 19.9887 -25
      vertex 134.45 19.618 -35
      vertex 133.895 19.9887 -35
    endloop
  endfacet
  facet normal 0.997823 0.0659519 0
    outer loop
      vertex 131.944 23.3691 -25
      vertex 131.9 24.0348 -35
      vertex 131.9 24.0348 -25
    endloop
  endfacet
  facet normal 0.997823 0.0659519 0
    outer loop
      vertex 131.9 24.0348 -35
      vertex 131.944 23.3691 -25
      vertex 131.944 23.3691 -35
    endloop
  endfacet
  facet normal 0.896931 -0.44217 0
    outer loop
      vertex 132.288 27.9864 -25
      vertex 132.583 28.5848 -35
      vertex 132.583 28.5848 -25
    endloop
  endfacet
  facet normal 0.896931 -0.44217 0
    outer loop
      vertex 132.583 28.5848 -35
      vertex 132.288 27.9864 -25
      vertex 132.288 27.9864 -35
    endloop
  endfacet
  facet normal -0.751759 -0.659438 0
    outer loop
      vertex 141.046 29.1394 -35
      vertex 140.606 29.641 -25
      vertex 140.606 29.641 -35
    endloop
  endfacet
  facet normal -0.751759 -0.659438 0
    outer loop
      vertex 140.606 29.641 -25
      vertex 141.046 29.1394 -35
      vertex 141.046 29.1394 -25
    endloop
  endfacet
  facet normal 0.321392 -0.946946 0
    outer loop
      vertex 135.048 30.7465 -35
      vertex 135.68 30.961 -25
      vertex 135.048 30.7465 -25
    endloop
  endfacet
  facet normal 0.321392 -0.946946 0
    outer loop
      vertex 135.68 30.961 -25
      vertex 135.048 30.7465 -35
      vertex 135.68 30.961 -35
    endloop
  endfacet
  facet normal -0.195107 -0.980782 0
    outer loop
      vertex 137.666 31.0911 -35
      vertex 138.32 30.961 -25
      vertex 137.666 31.0911 -25
    endloop
  endfacet
  facet normal -0.195107 -0.980782 -0
    outer loop
      vertex 138.32 30.961 -25
      vertex 137.666 31.0911 -35
      vertex 138.32 30.961 -35
    endloop
  endfacet
  facet normal 0.659799 -0.751442 0
    outer loop
      vertex 133.394 29.641 -35
      vertex 133.895 30.0809 -25
      vertex 133.394 29.641 -25
    endloop
  endfacet
  facet normal 0.659799 -0.751442 0
    outer loop
      vertex 133.895 30.0809 -25
      vertex 133.394 29.641 -35
      vertex 133.895 30.0809 -35
    endloop
  endfacet
  facet normal -0.321392 -0.946946 0
    outer loop
      vertex 138.32 30.961 -35
      vertex 138.952 30.7465 -25
      vertex 138.32 30.961 -25
    endloop
  endfacet
  facet normal -0.321392 -0.946946 -0
    outer loop
      vertex 138.952 30.7465 -25
      vertex 138.32 30.961 -35
      vertex 138.952 30.7465 -35
    endloop
  endfacet
  facet normal 1 -0 0
    outer loop
      vertex 131.9 24.0348 -25
      vertex 131.9 26.0348 -35
      vertex 131.9 26.0348 -25
    endloop
  endfacet
  facet normal 1 0 0
    outer loop
      vertex 131.9 26.0348 -35
      vertex 131.9 24.0348 -25
      vertex 131.9 24.0348 -35
    endloop
  endfacet
  facet normal -0.896931 -0.44217 0
    outer loop
      vertex 141.712 27.9864 -35
      vertex 141.417 28.5848 -25
      vertex 141.417 28.5848 -35
    endloop
  endfacet
  facet normal -0.896931 -0.44217 0
    outer loop
      vertex 141.417 28.5848 -25
      vertex 141.712 27.9864 -35
      vertex 141.712 27.9864 -25
    endloop
  endfacet
  facet normal -0.980828 -0.194876 0
    outer loop
      vertex 142.056 26.7004 -35
      vertex 141.926 27.3547 -25
      vertex 141.926 27.3547 -35
    endloop
  endfacet
  facet normal -0.980828 -0.194876 0
    outer loop
      vertex 141.926 27.3547 -25
      vertex 142.056 26.7004 -35
      vertex 142.056 26.7004 -25
    endloop
  endfacet
  facet normal -0.0654748 -0.997854 0
    outer loop
      vertex 137 31.1348 -35
      vertex 137.666 31.0911 -25
      vertex 137 31.1348 -25
    endloop
  endfacet
  facet normal -0.0654748 -0.997854 -0
    outer loop
      vertex 137.666 31.0911 -25
      vertex 137 31.1348 -35
      vertex 137.666 31.0911 -35
    endloop
  endfacet
  facet normal -0.321392 0.946946 0
    outer loop
      vertex 138.952 19.323 -35
      vertex 138.32 19.1085 -25
      vertex 138.952 19.323 -25
    endloop
  endfacet
  facet normal -0.321392 0.946946 0
    outer loop
      vertex 138.32 19.1085 -25
      vertex 138.952 19.323 -35
      vertex 138.32 19.1085 -35
    endloop
  endfacet
  facet normal 0.947128 -0.320857 0
    outer loop
      vertex 132.074 27.3547 -25
      vertex 132.288 27.9864 -35
      vertex 132.288 27.9864 -25
    endloop
  endfacet
  facet normal 0.947128 -0.320857 0
    outer loop
      vertex 132.288 27.9864 -35
      vertex 132.074 27.3547 -25
      vertex 132.074 27.3547 -35
    endloop
  endfacet
  facet normal 0.831219 0.555944 0
    outer loop
      vertex 132.954 20.9301 -25
      vertex 132.583 21.4848 -35
      vertex 132.583 21.4848 -25
    endloop
  endfacet
  facet normal 0.831219 0.555944 0
    outer loop
      vertex 132.583 21.4848 -35
      vertex 132.954 20.9301 -25
      vertex 132.954 20.9301 -35
    endloop
  endfacet
  facet normal -1 0 0
    outer loop
      vertex 142.1 24.0348 -35
      vertex 142.1 26.0348 -25
      vertex 142.1 26.0348 -35
    endloop
  endfacet
  facet normal -1 -0 0
    outer loop
      vertex 142.1 26.0348 -25
      vertex 142.1 24.0348 -35
      vertex 142.1 24.0348 -25
    endloop
  endfacet
  facet normal -0.997823 0.0659519 0
    outer loop
      vertex 142.056 23.3691 -35
      vertex 142.1 24.0348 -25
      vertex 142.1 24.0348 -35
    endloop
  endfacet
  facet normal -0.997823 0.0659519 0
    outer loop
      vertex 142.1 24.0348 -25
      vertex 142.056 23.3691 -35
      vertex 142.056 23.3691 -25
    endloop
  endfacet
  facet normal 0.831173 -0.556014 0
    outer loop
      vertex 132.583 28.5848 -25
      vertex 132.954 29.1394 -35
      vertex 132.954 29.1394 -25
    endloop
  endfacet
  facet normal 0.831173 -0.556014 0
    outer loop
      vertex 132.954 29.1394 -35
      vertex 132.583 28.5848 -25
      vertex 132.583 28.5848 -35
    endloop
  endfacet
  facet normal 0.555322 -0.831635 0
    outer loop
      vertex 133.895 30.0809 -35
      vertex 134.45 30.4515 -25
      vertex 133.895 30.0809 -25
    endloop
  endfacet
  facet normal 0.555322 -0.831635 0
    outer loop
      vertex 134.45 30.4515 -25
      vertex 133.895 30.0809 -35
      vertex 134.45 30.4515 -35
    endloop
  endfacet
  facet normal 0.896902 0.44223 0
    outer loop
      vertex 132.583 21.4848 -25
      vertex 132.288 22.0831 -35
      vertex 132.288 22.0831 -25
    endloop
  endfacet
  facet normal 0.896902 0.44223 0
    outer loop
      vertex 132.288 22.0831 -35
      vertex 132.583 21.4848 -25
      vertex 132.583 21.4848 -35
    endloop
  endfacet
  facet normal 0.997822 -0.0659618 0
    outer loop
      vertex 131.9 26.0348 -25
      vertex 131.944 26.7004 -35
      vertex 131.944 26.7004 -25
    endloop
  endfacet
  facet normal 0.997822 -0.0659618 0
    outer loop
      vertex 131.944 26.7004 -35
      vertex 131.9 26.0348 -25
      vertex 131.9 26.0348 -35
    endloop
  endfacet
  facet normal 0.0653256 0.997864 -0
    outer loop
      vertex 137 18.9348 -35
      vertex 136.334 18.9784 -25
      vertex 137 18.9348 -25
    endloop
  endfacet
  facet normal 0.0653256 0.997864 0
    outer loop
      vertex 136.334 18.9784 -25
      vertex 137 18.9348 -35
      vertex 136.334 18.9784 -35
    endloop
  endfacet
  facet normal 0.751759 -0.659438 0
    outer loop
      vertex 132.954 29.1394 -25
      vertex 133.394 29.641 -35
      vertex 133.394 29.641 -25
    endloop
  endfacet
  facet normal 0.751759 -0.659438 0
    outer loop
      vertex 133.394 29.641 -35
      vertex 132.954 29.1394 -25
      vertex 132.954 29.1394 -35
    endloop
  endfacet
  facet normal 0.947128 0.320857 0
    outer loop
      vertex 132.288 22.0831 -25
      vertex 132.074 22.7148 -35
      vertex 132.074 22.7148 -25
    endloop
  endfacet
  facet normal 0.947128 0.320857 0
    outer loop
      vertex 132.074 22.7148 -35
      vertex 132.288 22.0831 -25
      vertex 132.288 22.0831 -35
    endloop
  endfacet
  facet normal -0.555426 0.831566 0
    outer loop
      vertex 140.105 19.9887 -35
      vertex 139.55 19.618 -25
      vertex 140.105 19.9887 -25
    endloop
  endfacet
  facet normal -0.555426 0.831566 0
    outer loop
      vertex 139.55 19.618 -25
      vertex 140.105 19.9887 -35
      vertex 139.55 19.618 -35
    endloop
  endfacet
  facet normal -0.659812 0.751431 0
    outer loop
      vertex 140.606 20.4285 -35
      vertex 140.118 20 -25
      vertex 140.606 20.4285 -25
    endloop
  endfacet
  facet normal -0.659714 0.751516 8.41518e-06
    outer loop
      vertex 140.105 19.9887 -35
      vertex 140.118 20 -25
      vertex 140.606 20.4285 -35
    endloop
  endfacet
  facet normal -0.656035 0.75473 0
    outer loop
      vertex 140.118 20 -25
      vertex 140.105 19.9887 -35
      vertex 140.105 19.9887 -25
    endloop
  endfacet
  facet normal 0.195107 0.980782 -0
    outer loop
      vertex 136.334 18.9784 -35
      vertex 135.68 19.1085 -25
      vertex 136.334 18.9784 -25
    endloop
  endfacet
  facet normal 0.195107 0.980782 0
    outer loop
      vertex 135.68 19.1085 -25
      vertex 136.334 18.9784 -35
      vertex 135.68 19.1085 -35
    endloop
  endfacet
  facet normal 0.980828 -0.194876 0
    outer loop
      vertex 131.944 26.7004 -25
      vertex 132.074 27.3547 -35
      vertex 132.074 27.3547 -25
    endloop
  endfacet
  facet normal 0.980828 -0.194876 0
    outer loop
      vertex 132.074 27.3547 -35
      vertex 131.944 26.7004 -25
      vertex 131.944 26.7004 -35
    endloop
  endfacet
  facet normal 0.195107 -0.980782 0
    outer loop
      vertex 135.68 30.961 -35
      vertex 136.334 31.0911 -25
      vertex 135.68 30.961 -25
    endloop
  endfacet
  facet normal 0.195107 -0.980782 0
    outer loop
      vertex 136.334 31.0911 -25
      vertex 135.68 30.961 -35
      vertex 136.334 31.0911 -35
    endloop
  endfacet
  facet normal 0.442408 0.896814 -0
    outer loop
      vertex 135.048 19.323 -35
      vertex 134.45 19.618 -25
      vertex 135.048 19.323 -25
    endloop
  endfacet
  facet normal 0.442408 0.896814 0
    outer loop
      vertex 134.45 19.618 -25
      vertex 135.048 19.323 -35
      vertex 134.45 19.618 -35
    endloop
  endfacet
  facet normal -0.947128 0.320857 0
    outer loop
      vertex 141.712 22.0831 -35
      vertex 141.926 22.7148 -25
      vertex 141.926 22.7148 -35
    endloop
  endfacet
  facet normal -0.947128 0.320857 0
    outer loop
      vertex 141.926 22.7148 -25
      vertex 141.712 22.0831 -35
      vertex 141.712 22.0831 -25
    endloop
  endfacet
  facet normal -0.0653256 0.997864 0
    outer loop
      vertex 137.666 18.9784 -35
      vertex 137 18.9348 -25
      vertex 137.666 18.9784 -25
    endloop
  endfacet
  facet normal -0.0653256 0.997864 0
    outer loop
      vertex 137 18.9348 -25
      vertex 137.666 18.9784 -35
      vertex 137 18.9348 -35
    endloop
  endfacet
  facet normal -0.195107 0.980782 0
    outer loop
      vertex 138.32 19.1085 -35
      vertex 137.666 18.9784 -25
      vertex 138.32 19.1085 -25
    endloop
  endfacet
  facet normal -0.195107 0.980782 0
    outer loop
      vertex 137.666 18.9784 -25
      vertex 138.32 19.1085 -35
      vertex 137.666 18.9784 -35
    endloop
  endfacet
  facet normal -0.831219 0.555944 0
    outer loop
      vertex 141.046 20.9301 -35
      vertex 141.417 21.4848 -25
      vertex 141.417 21.4848 -35
    endloop
  endfacet
  facet normal -0.831219 0.555944 0
    outer loop
      vertex 141.417 21.4848 -25
      vertex 141.046 20.9301 -35
      vertex 141.046 20.9301 -25
    endloop
  endfacet
  facet normal -0.751759 0.659438 0
    outer loop
      vertex 140.606 20.4285 -35
      vertex 141.046 20.9301 -25
      vertex 141.046 20.9301 -35
    endloop
  endfacet
  facet normal -0.751759 0.659438 0
    outer loop
      vertex 141.046 20.9301 -25
      vertex 140.606 20.4285 -35
      vertex 140.606 20.4285 -25
    endloop
  endfacet
  facet normal -0.896902 0.44223 0
    outer loop
      vertex 141.417 21.4848 -35
      vertex 141.712 22.0831 -25
      vertex 141.712 22.0831 -35
    endloop
  endfacet
  facet normal -0.896902 0.44223 0
    outer loop
      vertex 141.712 22.0831 -25
      vertex 141.417 21.4848 -35
      vertex 141.417 21.4848 -25
    endloop
  endfacet
  facet normal 0.0654748 -0.997854 0
    outer loop
      vertex 136.334 31.0911 -35
      vertex 137 31.1348 -25
      vertex 136.334 31.0911 -25
    endloop
  endfacet
  facet normal 0.0654748 -0.997854 0
    outer loop
      vertex 137 31.1348 -25
      vertex 136.334 31.0911 -35
      vertex 137 31.1348 -35
    endloop
  endfacet
  facet normal -0.659799 -0.751442 0
    outer loop
      vertex 140.105 30.0809 -35
      vertex 140.606 29.641 -25
      vertex 140.105 30.0809 -25
    endloop
  endfacet
  facet normal -0.659799 -0.751442 -0
    outer loop
      vertex 140.606 29.641 -25
      vertex 140.105 30.0809 -35
      vertex 140.606 29.641 -35
    endloop
  endfacet
  facet normal 0.751759 0.659438 0
    outer loop
      vertex 133.394 20.4285 -25
      vertex 132.954 20.9301 -35
      vertex 132.954 20.9301 -25
    endloop
  endfacet
  facet normal 0.751759 0.659438 0
    outer loop
      vertex 132.954 20.9301 -35
      vertex 133.394 20.4285 -25
      vertex 133.394 20.4285 -35
    endloop
  endfacet
  facet normal 0.656035 0.75473 -0
    outer loop
      vertex 133.895 19.9887 -35
      vertex 133.882 20 -25
      vertex 133.895 19.9887 -25
    endloop
  endfacet
  facet normal 0.659812 0.751431 8.63838e-06
    outer loop
      vertex 133.882 20 -25
      vertex 133.895 19.9887 -35
      vertex 133.394 20.4285 -25
    endloop
  endfacet
  facet normal 0.659714 0.751516 0
    outer loop
      vertex 133.394 20.4285 -25
      vertex 133.895 19.9887 -35
      vertex 133.394 20.4285 -35
    endloop
  endfacet
  facet normal 0.980828 0.194876 0
    outer loop
      vertex 132.074 22.7148 -25
      vertex 131.944 23.3691 -35
      vertex 131.944 23.3691 -25
    endloop
  endfacet
  facet normal 0.980828 0.194876 0
    outer loop
      vertex 131.944 23.3691 -35
      vertex 132.074 22.7148 -25
      vertex 132.074 22.7148 -35
    endloop
  endfacet
  facet normal -0.980828 0.194876 0
    outer loop
      vertex 141.926 22.7148 -35
      vertex 142.056 23.3691 -25
      vertex 142.056 23.3691 -35
    endloop
  endfacet
  facet normal -0.980828 0.194876 0
    outer loop
      vertex 142.056 23.3691 -25
      vertex 141.926 22.7148 -35
      vertex 141.926 22.7148 -25
    endloop
  endfacet
  facet normal -0.831496 -0.55553 0
    outer loop
      vertex 35.4167 31.8384 -35
      vertex 35.0461 32.3931 -25
      vertex 35.0461 32.3931 -35
    endloop
  endfacet
  facet normal -0.831496 -0.55553 0
    outer loop
      vertex 35.0461 32.3931 -25
      vertex 35.4167 31.8384 -35
      vertex 35.4167 31.8384 -25
    endloop
  endfacet
  facet normal -0.997862 -0.0653549 0
    outer loop
      vertex 36.1 29.2884 -35
      vertex 36.0564 29.9541 -25
      vertex 36.0564 29.9541 -35
    endloop
  endfacet
  facet normal -0.997862 -0.0653549 0
    outer loop
      vertex 36.0564 29.9541 -25
      vertex 36.1 29.2884 -35
      vertex 36.1 29.2884 -25
    endloop
  endfacet
  facet normal 0.44223 -0.896902 0
    outer loop
      vertex 28.45 33.7052 -35
      vertex 29.0483 34.0002 -25
      vertex 28.45 33.7052 -25
    endloop
  endfacet
  facet normal 0.44223 -0.896902 0
    outer loop
      vertex 29.0483 34.0002 -25
      vertex 28.45 33.7052 -35
      vertex 29.0483 34.0002 -35
    endloop
  endfacet
  facet normal -0.555634 -0.831427 0
    outer loop
      vertex 33.55 33.7052 -35
      vertex 34.1047 33.3345 -25
      vertex 33.55 33.7052 -25
    endloop
  endfacet
  facet normal -0.555634 -0.831427 -0
    outer loop
      vertex 34.1047 33.3345 -25
      vertex 33.55 33.7052 -35
      vertex 34.1047 33.3345 -35
    endloop
  endfacet
  facet normal -0.946945 -0.321395 0
    outer loop
      vertex 35.9262 30.6084 -35
      vertex 35.7118 31.2401 -25
      vertex 35.7118 31.2401 -35
    endloop
  endfacet
  facet normal -0.946945 -0.321395 0
    outer loop
      vertex 35.7118 31.2401 -25
      vertex 35.9262 30.6084 -35
      vertex 35.9262 30.6084 -25
    endloop
  endfacet
  facet normal -0.44223 -0.896902 0
    outer loop
      vertex 32.9517 34.0002 -35
      vertex 33.55 33.7052 -25
      vertex 32.9517 34.0002 -25
    endloop
  endfacet
  facet normal -0.44223 -0.896902 -0
    outer loop
      vertex 33.55 33.7052 -25
      vertex 32.9517 34.0002 -35
      vertex 33.55 33.7052 -35
    endloop
  endfacet
  facet normal -0.44223 0.896902 0
    outer loop
      vertex 33.55 22.8717 -35
      vertex 32.9517 22.5767 -25
      vertex 33.55 22.8717 -25
    endloop
  endfacet
  facet normal -0.44223 0.896902 0
    outer loop
      vertex 32.9517 22.5767 -25
      vertex 33.55 22.8717 -35
      vertex 32.9517 22.5767 -35
    endloop
  endfacet
  facet normal 0.321529 0.9469 -0
    outer loop
      vertex 29.68 22.3622 -35
      vertex 29.0483 22.5767 -25
      vertex 29.68 22.3622 -25
    endloop
  endfacet
  facet normal 0.321529 0.9469 0
    outer loop
      vertex 29.0483 22.5767 -25
      vertex 29.68 22.3622 -35
      vertex 29.0483 22.5767 -35
    endloop
  endfacet
  facet normal 0.55553 0.831496 -0
    outer loop
      vertex 28.45 22.8717 -35
      vertex 27.8953 23.2423 -25
      vertex 28.45 22.8717 -25
    endloop
  endfacet
  facet normal 0.55553 0.831496 0
    outer loop
      vertex 27.8953 23.2423 -25
      vertex 28.45 22.8717 -35
      vertex 27.8953 23.2423 -35
    endloop
  endfacet
  facet normal 0.997861 0.0653647 0
    outer loop
      vertex 25.9436 26.6228 -25
      vertex 25.9 27.2884 -35
      vertex 25.9 27.2884 -25
    endloop
  endfacet
  facet normal 0.997861 0.0653647 0
    outer loop
      vertex 25.9 27.2884 -35
      vertex 25.9436 26.6228 -25
      vertex 25.9436 26.6228 -35
    endloop
  endfacet
  facet normal 0.896842 -0.44235 0
    outer loop
      vertex 26.2882 31.2401 -25
      vertex 26.5833 31.8384 -35
      vertex 26.5833 31.8384 -25
    endloop
  endfacet
  facet normal 0.896842 -0.44235 0
    outer loop
      vertex 26.5833 31.8384 -35
      vertex 26.2882 31.2401 -25
      vertex 26.2882 31.2401 -35
    endloop
  endfacet
  facet normal -0.751833 -0.659353 0
    outer loop
      vertex 35.0461 32.3931 -35
      vertex 34.6062 32.8947 -25
      vertex 34.6062 32.8947 -35
    endloop
  endfacet
  facet normal -0.751833 -0.659353 0
    outer loop
      vertex 34.6062 32.8947 -25
      vertex 35.0461 32.3931 -35
      vertex 35.0461 32.3931 -25
    endloop
  endfacet
  facet normal 0.321529 -0.9469 0
    outer loop
      vertex 29.0483 34.0002 -35
      vertex 29.68 34.2147 -25
      vertex 29.0483 34.0002 -25
    endloop
  endfacet
  facet normal 0.321529 -0.9469 0
    outer loop
      vertex 29.68 34.2147 -25
      vertex 29.0483 34.0002 -35
      vertex 29.68 34.2147 -35
    endloop
  endfacet
  facet normal -0.195021 -0.980799 0
    outer loop
      vertex 31.6657 34.3448 -35
      vertex 32.32 34.2147 -25
      vertex 31.6657 34.3448 -25
    endloop
  endfacet
  facet normal -0.195021 -0.980799 -0
    outer loop
      vertex 32.32 34.2147 -25
      vertex 31.6657 34.3448 -35
      vertex 32.32 34.2147 -35
    endloop
  endfacet
  facet normal 0.659343 -0.751843 0
    outer loop
      vertex 27.3938 32.8947 -35
      vertex 27.8953 33.3345 -25
      vertex 27.3938 32.8947 -25
    endloop
  endfacet
  facet normal 0.659343 -0.751843 0
    outer loop
      vertex 27.8953 33.3345 -25
      vertex 27.3938 32.8947 -35
      vertex 27.8953 33.3345 -35
    endloop
  endfacet
  facet normal -0.321529 -0.9469 0
    outer loop
      vertex 32.32 34.2147 -35
      vertex 32.9517 34.0002 -25
      vertex 32.32 34.2147 -25
    endloop
  endfacet
  facet normal -0.321529 -0.9469 -0
    outer loop
      vertex 32.9517 34.0002 -25
      vertex 32.32 34.2147 -35
      vertex 32.9517 34.0002 -35
    endloop
  endfacet
  facet normal -0.896842 -0.44235 0
    outer loop
      vertex 35.7118 31.2401 -35
      vertex 35.4167 31.8384 -25
      vertex 35.4167 31.8384 -35
    endloop
  endfacet
  facet normal -0.896842 -0.44235 0
    outer loop
      vertex 35.4167 31.8384 -25
      vertex 35.7118 31.2401 -35
      vertex 35.7118 31.2401 -25
    endloop
  endfacet
  facet normal -0.98077 -0.195165 0
    outer loop
      vertex 36.0564 29.9541 -35
      vertex 35.9262 30.6084 -25
      vertex 35.9262 30.6084 -35
    endloop
  endfacet
  facet normal -0.98077 -0.195165 0
    outer loop
      vertex 35.9262 30.6084 -25
      vertex 36.0564 29.9541 -35
      vertex 36.0564 29.9541 -25
    endloop
  endfacet
  facet normal -0.0653549 -0.997862 0
    outer loop
      vertex 31 34.3884 -35
      vertex 31.6657 34.3448 -25
      vertex 31 34.3884 -25
    endloop
  endfacet
  facet normal -0.0653549 -0.997862 -0
    outer loop
      vertex 31.6657 34.3448 -25
      vertex 31 34.3884 -35
      vertex 31.6657 34.3448 -35
    endloop
  endfacet
  facet normal -0.321529 0.9469 0
    outer loop
      vertex 32.9517 22.5767 -35
      vertex 32.32 22.3622 -25
      vertex 32.9517 22.5767 -25
    endloop
  endfacet
  facet normal -0.321529 0.9469 0
    outer loop
      vertex 32.32 22.3622 -25
      vertex 32.9517 22.5767 -35
      vertex 32.32 22.3622 -35
    endloop
  endfacet
  facet normal 0.946945 -0.321395 0
    outer loop
      vertex 26.0738 30.6084 -25
      vertex 26.2882 31.2401 -35
      vertex 26.2882 31.2401 -25
    endloop
  endfacet
  facet normal 0.946945 -0.321395 0
    outer loop
      vertex 26.2882 31.2401 -35
      vertex 26.0738 30.6084 -25
      vertex 26.0738 30.6084 -35
    endloop
  endfacet
  facet normal 0.83145 0.555599 0
    outer loop
      vertex 26.9539 24.1838 -25
      vertex 26.5833 24.7384 -35
      vertex 26.5833 24.7384 -25
    endloop
  endfacet
  facet normal 0.83145 0.555599 0
    outer loop
      vertex 26.5833 24.7384 -35
      vertex 26.9539 24.1838 -25
      vertex 26.9539 24.1838 -35
    endloop
  endfacet
  facet normal -1 0 0
    outer loop
      vertex 36.1 27.2884 -35
      vertex 36.1 29.2884 -25
      vertex 36.1 29.2884 -35
    endloop
  endfacet
  facet normal -1 -0 0
    outer loop
      vertex 36.1 29.2884 -25
      vertex 36.1 27.2884 -35
      vertex 36.1 27.2884 -25
    endloop
  endfacet
  facet normal -0.997861 0.0653647 0
    outer loop
      vertex 36.0564 26.6228 -35
      vertex 36.1 27.2884 -25
      vertex 36.1 27.2884 -35
    endloop
  endfacet
  facet normal -0.997861 0.0653647 0
    outer loop
      vertex 36.1 27.2884 -25
      vertex 36.0564 26.6228 -35
      vertex 36.0564 26.6228 -25
    endloop
  endfacet
  facet normal 0.831496 -0.55553 0
    outer loop
      vertex 26.5833 31.8384 -25
      vertex 26.9539 32.3931 -35
      vertex 26.9539 32.3931 -25
    endloop
  endfacet
  facet normal 0.831496 -0.55553 0
    outer loop
      vertex 26.9539 32.3931 -35
      vertex 26.5833 31.8384 -25
      vertex 26.5833 31.8384 -35
    endloop
  endfacet
  facet normal 0.555634 -0.831427 0
    outer loop
      vertex 27.8953 33.3345 -35
      vertex 28.45 33.7052 -25
      vertex 27.8953 33.3345 -25
    endloop
  endfacet
  facet normal 0.555634 -0.831427 0
    outer loop
      vertex 28.45 33.7052 -25
      vertex 27.8953 33.3345 -35
      vertex 28.45 33.7052 -35
    endloop
  endfacet
  facet normal 0.896872 0.442291 0
    outer loop
      vertex 26.5833 24.7384 -25
      vertex 26.2882 25.3368 -35
      vertex 26.2882 25.3368 -25
    endloop
  endfacet
  facet normal 0.896872 0.442291 0
    outer loop
      vertex 26.2882 25.3368 -35
      vertex 26.5833 24.7384 -25
      vertex 26.5833 24.7384 -35
    endloop
  endfacet
  facet normal 0.997862 -0.0653549 0
    outer loop
      vertex 25.9 29.2884 -25
      vertex 25.9436 29.9541 -35
      vertex 25.9436 29.9541 -25
    endloop
  endfacet
  facet normal 0.997862 -0.0653549 0
    outer loop
      vertex 25.9436 29.9541 -35
      vertex 25.9 29.2884 -25
      vertex 25.9 29.2884 -35
    endloop
  endfacet
  facet normal 1 -0 0
    outer loop
      vertex 25.9 27.2884 -25
      vertex 25.9 29.2884 -35
      vertex 25.9 29.2884 -25
    endloop
  endfacet
  facet normal 1 0 0
    outer loop
      vertex 25.9 29.2884 -35
      vertex 25.9 27.2884 -25
      vertex 25.9 27.2884 -35
    endloop
  endfacet
  facet normal 0.0655042 0.997852 -0
    outer loop
      vertex 31 22.1884 -35
      vertex 30.3343 22.2321 -25
      vertex 31 22.1884 -25
    endloop
  endfacet
  facet normal 0.0655042 0.997852 0
    outer loop
      vertex 30.3343 22.2321 -25
      vertex 31 22.1884 -35
      vertex 30.3343 22.2321 -35
    endloop
  endfacet
  facet normal 0.751833 -0.659353 0
    outer loop
      vertex 26.9539 32.3931 -25
      vertex 27.3938 32.8947 -35
      vertex 27.3938 32.8947 -25
    endloop
  endfacet
  facet normal 0.751833 -0.659353 0
    outer loop
      vertex 27.3938 32.8947 -35
      vertex 26.9539 32.3931 -25
      vertex 26.9539 32.3931 -35
    endloop
  endfacet
  facet normal 0.946945 0.321395 0
    outer loop
      vertex 26.2882 25.3368 -25
      vertex 26.0738 25.9685 -35
      vertex 26.0738 25.9685 -25
    endloop
  endfacet
  facet normal 0.946945 0.321395 0
    outer loop
      vertex 26.0738 25.9685 -35
      vertex 26.2882 25.3368 -25
      vertex 26.2882 25.3368 -35
    endloop
  endfacet
  facet normal -0.55553 0.831496 0
    outer loop
      vertex 34.1047 23.2423 -35
      vertex 33.55 22.8717 -25
      vertex 34.1047 23.2423 -25
    endloop
  endfacet
  facet normal -0.55553 0.831496 0
    outer loop
      vertex 33.55 22.8717 -25
      vertex 34.1047 23.2423 -35
      vertex 33.55 22.8717 -35
    endloop
  endfacet
  facet normal -0.659427 0.751768 0
    outer loop
      vertex 34.6062 23.6822 -35
      vertex 34.1047 23.2423 -25
      vertex 34.6062 23.6822 -25
    endloop
  endfacet
  facet normal -0.659427 0.751768 0
    outer loop
      vertex 34.1047 23.2423 -25
      vertex 34.6062 23.6822 -35
      vertex 34.1047 23.2423 -35
    endloop
  endfacet
  facet normal 0.195021 0.980799 -0
    outer loop
      vertex 30.3343 22.2321 -35
      vertex 29.68 22.3622 -25
      vertex 30.3343 22.2321 -25
    endloop
  endfacet
  facet normal 0.195021 0.980799 0
    outer loop
      vertex 29.68 22.3622 -25
      vertex 30.3343 22.2321 -35
      vertex 29.68 22.3622 -35
    endloop
  endfacet
  facet normal 0.98077 -0.195165 0
    outer loop
      vertex 25.9436 29.9541 -25
      vertex 26.0738 30.6084 -35
      vertex 26.0738 30.6084 -25
    endloop
  endfacet
  facet normal 0.98077 -0.195165 0
    outer loop
      vertex 26.0738 30.6084 -35
      vertex 25.9436 29.9541 -25
      vertex 25.9436 29.9541 -35
    endloop
  endfacet
  facet normal 0.195021 -0.980799 0
    outer loop
      vertex 29.68 34.2147 -35
      vertex 30.3343 34.3448 -25
      vertex 29.68 34.2147 -25
    endloop
  endfacet
  facet normal 0.195021 -0.980799 0
    outer loop
      vertex 30.3343 34.3448 -25
      vertex 29.68 34.2147 -35
      vertex 30.3343 34.3448 -35
    endloop
  endfacet
  facet normal 0.44223 0.896902 -0
    outer loop
      vertex 29.0483 22.5767 -35
      vertex 28.45 22.8717 -25
      vertex 29.0483 22.5767 -25
    endloop
  endfacet
  facet normal 0.44223 0.896902 0
    outer loop
      vertex 28.45 22.8717 -25
      vertex 29.0483 22.5767 -35
      vertex 28.45 22.8717 -35
    endloop
  endfacet
  facet normal -0.946945 0.321395 0
    outer loop
      vertex 35.7118 25.3368 -35
      vertex 35.9262 25.9685 -25
      vertex 35.9262 25.9685 -35
    endloop
  endfacet
  facet normal -0.946945 0.321395 0
    outer loop
      vertex 35.9262 25.9685 -25
      vertex 35.7118 25.3368 -35
      vertex 35.7118 25.3368 -25
    endloop
  endfacet
  facet normal -0.0655042 0.997852 0
    outer loop
      vertex 31.6657 22.2321 -35
      vertex 31 22.1884 -25
      vertex 31.6657 22.2321 -25
    endloop
  endfacet
  facet normal -0.0655042 0.997852 0
    outer loop
      vertex 31 22.1884 -25
      vertex 31.6657 22.2321 -35
      vertex 31 22.1884 -35
    endloop
  endfacet
  facet normal -0.195021 0.980799 0
    outer loop
      vertex 32.32 22.3622 -35
      vertex 31.6657 22.2321 -25
      vertex 32.32 22.3622 -25
    endloop
  endfacet
  facet normal -0.195021 0.980799 0
    outer loop
      vertex 31.6657 22.2321 -25
      vertex 32.32 22.3622 -35
      vertex 31.6657 22.2321 -35
    endloop
  endfacet
  facet normal -0.83145 0.555599 0
    outer loop
      vertex 35.0461 24.1838 -35
      vertex 35.4167 24.7384 -25
      vertex 35.4167 24.7384 -35
    endloop
  endfacet
  facet normal -0.83145 0.555599 0
    outer loop
      vertex 35.4167 24.7384 -25
      vertex 35.0461 24.1838 -35
      vertex 35.0461 24.1838 -25
    endloop
  endfacet
  facet normal -0.896872 0.442291 0
    outer loop
      vertex 35.4167 24.7384 -35
      vertex 35.7118 25.3368 -25
      vertex 35.7118 25.3368 -35
    endloop
  endfacet
  facet normal -0.896872 0.442291 0
    outer loop
      vertex 35.7118 25.3368 -25
      vertex 35.4167 24.7384 -35
      vertex 35.4167 24.7384 -25
    endloop
  endfacet
  facet normal 0.0653549 -0.997862 0
    outer loop
      vertex 30.3343 34.3448 -35
      vertex 31 34.3884 -25
      vertex 30.3343 34.3448 -25
    endloop
  endfacet
  facet normal 0.0653549 -0.997862 0
    outer loop
      vertex 31 34.3884 -25
      vertex 30.3343 34.3448 -35
      vertex 31 34.3884 -35
    endloop
  endfacet
  facet normal -0.659343 -0.751843 0
    outer loop
      vertex 34.1047 33.3345 -35
      vertex 34.6062 32.8947 -25
      vertex 34.1047 33.3345 -25
    endloop
  endfacet
  facet normal -0.659343 -0.751843 -0
    outer loop
      vertex 34.6062 32.8947 -25
      vertex 34.1047 33.3345 -35
      vertex 34.6062 32.8947 -35
    endloop
  endfacet
  facet normal 0.751833 0.659353 0
    outer loop
      vertex 27.3938 23.6822 -25
      vertex 26.9539 24.1838 -35
      vertex 26.9539 24.1838 -25
    endloop
  endfacet
  facet normal 0.751833 0.659353 0
    outer loop
      vertex 26.9539 24.1838 -35
      vertex 27.3938 23.6822 -25
      vertex 27.3938 23.6822 -35
    endloop
  endfacet
  facet normal 0.659427 0.751768 -0
    outer loop
      vertex 27.8953 23.2423 -35
      vertex 27.3938 23.6822 -25
      vertex 27.8953 23.2423 -25
    endloop
  endfacet
  facet normal 0.659427 0.751768 0
    outer loop
      vertex 27.3938 23.6822 -25
      vertex 27.8953 23.2423 -35
      vertex 27.3938 23.6822 -35
    endloop
  endfacet
  facet normal 0.98077 0.195165 0
    outer loop
      vertex 26.0738 25.9685 -25
      vertex 25.9436 26.6228 -35
      vertex 25.9436 26.6228 -25
    endloop
  endfacet
  facet normal 0.98077 0.195165 0
    outer loop
      vertex 25.9436 26.6228 -35
      vertex 26.0738 25.9685 -25
      vertex 26.0738 25.9685 -35
    endloop
  endfacet
  facet normal -0.751833 0.659353 0
    outer loop
      vertex 34.6062 23.6822 -35
      vertex 35.0461 24.1838 -25
      vertex 35.0461 24.1838 -35
    endloop
  endfacet
  facet normal -0.751833 0.659353 0
    outer loop
      vertex 35.0461 24.1838 -25
      vertex 34.6062 23.6822 -35
      vertex 34.6062 23.6822 -25
    endloop
  endfacet
  facet normal -0.98077 0.195165 0
    outer loop
      vertex 35.9262 25.9685 -35
      vertex 36.0564 26.6228 -25
      vertex 36.0564 26.6228 -35
    endloop
  endfacet
  facet normal -0.98077 0.195165 0
    outer loop
      vertex 36.0564 26.6228 -25
      vertex 35.9262 25.9685 -35
      vertex 35.9262 25.9685 -25
    endloop
  endfacet
  facet normal 0.866007 -0 0.500032
    outer loop
      vertex 157.149 20 -25
      vertex 162.923 30.2348 -35
      vertex 157.149 30.412 -25
    endloop
  endfacet
  facet normal 0.866 -0.000155124 0.500044
    outer loop
      vertex 162.923 19 -35
      vertex 157.149 20 -25
      vertex 157.111 19 -24.9345
    endloop
  endfacet
  facet normal 0.866007 0 0.500032
    outer loop
      vertex 157.149 20 -25
      vertex 162.923 19 -35
      vertex 162.923 30.2348 -35
    endloop
  endfacet
  facet normal -0.866007 0 -0.500032
    outer loop
      vertex 169.851 30.0222 -35
      vertex 164.077 20 -25
      vertex 164.077 30.1994 -25
    endloop
  endfacet
  facet normal -0.866007 0 -0.500032
    outer loop
      vertex 169.851 19 -35
      vertex 164.077 20 -25
      vertex 169.851 30.0222 -35
    endloop
  endfacet
  facet normal -0.866037 -0.000705271 -0.499979
    outer loop
      vertex 164.077 20 -25
      vertex 169.851 19 -35
      vertex 164.04 19 -24.9345
    endloop
  endfacet
  facet normal 0.866007 -0 0.500032
    outer loop
      vertex 104.149 20 -25
      vertex 109.923 31.8617 -35
      vertex 104.149 32.0389 -25
    endloop
  endfacet
  facet normal 0.866 -0.000155124 0.500044
    outer loop
      vertex 109.923 19 -35
      vertex 104.149 20 -25
      vertex 104.111 19 -24.9345
    endloop
  endfacet
  facet normal 0.866007 0 0.500032
    outer loop
      vertex 104.149 20 -25
      vertex 109.923 19 -35
      vertex 109.923 31.8617 -35
    endloop
  endfacet
  facet normal -0.866007 0 -0.500032
    outer loop
      vertex 116.851 31.649 -35
      vertex 111.077 20 -25
      vertex 111.077 31.8262 -25
    endloop
  endfacet
  facet normal -0.866007 0 -0.500032
    outer loop
      vertex 116.851 19 -35
      vertex 111.077 20 -25
      vertex 116.851 31.649 -35
    endloop
  endfacet
  facet normal -0.866037 -0.000705271 -0.499979
    outer loop
      vertex 111.077 20 -25
      vertex 116.851 19 -35
      vertex 111.04 19 -24.9345
    endloop
  endfacet
  facet normal 0.866022 -0 0.500006
    outer loop
      vertex 77.6491 20 -25
      vertex 83.4227 32.6751 -35
      vertex 77.6491 32.8523 -25
    endloop
  endfacet
  facet normal 0.866022 1.46954e-05 0.500005
    outer loop
      vertex 83.4227 19 -35
      vertex 77.6491 20 -25
      vertex 77.6113 19 -24.9345
    endloop
  endfacet
  facet normal 0.866022 0 0.500006
    outer loop
      vertex 77.6491 20 -25
      vertex 83.4227 19 -35
      vertex 83.4227 32.6751 -35
    endloop
  endfacet
  facet normal -0.866026 0 -0.5
    outer loop
      vertex 90.3509 32.4624 -35
      vertex 84.5774 20 -25
      vertex 84.5774 32.6396 -25
    endloop
  endfacet
  facet normal -0.866026 0 -0.5
    outer loop
      vertex 90.3509 19 -35
      vertex 84.5774 20 -25
      vertex 90.3509 32.4624 -35
    endloop
  endfacet
  facet normal -0.866022 7.19068e-05 -0.500005
    outer loop
      vertex 84.5774 20 -25
      vertex 90.3509 19 -35
      vertex 84.5395 19 -24.9345
    endloop
  endfacet
  facet normal 0.866026 -0 0.5
    outer loop
      vertex 51.1491 20 -25
      vertex 56.9226 33.4885 -35
      vertex 51.1491 33.6657 -25
    endloop
  endfacet
  facet normal 0.866026 1.41319e-05 0.499999
    outer loop
      vertex 56.9226 19 -35
      vertex 51.1491 20 -25
      vertex 51.1113 19 -24.9345
    endloop
  endfacet
  facet normal 0.866026 0 0.5
    outer loop
      vertex 51.1491 20 -25
      vertex 56.9226 19 -35
      vertex 56.9226 33.4885 -35
    endloop
  endfacet
  facet normal -0.866026 0 -0.5
    outer loop
      vertex 63.8509 33.2758 -35
      vertex 58.0774 20 -25
      vertex 58.0774 33.4531 -25
    endloop
  endfacet
  facet normal -0.866026 0 -0.5
    outer loop
      vertex 63.8509 19 -35
      vertex 58.0774 20 -25
      vertex 63.8509 33.2758 -35
    endloop
  endfacet
  facet normal -0.866022 7.19068e-05 -0.500005
    outer loop
      vertex 58.0774 20 -25
      vertex 63.8509 19 -35
      vertex 58.0395 19 -24.9345
    endloop
  endfacet
  facet normal 0 1 0
    outer loop
      vertex 162.923 19 -35
      vertex 164.04 19 -24.9345
      vertex 169.851 19 -35
    endloop
  endfacet
  facet normal 0 1 0
    outer loop
      vertex 164.04 19 -24.9345
      vertex 162.923 19 -35
      vertex 157.111 19 -24.9345
    endloop
  endfacet
  facet normal 0 1 0
    outer loop
      vertex 109.923 19 -35
      vertex 111.04 19 -24.9345
      vertex 116.851 19 -35
    endloop
  endfacet
  facet normal 0 1 0
    outer loop
      vertex 111.04 19 -24.9345
      vertex 109.923 19 -35
      vertex 104.111 19 -24.9345
    endloop
  endfacet
  facet normal 0 1 0
    outer loop
      vertex 83.4227 19 -35
      vertex 84.5395 19 -24.9345
      vertex 90.3509 19 -35
    endloop
  endfacet
  facet normal 0 1 0
    outer loop
      vertex 84.5395 19 -24.9345
      vertex 83.4227 19 -35
      vertex 77.6113 19 -24.9345
    endloop
  endfacet
  facet normal 0 1 0
    outer loop
      vertex 56.9226 19 -35
      vertex 58.0395 19 -24.9345
      vertex 63.8509 19 -35
    endloop
  endfacet
  facet normal 0 1 0
    outer loop
      vertex 58.0395 19 -24.9345
      vertex 56.9226 19 -35
      vertex 51.1113 19 -24.9345
    endloop
  endfacet
  facet normal -0.0306726 -0.999529 1.28692e-06
    outer loop
      vertex 162.923 30.2348 -35
      vertex 164.077 30.1994 -25
      vertex 157.149 30.412 -25
    endloop
  endfacet
  facet normal -0.0306726 -0.999529 1.28692e-06
    outer loop
      vertex 164.077 30.1994 -25
      vertex 162.923 30.2348 -35
      vertex 169.851 30.0222 -35
    endloop
  endfacet
  facet normal -0.030687 -0.999529 -7.04345e-06
    outer loop
      vertex 109.923 31.8617 -35
      vertex 111.077 31.8262 -25
      vertex 104.149 32.0389 -25
    endloop
  endfacet
  facet normal -0.030687 -0.999529 -7.04345e-06
    outer loop
      vertex 111.077 31.8262 -25
      vertex 109.923 31.8617 -35
      vertex 116.851 31.649 -35
    endloop
  endfacet
  facet normal -0.0306857 -0.999529 -5.04879e-06
    outer loop
      vertex 83.4227 32.6751 -35
      vertex 84.5774 32.6396 -25
      vertex 77.6491 32.8523 -25
    endloop
  endfacet
  facet normal -0.0306862 -0.999529 -4.99765e-06
    outer loop
      vertex 84.5774 32.6396 -25
      vertex 83.4227 32.6751 -35
      vertex 90.3509 32.4624 -35
    endloop
  endfacet
  facet normal -0.0306713 -0.99953 3.58736e-06
    outer loop
      vertex 56.9226 33.4885 -35
      vertex 58.0774 33.4531 -25
      vertex 51.1491 33.6657 -25
    endloop
  endfacet
  facet normal -0.0306857 -0.999529 5.25336e-06
    outer loop
      vertex 58.0774 33.4531 -25
      vertex 56.9226 33.4885 -35
      vertex 63.8509 33.2758 -35
    endloop
  endfacet
  facet normal 0.899765 0 0.436375
    outer loop
      vertex 155.881 10 -14.9134
      vertex 155.881 0 -14.9134
      vertex 155.923 10 -15
    endloop
  endfacet
  facet normal 0.897042 5.96703e-05 0.441945
    outer loop
      vertex 156.17 0 -15.5
      vertex 155.923 10 -15
      vertex 155.881 0 -14.9134
    endloop
  endfacet
  facet normal 0.896569 0 0.442905
    outer loop
      vertex 155.923 10 -15
      vertex 156.17 0 -15.5
      vertex 156.17 10.0328 -15.5
    endloop
  endfacet
  facet normal 0.321546 0 0.946894
    outer loop
      vertex 158.587 10.3513 -17.6194
      vertex 159.206 0 -17.8296
      vertex 159.206 10.4227 -17.8296
    endloop
  endfacet
  facet normal 0.321546 0 0.946894
    outer loop
      vertex 159.206 0 -17.8296
      vertex 158.587 10.3513 -17.6194
      vertex 158.587 0 -17.6194
    endloop
  endfacet
  facet normal 0.195233 0 0.980757
    outer loop
      vertex 159.206 10.4227 -17.8296
      vertex 159.847 0 -17.9572
      vertex 159.847 10.466 -17.9572
    endloop
  endfacet
  facet normal 0.195233 0 0.980757
    outer loop
      vertex 159.847 0 -17.9572
      vertex 159.206 10.4227 -17.8296
      vertex 159.206 0 -17.8296
    endloop
  endfacet
  facet normal 0.0654033 0 0.997859
    outer loop
      vertex 159.847 10.466 -17.9572
      vertex 160.5 0 -18
      vertex 160.5 10.4805 -18
    endloop
  endfacet
  facet normal 0.0654033 0 0.997859
    outer loop
      vertex 160.5 0 -18
      vertex 159.847 10.466 -17.9572
      vertex 159.847 0 -17.9572
    endloop
  endfacet
  facet normal -0.0654033 0 0.997859
    outer loop
      vertex 166.5 0 -18
      vertex 167.153 10.466 -17.9572
      vertex 166.5 10.4805 -18
    endloop
  endfacet
  facet normal -0.0654033 0 0.997859
    outer loop
      vertex 167.153 10.466 -17.9572
      vertex 166.5 0 -18
      vertex 167.153 0 -17.9572
    endloop
  endfacet
  facet normal -0 0 1
    outer loop
      vertex 160.5 10.4805 -18
      vertex 166.5 0 -18
      vertex 166.5 10.4805 -18
    endloop
  endfacet
  facet normal 0 0 1
    outer loop
      vertex 166.5 0 -18
      vertex 160.5 10.4805 -18
      vertex 160.5 0 -18
    endloop
  endfacet
  facet normal -0.321601 0 -0.946875
    outer loop
      vertex 167.794 0 5.82964
      vertex 168.413 10 5.6194
      vertex 168.413 0 5.6194
    endloop
  endfacet
  facet normal -0.321601 0 -0.946875
    outer loop
      vertex 168.413 10 5.6194
      vertex 167.794 0 5.82964
      vertex 167.794 10 5.82964
    endloop
  endfacet
  facet normal -0.0653577 0 -0.997862
    outer loop
      vertex 166.5 0 6
      vertex 167.153 10 5.95723
      vertex 167.153 0 5.95723
    endloop
  endfacet
  facet normal -0.0653577 0 -0.997862
    outer loop
      vertex 167.153 10 5.95723
      vertex 166.5 0 6
      vertex 166.5 10 6
    endloop
  endfacet
  facet normal -0.946572 0 -0.322493
    outer loop
      vertex 171.33 0 2.2941
      vertex 171.119 10 2.91342
      vertex 171.33 10 2.2941
    endloop
  endfacet
  facet normal -0.946572 -0 -0.322493
    outer loop
      vertex 171.119 10 2.91342
      vertex 171.33 0 2.2941
      vertex 171.119 0 2.91342
    endloop
  endfacet
  facet normal -0.321546 0 0.946894
    outer loop
      vertex 167.794 0 -17.8296
      vertex 168.413 10.3513 -17.6194
      vertex 167.794 10.4227 -17.8296
    endloop
  endfacet
  facet normal -0.321546 0 0.946894
    outer loop
      vertex 168.413 10.3513 -17.6194
      vertex 167.794 0 -17.8296
      vertex 168.413 0 -17.6194
    endloop
  endfacet
  facet normal -0.831721 0 0.555194
    outer loop
      vertex 170.467 0 -16.0438
      vertex 170.83 10.0328 -15.5
      vertex 170.467 10.0684 -16.0438
    endloop
  endfacet
  facet normal -0.831721 0 0.555194
    outer loop
      vertex 170.83 10.0328 -15.5
      vertex 170.467 0 -16.0438
      vertex 170.83 0 -15.5
    endloop
  endfacet
  facet normal -0.659136 0 -0.752023
    outer loop
      vertex 169.544 0 4.96677
      vertex 170.036 10 4.53554
      vertex 170.036 0 4.53554
    endloop
  endfacet
  facet normal -0.659136 0 -0.752023
    outer loop
      vertex 170.036 10 4.53554
      vertex 169.544 0 4.96677
      vertex 169.544 10 4.96677
    endloop
  endfacet
  facet normal 0.752018 0 -0.659142
    outer loop
      vertex 156.964 0 4.53554
      vertex 156.533 10 4.04381
      vertex 156.964 10 4.53554
    endloop
  endfacet
  facet normal 0.752018 0 -0.659142
    outer loop
      vertex 156.533 10 4.04381
      vertex 156.964 0 4.53554
      vertex 156.533 0 4.04381
    endloop
  endfacet
  facet normal -0.897036 0 -0.441957
    outer loop
      vertex 171.119 0 2.91342
      vertex 170.83 10 3.5
      vertex 171.119 10 2.91342
    endloop
  endfacet
  facet normal -0.897036 -0 -0.441957
    outer loop
      vertex 170.83 10 3.5
      vertex 171.119 0 2.91342
      vertex 170.83 0 3.5
    endloop
  endfacet
  facet normal -0.896569 0 0.442905
    outer loop
      vertex 170.83 0 -15.5
      vertex 171.077 10 -15
      vertex 170.83 10.0328 -15.5
    endloop
  endfacet
  facet normal -0.897042 5.96703e-05 0.441945
    outer loop
      vertex 171.119 0 -14.9134
      vertex 171.077 10 -15
      vertex 170.83 0 -15.5
    endloop
  endfacet
  facet normal -0.899765 0 0.436375
    outer loop
      vertex 171.077 10 -15
      vertex 171.119 0 -14.9134
      vertex 171.119 10 -14.9134
    endloop
  endfacet
  facet normal -0.442047 0 -0.896992
    outer loop
      vertex 168.413 0 5.6194
      vertex 169 10 5.33012
      vertex 169 0 5.33012
    endloop
  endfacet
  facet normal -0.442047 0 -0.896992
    outer loop
      vertex 169 10 5.33012
      vertex 168.413 0 5.6194
      vertex 168.413 10 5.6194
    endloop
  endfacet
  facet normal 0.195219 0 -0.98076
    outer loop
      vertex 159.206 0 5.82964
      vertex 159.847 10 5.95723
      vertex 159.847 0 5.95723
    endloop
  endfacet
  facet normal 0.195219 0 -0.98076
    outer loop
      vertex 159.847 10 5.95723
      vertex 159.206 0 5.82964
      vertex 159.206 10 5.82964
    endloop
  endfacet
  facet normal 0 0 -1
    outer loop
      vertex 160.5 0 6
      vertex 166.5 10 6
      vertex 166.5 0 6
    endloop
  endfacet
  facet normal -0 0 -1
    outer loop
      vertex 166.5 10 6
      vertex 160.5 0 6
      vertex 160.5 10 6
    endloop
  endfacet
  facet normal -0.980961 0 0.194204
    outer loop
      vertex 171.33 0 -14.2941
      vertex 171.457 10 -13.6526
      vertex 171.33 10 -14.2941
    endloop
  endfacet
  facet normal -0.980961 0 0.194204
    outer loop
      vertex 171.457 10 -13.6526
      vertex 171.33 0 -14.2941
      vertex 171.457 0 -13.6526
    endloop
  endfacet
  facet normal 0.980959 0 -0.194213
    outer loop
      vertex 155.67 0 2.2941
      vertex 155.543 10 1.65263
      vertex 155.67 10 2.2941
    endloop
  endfacet
  facet normal 0.980959 0 -0.194213
    outer loop
      vertex 155.543 10 1.65263
      vertex 155.67 0 2.2941
      vertex 155.543 0 1.65263
    endloop
  endfacet
  facet normal -0.946569 0 0.322503
    outer loop
      vertex 171.119 0 -14.9134
      vertex 171.33 10 -14.2941
      vertex 171.119 10 -14.9134
    endloop
  endfacet
  facet normal -0.946569 0 0.322503
    outer loop
      vertex 171.33 10 -14.2941
      vertex 171.119 0 -14.9134
      vertex 171.33 0 -14.2941
    endloop
  endfacet
  facet normal 0.831725 0 -0.555187
    outer loop
      vertex 156.533 0 4.04381
      vertex 156.17 10 3.5
      vertex 156.533 10 4.04381
    endloop
  endfacet
  facet normal 0.831725 0 -0.555187
    outer loop
      vertex 156.17 10 3.5
      vertex 156.533 0 4.04381
      vertex 156.17 0 3.5
    endloop
  endfacet
  facet normal -0.997836 0 0.0657477
    outer loop
      vertex 171.457 0 -13.6526
      vertex 171.5 10 -13
      vertex 171.457 10 -13.6526
    endloop
  endfacet
  facet normal -0.997836 0 0.0657477
    outer loop
      vertex 171.5 10 -13
      vertex 171.457 0 -13.6526
      vertex 171.5 0 -13
    endloop
  endfacet
  facet normal -0.980959 0 -0.194213
    outer loop
      vertex 171.457 0 1.65263
      vertex 171.33 10 2.2941
      vertex 171.457 10 1.65263
    endloop
  endfacet
  facet normal -0.980959 -0 -0.194213
    outer loop
      vertex 171.33 10 2.2941
      vertex 171.457 0 1.65263
      vertex 171.33 0 2.2941
    endloop
  endfacet
  facet normal -0.831725 0 -0.555187
    outer loop
      vertex 170.83 0 3.5
      vertex 170.467 10 4.04381
      vertex 170.83 10 3.5
    endloop
  endfacet
  facet normal -0.831725 -0 -0.555187
    outer loop
      vertex 170.467 10 4.04381
      vertex 170.83 0 3.5
      vertex 170.467 0 4.04381
    endloop
  endfacet
  facet normal -0.555423 0 -0.831568
    outer loop
      vertex 169 0 5.33012
      vertex 169.544 10 4.96677
      vertex 169.544 0 4.96677
    endloop
  endfacet
  facet normal -0.555423 0 -0.831568
    outer loop
      vertex 169.544 10 4.96677
      vertex 169 0 5.33012
      vertex 169 10 5.33012
    endloop
  endfacet
  facet normal -0.659197 0 0.75197
    outer loop
      vertex 169.544 0 -16.9668
      vertex 170.036 10.1314 -16.5355
      vertex 169.544 10.2171 -16.9668
    endloop
  endfacet
  facet normal -0.659197 0 0.75197
    outer loop
      vertex 170.036 10.1314 -16.5355
      vertex 169.544 0 -16.9668
      vertex 170.036 0 -16.5355
    endloop
  endfacet
  facet normal -0.195233 0 0.980757
    outer loop
      vertex 167.153 0 -17.9572
      vertex 167.794 10.4227 -17.8296
      vertex 167.153 10.466 -17.9572
    endloop
  endfacet
  facet normal -0.195233 0 0.980757
    outer loop
      vertex 167.794 10.4227 -17.8296
      vertex 167.153 0 -17.9572
      vertex 167.794 0 -17.8296
    endloop
  endfacet
  facet normal 0.946572 0 -0.322493
    outer loop
      vertex 155.881 0 2.91342
      vertex 155.67 10 2.2941
      vertex 155.881 10 2.91342
    endloop
  endfacet
  facet normal 0.946572 0 -0.322493
    outer loop
      vertex 155.67 10 2.2941
      vertex 155.881 0 2.91342
      vertex 155.67 0 2.2941
    endloop
  endfacet
  facet normal -0.195219 0 -0.98076
    outer loop
      vertex 167.153 0 5.95723
      vertex 167.794 10 5.82964
      vertex 167.794 0 5.82964
    endloop
  endfacet
  facet normal -0.195219 0 -0.98076
    outer loop
      vertex 167.794 10 5.82964
      vertex 167.153 0 5.95723
      vertex 167.153 10 5.95723
    endloop
  endfacet
  facet normal 0.659136 0 -0.752023
    outer loop
      vertex 156.964 0 4.53554
      vertex 157.456 10 4.96677
      vertex 157.456 0 4.96677
    endloop
  endfacet
  facet normal 0.659136 0 -0.752023
    outer loop
      vertex 157.456 10 4.96677
      vertex 156.964 0 4.53554
      vertex 156.964 10 4.53554
    endloop
  endfacet
  facet normal -1 0 0
    outer loop
      vertex 171.5 0 -13
      vertex 171.5 10 1
      vertex 171.5 10 -13
    endloop
  endfacet
  facet normal -1 -0 0
    outer loop
      vertex 171.5 10 1
      vertex 171.5 0 -13
      vertex 171.5 0 1
    endloop
  endfacet
  facet normal -0.997836 0 -0.0657447
    outer loop
      vertex 171.5 0 1
      vertex 171.457 10 1.65263
      vertex 171.5 10 1
    endloop
  endfacet
  facet normal -0.997836 -0 -0.0657447
    outer loop
      vertex 171.457 10 1.65263
      vertex 171.5 0 1
      vertex 171.457 0 1.65263
    endloop
  endfacet
  facet normal 0.442047 0 -0.896992
    outer loop
      vertex 158 0 5.33012
      vertex 158.587 10 5.6194
      vertex 158.587 0 5.6194
    endloop
  endfacet
  facet normal 0.442047 0 -0.896992
    outer loop
      vertex 158.587 10 5.6194
      vertex 158 0 5.33012
      vertex 158 10 5.33012
    endloop
  endfacet
  facet normal 1 -0 0
    outer loop
      vertex 155.5 0 1
      vertex 155.5 10 -13
      vertex 155.5 10 1
    endloop
  endfacet
  facet normal 1 0 0
    outer loop
      vertex 155.5 10 -13
      vertex 155.5 0 1
      vertex 155.5 0 -13
    endloop
  endfacet
  facet normal 0.831721 0 0.555194
    outer loop
      vertex 156.533 0 -16.0438
      vertex 156.17 10.0328 -15.5
      vertex 156.17 0 -15.5
    endloop
  endfacet
  facet normal 0.831721 0 0.555194
    outer loop
      vertex 156.17 10.0328 -15.5
      vertex 156.533 0 -16.0438
      vertex 156.533 10.0684 -16.0438
    endloop
  endfacet
  facet normal 0.997836 -0 0.0657477
    outer loop
      vertex 155.5 0 -13
      vertex 155.543 10 -13.6526
      vertex 155.5 10 -13
    endloop
  endfacet
  facet normal 0.997836 0 0.0657477
    outer loop
      vertex 155.543 10 -13.6526
      vertex 155.5 0 -13
      vertex 155.543 0 -13.6526
    endloop
  endfacet
  facet normal 0.946569 -0 0.322503
    outer loop
      vertex 155.67 0 -14.2941
      vertex 155.881 10 -14.9134
      vertex 155.67 10 -14.2941
    endloop
  endfacet
  facet normal 0.946569 0 0.322503
    outer loop
      vertex 155.881 10 -14.9134
      vertex 155.67 0 -14.2941
      vertex 155.881 0 -14.9134
    endloop
  endfacet
  facet normal -0.752018 0 -0.659142
    outer loop
      vertex 170.467 0 4.04381
      vertex 170.036 10 4.53554
      vertex 170.467 10 4.04381
    endloop
  endfacet
  facet normal -0.752018 -0 -0.659142
    outer loop
      vertex 170.036 10 4.53554
      vertex 170.467 0 4.04381
      vertex 170.036 0 4.53554
    endloop
  endfacet
  facet normal 0.997836 0 -0.0657447
    outer loop
      vertex 155.543 0 1.65263
      vertex 155.5 10 1
      vertex 155.543 10 1.65263
    endloop
  endfacet
  facet normal 0.997836 0 -0.0657447
    outer loop
      vertex 155.5 10 1
      vertex 155.543 0 1.65263
      vertex 155.5 0 1
    endloop
  endfacet
  facet normal -0.753265 0 0.657717
    outer loop
      vertex 170.036 0 -16.5355
      vertex 170.237 10.0856 -16.3053
      vertex 170.036 10.1314 -16.5355
    endloop
  endfacet
  facet normal -0.750888 -0.000109307 0.66043
    outer loop
      vertex 170.036 0 -16.5355
      vertex 170.467 10.0684 -16.0438
      vertex 170.237 10.0856 -16.3053
    endloop
  endfacet
  facet normal -0.751998 0 0.659165
    outer loop
      vertex 170.467 10.0684 -16.0438
      vertex 170.036 0 -16.5355
      vertex 170.467 0 -16.0438
    endloop
  endfacet
  facet normal -0.55537 0 0.831603
    outer loop
      vertex 169 0 -17.3301
      vertex 169.544 10.2171 -16.9668
      vertex 169 10.2894 -17.3301
    endloop
  endfacet
  facet normal -0.55537 0 0.831603
    outer loop
      vertex 169.544 10.2171 -16.9668
      vertex 169 0 -17.3301
      vertex 169.544 0 -16.9668
    endloop
  endfacet
  facet normal -0.442541 3.32751e-05 0.896748
    outer loop
      vertex 168.413 0 -17.6194
      vertex 169 10.2894 -17.3301
      vertex 168.477 10.3407 -17.5882
    endloop
  endfacet
  facet normal -0.438202 0 0.898876
    outer loop
      vertex 168.413 0 -17.6194
      vertex 168.477 10.3407 -17.5882
      vertex 168.413 10.3513 -17.6194
    endloop
  endfacet
  facet normal -0.442072 0 0.89698
    outer loop
      vertex 169 10.2894 -17.3301
      vertex 168.413 0 -17.6194
      vertex 169 0 -17.3301
    endloop
  endfacet
  facet normal 0.321601 0 -0.946875
    outer loop
      vertex 158.587 0 5.6194
      vertex 159.206 10 5.82964
      vertex 159.206 0 5.82964
    endloop
  endfacet
  facet normal 0.321601 0 -0.946875
    outer loop
      vertex 159.206 10 5.82964
      vertex 158.587 0 5.6194
      vertex 158.587 10 5.6194
    endloop
  endfacet
  facet normal 0.0653577 0 -0.997862
    outer loop
      vertex 159.847 0 5.95723
      vertex 160.5 10 6
      vertex 160.5 0 6
    endloop
  endfacet
  facet normal 0.0653577 0 -0.997862
    outer loop
      vertex 160.5 10 6
      vertex 159.847 0 5.95723
      vertex 159.847 10 5.95723
    endloop
  endfacet
  facet normal 0.55537 0 0.831603
    outer loop
      vertex 157.456 10.2171 -16.9668
      vertex 158 0 -17.3301
      vertex 158 10.2894 -17.3301
    endloop
  endfacet
  facet normal 0.55537 0 0.831603
    outer loop
      vertex 158 0 -17.3301
      vertex 157.456 10.2171 -16.9668
      vertex 157.456 0 -16.9668
    endloop
  endfacet
  facet normal 0.897036 0 -0.441957
    outer loop
      vertex 156.17 0 3.5
      vertex 155.881 10 2.91342
      vertex 156.17 10 3.5
    endloop
  endfacet
  facet normal 0.897036 0 -0.441957
    outer loop
      vertex 155.881 10 2.91342
      vertex 156.17 0 3.5
      vertex 155.881 0 2.91342
    endloop
  endfacet
  facet normal 0.659197 0 0.75197
    outer loop
      vertex 156.964 10.1314 -16.5355
      vertex 157.456 0 -16.9668
      vertex 157.456 10.2171 -16.9668
    endloop
  endfacet
  facet normal 0.659197 0 0.75197
    outer loop
      vertex 157.456 0 -16.9668
      vertex 156.964 10.1314 -16.5355
      vertex 156.964 0 -16.5355
    endloop
  endfacet
  facet normal 0.555423 0 -0.831568
    outer loop
      vertex 157.456 0 4.96677
      vertex 158 10 5.33012
      vertex 158 0 5.33012
    endloop
  endfacet
  facet normal 0.555423 0 -0.831568
    outer loop
      vertex 158 10 5.33012
      vertex 157.456 0 4.96677
      vertex 157.456 10 4.96677
    endloop
  endfacet
  facet normal 0.980961 -0 0.194204
    outer loop
      vertex 155.543 0 -13.6526
      vertex 155.67 10 -14.2941
      vertex 155.543 10 -13.6526
    endloop
  endfacet
  facet normal 0.980961 0 0.194204
    outer loop
      vertex 155.67 10 -14.2941
      vertex 155.543 0 -13.6526
      vertex 155.67 0 -14.2941
    endloop
  endfacet
  facet normal 0.751998 0 0.659165
    outer loop
      vertex 156.964 0 -16.5355
      vertex 156.533 10.0684 -16.0438
      vertex 156.533 0 -16.0438
    endloop
  endfacet
  facet normal 0.750888 -0.000109307 0.66043
    outer loop
      vertex 156.533 10.0684 -16.0438
      vertex 156.964 0 -16.5355
      vertex 156.763 10.0856 -16.3053
    endloop
  endfacet
  facet normal 0.753265 0 0.657717
    outer loop
      vertex 156.763 10.0856 -16.3053
      vertex 156.964 0 -16.5355
      vertex 156.964 10.1314 -16.5355
    endloop
  endfacet
  facet normal 0.438202 0 0.898876
    outer loop
      vertex 158.523 10.3407 -17.5882
      vertex 158.587 0 -17.6194
      vertex 158.587 10.3513 -17.6194
    endloop
  endfacet
  facet normal 0.442541 3.32751e-05 0.896748
    outer loop
      vertex 158 10.2894 -17.3301
      vertex 158.587 0 -17.6194
      vertex 158.523 10.3407 -17.5882
    endloop
  endfacet
  facet normal 0.442072 0 0.89698
    outer loop
      vertex 158.587 0 -17.6194
      vertex 158 10.2894 -17.3301
      vertex 158 0 -17.3301
    endloop
  endfacet
  facet normal 0.899765 0 0.436375
    outer loop
      vertex 129.381 10 -14.9134
      vertex 129.381 0 -14.9134
      vertex 129.423 10 -15
    endloop
  endfacet
  facet normal 0.897042 5.96703e-05 0.441945
    outer loop
      vertex 129.67 0 -15.5
      vertex 129.423 10 -15
      vertex 129.381 0 -14.9134
    endloop
  endfacet
  facet normal 0.896569 0 0.442905
    outer loop
      vertex 129.423 10 -15
      vertex 129.67 0 -15.5
      vertex 129.67 10.0328 -15.5
    endloop
  endfacet
  facet normal 0.321546 0 0.946894
    outer loop
      vertex 132.087 10.3513 -17.6194
      vertex 132.706 0 -17.8296
      vertex 132.706 10.4227 -17.8296
    endloop
  endfacet
  facet normal 0.321546 0 0.946894
    outer loop
      vertex 132.706 0 -17.8296
      vertex 132.087 10.3513 -17.6194
      vertex 132.087 0 -17.6194
    endloop
  endfacet
  facet normal 0.195233 0 0.980757
    outer loop
      vertex 132.706 10.4227 -17.8296
      vertex 133.347 0 -17.9572
      vertex 133.347 10.466 -17.9572
    endloop
  endfacet
  facet normal 0.195233 0 0.980757
    outer loop
      vertex 133.347 0 -17.9572
      vertex 132.706 10.4227 -17.8296
      vertex 132.706 0 -17.8296
    endloop
  endfacet
  facet normal 0.0654033 0 0.997859
    outer loop
      vertex 133.347 10.466 -17.9572
      vertex 134 0 -18
      vertex 134 10.4805 -18
    endloop
  endfacet
  facet normal 0.0654033 0 0.997859
    outer loop
      vertex 134 0 -18
      vertex 133.347 10.466 -17.9572
      vertex 133.347 0 -17.9572
    endloop
  endfacet
  facet normal -0.0654033 0 0.997859
    outer loop
      vertex 140 0 -18
      vertex 140.653 10.466 -17.9572
      vertex 140 10.4805 -18
    endloop
  endfacet
  facet normal -0.0654033 0 0.997859
    outer loop
      vertex 140.653 10.466 -17.9572
      vertex 140 0 -18
      vertex 140.653 0 -17.9572
    endloop
  endfacet
  facet normal -0 0 1
    outer loop
      vertex 134 10.4805 -18
      vertex 140 0 -18
      vertex 140 10.4805 -18
    endloop
  endfacet
  facet normal 0 0 1
    outer loop
      vertex 140 0 -18
      vertex 134 10.4805 -18
      vertex 134 0 -18
    endloop
  endfacet
  facet normal -0.321601 0 -0.946875
    outer loop
      vertex 141.294 0 5.82964
      vertex 141.913 10 5.6194
      vertex 141.913 0 5.6194
    endloop
  endfacet
  facet normal -0.321601 0 -0.946875
    outer loop
      vertex 141.913 10 5.6194
      vertex 141.294 0 5.82964
      vertex 141.294 10 5.82964
    endloop
  endfacet
  facet normal -0.0653577 0 -0.997862
    outer loop
      vertex 140 0 6
      vertex 140.653 10 5.95723
      vertex 140.653 0 5.95723
    endloop
  endfacet
  facet normal -0.0653577 0 -0.997862
    outer loop
      vertex 140.653 10 5.95723
      vertex 140 0 6
      vertex 140 10 6
    endloop
  endfacet
  facet normal -0.946572 0 -0.322493
    outer loop
      vertex 144.83 0 2.2941
      vertex 144.619 10 2.91342
      vertex 144.83 10 2.2941
    endloop
  endfacet
  facet normal -0.946572 -0 -0.322493
    outer loop
      vertex 144.619 10 2.91342
      vertex 144.83 0 2.2941
      vertex 144.619 0 2.91342
    endloop
  endfacet
  facet normal -0.321546 0 0.946894
    outer loop
      vertex 141.294 0 -17.8296
      vertex 141.913 10.3513 -17.6194
      vertex 141.294 10.4227 -17.8296
    endloop
  endfacet
  facet normal -0.321546 0 0.946894
    outer loop
      vertex 141.913 10.3513 -17.6194
      vertex 141.294 0 -17.8296
      vertex 141.913 0 -17.6194
    endloop
  endfacet
  facet normal -0.831721 0 0.555194
    outer loop
      vertex 143.967 0 -16.0438
      vertex 144.33 10.0328 -15.5
      vertex 143.967 10.0684 -16.0438
    endloop
  endfacet
  facet normal -0.831721 0 0.555194
    outer loop
      vertex 144.33 10.0328 -15.5
      vertex 143.967 0 -16.0438
      vertex 144.33 0 -15.5
    endloop
  endfacet
  facet normal -0.659136 0 -0.752023
    outer loop
      vertex 143.044 0 4.96677
      vertex 143.536 10 4.53554
      vertex 143.536 0 4.53554
    endloop
  endfacet
  facet normal -0.659136 0 -0.752023
    outer loop
      vertex 143.536 10 4.53554
      vertex 143.044 0 4.96677
      vertex 143.044 10 4.96677
    endloop
  endfacet
  facet normal 0.752018 0 -0.659142
    outer loop
      vertex 130.464 0 4.53554
      vertex 130.033 10 4.04381
      vertex 130.464 10 4.53554
    endloop
  endfacet
  facet normal 0.752018 0 -0.659142
    outer loop
      vertex 130.033 10 4.04381
      vertex 130.464 0 4.53554
      vertex 130.033 0 4.04381
    endloop
  endfacet
  facet normal -0.897036 0 -0.441957
    outer loop
      vertex 144.619 0 2.91342
      vertex 144.33 10 3.5
      vertex 144.619 10 2.91342
    endloop
  endfacet
  facet normal -0.897036 -0 -0.441957
    outer loop
      vertex 144.33 10 3.5
      vertex 144.619 0 2.91342
      vertex 144.33 0 3.5
    endloop
  endfacet
  facet normal -0.896569 0 0.442905
    outer loop
      vertex 144.33 0 -15.5
      vertex 144.577 10 -15
      vertex 144.33 10.0328 -15.5
    endloop
  endfacet
  facet normal -0.897042 5.96703e-05 0.441945
    outer loop
      vertex 144.619 0 -14.9134
      vertex 144.577 10 -15
      vertex 144.33 0 -15.5
    endloop
  endfacet
  facet normal -0.899765 0 0.436375
    outer loop
      vertex 144.577 10 -15
      vertex 144.619 0 -14.9134
      vertex 144.619 10 -14.9134
    endloop
  endfacet
  facet normal -0.442047 0 -0.896992
    outer loop
      vertex 141.913 0 5.6194
      vertex 142.5 10 5.33012
      vertex 142.5 0 5.33012
    endloop
  endfacet
  facet normal -0.442047 0 -0.896992
    outer loop
      vertex 142.5 10 5.33012
      vertex 141.913 0 5.6194
      vertex 141.913 10 5.6194
    endloop
  endfacet
  facet normal 0.195219 0 -0.98076
    outer loop
      vertex 132.706 0 5.82964
      vertex 133.347 10 5.95723
      vertex 133.347 0 5.95723
    endloop
  endfacet
  facet normal 0.195219 0 -0.98076
    outer loop
      vertex 133.347 10 5.95723
      vertex 132.706 0 5.82964
      vertex 132.706 10 5.82964
    endloop
  endfacet
  facet normal 0 0 -1
    outer loop
      vertex 134 0 6
      vertex 140 10 6
      vertex 140 0 6
    endloop
  endfacet
  facet normal -0 0 -1
    outer loop
      vertex 140 10 6
      vertex 134 0 6
      vertex 134 10 6
    endloop
  endfacet
  facet normal -0.980961 0 0.194204
    outer loop
      vertex 144.83 0 -14.2941
      vertex 144.957 10 -13.6526
      vertex 144.83 10 -14.2941
    endloop
  endfacet
  facet normal -0.980961 0 0.194204
    outer loop
      vertex 144.957 10 -13.6526
      vertex 144.83 0 -14.2941
      vertex 144.957 0 -13.6526
    endloop
  endfacet
  facet normal 0.980959 0 -0.194213
    outer loop
      vertex 129.17 0 2.2941
      vertex 129.043 10 1.65263
      vertex 129.17 10 2.2941
    endloop
  endfacet
  facet normal 0.980959 0 -0.194213
    outer loop
      vertex 129.043 10 1.65263
      vertex 129.17 0 2.2941
      vertex 129.043 0 1.65263
    endloop
  endfacet
  facet normal -0.946569 0 0.322503
    outer loop
      vertex 144.619 0 -14.9134
      vertex 144.83 10 -14.2941
      vertex 144.619 10 -14.9134
    endloop
  endfacet
  facet normal -0.946569 0 0.322503
    outer loop
      vertex 144.83 10 -14.2941
      vertex 144.619 0 -14.9134
      vertex 144.83 0 -14.2941
    endloop
  endfacet
  facet normal 0.831725 0 -0.555187
    outer loop
      vertex 130.033 0 4.04381
      vertex 129.67 10 3.5
      vertex 130.033 10 4.04381
    endloop
  endfacet
  facet normal 0.831725 0 -0.555187
    outer loop
      vertex 129.67 10 3.5
      vertex 130.033 0 4.04381
      vertex 129.67 0 3.5
    endloop
  endfacet
  facet normal -0.997836 0 0.0657477
    outer loop
      vertex 144.957 0 -13.6526
      vertex 145 10 -13
      vertex 144.957 10 -13.6526
    endloop
  endfacet
  facet normal -0.997836 0 0.0657477
    outer loop
      vertex 145 10 -13
      vertex 144.957 0 -13.6526
      vertex 145 0 -13
    endloop
  endfacet
  facet normal -0.980959 0 -0.194213
    outer loop
      vertex 144.957 0 1.65263
      vertex 144.83 10 2.2941
      vertex 144.957 10 1.65263
    endloop
  endfacet
  facet normal -0.980959 -0 -0.194213
    outer loop
      vertex 144.83 10 2.2941
      vertex 144.957 0 1.65263
      vertex 144.83 0 2.2941
    endloop
  endfacet
  facet normal -0.831725 0 -0.555187
    outer loop
      vertex 144.33 0 3.5
      vertex 143.967 10 4.04381
      vertex 144.33 10 3.5
    endloop
  endfacet
  facet normal -0.831725 -0 -0.555187
    outer loop
      vertex 143.967 10 4.04381
      vertex 144.33 0 3.5
      vertex 143.967 0 4.04381
    endloop
  endfacet
  facet normal -0.555423 0 -0.831568
    outer loop
      vertex 142.5 0 5.33012
      vertex 143.044 10 4.96677
      vertex 143.044 0 4.96677
    endloop
  endfacet
  facet normal -0.555423 0 -0.831568
    outer loop
      vertex 143.044 10 4.96677
      vertex 142.5 0 5.33012
      vertex 142.5 10 5.33012
    endloop
  endfacet
  facet normal -0.659197 0 0.75197
    outer loop
      vertex 143.044 0 -16.9668
      vertex 143.536 10.1314 -16.5355
      vertex 143.044 10.2171 -16.9668
    endloop
  endfacet
  facet normal -0.659197 0 0.75197
    outer loop
      vertex 143.536 10.1314 -16.5355
      vertex 143.044 0 -16.9668
      vertex 143.536 0 -16.5355
    endloop
  endfacet
  facet normal -0.195233 0 0.980757
    outer loop
      vertex 140.653 0 -17.9572
      vertex 141.294 10.4227 -17.8296
      vertex 140.653 10.466 -17.9572
    endloop
  endfacet
  facet normal -0.195233 0 0.980757
    outer loop
      vertex 141.294 10.4227 -17.8296
      vertex 140.653 0 -17.9572
      vertex 141.294 0 -17.8296
    endloop
  endfacet
  facet normal 0.946572 0 -0.322493
    outer loop
      vertex 129.381 0 2.91342
      vertex 129.17 10 2.2941
      vertex 129.381 10 2.91342
    endloop
  endfacet
  facet normal 0.946572 0 -0.322493
    outer loop
      vertex 129.17 10 2.2941
      vertex 129.381 0 2.91342
      vertex 129.17 0 2.2941
    endloop
  endfacet
  facet normal -0.195219 0 -0.98076
    outer loop
      vertex 140.653 0 5.95723
      vertex 141.294 10 5.82964
      vertex 141.294 0 5.82964
    endloop
  endfacet
  facet normal -0.195219 0 -0.98076
    outer loop
      vertex 141.294 10 5.82964
      vertex 140.653 0 5.95723
      vertex 140.653 10 5.95723
    endloop
  endfacet
  facet normal 0.659136 0 -0.752023
    outer loop
      vertex 130.464 0 4.53554
      vertex 130.956 10 4.96677
      vertex 130.956 0 4.96677
    endloop
  endfacet
  facet normal 0.659136 0 -0.752023
    outer loop
      vertex 130.956 10 4.96677
      vertex 130.464 0 4.53554
      vertex 130.464 10 4.53554
    endloop
  endfacet
  facet normal -1 0 0
    outer loop
      vertex 145 0 -13
      vertex 145 10 1
      vertex 145 10 -13
    endloop
  endfacet
  facet normal -1 -0 0
    outer loop
      vertex 145 10 1
      vertex 145 0 -13
      vertex 145 0 1
    endloop
  endfacet
  facet normal -0.997836 0 -0.0657447
    outer loop
      vertex 145 0 1
      vertex 144.957 10 1.65263
      vertex 145 10 1
    endloop
  endfacet
  facet normal -0.997836 -0 -0.0657447
    outer loop
      vertex 144.957 10 1.65263
      vertex 145 0 1
      vertex 144.957 0 1.65263
    endloop
  endfacet
  facet normal 0.442047 0 -0.896992
    outer loop
      vertex 131.5 0 5.33012
      vertex 132.087 10 5.6194
      vertex 132.087 0 5.6194
    endloop
  endfacet
  facet normal 0.442047 0 -0.896992
    outer loop
      vertex 132.087 10 5.6194
      vertex 131.5 0 5.33012
      vertex 131.5 10 5.33012
    endloop
  endfacet
  facet normal 1 -0 0
    outer loop
      vertex 129 0 1
      vertex 129 10 -13
      vertex 129 10 1
    endloop
  endfacet
  facet normal 1 0 0
    outer loop
      vertex 129 10 -13
      vertex 129 0 1
      vertex 129 0 -13
    endloop
  endfacet
  facet normal 0.997836 -0 0.0657477
    outer loop
      vertex 129 0 -13
      vertex 129.043 10 -13.6526
      vertex 129 10 -13
    endloop
  endfacet
  facet normal 0.997836 0 0.0657477
    outer loop
      vertex 129.043 10 -13.6526
      vertex 129 0 -13
      vertex 129.043 0 -13.6526
    endloop
  endfacet
  facet normal 0.946569 -0 0.322503
    outer loop
      vertex 129.17 0 -14.2941
      vertex 129.381 10 -14.9134
      vertex 129.17 10 -14.2941
    endloop
  endfacet
  facet normal 0.946569 0 0.322503
    outer loop
      vertex 129.381 10 -14.9134
      vertex 129.17 0 -14.2941
      vertex 129.381 0 -14.9134
    endloop
  endfacet
  facet normal 0.831721 0 0.555194
    outer loop
      vertex 130.033 0 -16.0438
      vertex 129.67 10.0328 -15.5
      vertex 129.67 0 -15.5
    endloop
  endfacet
  facet normal 0.831721 0 0.555194
    outer loop
      vertex 129.67 10.0328 -15.5
      vertex 130.033 0 -16.0438
      vertex 130.033 10.0684 -16.0438
    endloop
  endfacet
  facet normal 0.438202 0 0.898876
    outer loop
      vertex 132.023 10.3407 -17.5882
      vertex 132.087 0 -17.6194
      vertex 132.087 10.3513 -17.6194
    endloop
  endfacet
  facet normal 0.442541 3.32751e-05 0.896748
    outer loop
      vertex 131.5 10.2894 -17.3301
      vertex 132.087 0 -17.6194
      vertex 132.023 10.3407 -17.5882
    endloop
  endfacet
  facet normal 0.442072 0 0.89698
    outer loop
      vertex 132.087 0 -17.6194
      vertex 131.5 10.2894 -17.3301
      vertex 131.5 0 -17.3301
    endloop
  endfacet
  facet normal -0.752018 0 -0.659142
    outer loop
      vertex 143.967 0 4.04381
      vertex 143.536 10 4.53554
      vertex 143.967 10 4.04381
    endloop
  endfacet
  facet normal -0.752018 -0 -0.659142
    outer loop
      vertex 143.536 10 4.53554
      vertex 143.967 0 4.04381
      vertex 143.536 0 4.53554
    endloop
  endfacet
  facet normal 0.997836 0 -0.0657447
    outer loop
      vertex 129.043 0 1.65263
      vertex 129 10 1
      vertex 129.043 10 1.65263
    endloop
  endfacet
  facet normal 0.997836 0 -0.0657447
    outer loop
      vertex 129 10 1
      vertex 129.043 0 1.65263
      vertex 129 0 1
    endloop
  endfacet
  facet normal -0.753265 0 0.657717
    outer loop
      vertex 143.536 0 -16.5355
      vertex 143.737 10.0856 -16.3053
      vertex 143.536 10.1314 -16.5355
    endloop
  endfacet
  facet normal -0.750888 -0.000109307 0.66043
    outer loop
      vertex 143.536 0 -16.5355
      vertex 143.967 10.0684 -16.0438
      vertex 143.737 10.0856 -16.3053
    endloop
  endfacet
  facet normal -0.751998 0 0.659165
    outer loop
      vertex 143.967 10.0684 -16.0438
      vertex 143.536 0 -16.5355
      vertex 143.967 0 -16.0438
    endloop
  endfacet
  facet normal -0.55537 0 0.831603
    outer loop
      vertex 142.5 0 -17.3301
      vertex 143.044 10.2171 -16.9668
      vertex 142.5 10.2894 -17.3301
    endloop
  endfacet
  facet normal -0.55537 0 0.831603
    outer loop
      vertex 143.044 10.2171 -16.9668
      vertex 142.5 0 -17.3301
      vertex 143.044 0 -16.9668
    endloop
  endfacet
  facet normal -0.442541 3.32751e-05 0.896748
    outer loop
      vertex 141.913 0 -17.6194
      vertex 142.5 10.2894 -17.3301
      vertex 141.977 10.3407 -17.5882
    endloop
  endfacet
  facet normal -0.438202 0 0.898876
    outer loop
      vertex 141.913 0 -17.6194
      vertex 141.977 10.3407 -17.5882
      vertex 141.913 10.3513 -17.6194
    endloop
  endfacet
  facet normal -0.442072 0 0.89698
    outer loop
      vertex 142.5 10.2894 -17.3301
      vertex 141.913 0 -17.6194
      vertex 142.5 0 -17.3301
    endloop
  endfacet
  facet normal 0.321601 0 -0.946875
    outer loop
      vertex 132.087 0 5.6194
      vertex 132.706 10 5.82964
      vertex 132.706 0 5.82964
    endloop
  endfacet
  facet normal 0.321601 0 -0.946875
    outer loop
      vertex 132.706 10 5.82964
      vertex 132.087 0 5.6194
      vertex 132.087 10 5.6194
    endloop
  endfacet
  facet normal 0.0653577 0 -0.997862
    outer loop
      vertex 133.347 0 5.95723
      vertex 134 10 6
      vertex 134 0 6
    endloop
  endfacet
  facet normal 0.0653577 0 -0.997862
    outer loop
      vertex 134 10 6
      vertex 133.347 0 5.95723
      vertex 133.347 10 5.95723
    endloop
  endfacet
  facet normal 0.55537 0 0.831603
    outer loop
      vertex 130.956 10.2171 -16.9668
      vertex 131.5 0 -17.3301
      vertex 131.5 10.2894 -17.3301
    endloop
  endfacet
  facet normal 0.55537 0 0.831603
    outer loop
      vertex 131.5 0 -17.3301
      vertex 130.956 10.2171 -16.9668
      vertex 130.956 0 -16.9668
    endloop
  endfacet
  facet normal 0.897036 0 -0.441957
    outer loop
      vertex 129.67 0 3.5
      vertex 129.381 10 2.91342
      vertex 129.67 10 3.5
    endloop
  endfacet
  facet normal 0.897036 0 -0.441957
    outer loop
      vertex 129.381 10 2.91342
      vertex 129.67 0 3.5
      vertex 129.381 0 2.91342
    endloop
  endfacet
  facet normal 0.659197 0 0.75197
    outer loop
      vertex 130.464 10.1314 -16.5355
      vertex 130.956 0 -16.9668
      vertex 130.956 10.2171 -16.9668
    endloop
  endfacet
  facet normal 0.659197 0 0.75197
    outer loop
      vertex 130.956 0 -16.9668
      vertex 130.464 10.1314 -16.5355
      vertex 130.464 0 -16.5355
    endloop
  endfacet
  facet normal 0.555423 0 -0.831568
    outer loop
      vertex 130.956 0 4.96677
      vertex 131.5 10 5.33012
      vertex 131.5 0 5.33012
    endloop
  endfacet
  facet normal 0.555423 0 -0.831568
    outer loop
      vertex 131.5 10 5.33012
      vertex 130.956 0 4.96677
      vertex 130.956 10 4.96677
    endloop
  endfacet
  facet normal 0.980961 -0 0.194204
    outer loop
      vertex 129.043 0 -13.6526
      vertex 129.17 10 -14.2941
      vertex 129.043 10 -13.6526
    endloop
  endfacet
  facet normal 0.980961 0 0.194204
    outer loop
      vertex 129.17 10 -14.2941
      vertex 129.043 0 -13.6526
      vertex 129.17 0 -14.2941
    endloop
  endfacet
  facet normal 0.751998 0 0.659165
    outer loop
      vertex 130.464 0 -16.5355
      vertex 130.033 10.0684 -16.0438
      vertex 130.033 0 -16.0438
    endloop
  endfacet
  facet normal 0.750888 -0.000109307 0.66043
    outer loop
      vertex 130.033 10.0684 -16.0438
      vertex 130.464 0 -16.5355
      vertex 130.263 10.0856 -16.3053
    endloop
  endfacet
  facet normal 0.753265 0 0.657717
    outer loop
      vertex 130.263 10.0856 -16.3053
      vertex 130.464 0 -16.5355
      vertex 130.464 10.1314 -16.5355
    endloop
  endfacet
  facet normal 0.899765 0 0.436375
    outer loop
      vertex 102.881 10 -14.9134
      vertex 102.881 0 -14.9134
      vertex 102.923 10 -15
    endloop
  endfacet
  facet normal 0.897042 5.96703e-05 0.441945
    outer loop
      vertex 103.17 0 -15.5
      vertex 102.923 10 -15
      vertex 102.881 0 -14.9134
    endloop
  endfacet
  facet normal 0.896569 0 0.442905
    outer loop
      vertex 102.923 10 -15
      vertex 103.17 0 -15.5
      vertex 103.17 10.0328 -15.5
    endloop
  endfacet
  facet normal 0.321546 0 0.946894
    outer loop
      vertex 105.587 10.3513 -17.6194
      vertex 106.206 0 -17.8296
      vertex 106.206 10.4227 -17.8296
    endloop
  endfacet
  facet normal 0.321546 0 0.946894
    outer loop
      vertex 106.206 0 -17.8296
      vertex 105.587 10.3513 -17.6194
      vertex 105.587 0 -17.6194
    endloop
  endfacet
  facet normal 0.195233 0 0.980757
    outer loop
      vertex 106.206 10.4227 -17.8296
      vertex 106.847 0 -17.9572
      vertex 106.847 10.466 -17.9572
    endloop
  endfacet
  facet normal 0.195233 0 0.980757
    outer loop
      vertex 106.847 0 -17.9572
      vertex 106.206 10.4227 -17.8296
      vertex 106.206 0 -17.8296
    endloop
  endfacet
  facet normal 0.0654033 0 0.997859
    outer loop
      vertex 106.847 10.466 -17.9572
      vertex 107.5 0 -18
      vertex 107.5 10.4805 -18
    endloop
  endfacet
  facet normal 0.0654033 0 0.997859
    outer loop
      vertex 107.5 0 -18
      vertex 106.847 10.466 -17.9572
      vertex 106.847 0 -17.9572
    endloop
  endfacet
  facet normal -0.0654033 0 0.997859
    outer loop
      vertex 113.5 0 -18
      vertex 114.153 10.466 -17.9572
      vertex 113.5 10.4805 -18
    endloop
  endfacet
  facet normal -0.0654033 0 0.997859
    outer loop
      vertex 114.153 10.466 -17.9572
      vertex 113.5 0 -18
      vertex 114.153 0 -17.9572
    endloop
  endfacet
  facet normal -0 0 1
    outer loop
      vertex 107.5 10.4805 -18
      vertex 113.5 0 -18
      vertex 113.5 10.4805 -18
    endloop
  endfacet
  facet normal 0 0 1
    outer loop
      vertex 113.5 0 -18
      vertex 107.5 10.4805 -18
      vertex 107.5 0 -18
    endloop
  endfacet
  facet normal -0.321601 0 -0.946875
    outer loop
      vertex 114.794 0 5.82964
      vertex 115.413 10 5.6194
      vertex 115.413 0 5.6194
    endloop
  endfacet
  facet normal -0.321601 0 -0.946875
    outer loop
      vertex 115.413 10 5.6194
      vertex 114.794 0 5.82964
      vertex 114.794 10 5.82964
    endloop
  endfacet
  facet normal -0.0653577 0 -0.997862
    outer loop
      vertex 113.5 0 6
      vertex 114.153 10 5.95723
      vertex 114.153 0 5.95723
    endloop
  endfacet
  facet normal -0.0653577 0 -0.997862
    outer loop
      vertex 114.153 10 5.95723
      vertex 113.5 0 6
      vertex 113.5 10 6
    endloop
  endfacet
  facet normal -0.946572 0 -0.322493
    outer loop
      vertex 118.33 0 2.2941
      vertex 118.119 10 2.91342
      vertex 118.33 10 2.2941
    endloop
  endfacet
  facet normal -0.946572 -0 -0.322493
    outer loop
      vertex 118.119 10 2.91342
      vertex 118.33 0 2.2941
      vertex 118.119 0 2.91342
    endloop
  endfacet
  facet normal -0.321546 0 0.946894
    outer loop
      vertex 114.794 0 -17.8296
      vertex 115.413 10.3513 -17.6194
      vertex 114.794 10.4227 -17.8296
    endloop
  endfacet
  facet normal -0.321546 0 0.946894
    outer loop
      vertex 115.413 10.3513 -17.6194
      vertex 114.794 0 -17.8296
      vertex 115.413 0 -17.6194
    endloop
  endfacet
  facet normal -0.659136 0 -0.752023
    outer loop
      vertex 116.544 0 4.96677
      vertex 117.036 10 4.53554
      vertex 117.036 0 4.53554
    endloop
  endfacet
  facet normal -0.659136 0 -0.752023
    outer loop
      vertex 117.036 10 4.53554
      vertex 116.544 0 4.96677
      vertex 116.544 10 4.96677
    endloop
  endfacet
  facet normal 0.752018 0 -0.659142
    outer loop
      vertex 103.964 0 4.53554
      vertex 103.533 10 4.04381
      vertex 103.964 10 4.53554
    endloop
  endfacet
  facet normal 0.752018 0 -0.659142
    outer loop
      vertex 103.533 10 4.04381
      vertex 103.964 0 4.53554
      vertex 103.533 0 4.04381
    endloop
  endfacet
  facet normal -0.897036 0 -0.441957
    outer loop
      vertex 118.119 0 2.91342
      vertex 117.83 10 3.5
      vertex 118.119 10 2.91342
    endloop
  endfacet
  facet normal -0.897036 -0 -0.441957
    outer loop
      vertex 117.83 10 3.5
      vertex 118.119 0 2.91342
      vertex 117.83 0 3.5
    endloop
  endfacet
  facet normal -0.896569 0 0.442905
    outer loop
      vertex 117.83 0 -15.5
      vertex 118.077 10 -15
      vertex 117.83 10.0328 -15.5
    endloop
  endfacet
  facet normal -0.897042 5.96703e-05 0.441945
    outer loop
      vertex 118.119 0 -14.9134
      vertex 118.077 10 -15
      vertex 117.83 0 -15.5
    endloop
  endfacet
  facet normal -0.899765 0 0.436375
    outer loop
      vertex 118.077 10 -15
      vertex 118.119 0 -14.9134
      vertex 118.119 10 -14.9134
    endloop
  endfacet
  facet normal -0.442047 0 -0.896992
    outer loop
      vertex 115.413 0 5.6194
      vertex 116 10 5.33012
      vertex 116 0 5.33012
    endloop
  endfacet
  facet normal -0.442047 0 -0.896992
    outer loop
      vertex 116 10 5.33012
      vertex 115.413 0 5.6194
      vertex 115.413 10 5.6194
    endloop
  endfacet
  facet normal 0.195219 0 -0.98076
    outer loop
      vertex 106.206 0 5.82964
      vertex 106.847 10 5.95723
      vertex 106.847 0 5.95723
    endloop
  endfacet
  facet normal 0.195219 0 -0.98076
    outer loop
      vertex 106.847 10 5.95723
      vertex 106.206 0 5.82964
      vertex 106.206 10 5.82964
    endloop
  endfacet
  facet normal 0 0 -1
    outer loop
      vertex 107.5 0 6
      vertex 113.5 10 6
      vertex 113.5 0 6
    endloop
  endfacet
  facet normal -0 0 -1
    outer loop
      vertex 113.5 10 6
      vertex 107.5 0 6
      vertex 107.5 10 6
    endloop
  endfacet
  facet normal -0.980961 0 0.194204
    outer loop
      vertex 118.33 0 -14.2941
      vertex 118.457 10 -13.6526
      vertex 118.33 10 -14.2941
    endloop
  endfacet
  facet normal -0.980961 0 0.194204
    outer loop
      vertex 118.457 10 -13.6526
      vertex 118.33 0 -14.2941
      vertex 118.457 0 -13.6526
    endloop
  endfacet
  facet normal 0.980959 0 -0.194213
    outer loop
      vertex 102.67 0 2.2941
      vertex 102.543 10 1.65263
      vertex 102.67 10 2.2941
    endloop
  endfacet
  facet normal 0.980959 0 -0.194213
    outer loop
      vertex 102.543 10 1.65263
      vertex 102.67 0 2.2941
      vertex 102.543 0 1.65263
    endloop
  endfacet
  facet normal -0.946569 0 0.322503
    outer loop
      vertex 118.119 0 -14.9134
      vertex 118.33 10 -14.2941
      vertex 118.119 10 -14.9134
    endloop
  endfacet
  facet normal -0.946569 0 0.322503
    outer loop
      vertex 118.33 10 -14.2941
      vertex 118.119 0 -14.9134
      vertex 118.33 0 -14.2941
    endloop
  endfacet
  facet normal 0.831725 0 -0.555187
    outer loop
      vertex 103.533 0 4.04381
      vertex 103.17 10 3.5
      vertex 103.533 10 4.04381
    endloop
  endfacet
  facet normal 0.831725 0 -0.555187
    outer loop
      vertex 103.17 10 3.5
      vertex 103.533 0 4.04381
      vertex 103.17 0 3.5
    endloop
  endfacet
  facet normal -0.997836 0 0.0657477
    outer loop
      vertex 118.457 0 -13.6526
      vertex 118.5 10 -13
      vertex 118.457 10 -13.6526
    endloop
  endfacet
  facet normal -0.997836 0 0.0657477
    outer loop
      vertex 118.5 10 -13
      vertex 118.457 0 -13.6526
      vertex 118.5 0 -13
    endloop
  endfacet
  facet normal -0.980959 0 -0.194213
    outer loop
      vertex 118.457 0 1.65263
      vertex 118.33 10 2.2941
      vertex 118.457 10 1.65263
    endloop
  endfacet
  facet normal -0.980959 -0 -0.194213
    outer loop
      vertex 118.33 10 2.2941
      vertex 118.457 0 1.65263
      vertex 118.33 0 2.2941
    endloop
  endfacet
  facet normal -0.831725 0 -0.555187
    outer loop
      vertex 117.83 0 3.5
      vertex 117.467 10 4.04381
      vertex 117.83 10 3.5
    endloop
  endfacet
  facet normal -0.831725 -0 -0.555187
    outer loop
      vertex 117.467 10 4.04381
      vertex 117.83 0 3.5
      vertex 117.467 0 4.04381
    endloop
  endfacet
  facet normal -0.555423 0 -0.831568
    outer loop
      vertex 116 0 5.33012
      vertex 116.544 10 4.96677
      vertex 116.544 0 4.96677
    endloop
  endfacet
  facet normal -0.555423 0 -0.831568
    outer loop
      vertex 116.544 10 4.96677
      vertex 116 0 5.33012
      vertex 116 10 5.33012
    endloop
  endfacet
  facet normal -0.659197 0 0.75197
    outer loop
      vertex 116.544 0 -16.9668
      vertex 117.036 10.1314 -16.5355
      vertex 116.544 10.2171 -16.9668
    endloop
  endfacet
  facet normal -0.659197 0 0.75197
    outer loop
      vertex 117.036 10.1314 -16.5355
      vertex 116.544 0 -16.9668
      vertex 117.036 0 -16.5355
    endloop
  endfacet
  facet normal -0.195233 0 0.980757
    outer loop
      vertex 114.153 0 -17.9572
      vertex 114.794 10.4227 -17.8296
      vertex 114.153 10.466 -17.9572
    endloop
  endfacet
  facet normal -0.195233 0 0.980757
    outer loop
      vertex 114.794 10.4227 -17.8296
      vertex 114.153 0 -17.9572
      vertex 114.794 0 -17.8296
    endloop
  endfacet
  facet normal 0.946572 0 -0.322493
    outer loop
      vertex 102.881 0 2.91342
      vertex 102.67 10 2.2941
      vertex 102.881 10 2.91342
    endloop
  endfacet
  facet normal 0.946572 0 -0.322493
    outer loop
      vertex 102.67 10 2.2941
      vertex 102.881 0 2.91342
      vertex 102.67 0 2.2941
    endloop
  endfacet
  facet normal -0.195219 0 -0.98076
    outer loop
      vertex 114.153 0 5.95723
      vertex 114.794 10 5.82964
      vertex 114.794 0 5.82964
    endloop
  endfacet
  facet normal -0.195219 0 -0.98076
    outer loop
      vertex 114.794 10 5.82964
      vertex 114.153 0 5.95723
      vertex 114.153 10 5.95723
    endloop
  endfacet
  facet normal 0.659136 0 -0.752023
    outer loop
      vertex 103.964 0 4.53554
      vertex 104.456 10 4.96677
      vertex 104.456 0 4.96677
    endloop
  endfacet
  facet normal 0.659136 0 -0.752023
    outer loop
      vertex 104.456 10 4.96677
      vertex 103.964 0 4.53554
      vertex 103.964 10 4.53554
    endloop
  endfacet
  facet normal -1 0 0
    outer loop
      vertex 118.5 0 -13
      vertex 118.5 10 1
      vertex 118.5 10 -13
    endloop
  endfacet
  facet normal -1 -0 0
    outer loop
      vertex 118.5 10 1
      vertex 118.5 0 -13
      vertex 118.5 0 1
    endloop
  endfacet
  facet normal -0.997836 0 -0.0657447
    outer loop
      vertex 118.5 0 1
      vertex 118.457 10 1.65263
      vertex 118.5 10 1
    endloop
  endfacet
  facet normal -0.997836 -0 -0.0657447
    outer loop
      vertex 118.457 10 1.65263
      vertex 118.5 0 1
      vertex 118.457 0 1.65263
    endloop
  endfacet
  facet normal 0.442047 0 -0.896992
    outer loop
      vertex 105 0 5.33012
      vertex 105.587 10 5.6194
      vertex 105.587 0 5.6194
    endloop
  endfacet
  facet normal 0.442047 0 -0.896992
    outer loop
      vertex 105.587 10 5.6194
      vertex 105 0 5.33012
      vertex 105 10 5.33012
    endloop
  endfacet
  facet normal 1 -0 0
    outer loop
      vertex 102.5 0 1
      vertex 102.5 10 -13
      vertex 102.5 10 1
    endloop
  endfacet
  facet normal 1 0 0
    outer loop
      vertex 102.5 10 -13
      vertex 102.5 0 1
      vertex 102.5 0 -13
    endloop
  endfacet
  facet normal 0.831721 0 0.555194
    outer loop
      vertex 103.533 0 -16.0438
      vertex 103.17 10.0328 -15.5
      vertex 103.17 0 -15.5
    endloop
  endfacet
  facet normal 0.831721 0 0.555194
    outer loop
      vertex 103.17 10.0328 -15.5
      vertex 103.533 0 -16.0438
      vertex 103.533 10.0684 -16.0438
    endloop
  endfacet
  facet normal 0.997836 -0 0.0657477
    outer loop
      vertex 102.5 0 -13
      vertex 102.543 10 -13.6526
      vertex 102.5 10 -13
    endloop
  endfacet
  facet normal 0.997836 0 0.0657477
    outer loop
      vertex 102.543 10 -13.6526
      vertex 102.5 0 -13
      vertex 102.543 0 -13.6526
    endloop
  endfacet
  facet normal 0.946569 -0 0.322503
    outer loop
      vertex 102.67 0 -14.2941
      vertex 102.881 10 -14.9134
      vertex 102.67 10 -14.2941
    endloop
  endfacet
  facet normal 0.946569 0 0.322503
    outer loop
      vertex 102.881 10 -14.9134
      vertex 102.67 0 -14.2941
      vertex 102.881 0 -14.9134
    endloop
  endfacet
  facet normal 0.438202 0 0.898876
    outer loop
      vertex 105.523 10.3407 -17.5882
      vertex 105.587 0 -17.6194
      vertex 105.587 10.3513 -17.6194
    endloop
  endfacet
  facet normal 0.442541 3.32751e-05 0.896748
    outer loop
      vertex 105 10.2894 -17.3301
      vertex 105.587 0 -17.6194
      vertex 105.523 10.3407 -17.5882
    endloop
  endfacet
  facet normal 0.442072 0 0.89698
    outer loop
      vertex 105.587 0 -17.6194
      vertex 105 10.2894 -17.3301
      vertex 105 0 -17.3301
    endloop
  endfacet
  facet normal -0.752018 0 -0.659142
    outer loop
      vertex 117.467 0 4.04381
      vertex 117.036 10 4.53554
      vertex 117.467 10 4.04381
    endloop
  endfacet
  facet normal -0.752018 -0 -0.659142
    outer loop
      vertex 117.036 10 4.53554
      vertex 117.467 0 4.04381
      vertex 117.036 0 4.53554
    endloop
  endfacet
  facet normal 0.997836 0 -0.0657447
    outer loop
      vertex 102.543 0 1.65263
      vertex 102.5 10 1
      vertex 102.543 10 1.65263
    endloop
  endfacet
  facet normal 0.997836 0 -0.0657447
    outer loop
      vertex 102.5 10 1
      vertex 102.543 0 1.65263
      vertex 102.5 0 1
    endloop
  endfacet
  facet normal -0.753265 0 0.657717
    outer loop
      vertex 117.036 0 -16.5355
      vertex 117.237 10.0856 -16.3053
      vertex 117.036 10.1314 -16.5355
    endloop
  endfacet
  facet normal -0.750888 -0.000109307 0.66043
    outer loop
      vertex 117.036 0 -16.5355
      vertex 117.467 10.0684 -16.0438
      vertex 117.237 10.0856 -16.3053
    endloop
  endfacet
  facet normal -0.751998 0 0.659165
    outer loop
      vertex 117.467 10.0684 -16.0438
      vertex 117.036 0 -16.5355
      vertex 117.467 0 -16.0438
    endloop
  endfacet
  facet normal -0.831721 0 0.555194
    outer loop
      vertex 117.467 0 -16.0438
      vertex 117.83 10.0328 -15.5
      vertex 117.467 10.0684 -16.0438
    endloop
  endfacet
  facet normal -0.831721 0 0.555194
    outer loop
      vertex 117.83 10.0328 -15.5
      vertex 117.467 0 -16.0438
      vertex 117.83 0 -15.5
    endloop
  endfacet
  facet normal -0.55537 0 0.831603
    outer loop
      vertex 116 0 -17.3301
      vertex 116.544 10.2171 -16.9668
      vertex 116 10.2894 -17.3301
    endloop
  endfacet
  facet normal -0.55537 0 0.831603
    outer loop
      vertex 116.544 10.2171 -16.9668
      vertex 116 0 -17.3301
      vertex 116.544 0 -16.9668
    endloop
  endfacet
  facet normal -0.442541 3.32751e-05 0.896748
    outer loop
      vertex 115.413 0 -17.6194
      vertex 116 10.2894 -17.3301
      vertex 115.477 10.3407 -17.5882
    endloop
  endfacet
  facet normal -0.438202 0 0.898876
    outer loop
      vertex 115.413 0 -17.6194
      vertex 115.477 10.3407 -17.5882
      vertex 115.413 10.3513 -17.6194
    endloop
  endfacet
  facet normal -0.442072 0 0.89698
    outer loop
      vertex 116 10.2894 -17.3301
      vertex 115.413 0 -17.6194
      vertex 116 0 -17.3301
    endloop
  endfacet
  facet normal 0.321601 0 -0.946875
    outer loop
      vertex 105.587 0 5.6194
      vertex 106.206 10 5.82964
      vertex 106.206 0 5.82964
    endloop
  endfacet
  facet normal 0.321601 0 -0.946875
    outer loop
      vertex 106.206 10 5.82964
      vertex 105.587 0 5.6194
      vertex 105.587 10 5.6194
    endloop
  endfacet
  facet normal 0.0653577 0 -0.997862
    outer loop
      vertex 106.847 0 5.95723
      vertex 107.5 10 6
      vertex 107.5 0 6
    endloop
  endfacet
  facet normal 0.0653577 0 -0.997862
    outer loop
      vertex 107.5 10 6
      vertex 106.847 0 5.95723
      vertex 106.847 10 5.95723
    endloop
  endfacet
  facet normal 0.55537 0 0.831603
    outer loop
      vertex 104.456 10.2171 -16.9668
      vertex 105 0 -17.3301
      vertex 105 10.2894 -17.3301
    endloop
  endfacet
  facet normal 0.55537 0 0.831603
    outer loop
      vertex 105 0 -17.3301
      vertex 104.456 10.2171 -16.9668
      vertex 104.456 0 -16.9668
    endloop
  endfacet
  facet normal 0.897036 0 -0.441957
    outer loop
      vertex 103.17 0 3.5
      vertex 102.881 10 2.91342
      vertex 103.17 10 3.5
    endloop
  endfacet
  facet normal 0.897036 0 -0.441957
    outer loop
      vertex 102.881 10 2.91342
      vertex 103.17 0 3.5
      vertex 102.881 0 2.91342
    endloop
  endfacet
  facet normal 0.659197 0 0.75197
    outer loop
      vertex 103.964 10.1314 -16.5355
      vertex 104.456 0 -16.9668
      vertex 104.456 10.2171 -16.9668
    endloop
  endfacet
  facet normal 0.659197 0 0.75197
    outer loop
      vertex 104.456 0 -16.9668
      vertex 103.964 10.1314 -16.5355
      vertex 103.964 0 -16.5355
    endloop
  endfacet
  facet normal 0.555423 0 -0.831568
    outer loop
      vertex 104.456 0 4.96677
      vertex 105 10 5.33012
      vertex 105 0 5.33012
    endloop
  endfacet
  facet normal 0.555423 0 -0.831568
    outer loop
      vertex 105 10 5.33012
      vertex 104.456 0 4.96677
      vertex 104.456 10 4.96677
    endloop
  endfacet
  facet normal 0.980961 -0 0.194204
    outer loop
      vertex 102.543 0 -13.6526
      vertex 102.67 10 -14.2941
      vertex 102.543 10 -13.6526
    endloop
  endfacet
  facet normal 0.980961 0 0.194204
    outer loop
      vertex 102.67 10 -14.2941
      vertex 102.543 0 -13.6526
      vertex 102.67 0 -14.2941
    endloop
  endfacet
  facet normal 0.751998 0 0.659165
    outer loop
      vertex 103.964 0 -16.5355
      vertex 103.533 10.0684 -16.0438
      vertex 103.533 0 -16.0438
    endloop
  endfacet
  facet normal 0.750888 -0.000109307 0.66043
    outer loop
      vertex 103.533 10.0684 -16.0438
      vertex 103.964 0 -16.5355
      vertex 103.763 10.0856 -16.3053
    endloop
  endfacet
  facet normal 0.753265 0 0.657717
    outer loop
      vertex 103.763 10.0856 -16.3053
      vertex 103.964 0 -16.5355
      vertex 103.964 10.1314 -16.5355
    endloop
  endfacet
  facet normal 0.896899 0 0.442235
    outer loop
      vertex 76.3806 10 -14.9134
      vertex 76.3806 0 -14.9134
      vertex 76.4233 10 -15
    endloop
  endfacet
  facet normal 0.89686 8.50075e-07 0.442314
    outer loop
      vertex 76.6699 0 -15.5
      vertex 76.4233 10 -15
      vertex 76.3806 0 -14.9134
    endloop
  endfacet
  facet normal 0.896853 0 0.442328
    outer loop
      vertex 76.4233 10 -15
      vertex 76.6699 0 -15.5
      vertex 76.6699 10.0328 -15.5
    endloop
  endfacet
  facet normal 0.321407 0 0.946941
    outer loop
      vertex 79.0866 10.3513 -17.6194
      vertex 79.7059 0 -17.8296
      vertex 79.7059 10.4227 -17.8296
    endloop
  endfacet
  facet normal 0.321407 0 0.946941
    outer loop
      vertex 79.7059 0 -17.8296
      vertex 79.0866 10.3513 -17.6194
      vertex 79.0866 0 -17.6194
    endloop
  endfacet
  facet normal 0.195087 0 0.980786
    outer loop
      vertex 79.7059 10.4227 -17.8296
      vertex 80.3474 0 -17.9572
      vertex 80.3474 10.466 -17.9572
    endloop
  endfacet
  facet normal 0.195087 0 0.980786
    outer loop
      vertex 80.3474 0 -17.9572
      vertex 79.7059 10.4227 -17.8296
      vertex 79.7059 0 -17.8296
    endloop
  endfacet
  facet normal 0.0654432 0 0.997856
    outer loop
      vertex 80.3474 10.466 -17.9572
      vertex 81 0 -18
      vertex 81 10.4805 -18
    endloop
  endfacet
  facet normal 0.0654432 0 0.997856
    outer loop
      vertex 81 0 -18
      vertex 80.3474 10.466 -17.9572
      vertex 80.3474 0 -17.9572
    endloop
  endfacet
  facet normal -0.0654432 0 0.997856
    outer loop
      vertex 87 0 -18
      vertex 87.6526 10.466 -17.9572
      vertex 87 10.4805 -18
    endloop
  endfacet
  facet normal -0.0654432 0 0.997856
    outer loop
      vertex 87.6526 10.466 -17.9572
      vertex 87 0 -18
      vertex 87.6526 0 -17.9572
    endloop
  endfacet
  facet normal -0 0 1
    outer loop
      vertex 81 10.4805 -18
      vertex 87 0 -18
      vertex 87 10.4805 -18
    endloop
  endfacet
  facet normal 0 0 1
    outer loop
      vertex 87 0 -18
      vertex 81 10.4805 -18
      vertex 81 0 -18
    endloop
  endfacet
  facet normal -0.321461 0 -0.946923
    outer loop
      vertex 88.2941 0 5.82964
      vertex 88.9134 10 5.6194
      vertex 88.9134 0 5.6194
    endloop
  endfacet
  facet normal -0.321461 0 -0.946923
    outer loop
      vertex 88.9134 10 5.6194
      vertex 88.2941 0 5.82964
      vertex 88.2941 10 5.82964
    endloop
  endfacet
  facet normal -0.0653976 0 -0.997859
    outer loop
      vertex 87 0 6
      vertex 87.6526 10 5.95723
      vertex 87.6526 0 5.95723
    endloop
  endfacet
  facet normal -0.0653976 0 -0.997859
    outer loop
      vertex 87.6526 10 5.95723
      vertex 87 0 6
      vertex 87 10 6
    endloop
  endfacet
  facet normal -0.946944 0 -0.321397
    outer loop
      vertex 91.8296 0 2.2941
      vertex 91.6194 10 2.91342
      vertex 91.8296 10 2.2941
    endloop
  endfacet
  facet normal -0.946944 -0 -0.321397
    outer loop
      vertex 91.6194 10 2.91342
      vertex 91.8296 0 2.2941
      vertex 91.6194 0 2.91342
    endloop
  endfacet
  facet normal -0.321407 0 0.946941
    outer loop
      vertex 88.2941 0 -17.8296
      vertex 88.9134 10.3513 -17.6194
      vertex 88.2941 10.4227 -17.8296
    endloop
  endfacet
  facet normal -0.321407 0 0.946941
    outer loop
      vertex 88.9134 10.3513 -17.6194
      vertex 88.2941 0 -17.8296
      vertex 88.9134 0 -17.6194
    endloop
  endfacet
  facet normal -0.659364 0 -0.751824
    outer loop
      vertex 90.0438 0 4.96677
      vertex 90.5355 10 4.53554
      vertex 90.5355 0 4.53554
    endloop
  endfacet
  facet normal -0.659364 0 -0.751824
    outer loop
      vertex 90.5355 10 4.53554
      vertex 90.0438 0 4.96677
      vertex 90.0438 10 4.96677
    endloop
  endfacet
  facet normal 0.751791 0 -0.659401
    outer loop
      vertex 77.4645 0 4.53554
      vertex 77.0332 10 4.04381
      vertex 77.4645 10 4.53554
    endloop
  endfacet
  facet normal 0.751791 0 -0.659401
    outer loop
      vertex 77.0332 10 4.04381
      vertex 77.4645 0 4.53554
      vertex 77.0332 0 4.04381
    endloop
  endfacet
  facet normal -0.896854 0 -0.442327
    outer loop
      vertex 91.6194 0 2.91342
      vertex 91.3301 10 3.5
      vertex 91.6194 10 2.91342
    endloop
  endfacet
  facet normal -0.896854 -0 -0.442327
    outer loop
      vertex 91.3301 10 3.5
      vertex 91.6194 0 2.91342
      vertex 91.3301 0 3.5
    endloop
  endfacet
  facet normal -0.896853 0 0.442328
    outer loop
      vertex 91.3301 0 -15.5
      vertex 91.5767 10 -15
      vertex 91.3301 10.0328 -15.5
    endloop
  endfacet
  facet normal -0.89686 8.50075e-07 0.442314
    outer loop
      vertex 91.6194 0 -14.9134
      vertex 91.5767 10 -15
      vertex 91.3301 0 -15.5
    endloop
  endfacet
  facet normal -0.896899 0 0.442235
    outer loop
      vertex 91.5767 10 -15
      vertex 91.6194 0 -14.9134
      vertex 91.6194 10 -14.9134
    endloop
  endfacet
  facet normal -0.44229 0 -0.896872
    outer loop
      vertex 88.9134 0 5.6194
      vertex 89.5 10 5.33012
      vertex 89.5 0 5.33012
    endloop
  endfacet
  facet normal -0.44229 0 -0.896872
    outer loop
      vertex 89.5 10 5.33012
      vertex 88.9134 0 5.6194
      vertex 88.9134 10 5.6194
    endloop
  endfacet
  facet normal 0.195072 0 -0.980789
    outer loop
      vertex 79.7059 0 5.82964
      vertex 80.3474 10 5.95723
      vertex 80.3474 0 5.95723
    endloop
  endfacet
  facet normal 0.195072 0 -0.980789
    outer loop
      vertex 80.3474 10 5.95723
      vertex 79.7059 0 5.82964
      vertex 79.7059 10 5.82964
    endloop
  endfacet
  facet normal 0 0 -1
    outer loop
      vertex 81 0 6
      vertex 87 10 6
      vertex 87 0 6
    endloop
  endfacet
  facet normal -0 0 -1
    outer loop
      vertex 87 10 6
      vertex 81 0 6
      vertex 81 10 6
    endloop
  endfacet
  facet normal -0.980786 0 0.195087
    outer loop
      vertex 91.8296 0 -14.2941
      vertex 91.9572 10 -13.6526
      vertex 91.8296 10 -14.2941
    endloop
  endfacet
  facet normal -0.980786 0 0.195087
    outer loop
      vertex 91.9572 10 -13.6526
      vertex 91.8296 0 -14.2941
      vertex 91.9572 0 -13.6526
    endloop
  endfacet
  facet normal 0.980784 0 -0.195096
    outer loop
      vertex 76.1704 0 2.2941
      vertex 76.0428 10 1.65263
      vertex 76.1704 10 2.2941
    endloop
  endfacet
  facet normal 0.980784 0 -0.195096
    outer loop
      vertex 76.0428 10 1.65263
      vertex 76.1704 0 2.2941
      vertex 76.0428 0 1.65263
    endloop
  endfacet
  facet normal -0.946941 0 0.321407
    outer loop
      vertex 91.6194 0 -14.9134
      vertex 91.8296 10 -14.2941
      vertex 91.6194 10 -14.9134
    endloop
  endfacet
  facet normal -0.946941 0 0.321407
    outer loop
      vertex 91.8296 10 -14.2941
      vertex 91.6194 0 -14.9134
      vertex 91.8296 0 -14.2941
    endloop
  endfacet
  facet normal 0.831514 0 -0.555504
    outer loop
      vertex 77.0332 0 4.04381
      vertex 76.6699 10 3.5
      vertex 77.0332 10 4.04381
    endloop
  endfacet
  facet normal 0.831514 0 -0.555504
    outer loop
      vertex 76.6699 10 3.5
      vertex 77.0332 0 4.04381
      vertex 76.6699 0 3.5
    endloop
  endfacet
  facet normal -0.997856 0 0.0654432
    outer loop
      vertex 91.9572 0 -13.6526
      vertex 92 10 -13
      vertex 91.9572 10 -13.6526
    endloop
  endfacet
  facet normal -0.997856 0 0.0654432
    outer loop
      vertex 92 10 -13
      vertex 91.9572 0 -13.6526
      vertex 92 0 -13
    endloop
  endfacet
  facet normal -0.980784 0 -0.195096
    outer loop
      vertex 91.9572 0 1.65263
      vertex 91.8296 10 2.2941
      vertex 91.9572 10 1.65263
    endloop
  endfacet
  facet normal -0.980784 -0 -0.195096
    outer loop
      vertex 91.8296 10 2.2941
      vertex 91.9572 0 1.65263
      vertex 91.8296 0 2.2941
    endloop
  endfacet
  facet normal -0.831514 0 -0.555504
    outer loop
      vertex 91.3301 0 3.5
      vertex 90.9668 10 4.04381
      vertex 91.3301 10 3.5
    endloop
  endfacet
  facet normal -0.831514 -0 -0.555504
    outer loop
      vertex 90.9668 10 4.04381
      vertex 91.3301 0 3.5
      vertex 90.9668 0 4.04381
    endloop
  endfacet
  facet normal -0.555564 0 -0.831474
    outer loop
      vertex 89.5 0 5.33012
      vertex 90.0438 10 4.96677
      vertex 90.0438 0 4.96677
    endloop
  endfacet
  facet normal -0.555564 0 -0.831474
    outer loop
      vertex 90.0438 10 4.96677
      vertex 89.5 0 5.33012
      vertex 89.5 10 5.33012
    endloop
  endfacet
  facet normal -0.659424 0 0.751771
    outer loop
      vertex 90.0438 0 -16.9668
      vertex 90.5355 10.1314 -16.5355
      vertex 90.0438 10.2171 -16.9668
    endloop
  endfacet
  facet normal -0.659424 0 0.751771
    outer loop
      vertex 90.5355 10.1314 -16.5355
      vertex 90.0438 0 -16.9668
      vertex 90.5355 0 -16.5355
    endloop
  endfacet
  facet normal -0.195087 0 0.980786
    outer loop
      vertex 87.6526 0 -17.9572
      vertex 88.2941 10.4227 -17.8296
      vertex 87.6526 10.466 -17.9572
    endloop
  endfacet
  facet normal -0.195087 0 0.980786
    outer loop
      vertex 88.2941 10.4227 -17.8296
      vertex 87.6526 0 -17.9572
      vertex 88.2941 0 -17.8296
    endloop
  endfacet
  facet normal 0.946944 0 -0.321397
    outer loop
      vertex 76.3806 0 2.91342
      vertex 76.1704 10 2.2941
      vertex 76.3806 10 2.91342
    endloop
  endfacet
  facet normal 0.946944 0 -0.321397
    outer loop
      vertex 76.1704 10 2.2941
      vertex 76.3806 0 2.91342
      vertex 76.1704 0 2.2941
    endloop
  endfacet
  facet normal -0.195072 0 -0.980789
    outer loop
      vertex 87.6526 0 5.95723
      vertex 88.2941 10 5.82964
      vertex 88.2941 0 5.82964
    endloop
  endfacet
  facet normal -0.195072 0 -0.980789
    outer loop
      vertex 88.2941 10 5.82964
      vertex 87.6526 0 5.95723
      vertex 87.6526 10 5.95723
    endloop
  endfacet
  facet normal 0.659364 0 -0.751824
    outer loop
      vertex 77.4645 0 4.53554
      vertex 77.9562 10 4.96677
      vertex 77.9562 0 4.96677
    endloop
  endfacet
  facet normal 0.659364 0 -0.751824
    outer loop
      vertex 77.9562 10 4.96677
      vertex 77.4645 0 4.53554
      vertex 77.4645 10 4.53554
    endloop
  endfacet
  facet normal -1 0 0
    outer loop
      vertex 92 0 -13
      vertex 92 10 1
      vertex 92 10 -13
    endloop
  endfacet
  facet normal -1 -0 0
    outer loop
      vertex 92 10 1
      vertex 92 0 -13
      vertex 92 0 1
    endloop
  endfacet
  facet normal -0.997856 0 -0.0654402
    outer loop
      vertex 92 0 1
      vertex 91.9572 10 1.65263
      vertex 92 10 1
    endloop
  endfacet
  facet normal -0.997856 -0 -0.0654402
    outer loop
      vertex 91.9572 10 1.65263
      vertex 92 0 1
      vertex 91.9572 0 1.65263
    endloop
  endfacet
  facet normal 0.44229 0 -0.896872
    outer loop
      vertex 78.5 0 5.33012
      vertex 79.0866 10 5.6194
      vertex 79.0866 0 5.6194
    endloop
  endfacet
  facet normal 0.44229 0 -0.896872
    outer loop
      vertex 79.0866 10 5.6194
      vertex 78.5 0 5.33012
      vertex 78.5 10 5.33012
    endloop
  endfacet
  facet normal 1 -0 0
    outer loop
      vertex 76 0 1
      vertex 76 10 -13
      vertex 76 10 1
    endloop
  endfacet
  facet normal 1 0 0
    outer loop
      vertex 76 10 -13
      vertex 76 0 1
      vertex 76 0 -13
    endloop
  endfacet
  facet normal 0.997856 -0 0.0654432
    outer loop
      vertex 76 0 -13
      vertex 76.0428 10 -13.6526
      vertex 76 10 -13
    endloop
  endfacet
  facet normal 0.997856 0 0.0654432
    outer loop
      vertex 76.0428 10 -13.6526
      vertex 76 0 -13
      vertex 76.0428 0 -13.6526
    endloop
  endfacet
  facet normal 0.946941 -0 0.321407
    outer loop
      vertex 76.1704 0 -14.2941
      vertex 76.3806 10 -14.9134
      vertex 76.1704 10 -14.2941
    endloop
  endfacet
  facet normal 0.946941 0 0.321407
    outer loop
      vertex 76.3806 10 -14.9134
      vertex 76.1704 0 -14.2941
      vertex 76.3806 0 -14.9134
    endloop
  endfacet
  facet normal 0.831509 0 0.555512
    outer loop
      vertex 77.0332 0 -16.0438
      vertex 76.6699 10.0328 -15.5
      vertex 76.6699 0 -15.5
    endloop
  endfacet
  facet normal 0.831509 0 0.555512
    outer loop
      vertex 76.6699 10.0328 -15.5
      vertex 77.0332 0 -16.0438
      vertex 77.0332 10.0684 -16.0438
    endloop
  endfacet
  facet normal -0.751791 0 -0.659401
    outer loop
      vertex 90.9668 0 4.04381
      vertex 90.5355 10 4.53554
      vertex 90.9668 10 4.04381
    endloop
  endfacet
  facet normal -0.751791 -0 -0.659401
    outer loop
      vertex 90.5355 10 4.53554
      vertex 90.9668 0 4.04381
      vertex 90.5355 0 4.53554
    endloop
  endfacet
  facet normal 0.997856 0 -0.0654402
    outer loop
      vertex 76.0428 0 1.65263
      vertex 76 10 1
      vertex 76.0428 10 1.65263
    endloop
  endfacet
  facet normal 0.997856 0 -0.0654402
    outer loop
      vertex 76 10 1
      vertex 76.0428 0 1.65263
      vertex 76 0 1
    endloop
  endfacet
  facet normal -0.751646 0 0.659567
    outer loop
      vertex 90.5355 0 -16.5355
      vertex 90.7375 10.0856 -16.3053
      vertex 90.5355 10.1314 -16.5355
    endloop
  endfacet
  facet normal -0.751881 1.08569e-05 0.659299
    outer loop
      vertex 90.5355 0 -16.5355
      vertex 90.9668 10.0684 -16.0438
      vertex 90.7375 10.0856 -16.3053
    endloop
  endfacet
  facet normal -0.751771 0 0.659424
    outer loop
      vertex 90.9668 10.0684 -16.0438
      vertex 90.5355 0 -16.5355
      vertex 90.9668 0 -16.0438
    endloop
  endfacet
  facet normal -0.831509 0 0.555512
    outer loop
      vertex 90.9668 0 -16.0438
      vertex 91.3301 10.0328 -15.5
      vertex 90.9668 10.0684 -16.0438
    endloop
  endfacet
  facet normal -0.831509 0 0.555512
    outer loop
      vertex 91.3301 10.0328 -15.5
      vertex 90.9668 0 -16.0438
      vertex 91.3301 0 -15.5
    endloop
  endfacet
  facet normal -0.555512 0 0.831509
    outer loop
      vertex 89.5 0 -17.3301
      vertex 90.0438 10.2171 -16.9668
      vertex 89.5 10.2894 -17.3301
    endloop
  endfacet
  facet normal -0.555512 0 0.831509
    outer loop
      vertex 90.0438 10.2171 -16.9668
      vertex 89.5 0 -17.3301
      vertex 90.0438 0 -16.9668
    endloop
  endfacet
  facet normal -0.44234 1.78391e-06 0.896848
    outer loop
      vertex 88.9134 0 -17.6194
      vertex 89.5 10.2894 -17.3301
      vertex 88.9767 10.3407 -17.5882
    endloop
  endfacet
  facet normal -0.442105 0 0.896963
    outer loop
      vertex 88.9134 0 -17.6194
      vertex 88.9767 10.3407 -17.5882
      vertex 88.9134 10.3513 -17.6194
    endloop
  endfacet
  facet normal -0.442314 0 0.89686
    outer loop
      vertex 89.5 10.2894 -17.3301
      vertex 88.9134 0 -17.6194
      vertex 89.5 0 -17.3301
    endloop
  endfacet
  facet normal 0.321461 0 -0.946923
    outer loop
      vertex 79.0866 0 5.6194
      vertex 79.7059 10 5.82964
      vertex 79.7059 0 5.82964
    endloop
  endfacet
  facet normal 0.321461 0 -0.946923
    outer loop
      vertex 79.7059 10 5.82964
      vertex 79.0866 0 5.6194
      vertex 79.0866 10 5.6194
    endloop
  endfacet
  facet normal 0.0653976 0 -0.997859
    outer loop
      vertex 80.3474 0 5.95723
      vertex 81 10 6
      vertex 81 0 6
    endloop
  endfacet
  facet normal 0.0653976 0 -0.997859
    outer loop
      vertex 81 10 6
      vertex 80.3474 0 5.95723
      vertex 80.3474 10 5.95723
    endloop
  endfacet
  facet normal 0.555512 0 0.831509
    outer loop
      vertex 77.9562 10.2171 -16.9668
      vertex 78.5 0 -17.3301
      vertex 78.5 10.2894 -17.3301
    endloop
  endfacet
  facet normal 0.555512 0 0.831509
    outer loop
      vertex 78.5 0 -17.3301
      vertex 77.9562 10.2171 -16.9668
      vertex 77.9562 0 -16.9668
    endloop
  endfacet
  facet normal 0.896854 0 -0.442327
    outer loop
      vertex 76.6699 0 3.5
      vertex 76.3806 10 2.91342
      vertex 76.6699 10 3.5
    endloop
  endfacet
  facet normal 0.896854 0 -0.442327
    outer loop
      vertex 76.3806 10 2.91342
      vertex 76.6699 0 3.5
      vertex 76.3806 0 2.91342
    endloop
  endfacet
  facet normal 0.659424 0 0.751771
    outer loop
      vertex 77.4645 10.1314 -16.5355
      vertex 77.9562 0 -16.9668
      vertex 77.9562 10.2171 -16.9668
    endloop
  endfacet
  facet normal 0.659424 0 0.751771
    outer loop
      vertex 77.9562 0 -16.9668
      vertex 77.4645 10.1314 -16.5355
      vertex 77.4645 0 -16.5355
    endloop
  endfacet
  facet normal 0.555564 0 -0.831474
    outer loop
      vertex 77.9562 0 4.96677
      vertex 78.5 10 5.33012
      vertex 78.5 0 5.33012
    endloop
  endfacet
  facet normal 0.555564 0 -0.831474
    outer loop
      vertex 78.5 10 5.33012
      vertex 77.9562 0 4.96677
      vertex 77.9562 10 4.96677
    endloop
  endfacet
  facet normal 0.980786 -0 0.195087
    outer loop
      vertex 76.0428 0 -13.6526
      vertex 76.1704 10 -14.2941
      vertex 76.0428 10 -13.6526
    endloop
  endfacet
  facet normal 0.980786 0 0.195087
    outer loop
      vertex 76.1704 10 -14.2941
      vertex 76.0428 0 -13.6526
      vertex 76.1704 0 -14.2941
    endloop
  endfacet
  facet normal 0.751771 0 0.659424
    outer loop
      vertex 77.4645 0 -16.5355
      vertex 77.0332 10.0684 -16.0438
      vertex 77.0332 0 -16.0438
    endloop
  endfacet
  facet normal 0.751881 1.08569e-05 0.659299
    outer loop
      vertex 77.0332 10.0684 -16.0438
      vertex 77.4645 0 -16.5355
      vertex 77.2625 10.0856 -16.3053
    endloop
  endfacet
  facet normal 0.751646 0 0.659567
    outer loop
      vertex 77.2625 10.0856 -16.3053
      vertex 77.4645 0 -16.5355
      vertex 77.4645 10.1314 -16.5355
    endloop
  endfacet
  facet normal 0.442105 0 0.896963
    outer loop
      vertex 79.0233 10.3407 -17.5882
      vertex 79.0866 0 -17.6194
      vertex 79.0866 10.3513 -17.6194
    endloop
  endfacet
  facet normal 0.44234 1.78391e-06 0.896848
    outer loop
      vertex 78.5 10.2894 -17.3301
      vertex 79.0866 0 -17.6194
      vertex 79.0233 10.3407 -17.5882
    endloop
  endfacet
  facet normal 0.442314 0 0.89686
    outer loop
      vertex 79.0866 0 -17.6194
      vertex 78.5 10.2894 -17.3301
      vertex 78.5 0 -17.3301
    endloop
  endfacet
  facet normal 0.896899 0 0.442235
    outer loop
      vertex 49.8806 10 -14.9134
      vertex 49.8806 0 -14.9134
      vertex 49.9233 10 -15
    endloop
  endfacet
  facet normal 0.89686 8.50075e-07 0.442314
    outer loop
      vertex 50.1699 0 -15.5
      vertex 49.9233 10 -15
      vertex 49.8806 0 -14.9134
    endloop
  endfacet
  facet normal 0.896853 0 0.442328
    outer loop
      vertex 49.9233 10 -15
      vertex 50.1699 0 -15.5
      vertex 50.1699 10.0328 -15.5
    endloop
  endfacet
  facet normal 0.321407 0 0.946941
    outer loop
      vertex 52.5866 10.3513 -17.6194
      vertex 53.2059 0 -17.8296
      vertex 53.2059 10.4227 -17.8296
    endloop
  endfacet
  facet normal 0.321407 0 0.946941
    outer loop
      vertex 53.2059 0 -17.8296
      vertex 52.5866 10.3513 -17.6194
      vertex 52.5866 0 -17.6194
    endloop
  endfacet
  facet normal 0.195087 0 0.980786
    outer loop
      vertex 53.2059 10.4227 -17.8296
      vertex 53.8474 0 -17.9572
      vertex 53.8474 10.466 -17.9572
    endloop
  endfacet
  facet normal 0.195087 0 0.980786
    outer loop
      vertex 53.8474 0 -17.9572
      vertex 53.2059 10.4227 -17.8296
      vertex 53.2059 0 -17.8296
    endloop
  endfacet
  facet normal 0.0654432 0 0.997856
    outer loop
      vertex 53.8474 10.466 -17.9572
      vertex 54.5 0 -18
      vertex 54.5 10.4805 -18
    endloop
  endfacet
  facet normal 0.0654432 0 0.997856
    outer loop
      vertex 54.5 0 -18
      vertex 53.8474 10.466 -17.9572
      vertex 53.8474 0 -17.9572
    endloop
  endfacet
  facet normal -0.0654432 0 0.997856
    outer loop
      vertex 60.5 0 -18
      vertex 61.1526 10.466 -17.9572
      vertex 60.5 10.4805 -18
    endloop
  endfacet
  facet normal -0.0654432 0 0.997856
    outer loop
      vertex 61.1526 10.466 -17.9572
      vertex 60.5 0 -18
      vertex 61.1526 0 -17.9572
    endloop
  endfacet
  facet normal -0 0 1
    outer loop
      vertex 54.5 10.4805 -18
      vertex 60.5 0 -18
      vertex 60.5 10.4805 -18
    endloop
  endfacet
  facet normal 0 0 1
    outer loop
      vertex 60.5 0 -18
      vertex 54.5 10.4805 -18
      vertex 54.5 0 -18
    endloop
  endfacet
  facet normal -0.321461 0 -0.946923
    outer loop
      vertex 61.7941 0 5.82964
      vertex 62.4134 10 5.6194
      vertex 62.4134 0 5.6194
    endloop
  endfacet
  facet normal -0.321461 0 -0.946923
    outer loop
      vertex 62.4134 10 5.6194
      vertex 61.7941 0 5.82964
      vertex 61.7941 10 5.82964
    endloop
  endfacet
  facet normal -0.0653976 0 -0.997859
    outer loop
      vertex 60.5 0 6
      vertex 61.1526 10 5.95723
      vertex 61.1526 0 5.95723
    endloop
  endfacet
  facet normal -0.0653976 0 -0.997859
    outer loop
      vertex 61.1526 10 5.95723
      vertex 60.5 0 6
      vertex 60.5 10 6
    endloop
  endfacet
  facet normal -0.946944 0 -0.321397
    outer loop
      vertex 65.3296 0 2.2941
      vertex 65.1194 10 2.91342
      vertex 65.3296 10 2.2941
    endloop
  endfacet
  facet normal -0.946944 -0 -0.321397
    outer loop
      vertex 65.1194 10 2.91342
      vertex 65.3296 0 2.2941
      vertex 65.1194 0 2.91342
    endloop
  endfacet
  facet normal -0.321407 0 0.946941
    outer loop
      vertex 61.7941 0 -17.8296
      vertex 62.4134 10.3513 -17.6194
      vertex 61.7941 10.4227 -17.8296
    endloop
  endfacet
  facet normal -0.321407 0 0.946941
    outer loop
      vertex 62.4134 10.3513 -17.6194
      vertex 61.7941 0 -17.8296
      vertex 62.4134 0 -17.6194
    endloop
  endfacet
  facet normal -0.831509 0 0.555512
    outer loop
      vertex 64.4668 0 -16.0438
      vertex 64.8301 10.0328 -15.5
      vertex 64.4668 10.0684 -16.0438
    endloop
  endfacet
  facet normal -0.831509 0 0.555512
    outer loop
      vertex 64.8301 10.0328 -15.5
      vertex 64.4668 0 -16.0438
      vertex 64.8301 0 -15.5
    endloop
  endfacet
  facet normal -0.659364 0 -0.751824
    outer loop
      vertex 63.5438 0 4.96677
      vertex 64.0355 10 4.53554
      vertex 64.0355 0 4.53554
    endloop
  endfacet
  facet normal -0.659364 0 -0.751824
    outer loop
      vertex 64.0355 10 4.53554
      vertex 63.5438 0 4.96677
      vertex 63.5438 10 4.96677
    endloop
  endfacet
  facet normal 0.751791 0 -0.659401
    outer loop
      vertex 50.9645 0 4.53554
      vertex 50.5332 10 4.04381
      vertex 50.9645 10 4.53554
    endloop
  endfacet
  facet normal 0.751791 0 -0.659401
    outer loop
      vertex 50.5332 10 4.04381
      vertex 50.9645 0 4.53554
      vertex 50.5332 0 4.04381
    endloop
  endfacet
  facet normal -0.896854 0 -0.442327
    outer loop
      vertex 65.1194 0 2.91342
      vertex 64.8301 10 3.5
      vertex 65.1194 10 2.91342
    endloop
  endfacet
  facet normal -0.896854 -0 -0.442327
    outer loop
      vertex 64.8301 10 3.5
      vertex 65.1194 0 2.91342
      vertex 64.8301 0 3.5
    endloop
  endfacet
  facet normal -0.896853 0 0.442328
    outer loop
      vertex 64.8301 0 -15.5
      vertex 65.0767 10 -15
      vertex 64.8301 10.0328 -15.5
    endloop
  endfacet
  facet normal -0.89686 8.50075e-07 0.442314
    outer loop
      vertex 65.1194 0 -14.9134
      vertex 65.0767 10 -15
      vertex 64.8301 0 -15.5
    endloop
  endfacet
  facet normal -0.896899 0 0.442235
    outer loop
      vertex 65.0767 10 -15
      vertex 65.1194 0 -14.9134
      vertex 65.1194 10 -14.9134
    endloop
  endfacet
  facet normal -0.44229 0 -0.896872
    outer loop
      vertex 62.4134 0 5.6194
      vertex 63 10 5.33012
      vertex 63 0 5.33012
    endloop
  endfacet
  facet normal -0.44229 0 -0.896872
    outer loop
      vertex 63 10 5.33012
      vertex 62.4134 0 5.6194
      vertex 62.4134 10 5.6194
    endloop
  endfacet
  facet normal 0.195072 0 -0.980789
    outer loop
      vertex 53.2059 0 5.82964
      vertex 53.8474 10 5.95723
      vertex 53.8474 0 5.95723
    endloop
  endfacet
  facet normal 0.195072 0 -0.980789
    outer loop
      vertex 53.8474 10 5.95723
      vertex 53.2059 0 5.82964
      vertex 53.2059 10 5.82964
    endloop
  endfacet
  facet normal 0 0 -1
    outer loop
      vertex 54.5 0 6
      vertex 60.5 10 6
      vertex 60.5 0 6
    endloop
  endfacet
  facet normal -0 0 -1
    outer loop
      vertex 60.5 10 6
      vertex 54.5 0 6
      vertex 54.5 10 6
    endloop
  endfacet
  facet normal -0.980786 0 0.195087
    outer loop
      vertex 65.3296 0 -14.2941
      vertex 65.4572 10 -13.6526
      vertex 65.3296 10 -14.2941
    endloop
  endfacet
  facet normal -0.980786 0 0.195087
    outer loop
      vertex 65.4572 10 -13.6526
      vertex 65.3296 0 -14.2941
      vertex 65.4572 0 -13.6526
    endloop
  endfacet
  facet normal 0.980784 0 -0.195096
    outer loop
      vertex 49.6704 0 2.2941
      vertex 49.5428 10 1.65263
      vertex 49.6704 10 2.2941
    endloop
  endfacet
  facet normal 0.980784 0 -0.195096
    outer loop
      vertex 49.5428 10 1.65263
      vertex 49.6704 0 2.2941
      vertex 49.5428 0 1.65263
    endloop
  endfacet
  facet normal -0.946941 0 0.321407
    outer loop
      vertex 65.1194 0 -14.9134
      vertex 65.3296 10 -14.2941
      vertex 65.1194 10 -14.9134
    endloop
  endfacet
  facet normal -0.946941 0 0.321407
    outer loop
      vertex 65.3296 10 -14.2941
      vertex 65.1194 0 -14.9134
      vertex 65.3296 0 -14.2941
    endloop
  endfacet
  facet normal 0.831514 0 -0.555504
    outer loop
      vertex 50.5332 0 4.04381
      vertex 50.1699 10 3.5
      vertex 50.5332 10 4.04381
    endloop
  endfacet
  facet normal 0.831514 0 -0.555504
    outer loop
      vertex 50.1699 10 3.5
      vertex 50.5332 0 4.04381
      vertex 50.1699 0 3.5
    endloop
  endfacet
  facet normal -0.997856 0 0.0654432
    outer loop
      vertex 65.4572 0 -13.6526
      vertex 65.5 10 -13
      vertex 65.4572 10 -13.6526
    endloop
  endfacet
  facet normal -0.997856 0 0.0654432
    outer loop
      vertex 65.5 10 -13
      vertex 65.4572 0 -13.6526
      vertex 65.5 0 -13
    endloop
  endfacet
  facet normal -0.980784 0 -0.195096
    outer loop
      vertex 65.4572 0 1.65263
      vertex 65.3296 10 2.2941
      vertex 65.4572 10 1.65263
    endloop
  endfacet
  facet normal -0.980784 -0 -0.195096
    outer loop
      vertex 65.3296 10 2.2941
      vertex 65.4572 0 1.65263
      vertex 65.3296 0 2.2941
    endloop
  endfacet
  facet normal -0.831514 0 -0.555504
    outer loop
      vertex 64.8301 0 3.5
      vertex 64.4668 10 4.04381
      vertex 64.8301 10 3.5
    endloop
  endfacet
  facet normal -0.831514 -0 -0.555504
    outer loop
      vertex 64.4668 10 4.04381
      vertex 64.8301 0 3.5
      vertex 64.4668 0 4.04381
    endloop
  endfacet
  facet normal -0.555564 0 -0.831474
    outer loop
      vertex 63 0 5.33012
      vertex 63.5438 10 4.96677
      vertex 63.5438 0 4.96677
    endloop
  endfacet
  facet normal -0.555564 0 -0.831474
    outer loop
      vertex 63.5438 10 4.96677
      vertex 63 0 5.33012
      vertex 63 10 5.33012
    endloop
  endfacet
  facet normal -0.659424 0 0.751771
    outer loop
      vertex 63.5438 0 -16.9668
      vertex 64.0355 10.1314 -16.5355
      vertex 63.5438 10.2171 -16.9668
    endloop
  endfacet
  facet normal -0.659424 0 0.751771
    outer loop
      vertex 64.0355 10.1314 -16.5355
      vertex 63.5438 0 -16.9668
      vertex 64.0355 0 -16.5355
    endloop
  endfacet
  facet normal -0.195087 0 0.980786
    outer loop
      vertex 61.1526 0 -17.9572
      vertex 61.7941 10.4227 -17.8296
      vertex 61.1526 10.466 -17.9572
    endloop
  endfacet
  facet normal -0.195087 0 0.980786
    outer loop
      vertex 61.7941 10.4227 -17.8296
      vertex 61.1526 0 -17.9572
      vertex 61.7941 0 -17.8296
    endloop
  endfacet
  facet normal 0.946944 0 -0.321397
    outer loop
      vertex 49.8806 0 2.91342
      vertex 49.6704 10 2.2941
      vertex 49.8806 10 2.91342
    endloop
  endfacet
  facet normal 0.946944 0 -0.321397
    outer loop
      vertex 49.6704 10 2.2941
      vertex 49.8806 0 2.91342
      vertex 49.6704 0 2.2941
    endloop
  endfacet
  facet normal -0.195072 0 -0.980789
    outer loop
      vertex 61.1526 0 5.95723
      vertex 61.7941 10 5.82964
      vertex 61.7941 0 5.82964
    endloop
  endfacet
  facet normal -0.195072 0 -0.980789
    outer loop
      vertex 61.7941 10 5.82964
      vertex 61.1526 0 5.95723
      vertex 61.1526 10 5.95723
    endloop
  endfacet
  facet normal 0.659364 0 -0.751824
    outer loop
      vertex 50.9645 0 4.53554
      vertex 51.4562 10 4.96677
      vertex 51.4562 0 4.96677
    endloop
  endfacet
  facet normal 0.659364 0 -0.751824
    outer loop
      vertex 51.4562 10 4.96677
      vertex 50.9645 0 4.53554
      vertex 50.9645 10 4.53554
    endloop
  endfacet
  facet normal -1 0 0
    outer loop
      vertex 65.5 0 -13
      vertex 65.5 10 1
      vertex 65.5 10 -13
    endloop
  endfacet
  facet normal -1 -0 0
    outer loop
      vertex 65.5 10 1
      vertex 65.5 0 -13
      vertex 65.5 0 1
    endloop
  endfacet
  facet normal -0.997856 0 -0.0654402
    outer loop
      vertex 65.5 0 1
      vertex 65.4572 10 1.65263
      vertex 65.5 10 1
    endloop
  endfacet
  facet normal -0.997856 -0 -0.0654402
    outer loop
      vertex 65.4572 10 1.65263
      vertex 65.5 0 1
      vertex 65.4572 0 1.65263
    endloop
  endfacet
  facet normal 0.44229 0 -0.896872
    outer loop
      vertex 52 0 5.33012
      vertex 52.5866 10 5.6194
      vertex 52.5866 0 5.6194
    endloop
  endfacet
  facet normal 0.44229 0 -0.896872
    outer loop
      vertex 52.5866 10 5.6194
      vertex 52 0 5.33012
      vertex 52 10 5.33012
    endloop
  endfacet
  facet normal 1 -0 0
    outer loop
      vertex 49.5 0 1
      vertex 49.5 10 -13
      vertex 49.5 10 1
    endloop
  endfacet
  facet normal 1 0 0
    outer loop
      vertex 49.5 10 -13
      vertex 49.5 0 1
      vertex 49.5 0 -13
    endloop
  endfacet
  facet normal 0.831509 0 0.555512
    outer loop
      vertex 50.5332 0 -16.0438
      vertex 50.1699 10.0328 -15.5
      vertex 50.1699 0 -15.5
    endloop
  endfacet
  facet normal 0.831509 0 0.555512
    outer loop
      vertex 50.1699 10.0328 -15.5
      vertex 50.5332 0 -16.0438
      vertex 50.5332 10.0684 -16.0438
    endloop
  endfacet
  facet normal 0.997856 -0 0.0654432
    outer loop
      vertex 49.5 0 -13
      vertex 49.5428 10 -13.6526
      vertex 49.5 10 -13
    endloop
  endfacet
  facet normal 0.997856 0 0.0654432
    outer loop
      vertex 49.5428 10 -13.6526
      vertex 49.5 0 -13
      vertex 49.5428 0 -13.6526
    endloop
  endfacet
  facet normal 0.946941 -0 0.321407
    outer loop
      vertex 49.6704 0 -14.2941
      vertex 49.8806 10 -14.9134
      vertex 49.6704 10 -14.2941
    endloop
  endfacet
  facet normal 0.946941 0 0.321407
    outer loop
      vertex 49.8806 10 -14.9134
      vertex 49.6704 0 -14.2941
      vertex 49.8806 0 -14.9134
    endloop
  endfacet
  facet normal -0.751791 0 -0.659401
    outer loop
      vertex 64.4668 0 4.04381
      vertex 64.0355 10 4.53554
      vertex 64.4668 10 4.04381
    endloop
  endfacet
  facet normal -0.751791 -0 -0.659401
    outer loop
      vertex 64.0355 10 4.53554
      vertex 64.4668 0 4.04381
      vertex 64.0355 0 4.53554
    endloop
  endfacet
  facet normal 0.997856 0 -0.0654402
    outer loop
      vertex 49.5428 0 1.65263
      vertex 49.5 10 1
      vertex 49.5428 10 1.65263
    endloop
  endfacet
  facet normal 0.997856 0 -0.0654402
    outer loop
      vertex 49.5 10 1
      vertex 49.5428 0 1.65263
      vertex 49.5 0 1
    endloop
  endfacet
  facet normal -0.751646 0 0.659567
    outer loop
      vertex 64.0355 0 -16.5355
      vertex 64.2375 10.0856 -16.3053
      vertex 64.0355 10.1314 -16.5355
    endloop
  endfacet
  facet normal -0.751881 1.08569e-05 0.659299
    outer loop
      vertex 64.0355 0 -16.5355
      vertex 64.4668 10.0684 -16.0438
      vertex 64.2375 10.0856 -16.3053
    endloop
  endfacet
  facet normal -0.751771 0 0.659424
    outer loop
      vertex 64.4668 10.0684 -16.0438
      vertex 64.0355 0 -16.5355
      vertex 64.4668 0 -16.0438
    endloop
  endfacet
  facet normal -0.555512 0 0.831509
    outer loop
      vertex 63 0 -17.3301
      vertex 63.5438 10.2171 -16.9668
      vertex 63 10.2894 -17.3301
    endloop
  endfacet
  facet normal -0.555512 0 0.831509
    outer loop
      vertex 63.5438 10.2171 -16.9668
      vertex 63 0 -17.3301
      vertex 63.5438 0 -16.9668
    endloop
  endfacet
  facet normal -0.44234 1.78391e-06 0.896848
    outer loop
      vertex 62.4134 0 -17.6194
      vertex 63 10.2894 -17.3301
      vertex 62.4767 10.3407 -17.5882
    endloop
  endfacet
  facet normal -0.442105 0 0.896963
    outer loop
      vertex 62.4134 0 -17.6194
      vertex 62.4767 10.3407 -17.5882
      vertex 62.4134 10.3513 -17.6194
    endloop
  endfacet
  facet normal -0.442314 0 0.89686
    outer loop
      vertex 63 10.2894 -17.3301
      vertex 62.4134 0 -17.6194
      vertex 63 0 -17.3301
    endloop
  endfacet
  facet normal 0.321461 0 -0.946923
    outer loop
      vertex 52.5866 0 5.6194
      vertex 53.2059 10 5.82964
      vertex 53.2059 0 5.82964
    endloop
  endfacet
  facet normal 0.321461 0 -0.946923
    outer loop
      vertex 53.2059 10 5.82964
      vertex 52.5866 0 5.6194
      vertex 52.5866 10 5.6194
    endloop
  endfacet
  facet normal 0.0653976 0 -0.997859
    outer loop
      vertex 53.8474 0 5.95723
      vertex 54.5 10 6
      vertex 54.5 0 6
    endloop
  endfacet
  facet normal 0.0653976 0 -0.997859
    outer loop
      vertex 54.5 10 6
      vertex 53.8474 0 5.95723
      vertex 53.8474 10 5.95723
    endloop
  endfacet
  facet normal 0.555512 0 0.831509
    outer loop
      vertex 51.4562 10.2171 -16.9668
      vertex 52 0 -17.3301
      vertex 52 10.2894 -17.3301
    endloop
  endfacet
  facet normal 0.555512 0 0.831509
    outer loop
      vertex 52 0 -17.3301
      vertex 51.4562 10.2171 -16.9668
      vertex 51.4562 0 -16.9668
    endloop
  endfacet
  facet normal 0.896854 0 -0.442327
    outer loop
      vertex 50.1699 0 3.5
      vertex 49.8806 10 2.91342
      vertex 50.1699 10 3.5
    endloop
  endfacet
  facet normal 0.896854 0 -0.442327
    outer loop
      vertex 49.8806 10 2.91342
      vertex 50.1699 0 3.5
      vertex 49.8806 0 2.91342
    endloop
  endfacet
  facet normal 0.659424 0 0.751771
    outer loop
      vertex 50.9645 10.1314 -16.5355
      vertex 51.4562 0 -16.9668
      vertex 51.4562 10.2171 -16.9668
    endloop
  endfacet
  facet normal 0.659424 0 0.751771
    outer loop
      vertex 51.4562 0 -16.9668
      vertex 50.9645 10.1314 -16.5355
      vertex 50.9645 0 -16.5355
    endloop
  endfacet
  facet normal 0.555564 0 -0.831474
    outer loop
      vertex 51.4562 0 4.96677
      vertex 52 10 5.33012
      vertex 52 0 5.33012
    endloop
  endfacet
  facet normal 0.555564 0 -0.831474
    outer loop
      vertex 52 10 5.33012
      vertex 51.4562 0 4.96677
      vertex 51.4562 10 4.96677
    endloop
  endfacet
  facet normal 0.980786 -0 0.195087
    outer loop
      vertex 49.5428 0 -13.6526
      vertex 49.6704 10 -14.2941
      vertex 49.5428 10 -13.6526
    endloop
  endfacet
  facet normal 0.980786 0 0.195087
    outer loop
      vertex 49.6704 10 -14.2941
      vertex 49.5428 0 -13.6526
      vertex 49.6704 0 -14.2941
    endloop
  endfacet
  facet normal 0.751771 0 0.659424
    outer loop
      vertex 50.9645 0 -16.5355
      vertex 50.5332 10.0684 -16.0438
      vertex 50.5332 0 -16.0438
    endloop
  endfacet
  facet normal 0.751881 1.08569e-05 0.659299
    outer loop
      vertex 50.5332 10.0684 -16.0438
      vertex 50.9645 0 -16.5355
      vertex 50.7625 10.0856 -16.3053
    endloop
  endfacet
  facet normal 0.751646 0 0.659567
    outer loop
      vertex 50.7625 10.0856 -16.3053
      vertex 50.9645 0 -16.5355
      vertex 50.9645 10.1314 -16.5355
    endloop
  endfacet
  facet normal 0.442105 0 0.896963
    outer loop
      vertex 52.5233 10.3407 -17.5882
      vertex 52.5866 0 -17.6194
      vertex 52.5866 10.3513 -17.6194
    endloop
  endfacet
  facet normal 0.44234 1.78391e-06 0.896848
    outer loop
      vertex 52 10.2894 -17.3301
      vertex 52.5866 0 -17.6194
      vertex 52.5233 10.3407 -17.5882
    endloop
  endfacet
  facet normal 0.442314 0 0.89686
    outer loop
      vertex 52.5866 0 -17.6194
      vertex 52 10.2894 -17.3301
      vertex 52 0 -17.3301
    endloop
  endfacet
  facet normal 0.896899 0 0.442235
    outer loop
      vertex 23.3806 10 -14.9134
      vertex 23.3806 0 -14.9134
      vertex 23.4233 10 -15
    endloop
  endfacet
  facet normal 0.89686 8.50075e-07 0.442314
    outer loop
      vertex 23.6699 0 -15.5
      vertex 23.4233 10 -15
      vertex 23.3806 0 -14.9134
    endloop
  endfacet
  facet normal 0.896853 0 0.442328
    outer loop
      vertex 23.4233 10 -15
      vertex 23.6699 0 -15.5
      vertex 23.6699 10.0328 -15.5
    endloop
  endfacet
  facet normal 0.321407 0 0.946941
    outer loop
      vertex 26.0866 10.3513 -17.6194
      vertex 26.7059 0 -17.8296
      vertex 26.7059 10.4227 -17.8296
    endloop
  endfacet
  facet normal 0.321407 0 0.946941
    outer loop
      vertex 26.7059 0 -17.8296
      vertex 26.0866 10.3513 -17.6194
      vertex 26.0866 0 -17.6194
    endloop
  endfacet
  facet normal 0.195087 0 0.980786
    outer loop
      vertex 26.7059 10.4227 -17.8296
      vertex 27.3474 0 -17.9572
      vertex 27.3474 10.466 -17.9572
    endloop
  endfacet
  facet normal 0.195087 0 0.980786
    outer loop
      vertex 27.3474 0 -17.9572
      vertex 26.7059 10.4227 -17.8296
      vertex 26.7059 0 -17.8296
    endloop
  endfacet
  facet normal 0.0654432 0 0.997856
    outer loop
      vertex 27.3474 10.466 -17.9572
      vertex 28 0 -18
      vertex 28 10.4805 -18
    endloop
  endfacet
  facet normal 0.0654432 0 0.997856
    outer loop
      vertex 28 0 -18
      vertex 27.3474 10.466 -17.9572
      vertex 27.3474 0 -17.9572
    endloop
  endfacet
  facet normal -0.0654432 0 0.997856
    outer loop
      vertex 34 0 -18
      vertex 34.6526 10.466 -17.9572
      vertex 34 10.4805 -18
    endloop
  endfacet
  facet normal -0.0654432 0 0.997856
    outer loop
      vertex 34.6526 10.466 -17.9572
      vertex 34 0 -18
      vertex 34.6526 0 -17.9572
    endloop
  endfacet
  facet normal -0 0 1
    outer loop
      vertex 28 10.4805 -18
      vertex 34 0 -18
      vertex 34 10.4805 -18
    endloop
  endfacet
  facet normal 0 0 1
    outer loop
      vertex 34 0 -18
      vertex 28 10.4805 -18
      vertex 28 0 -18
    endloop
  endfacet
  facet normal -0.321461 0 -0.946923
    outer loop
      vertex 35.2941 0 5.82964
      vertex 35.9134 10 5.6194
      vertex 35.9134 0 5.6194
    endloop
  endfacet
  facet normal -0.321461 0 -0.946923
    outer loop
      vertex 35.9134 10 5.6194
      vertex 35.2941 0 5.82964
      vertex 35.2941 10 5.82964
    endloop
  endfacet
  facet normal -0.0653976 0 -0.997859
    outer loop
      vertex 34 0 6
      vertex 34.6526 10 5.95723
      vertex 34.6526 0 5.95723
    endloop
  endfacet
  facet normal -0.0653976 0 -0.997859
    outer loop
      vertex 34.6526 10 5.95723
      vertex 34 0 6
      vertex 34 10 6
    endloop
  endfacet
  facet normal -0.946944 0 -0.321397
    outer loop
      vertex 38.8296 0 2.2941
      vertex 38.6194 10 2.91342
      vertex 38.8296 10 2.2941
    endloop
  endfacet
  facet normal -0.946944 -0 -0.321397
    outer loop
      vertex 38.6194 10 2.91342
      vertex 38.8296 0 2.2941
      vertex 38.6194 0 2.91342
    endloop
  endfacet
  facet normal -0.321407 0 0.946941
    outer loop
      vertex 35.2941 0 -17.8296
      vertex 35.9134 10.3513 -17.6194
      vertex 35.2941 10.4227 -17.8296
    endloop
  endfacet
  facet normal -0.321407 0 0.946941
    outer loop
      vertex 35.9134 10.3513 -17.6194
      vertex 35.2941 0 -17.8296
      vertex 35.9134 0 -17.6194
    endloop
  endfacet
  facet normal -0.831509 0 0.555512
    outer loop
      vertex 37.9668 0 -16.0438
      vertex 38.3301 10.0328 -15.5
      vertex 37.9668 10.0684 -16.0438
    endloop
  endfacet
  facet normal -0.831509 0 0.555512
    outer loop
      vertex 38.3301 10.0328 -15.5
      vertex 37.9668 0 -16.0438
      vertex 38.3301 0 -15.5
    endloop
  endfacet
  facet normal -0.659364 0 -0.751824
    outer loop
      vertex 37.0438 0 4.96677
      vertex 37.5355 10 4.53554
      vertex 37.5355 0 4.53554
    endloop
  endfacet
  facet normal -0.659364 0 -0.751824
    outer loop
      vertex 37.5355 10 4.53554
      vertex 37.0438 0 4.96677
      vertex 37.0438 10 4.96677
    endloop
  endfacet
  facet normal 0.751791 0 -0.659401
    outer loop
      vertex 24.4645 0 4.53554
      vertex 24.0332 10 4.04381
      vertex 24.4645 10 4.53554
    endloop
  endfacet
  facet normal 0.751791 0 -0.659401
    outer loop
      vertex 24.0332 10 4.04381
      vertex 24.4645 0 4.53554
      vertex 24.0332 0 4.04381
    endloop
  endfacet
  facet normal -0.896854 0 -0.442327
    outer loop
      vertex 38.6194 0 2.91342
      vertex 38.3301 10 3.5
      vertex 38.6194 10 2.91342
    endloop
  endfacet
  facet normal -0.896854 -0 -0.442327
    outer loop
      vertex 38.3301 10 3.5
      vertex 38.6194 0 2.91342
      vertex 38.3301 0 3.5
    endloop
  endfacet
  facet normal -0.896853 0 0.442328
    outer loop
      vertex 38.3301 0 -15.5
      vertex 38.5767 10 -15
      vertex 38.3301 10.0328 -15.5
    endloop
  endfacet
  facet normal -0.89686 8.50075e-07 0.442314
    outer loop
      vertex 38.6194 0 -14.9134
      vertex 38.5767 10 -15
      vertex 38.3301 0 -15.5
    endloop
  endfacet
  facet normal -0.896899 0 0.442235
    outer loop
      vertex 38.5767 10 -15
      vertex 38.6194 0 -14.9134
      vertex 38.6194 10 -14.9134
    endloop
  endfacet
  facet normal -0.44229 0 -0.896872
    outer loop
      vertex 35.9134 0 5.6194
      vertex 36.5 10 5.33012
      vertex 36.5 0 5.33012
    endloop
  endfacet
  facet normal -0.44229 0 -0.896872
    outer loop
      vertex 36.5 10 5.33012
      vertex 35.9134 0 5.6194
      vertex 35.9134 10 5.6194
    endloop
  endfacet
  facet normal 0.195072 0 -0.980789
    outer loop
      vertex 26.7059 0 5.82964
      vertex 27.3474 10 5.95723
      vertex 27.3474 0 5.95723
    endloop
  endfacet
  facet normal 0.195072 0 -0.980789
    outer loop
      vertex 27.3474 10 5.95723
      vertex 26.7059 0 5.82964
      vertex 26.7059 10 5.82964
    endloop
  endfacet
  facet normal 0 0 -1
    outer loop
      vertex 28 0 6
      vertex 34 10 6
      vertex 34 0 6
    endloop
  endfacet
  facet normal -0 0 -1
    outer loop
      vertex 34 10 6
      vertex 28 0 6
      vertex 28 10 6
    endloop
  endfacet
  facet normal -0.980786 0 0.195087
    outer loop
      vertex 38.8296 0 -14.2941
      vertex 38.9572 10 -13.6526
      vertex 38.8296 10 -14.2941
    endloop
  endfacet
  facet normal -0.980786 0 0.195087
    outer loop
      vertex 38.9572 10 -13.6526
      vertex 38.8296 0 -14.2941
      vertex 38.9572 0 -13.6526
    endloop
  endfacet
  facet normal 0.980784 0 -0.195096
    outer loop
      vertex 23.1704 0 2.2941
      vertex 23.0428 10 1.65263
      vertex 23.1704 10 2.2941
    endloop
  endfacet
  facet normal 0.980784 0 -0.195096
    outer loop
      vertex 23.0428 10 1.65263
      vertex 23.1704 0 2.2941
      vertex 23.0428 0 1.65263
    endloop
  endfacet
  facet normal -0.946941 0 0.321407
    outer loop
      vertex 38.6194 0 -14.9134
      vertex 38.8296 10 -14.2941
      vertex 38.6194 10 -14.9134
    endloop
  endfacet
  facet normal -0.946941 0 0.321407
    outer loop
      vertex 38.8296 10 -14.2941
      vertex 38.6194 0 -14.9134
      vertex 38.8296 0 -14.2941
    endloop
  endfacet
  facet normal 0.831514 0 -0.555504
    outer loop
      vertex 24.0332 0 4.04381
      vertex 23.6699 10 3.5
      vertex 24.0332 10 4.04381
    endloop
  endfacet
  facet normal 0.831514 0 -0.555504
    outer loop
      vertex 23.6699 10 3.5
      vertex 24.0332 0 4.04381
      vertex 23.6699 0 3.5
    endloop
  endfacet
  facet normal -0.997856 0 0.0654432
    outer loop
      vertex 38.9572 0 -13.6526
      vertex 39 10 -13
      vertex 38.9572 10 -13.6526
    endloop
  endfacet
  facet normal -0.997856 0 0.0654432
    outer loop
      vertex 39 10 -13
      vertex 38.9572 0 -13.6526
      vertex 39 0 -13
    endloop
  endfacet
  facet normal -0.980784 0 -0.195096
    outer loop
      vertex 38.9572 0 1.65263
      vertex 38.8296 10 2.2941
      vertex 38.9572 10 1.65263
    endloop
  endfacet
  facet normal -0.980784 -0 -0.195096
    outer loop
      vertex 38.8296 10 2.2941
      vertex 38.9572 0 1.65263
      vertex 38.8296 0 2.2941
    endloop
  endfacet
  facet normal -0.831514 0 -0.555504
    outer loop
      vertex 38.3301 0 3.5
      vertex 37.9668 10 4.04381
      vertex 38.3301 10 3.5
    endloop
  endfacet
  facet normal -0.831514 -0 -0.555504
    outer loop
      vertex 37.9668 10 4.04381
      vertex 38.3301 0 3.5
      vertex 37.9668 0 4.04381
    endloop
  endfacet
  facet normal -0.555564 0 -0.831474
    outer loop
      vertex 36.5 0 5.33012
      vertex 37.0438 10 4.96677
      vertex 37.0438 0 4.96677
    endloop
  endfacet
  facet normal -0.555564 0 -0.831474
    outer loop
      vertex 37.0438 10 4.96677
      vertex 36.5 0 5.33012
      vertex 36.5 10 5.33012
    endloop
  endfacet
  facet normal -0.659424 0 0.751771
    outer loop
      vertex 37.0438 0 -16.9668
      vertex 37.5355 10.1314 -16.5355
      vertex 37.0438 10.2171 -16.9668
    endloop
  endfacet
  facet normal -0.659424 0 0.751771
    outer loop
      vertex 37.5355 10.1314 -16.5355
      vertex 37.0438 0 -16.9668
      vertex 37.5355 0 -16.5355
    endloop
  endfacet
  facet normal -0.195087 0 0.980786
    outer loop
      vertex 34.6526 0 -17.9572
      vertex 35.2941 10.4227 -17.8296
      vertex 34.6526 10.466 -17.9572
    endloop
  endfacet
  facet normal -0.195087 0 0.980786
    outer loop
      vertex 35.2941 10.4227 -17.8296
      vertex 34.6526 0 -17.9572
      vertex 35.2941 0 -17.8296
    endloop
  endfacet
  facet normal 0.946944 0 -0.321397
    outer loop
      vertex 23.3806 0 2.91342
      vertex 23.1704 10 2.2941
      vertex 23.3806 10 2.91342
    endloop
  endfacet
  facet normal 0.946944 0 -0.321397
    outer loop
      vertex 23.1704 10 2.2941
      vertex 23.3806 0 2.91342
      vertex 23.1704 0 2.2941
    endloop
  endfacet
  facet normal -0.195072 0 -0.980789
    outer loop
      vertex 34.6526 0 5.95723
      vertex 35.2941 10 5.82964
      vertex 35.2941 0 5.82964
    endloop
  endfacet
  facet normal -0.195072 0 -0.980789
    outer loop
      vertex 35.2941 10 5.82964
      vertex 34.6526 0 5.95723
      vertex 34.6526 10 5.95723
    endloop
  endfacet
  facet normal 0.659364 0 -0.751824
    outer loop
      vertex 24.4645 0 4.53554
      vertex 24.9562 10 4.96677
      vertex 24.9562 0 4.96677
    endloop
  endfacet
  facet normal 0.659364 0 -0.751824
    outer loop
      vertex 24.9562 10 4.96677
      vertex 24.4645 0 4.53554
      vertex 24.4645 10 4.53554
    endloop
  endfacet
  facet normal -1 0 0
    outer loop
      vertex 39 0 -13
      vertex 39 10 1
      vertex 39 10 -13
    endloop
  endfacet
  facet normal -1 -0 0
    outer loop
      vertex 39 10 1
      vertex 39 0 -13
      vertex 39 0 1
    endloop
  endfacet
  facet normal -0.997856 0 -0.0654402
    outer loop
      vertex 39 0 1
      vertex 38.9572 10 1.65263
      vertex 39 10 1
    endloop
  endfacet
  facet normal -0.997856 -0 -0.0654402
    outer loop
      vertex 38.9572 10 1.65263
      vertex 39 0 1
      vertex 38.9572 0 1.65263
    endloop
  endfacet
  facet normal 0.44229 0 -0.896872
    outer loop
      vertex 25.5 0 5.33012
      vertex 26.0866 10 5.6194
      vertex 26.0866 0 5.6194
    endloop
  endfacet
  facet normal 0.44229 0 -0.896872
    outer loop
      vertex 26.0866 10 5.6194
      vertex 25.5 0 5.33012
      vertex 25.5 10 5.33012
    endloop
  endfacet
  facet normal 1 -0 0
    outer loop
      vertex 23 0 1
      vertex 23 10 -13
      vertex 23 10 1
    endloop
  endfacet
  facet normal 1 0 0
    outer loop
      vertex 23 10 -13
      vertex 23 0 1
      vertex 23 0 -13
    endloop
  endfacet
  facet normal 0.831509 0 0.555512
    outer loop
      vertex 24.0332 0 -16.0438
      vertex 23.6699 10.0328 -15.5
      vertex 23.6699 0 -15.5
    endloop
  endfacet
  facet normal 0.831509 0 0.555512
    outer loop
      vertex 23.6699 10.0328 -15.5
      vertex 24.0332 0 -16.0438
      vertex 24.0332 10.0684 -16.0438
    endloop
  endfacet
  facet normal 0.997856 -0 0.0654432
    outer loop
      vertex 23 0 -13
      vertex 23.0428 10 -13.6526
      vertex 23 10 -13
    endloop
  endfacet
  facet normal 0.997856 0 0.0654432
    outer loop
      vertex 23.0428 10 -13.6526
      vertex 23 0 -13
      vertex 23.0428 0 -13.6526
    endloop
  endfacet
  facet normal 0.946941 -0 0.321407
    outer loop
      vertex 23.1704 0 -14.2941
      vertex 23.3806 10 -14.9134
      vertex 23.1704 10 -14.2941
    endloop
  endfacet
  facet normal 0.946941 0 0.321407
    outer loop
      vertex 23.3806 10 -14.9134
      vertex 23.1704 0 -14.2941
      vertex 23.3806 0 -14.9134
    endloop
  endfacet
  facet normal 0.442105 0 0.896963
    outer loop
      vertex 26.0233 10.3407 -17.5882
      vertex 26.0866 0 -17.6194
      vertex 26.0866 10.3513 -17.6194
    endloop
  endfacet
  facet normal 0.44234 1.78391e-06 0.896848
    outer loop
      vertex 25.5 10.2894 -17.3301
      vertex 26.0866 0 -17.6194
      vertex 26.0233 10.3407 -17.5882
    endloop
  endfacet
  facet normal 0.442314 0 0.89686
    outer loop
      vertex 26.0866 0 -17.6194
      vertex 25.5 10.2894 -17.3301
      vertex 25.5 0 -17.3301
    endloop
  endfacet
  facet normal -0.751791 0 -0.659401
    outer loop
      vertex 37.9668 0 4.04381
      vertex 37.5355 10 4.53554
      vertex 37.9668 10 4.04381
    endloop
  endfacet
  facet normal -0.751791 -0 -0.659401
    outer loop
      vertex 37.5355 10 4.53554
      vertex 37.9668 0 4.04381
      vertex 37.5355 0 4.53554
    endloop
  endfacet
  facet normal 0.997856 0 -0.0654402
    outer loop
      vertex 23.0428 0 1.65263
      vertex 23 10 1
      vertex 23.0428 10 1.65263
    endloop
  endfacet
  facet normal 0.997856 0 -0.0654402
    outer loop
      vertex 23 10 1
      vertex 23.0428 0 1.65263
      vertex 23 0 1
    endloop
  endfacet
  facet normal -0.751646 0 0.659567
    outer loop
      vertex 37.5355 0 -16.5355
      vertex 37.7375 10.0856 -16.3053
      vertex 37.5355 10.1314 -16.5355
    endloop
  endfacet
  facet normal -0.751881 1.08569e-05 0.659299
    outer loop
      vertex 37.5355 0 -16.5355
      vertex 37.9668 10.0684 -16.0438
      vertex 37.7375 10.0856 -16.3053
    endloop
  endfacet
  facet normal -0.751771 0 0.659424
    outer loop
      vertex 37.9668 10.0684 -16.0438
      vertex 37.5355 0 -16.5355
      vertex 37.9668 0 -16.0438
    endloop
  endfacet
  facet normal -0.555512 0 0.831509
    outer loop
      vertex 36.5 0 -17.3301
      vertex 37.0438 10.2171 -16.9668
      vertex 36.5 10.2894 -17.3301
    endloop
  endfacet
  facet normal -0.555512 0 0.831509
    outer loop
      vertex 37.0438 10.2171 -16.9668
      vertex 36.5 0 -17.3301
      vertex 37.0438 0 -16.9668
    endloop
  endfacet
  facet normal -0.44234 1.78391e-06 0.896848
    outer loop
      vertex 35.9134 0 -17.6194
      vertex 36.5 10.2894 -17.3301
      vertex 35.9767 10.3407 -17.5882
    endloop
  endfacet
  facet normal -0.442105 0 0.896963
    outer loop
      vertex 35.9134 0 -17.6194
      vertex 35.9767 10.3407 -17.5882
      vertex 35.9134 10.3513 -17.6194
    endloop
  endfacet
  facet normal -0.442314 0 0.89686
    outer loop
      vertex 36.5 10.2894 -17.3301
      vertex 35.9134 0 -17.6194
      vertex 36.5 0 -17.3301
    endloop
  endfacet
  facet normal 0.321461 0 -0.946923
    outer loop
      vertex 26.0866 0 5.6194
      vertex 26.7059 10 5.82964
      vertex 26.7059 0 5.82964
    endloop
  endfacet
  facet normal 0.321461 0 -0.946923
    outer loop
      vertex 26.7059 10 5.82964
      vertex 26.0866 0 5.6194
      vertex 26.0866 10 5.6194
    endloop
  endfacet
  facet normal 0.0653976 0 -0.997859
    outer loop
      vertex 27.3474 0 5.95723
      vertex 28 10 6
      vertex 28 0 6
    endloop
  endfacet
  facet normal 0.0653976 0 -0.997859
    outer loop
      vertex 28 10 6
      vertex 27.3474 0 5.95723
      vertex 27.3474 10 5.95723
    endloop
  endfacet
  facet normal 0.555512 0 0.831509
    outer loop
      vertex 24.9562 10.2171 -16.9668
      vertex 25.5 0 -17.3301
      vertex 25.5 10.2894 -17.3301
    endloop
  endfacet
  facet normal 0.555512 0 0.831509
    outer loop
      vertex 25.5 0 -17.3301
      vertex 24.9562 10.2171 -16.9668
      vertex 24.9562 0 -16.9668
    endloop
  endfacet
  facet normal 0.896854 0 -0.442327
    outer loop
      vertex 23.6699 0 3.5
      vertex 23.3806 10 2.91342
      vertex 23.6699 10 3.5
    endloop
  endfacet
  facet normal 0.896854 0 -0.442327
    outer loop
      vertex 23.3806 10 2.91342
      vertex 23.6699 0 3.5
      vertex 23.3806 0 2.91342
    endloop
  endfacet
  facet normal 0.659424 0 0.751771
    outer loop
      vertex 24.4645 10.1314 -16.5355
      vertex 24.9562 0 -16.9668
      vertex 24.9562 10.2171 -16.9668
    endloop
  endfacet
  facet normal 0.659424 0 0.751771
    outer loop
      vertex 24.9562 0 -16.9668
      vertex 24.4645 10.1314 -16.5355
      vertex 24.4645 0 -16.5355
    endloop
  endfacet
  facet normal 0.555564 0 -0.831474
    outer loop
      vertex 24.9562 0 4.96677
      vertex 25.5 10 5.33012
      vertex 25.5 0 5.33012
    endloop
  endfacet
  facet normal 0.555564 0 -0.831474
    outer loop
      vertex 25.5 10 5.33012
      vertex 24.9562 0 4.96677
      vertex 24.9562 10 4.96677
    endloop
  endfacet
  facet normal 0.980786 -0 0.195087
    outer loop
      vertex 23.0428 0 -13.6526
      vertex 23.1704 10 -14.2941
      vertex 23.0428 10 -13.6526
    endloop
  endfacet
  facet normal 0.980786 0 0.195087
    outer loop
      vertex 23.1704 10 -14.2941
      vertex 23.0428 0 -13.6526
      vertex 23.1704 0 -14.2941
    endloop
  endfacet
  facet normal 0.751771 0 0.659424
    outer loop
      vertex 24.4645 0 -16.5355
      vertex 24.0332 10.0684 -16.0438
      vertex 24.0332 0 -16.0438
    endloop
  endfacet
  facet normal 0.751881 1.08569e-05 0.659299
    outer loop
      vertex 24.0332 10.0684 -16.0438
      vertex 24.4645 0 -16.5355
      vertex 24.2625 10.0856 -16.3053
    endloop
  endfacet
  facet normal 0.751646 0 0.659567
    outer loop
      vertex 24.2625 10.0856 -16.3053
      vertex 24.4645 0 -16.5355
      vertex 24.4645 10.1314 -16.5355
    endloop
  endfacet
endsolid OpenSCAD_Model
