solid OpenSCAD_Model
  facet normal 0.980784 -0 0.195098
    outer loop
      vertex 7.24444 -6 1.94114
      vertex 7.43584 0 0.978946
      vertex 7.24444 0 1.94114
    endloop
  endfacet
  facet normal 0.980784 0 0.195098
    outer loop
      vertex 7.43584 0 0.978946
      vertex 7.24444 -6 1.94114
      vertex 7.43584 -6 0.978946
    endloop
  endfacet
  facet normal 0.997859 -0 0.0653996
    outer loop
      vertex 7.43584 -6 0.978946
      vertex 7.5 0 0
      vertex 7.43584 0 0.978946
    endloop
  endfacet
  facet normal 0.997859 0 0.0653996
    outer loop
      vertex 7.5 0 0
      vertex 7.43584 -6 0.978946
      vertex 7.5 -6 0
    endloop
  endfacet
  facet normal -0.997859 0 0.0653996
    outer loop
      vertex -7.5 -6 0
      vertex -7.43584 0 0.978946
      vertex -7.5 0 0
    endloop
  endfacet
  facet normal -0.997859 0 0.0653996
    outer loop
      vertex -7.43584 0 0.978946
      vertex -7.5 -6 0
      vertex -7.43584 -6 0.978946
    endloop
  endfacet
  facet normal 0.896872 -0 0.44229
    outer loop
      vertex 6.49519 -6 3.75
      vertex 6.9291 0 2.87012
      vertex 6.49519 0 3.75
    endloop
  endfacet
  facet normal 0.896872 0 0.44229
    outer loop
      vertex 6.9291 0 2.87012
      vertex 6.49519 -6 3.75
      vertex 6.9291 -6 2.87012
    endloop
  endfacet
  facet normal 0.321434 0 0.946932
    outer loop
      vertex 1.94114 0 7.24444
      vertex 2.87012 -6 6.9291
      vertex 2.87012 0 6.9291
    endloop
  endfacet
  facet normal 0.321434 0 0.946932
    outer loop
      vertex 2.87012 -6 6.9291
      vertex 1.94114 0 7.24444
      vertex 1.94114 -6 7.24444
    endloop
  endfacet
  facet normal 0.896872 0 -0.44229
    outer loop
      vertex 6.9291 -6 -2.87012
      vertex 6.49519 0 -3.75
      vertex 6.9291 0 -2.87012
    endloop
  endfacet
  facet normal 0.896872 0 -0.44229
    outer loop
      vertex 6.49519 0 -3.75
      vertex 6.9291 -6 -2.87012
      vertex 6.49519 -6 -3.75
    endloop
  endfacet
  facet normal 0.195098 0 0.980784
    outer loop
      vertex 0.978946 0 7.43584
      vertex 1.94114 -6 7.24444
      vertex 1.94114 0 7.24444
    endloop
  endfacet
  facet normal 0.195098 0 0.980784
    outer loop
      vertex 1.94114 -6 7.24444
      vertex 0.978946 0 7.43584
      vertex 0.978946 -6 7.43584
    endloop
  endfacet
  facet normal 0.0653996 0 -0.997859
    outer loop
      vertex 0 -6 -7.5
      vertex 0.978946 0 -7.43584
      vertex 0.978946 -6 -7.43584
    endloop
  endfacet
  facet normal 0.0653996 0 -0.997859
    outer loop
      vertex 0.978946 0 -7.43584
      vertex 0 -6 -7.5
      vertex 0 0 -7.5
    endloop
  endfacet
  facet normal 0.946932 -0 0.321434
    outer loop
      vertex 6.9291 -6 2.87012
      vertex 7.24444 0 1.94114
      vertex 6.9291 0 2.87012
    endloop
  endfacet
  facet normal 0.946932 0 0.321434
    outer loop
      vertex 7.24444 0 1.94114
      vertex 6.9291 -6 2.87012
      vertex 7.24444 -6 1.94114
    endloop
  endfacet
  facet normal -0.896872 0 0.44229
    outer loop
      vertex -6.9291 -6 2.87012
      vertex -6.49519 0 3.75
      vertex -6.9291 0 2.87012
    endloop
  endfacet
  facet normal -0.896872 0 0.44229
    outer loop
      vertex -6.49519 0 3.75
      vertex -6.9291 -6 2.87012
      vertex -6.49519 -6 3.75
    endloop
  endfacet
  facet normal 0.659346 0 -0.751839
    outer loop
      vertex 4.56571 -6 -5.95015
      vertex 5.3033 0 -5.3033
      vertex 5.3033 -6 -5.3033
    endloop
  endfacet
  facet normal 0.659346 0 -0.751839
    outer loop
      vertex 5.3033 0 -5.3033
      vertex 4.56571 -6 -5.95015
      vertex 4.56571 0 -5.95015
    endloop
  endfacet
  facet normal 0.321434 0 -0.946932
    outer loop
      vertex 1.94114 -6 -7.24444
      vertex 2.87012 0 -6.9291
      vertex 2.87012 -6 -6.9291
    endloop
  endfacet
  facet normal 0.321434 0 -0.946932
    outer loop
      vertex 2.87012 0 -6.9291
      vertex 1.94114 -6 -7.24444
      vertex 1.94114 0 -7.24444
    endloop
  endfacet
  facet normal -0.659346 0 -0.751839
    outer loop
      vertex -5.3033 -6 -5.3033
      vertex -4.56571 0 -5.95015
      vertex -4.56571 -6 -5.95015
    endloop
  endfacet
  facet normal -0.659346 0 -0.751839
    outer loop
      vertex -4.56571 0 -5.95015
      vertex -5.3033 -6 -5.3033
      vertex -5.3033 0 -5.3033
    endloop
  endfacet
  facet normal 0.751839 0 -0.659346
    outer loop
      vertex 5.95015 -6 -4.56571
      vertex 5.3033 0 -5.3033
      vertex 5.95015 0 -4.56571
    endloop
  endfacet
  facet normal 0.751839 0 -0.659346
    outer loop
      vertex 5.3033 0 -5.3033
      vertex 5.95015 -6 -4.56571
      vertex 5.3033 -6 -5.3033
    endloop
  endfacet
  facet normal -0.44229 0 0.896872
    outer loop
      vertex -3.75 0 6.49519
      vertex -2.87012 -6 6.9291
      vertex -2.87012 0 6.9291
    endloop
  endfacet
  facet normal -0.44229 0 0.896872
    outer loop
      vertex -2.87012 -6 6.9291
      vertex -3.75 0 6.49519
      vertex -3.75 -6 6.49519
    endloop
  endfacet
  facet normal -0.896872 0 -0.44229
    outer loop
      vertex -6.49519 -6 -3.75
      vertex -6.9291 0 -2.87012
      vertex -6.49519 0 -3.75
    endloop
  endfacet
  facet normal -0.896872 -0 -0.44229
    outer loop
      vertex -6.9291 0 -2.87012
      vertex -6.49519 -6 -3.75
      vertex -6.9291 -6 -2.87012
    endloop
  endfacet
  facet normal -0.659346 0 0.751839
    outer loop
      vertex -5.3033 0 5.3033
      vertex -4.56571 -6 5.95015
      vertex -4.56571 0 5.95015
    endloop
  endfacet
  facet normal -0.659346 0 0.751839
    outer loop
      vertex -4.56571 -6 5.95015
      vertex -5.3033 0 5.3033
      vertex -5.3033 -6 5.3033
    endloop
  endfacet
  facet normal -0.321434 0 0.946932
    outer loop
      vertex -2.87012 0 6.9291
      vertex -1.94114 -6 7.24444
      vertex -1.94114 0 7.24444
    endloop
  endfacet
  facet normal -0.321434 0 0.946932
    outer loop
      vertex -1.94114 -6 7.24444
      vertex -2.87012 0 6.9291
      vertex -2.87012 -6 6.9291
    endloop
  endfacet
  facet normal 0.751839 -0 0.659346
    outer loop
      vertex 5.3033 -6 5.3033
      vertex 5.95015 0 4.56571
      vertex 5.3033 0 5.3033
    endloop
  endfacet
  facet normal 0.751839 0 0.659346
    outer loop
      vertex 5.95015 0 4.56571
      vertex 5.3033 -6 5.3033
      vertex 5.95015 -6 4.56571
    endloop
  endfacet
  facet normal -0.321434 0 -0.946932
    outer loop
      vertex -2.87012 -6 -6.9291
      vertex -1.94114 0 -7.24444
      vertex -1.94114 -6 -7.24444
    endloop
  endfacet
  facet normal -0.321434 0 -0.946932
    outer loop
      vertex -1.94114 0 -7.24444
      vertex -2.87012 -6 -6.9291
      vertex -2.87012 0 -6.9291
    endloop
  endfacet
  facet normal 0 -1 0
    outer loop
      vertex 0 -6 4.1
      vertex 0 -6 7.5
      vertex -0.978946 -6 7.43584
    endloop
  endfacet
  facet normal 0 -1 0
    outer loop
      vertex -0.535157 -6 4.06492
      vertex -0.978946 -6 7.43584
      vertex -1.94114 -6 7.24444
    endloop
  endfacet
  facet normal 0 -1 0
    outer loop
      vertex 0 -6 7.5
      vertex 0 -6 4.1
      vertex 0.978946 -6 7.43584
    endloop
  endfacet
  facet normal 0 -1 0
    outer loop
      vertex -1.06116 -6 3.9603
      vertex -1.94114 -6 7.24444
      vertex -2.87012 -6 6.9291
    endloop
  endfacet
  facet normal 0 -1 0
    outer loop
      vertex 0.535157 -6 4.06492
      vertex 0.978946 -6 7.43584
      vertex 0 -6 4.1
    endloop
  endfacet
  facet normal 0 -1 0
    outer loop
      vertex -1.569 -6 3.78791
      vertex -2.87012 -6 6.9291
      vertex -3.75 -6 6.49519
    endloop
  endfacet
  facet normal 0 -1 -0
    outer loop
      vertex 0.978946 -6 7.43584
      vertex 0.535157 -6 4.06492
      vertex 1.94114 -6 7.24444
    endloop
  endfacet
  facet normal 0 -1 0
    outer loop
      vertex -2.05 -6 3.5507
      vertex -3.75 -6 6.49519
      vertex -4.56571 -6 5.95015
    endloop
  endfacet
  facet normal 0 -1 0
    outer loop
      vertex 1.06116 -6 3.9603
      vertex 1.94114 -6 7.24444
      vertex 0.535157 -6 4.06492
    endloop
  endfacet
  facet normal 0 -1 0
    outer loop
      vertex -2.49592 -6 3.25275
      vertex -4.56571 -6 5.95015
      vertex -5.3033 -6 5.3033
    endloop
  endfacet
  facet normal 0 -1 -0
    outer loop
      vertex 1.94114 -6 7.24444
      vertex 1.06116 -6 3.9603
      vertex 2.87012 -6 6.9291
    endloop
  endfacet
  facet normal 0 -1 0
    outer loop
      vertex -2.89914 -6 2.89914
      vertex -5.3033 -6 5.3033
      vertex -5.95015 -6 4.56571
    endloop
  endfacet
  facet normal 0 -1 0
    outer loop
      vertex 1.569 -6 3.78791
      vertex 2.87012 -6 6.9291
      vertex 1.06116 -6 3.9603
    endloop
  endfacet
  facet normal 0 -1 -0
    outer loop
      vertex 2.87012 -6 6.9291
      vertex 1.569 -6 3.78791
      vertex 3.75 -6 6.49519
    endloop
  endfacet
  facet normal 0 -1 0
    outer loop
      vertex -0.978946 -6 7.43584
      vertex -0.535157 -6 4.06492
      vertex 0 -6 4.1
    endloop
  endfacet
  facet normal 0 -1 0
    outer loop
      vertex -1.94114 -6 7.24444
      vertex -1.06116 -6 3.9603
      vertex -0.535157 -6 4.06492
    endloop
  endfacet
  facet normal 0 -1 0
    outer loop
      vertex -2.87012 -6 6.9291
      vertex -1.569 -6 3.78791
      vertex -1.06116 -6 3.9603
    endloop
  endfacet
  facet normal 0 -1 0
    outer loop
      vertex -3.25275 -6 2.49592
      vertex -5.95015 -6 4.56571
      vertex -6.49519 -6 3.75
    endloop
  endfacet
  facet normal 0 -1 0
    outer loop
      vertex -3.75 -6 6.49519
      vertex -2.05 -6 3.5507
      vertex -1.569 -6 3.78791
    endloop
  endfacet
  facet normal 0 -1 0
    outer loop
      vertex -4.56571 -6 5.95015
      vertex -2.49592 -6 3.25275
      vertex -2.05 -6 3.5507
    endloop
  endfacet
  facet normal 0 -1 0
    outer loop
      vertex -5.3033 -6 5.3033
      vertex -2.89914 -6 2.89914
      vertex -2.49592 -6 3.25275
    endloop
  endfacet
  facet normal 0 -1 0
    outer loop
      vertex -3.5507 -6 2.05
      vertex -6.49519 -6 3.75
      vertex -6.9291 -6 2.87012
    endloop
  endfacet
  facet normal 0 -1 0
    outer loop
      vertex -5.95015 -6 4.56571
      vertex -3.25275 -6 2.49592
      vertex -2.89914 -6 2.89914
    endloop
  endfacet
  facet normal 0 -1 0
    outer loop
      vertex -6.49519 -6 3.75
      vertex -3.5507 -6 2.05
      vertex -3.25275 -6 2.49592
    endloop
  endfacet
  facet normal 0 -1 0
    outer loop
      vertex -3.78791 -6 1.569
      vertex -6.9291 -6 2.87012
      vertex -7.24444 -6 1.94114
    endloop
  endfacet
  facet normal 0 -1 0
    outer loop
      vertex -6.9291 -6 2.87012
      vertex -3.78791 -6 1.569
      vertex -3.5507 -6 2.05
    endloop
  endfacet
  facet normal 0 -1 0
    outer loop
      vertex -7.24444 -6 1.94114
      vertex -3.9603 -6 1.06116
      vertex -3.78791 -6 1.569
    endloop
  endfacet
  facet normal 0 -1 0
    outer loop
      vertex -7.43584 -6 0.978946
      vertex -3.9603 -6 1.06116
      vertex -7.24444 -6 1.94114
    endloop
  endfacet
  facet normal 0 -1 0
    outer loop
      vertex -7.43584 -6 0.978946
      vertex -4.06492 -6 0.535157
      vertex -3.9603 -6 1.06116
    endloop
  endfacet
  facet normal 0 -1 0
    outer loop
      vertex -7.5 -6 0
      vertex -4.06492 -6 0.535157
      vertex -7.43584 -6 0.978946
    endloop
  endfacet
  facet normal 0 -1 0
    outer loop
      vertex -7.5 -6 0
      vertex -4.1 -6 0
      vertex -4.06492 -6 0.535157
    endloop
  endfacet
  facet normal 0 -1 0
    outer loop
      vertex -7.5 -6 0
      vertex -4.06492 -6 -0.535157
      vertex -4.1 -6 0
    endloop
  endfacet
  facet normal 0 -1 0
    outer loop
      vertex -7.43584 -6 -0.978946
      vertex -4.06492 -6 -0.535157
      vertex -7.5 -6 0
    endloop
  endfacet
  facet normal 0 -1 0
    outer loop
      vertex -7.43584 -6 -0.978946
      vertex -3.9603 -6 -1.06116
      vertex -4.06492 -6 -0.535157
    endloop
  endfacet
  facet normal 0 -1 0
    outer loop
      vertex -7.24444 -6 -1.94114
      vertex -3.9603 -6 -1.06116
      vertex -7.43584 -6 -0.978946
    endloop
  endfacet
  facet normal 0 -1 -0
    outer loop
      vertex -3.9603 -6 -1.06116
      vertex -7.24444 -6 -1.94114
      vertex -3.78791 -6 -1.569
    endloop
  endfacet
  facet normal 0 -1 0
    outer loop
      vertex -6.9291 -6 -2.87012
      vertex -3.78791 -6 -1.569
      vertex -7.24444 -6 -1.94114
    endloop
  endfacet
  facet normal 0 -1 -0
    outer loop
      vertex -3.78791 -6 -1.569
      vertex -6.9291 -6 -2.87012
      vertex -3.5507 -6 -2.05
    endloop
  endfacet
  facet normal 0 -1 0
    outer loop
      vertex -6.49519 -6 -3.75
      vertex -3.5507 -6 -2.05
      vertex -6.9291 -6 -2.87012
    endloop
  endfacet
  facet normal 0 -1 -0
    outer loop
      vertex -3.5507 -6 -2.05
      vertex -6.49519 -6 -3.75
      vertex -3.25275 -6 -2.49592
    endloop
  endfacet
  facet normal 0 -1 0
    outer loop
      vertex -5.95015 -6 -4.56571
      vertex -3.25275 -6 -2.49592
      vertex -6.49519 -6 -3.75
    endloop
  endfacet
  facet normal 0 -1 -0
    outer loop
      vertex -3.25275 -6 -2.49592
      vertex -5.95015 -6 -4.56571
      vertex -2.89914 -6 -2.89914
    endloop
  endfacet
  facet normal 0 -1 0
    outer loop
      vertex -5.3033 -6 -5.3033
      vertex -2.89914 -6 -2.89914
      vertex -5.95015 -6 -4.56571
    endloop
  endfacet
  facet normal 0 -1 -0
    outer loop
      vertex -2.89914 -6 -2.89914
      vertex -5.3033 -6 -5.3033
      vertex -2.49592 -6 -3.25275
    endloop
  endfacet
  facet normal 0 -1 0
    outer loop
      vertex -4.56571 -6 -5.95015
      vertex -2.49592 -6 -3.25275
      vertex -5.3033 -6 -5.3033
    endloop
  endfacet
  facet normal 0 -1 -0
    outer loop
      vertex -2.49592 -6 -3.25275
      vertex -4.56571 -6 -5.95015
      vertex -2.05 -6 -3.5507
    endloop
  endfacet
  facet normal 0 -1 0
    outer loop
      vertex -3.75 -6 -6.49519
      vertex -2.05 -6 -3.5507
      vertex -4.56571 -6 -5.95015
    endloop
  endfacet
  facet normal 0 -1 -0
    outer loop
      vertex -2.05 -6 -3.5507
      vertex -3.75 -6 -6.49519
      vertex -1.569 -6 -3.78791
    endloop
  endfacet
  facet normal 0 -1 0
    outer loop
      vertex 2.05 -6 3.5507
      vertex 3.75 -6 6.49519
      vertex 1.569 -6 3.78791
    endloop
  endfacet
  facet normal 0 -1 -0
    outer loop
      vertex 3.75 -6 6.49519
      vertex 2.05 -6 3.5507
      vertex 4.56571 -6 5.95015
    endloop
  endfacet
  facet normal 0 -1 0
    outer loop
      vertex 2.49592 -6 3.25275
      vertex 4.56571 -6 5.95015
      vertex 2.05 -6 3.5507
    endloop
  endfacet
  facet normal 0 -1 -0
    outer loop
      vertex 4.56571 -6 5.95015
      vertex 2.49592 -6 3.25275
      vertex 5.3033 -6 5.3033
    endloop
  endfacet
  facet normal 0 -1 0
    outer loop
      vertex 2.89914 -6 2.89914
      vertex 5.3033 -6 5.3033
      vertex 2.49592 -6 3.25275
    endloop
  endfacet
  facet normal 0 -1 -0
    outer loop
      vertex 5.3033 -6 5.3033
      vertex 2.89914 -6 2.89914
      vertex 5.95015 -6 4.56571
    endloop
  endfacet
  facet normal 0 -1 0
    outer loop
      vertex 3.25275 -6 2.49592
      vertex 5.95015 -6 4.56571
      vertex 2.89914 -6 2.89914
    endloop
  endfacet
  facet normal 0 -1 -0
    outer loop
      vertex 5.95015 -6 4.56571
      vertex 3.25275 -6 2.49592
      vertex 6.49519 -6 3.75
    endloop
  endfacet
  facet normal 0 -1 0
    outer loop
      vertex 3.5507 -6 2.05
      vertex 6.49519 -6 3.75
      vertex 3.25275 -6 2.49592
    endloop
  endfacet
  facet normal 0 -1 -0
    outer loop
      vertex 6.49519 -6 3.75
      vertex 3.5507 -6 2.05
      vertex 6.9291 -6 2.87012
    endloop
  endfacet
  facet normal 0 -1 0
    outer loop
      vertex 3.78791 -6 1.569
      vertex 6.9291 -6 2.87012
      vertex 3.5507 -6 2.05
    endloop
  endfacet
  facet normal 0 -1 -0
    outer loop
      vertex 6.9291 -6 2.87012
      vertex 3.78791 -6 1.569
      vertex 7.24444 -6 1.94114
    endloop
  endfacet
  facet normal 0 -1 0
    outer loop
      vertex 3.9603 -6 1.06116
      vertex 7.24444 -6 1.94114
      vertex 3.78791 -6 1.569
    endloop
  endfacet
  facet normal 0 -1 0
    outer loop
      vertex 3.9603 -6 1.06116
      vertex 7.43584 -6 0.978946
      vertex 7.24444 -6 1.94114
    endloop
  endfacet
  facet normal 0 -1 0
    outer loop
      vertex 4.06492 -6 0.535157
      vertex 7.43584 -6 0.978946
      vertex 3.9603 -6 1.06116
    endloop
  endfacet
  facet normal 0 -1 0
    outer loop
      vertex 4.1 -6 0
      vertex 7.43584 -6 0.978946
      vertex 4.06492 -6 0.535157
    endloop
  endfacet
  facet normal 0 -1 0
    outer loop
      vertex 4.1 -6 0
      vertex 7.5 -6 0
      vertex 7.43584 -6 0.978946
    endloop
  endfacet
  facet normal 0 -1 0
    outer loop
      vertex 4.06492 -6 -0.535157
      vertex 7.5 -6 0
      vertex 4.1 -6 0
    endloop
  endfacet
  facet normal 0 -1 0
    outer loop
      vertex 4.06492 -6 -0.535157
      vertex 7.43584 -6 -0.978946
      vertex 7.5 -6 0
    endloop
  endfacet
  facet normal 0 -1 0
    outer loop
      vertex 3.9603 -6 -1.06116
      vertex 7.43584 -6 -0.978946
      vertex 4.06492 -6 -0.535157
    endloop
  endfacet
  facet normal 0 -1 0
    outer loop
      vertex 7.24444 -6 -1.94114
      vertex 3.9603 -6 -1.06116
      vertex 3.78791 -6 -1.569
    endloop
  endfacet
  facet normal 0 -1 0
    outer loop
      vertex 3.9603 -6 -1.06116
      vertex 7.24444 -6 -1.94114
      vertex 7.43584 -6 -0.978946
    endloop
  endfacet
  facet normal 0 -1 0
    outer loop
      vertex 6.9291 -6 -2.87012
      vertex 3.78791 -6 -1.569
      vertex 3.5507 -6 -2.05
    endloop
  endfacet
  facet normal 0 -1 0
    outer loop
      vertex 6.49519 -6 -3.75
      vertex 3.5507 -6 -2.05
      vertex 3.25275 -6 -2.49592
    endloop
  endfacet
  facet normal 0 -1 0
    outer loop
      vertex 3.78791 -6 -1.569
      vertex 6.9291 -6 -2.87012
      vertex 7.24444 -6 -1.94114
    endloop
  endfacet
  facet normal 0 -1 0
    outer loop
      vertex 5.95015 -6 -4.56571
      vertex 3.25275 -6 -2.49592
      vertex 2.89914 -6 -2.89914
    endloop
  endfacet
  facet normal 0 -1 0
    outer loop
      vertex 5.3033 -6 -5.3033
      vertex 2.89914 -6 -2.89914
      vertex 2.49592 -6 -3.25275
    endloop
  endfacet
  facet normal 0 -1 0
    outer loop
      vertex 4.56571 -6 -5.95015
      vertex 2.49592 -6 -3.25275
      vertex 2.05 -6 -3.5507
    endloop
  endfacet
  facet normal 0 -1 0
    outer loop
      vertex 3.5507 -6 -2.05
      vertex 6.49519 -6 -3.75
      vertex 6.9291 -6 -2.87012
    endloop
  endfacet
  facet normal 0 -1 0
    outer loop
      vertex 3.75 -6 -6.49519
      vertex 2.05 -6 -3.5507
      vertex 1.569 -6 -3.78791
    endloop
  endfacet
  facet normal 0 -1 0
    outer loop
      vertex 2.87012 -6 -6.9291
      vertex 1.569 -6 -3.78791
      vertex 1.06116 -6 -3.9603
    endloop
  endfacet
  facet normal 0 -1 0
    outer loop
      vertex 1.94114 -6 -7.24444
      vertex 1.06116 -6 -3.9603
      vertex 0.535157 -6 -4.06492
    endloop
  endfacet
  facet normal 0 -1 0
    outer loop
      vertex 0.978946 -6 -7.43584
      vertex 0.535157 -6 -4.06492
      vertex 0 -6 -4.1
    endloop
  endfacet
  facet normal 0 -1 0
    outer loop
      vertex -2.87012 -6 -6.9291
      vertex -1.569 -6 -3.78791
      vertex -3.75 -6 -6.49519
    endloop
  endfacet
  facet normal 0 -1 0
    outer loop
      vertex 3.25275 -6 -2.49592
      vertex 5.95015 -6 -4.56571
      vertex 6.49519 -6 -3.75
    endloop
  endfacet
  facet normal 0 -1 -0
    outer loop
      vertex -1.569 -6 -3.78791
      vertex -2.87012 -6 -6.9291
      vertex -1.06116 -6 -3.9603
    endloop
  endfacet
  facet normal 0 -1 0
    outer loop
      vertex 2.89914 -6 -2.89914
      vertex 5.3033 -6 -5.3033
      vertex 5.95015 -6 -4.56571
    endloop
  endfacet
  facet normal 0 -1 0
    outer loop
      vertex -1.94114 -6 -7.24444
      vertex -1.06116 -6 -3.9603
      vertex -2.87012 -6 -6.9291
    endloop
  endfacet
  facet normal 0 -1 0
    outer loop
      vertex 2.49592 -6 -3.25275
      vertex 4.56571 -6 -5.95015
      vertex 5.3033 -6 -5.3033
    endloop
  endfacet
  facet normal 0 -1 -0
    outer loop
      vertex -1.06116 -6 -3.9603
      vertex -1.94114 -6 -7.24444
      vertex -0.535157 -6 -4.06492
    endloop
  endfacet
  facet normal 0 -1 0
    outer loop
      vertex 2.05 -6 -3.5507
      vertex 3.75 -6 -6.49519
      vertex 4.56571 -6 -5.95015
    endloop
  endfacet
  facet normal 0 -1 0
    outer loop
      vertex -0.978946 -6 -7.43584
      vertex -0.535157 -6 -4.06492
      vertex -1.94114 -6 -7.24444
    endloop
  endfacet
  facet normal 0 -1 0
    outer loop
      vertex 1.569 -6 -3.78791
      vertex 2.87012 -6 -6.9291
      vertex 3.75 -6 -6.49519
    endloop
  endfacet
  facet normal 0 -1 -0
    outer loop
      vertex -0.535157 -6 -4.06492
      vertex -0.978946 -6 -7.43584
      vertex 0 -6 -4.1
    endloop
  endfacet
  facet normal 0 -1 0
    outer loop
      vertex 1.06116 -6 -3.9603
      vertex 1.94114 -6 -7.24444
      vertex 2.87012 -6 -6.9291
    endloop
  endfacet
  facet normal 0 -1 0
    outer loop
      vertex 0 -6 -7.5
      vertex 0 -6 -4.1
      vertex -0.978946 -6 -7.43584
    endloop
  endfacet
  facet normal 0 -1 0
    outer loop
      vertex 0.535157 -6 -4.06492
      vertex 0.978946 -6 -7.43584
      vertex 1.94114 -6 -7.24444
    endloop
  endfacet
  facet normal 0 -1 0
    outer loop
      vertex 0 -6 -4.1
      vertex 0 -6 -7.5
      vertex 0.978946 -6 -7.43584
    endloop
  endfacet
  facet normal 0.195098 0 -0.980784
    outer loop
      vertex 0.978946 -6 -7.43584
      vertex 1.94114 0 -7.24444
      vertex 1.94114 -6 -7.24444
    endloop
  endfacet
  facet normal 0.195098 0 -0.980784
    outer loop
      vertex 1.94114 0 -7.24444
      vertex 0.978946 -6 -7.43584
      vertex 0.978946 0 -7.43584
    endloop
  endfacet
  facet normal 0.980784 0 -0.195098
    outer loop
      vertex 7.43584 -6 -0.978946
      vertex 7.24444 0 -1.94114
      vertex 7.43584 0 -0.978946
    endloop
  endfacet
  facet normal 0.980784 0 -0.195098
    outer loop
      vertex 7.24444 0 -1.94114
      vertex 7.43584 -6 -0.978946
      vertex 7.24444 -6 -1.94114
    endloop
  endfacet
  facet normal -0.946932 0 -0.321434
    outer loop
      vertex -6.9291 -6 -2.87012
      vertex -7.24444 0 -1.94114
      vertex -6.9291 0 -2.87012
    endloop
  endfacet
  facet normal -0.946932 -0 -0.321434
    outer loop
      vertex -7.24444 0 -1.94114
      vertex -6.9291 -6 -2.87012
      vertex -7.24444 -6 -1.94114
    endloop
  endfacet
  facet normal -0.751839 0 -0.659346
    outer loop
      vertex -5.3033 -6 -5.3033
      vertex -5.95015 0 -4.56571
      vertex -5.3033 0 -5.3033
    endloop
  endfacet
  facet normal -0.751839 -0 -0.659346
    outer loop
      vertex -5.95015 0 -4.56571
      vertex -5.3033 -6 -5.3033
      vertex -5.95015 -6 -4.56571
    endloop
  endfacet
  facet normal 0.55557 0 0.83147
    outer loop
      vertex 3.75 0 6.49519
      vertex 4.56571 -6 5.95015
      vertex 4.56571 0 5.95015
    endloop
  endfacet
  facet normal 0.55557 0 0.83147
    outer loop
      vertex 4.56571 -6 5.95015
      vertex 3.75 0 6.49519
      vertex 3.75 -6 6.49519
    endloop
  endfacet
  facet normal 0.659346 0 0.751839
    outer loop
      vertex 4.56571 0 5.95015
      vertex 5.3033 -6 5.3033
      vertex 5.3033 0 5.3033
    endloop
  endfacet
  facet normal 0.659346 0 0.751839
    outer loop
      vertex 5.3033 -6 5.3033
      vertex 4.56571 0 5.95015
      vertex 4.56571 -6 5.95015
    endloop
  endfacet
  facet normal 0.44229 0 0.896872
    outer loop
      vertex 2.87012 0 6.9291
      vertex 3.75 -6 6.49519
      vertex 3.75 0 6.49519
    endloop
  endfacet
  facet normal 0.44229 0 0.896872
    outer loop
      vertex 3.75 -6 6.49519
      vertex 2.87012 0 6.9291
      vertex 2.87012 -6 6.9291
    endloop
  endfacet
  facet normal -0.195098 0 0.980784
    outer loop
      vertex -1.94114 0 7.24444
      vertex -0.978946 -6 7.43584
      vertex -0.978946 0 7.43584
    endloop
  endfacet
  facet normal -0.195098 0 0.980784
    outer loop
      vertex -0.978946 -6 7.43584
      vertex -1.94114 0 7.24444
      vertex -1.94114 -6 7.24444
    endloop
  endfacet
  facet normal -0.0653996 0 -0.997859
    outer loop
      vertex -0.978946 -6 -7.43584
      vertex 0 0 -7.5
      vertex 0 -6 -7.5
    endloop
  endfacet
  facet normal -0.0653996 0 -0.997859
    outer loop
      vertex 0 0 -7.5
      vertex -0.978946 -6 -7.43584
      vertex -0.978946 0 -7.43584
    endloop
  endfacet
  facet normal -0.44229 0 -0.896872
    outer loop
      vertex -3.75 -6 -6.49519
      vertex -2.87012 0 -6.9291
      vertex -2.87012 -6 -6.9291
    endloop
  endfacet
  facet normal -0.44229 0 -0.896872
    outer loop
      vertex -2.87012 0 -6.9291
      vertex -3.75 -6 -6.49519
      vertex -3.75 0 -6.49519
    endloop
  endfacet
  facet normal -0.0653996 0 0.997859
    outer loop
      vertex -0.978946 0 7.43584
      vertex 0 -6 7.5
      vertex 0 0 7.5
    endloop
  endfacet
  facet normal -0.0653996 0 0.997859
    outer loop
      vertex 0 -6 7.5
      vertex -0.978946 0 7.43584
      vertex -0.978946 -6 7.43584
    endloop
  endfacet
  facet normal -0.946932 0 0.321434
    outer loop
      vertex -7.24444 -6 1.94114
      vertex -6.9291 0 2.87012
      vertex -7.24444 0 1.94114
    endloop
  endfacet
  facet normal -0.946932 0 0.321434
    outer loop
      vertex -6.9291 0 2.87012
      vertex -7.24444 -6 1.94114
      vertex -6.9291 -6 2.87012
    endloop
  endfacet
  facet normal 0 -1 0
    outer loop
      vertex 152.347 0 5.95723
      vertex 188.029 0 20
      vertex 133.153 0 5.95723
    endloop
  endfacet
  facet normal 0 -1 0
    outer loop
      vertex 188.029 0 20
      vertex 152.347 0 5.95723
      vertex 153 0 6
    endloop
  endfacet
  facet normal 0 -1 0
    outer loop
      vertex 133.794 0 5.82964
      vertex 152.347 0 5.95723
      vertex 133.153 0 5.95723
    endloop
  endfacet
  facet normal 0 -1 0
    outer loop
      vertex 133.794 0 5.82964
      vertex 151.706 0 5.82964
      vertex 152.347 0 5.95723
    endloop
  endfacet
  facet normal 0 -1 0
    outer loop
      vertex 134.413 0 5.6194
      vertex 151.706 0 5.82964
      vertex 133.794 0 5.82964
    endloop
  endfacet
  facet normal 0 -1 0
    outer loop
      vertex 134.413 0 5.6194
      vertex 151.087 0 5.6194
      vertex 151.706 0 5.82964
    endloop
  endfacet
  facet normal 0 -1 0
    outer loop
      vertex 135 0 5.33012
      vertex 151.087 0 5.6194
      vertex 134.413 0 5.6194
    endloop
  endfacet
  facet normal 0 -1 0
    outer loop
      vertex 135 0 5.33012
      vertex 150.5 0 5.33012
      vertex 151.087 0 5.6194
    endloop
  endfacet
  facet normal 0 -1 0
    outer loop
      vertex 135.544 0 4.96677
      vertex 150.5 0 5.33012
      vertex 135 0 5.33012
    endloop
  endfacet
  facet normal 0 -1 0
    outer loop
      vertex 135.544 0 4.96677
      vertex 149.956 0 4.96677
      vertex 150.5 0 5.33012
    endloop
  endfacet
  facet normal 0 -1 0
    outer loop
      vertex 136.036 0 4.53554
      vertex 149.956 0 4.96677
      vertex 135.544 0 4.96677
    endloop
  endfacet
  facet normal 0 -1 0
    outer loop
      vertex 136.036 0 4.53554
      vertex 149.464 0 4.53554
      vertex 149.956 0 4.96677
    endloop
  endfacet
  facet normal 0 -1 0
    outer loop
      vertex 136.467 0 4.04381
      vertex 149.464 0 4.53554
      vertex 136.036 0 4.53554
    endloop
  endfacet
  facet normal 0 -1 0
    outer loop
      vertex 136.467 0 4.04381
      vertex 149.033 0 4.04381
      vertex 149.464 0 4.53554
    endloop
  endfacet
  facet normal 0 -1 0
    outer loop
      vertex 136.83 0 3.5
      vertex 149.033 0 4.04381
      vertex 136.467 0 4.04381
    endloop
  endfacet
  facet normal 0 -1 0
    outer loop
      vertex 136.83 0 3.5
      vertex 148.67 0 3.5
      vertex 149.033 0 4.04381
    endloop
  endfacet
  facet normal 0 -1 0
    outer loop
      vertex 137.119 0 2.91342
      vertex 148.67 0 3.5
      vertex 136.83 0 3.5
    endloop
  endfacet
  facet normal 0 -1 0
    outer loop
      vertex 137.119 0 2.91342
      vertex 148.381 0 2.91342
      vertex 148.67 0 3.5
    endloop
  endfacet
  facet normal 0 -1 0
    outer loop
      vertex 137.33 0 2.2941
      vertex 148.381 0 2.91342
      vertex 137.119 0 2.91342
    endloop
  endfacet
  facet normal 0 -1 0
    outer loop
      vertex 137.33 0 2.2941
      vertex 148.17 0 2.2941
      vertex 148.381 0 2.91342
    endloop
  endfacet
  facet normal 0 -1 0
    outer loop
      vertex 137.457 0 1.65263
      vertex 148.17 0 2.2941
      vertex 137.33 0 2.2941
    endloop
  endfacet
  facet normal 0 -1 0
    outer loop
      vertex 137.457 0 1.65263
      vertex 148.043 0 1.65263
      vertex 148.17 0 2.2941
    endloop
  endfacet
  facet normal 0 -1 0
    outer loop
      vertex 137.5 0 1
      vertex 148.043 0 1.65263
      vertex 137.457 0 1.65263
    endloop
  endfacet
  facet normal 0 -1 0
    outer loop
      vertex 137.5 0 1
      vertex 148 0 1
      vertex 148.043 0 1.65263
    endloop
  endfacet
  facet normal 0 -1 0
    outer loop
      vertex 137.5 0 -13
      vertex 148 0 1
      vertex 137.5 0 1
    endloop
  endfacet
  facet normal 0 -1 0
    outer loop
      vertex 137.5 0 -13
      vertex 148 0 -13
      vertex 148 0 1
    endloop
  endfacet
  facet normal 0 -1 0
    outer loop
      vertex 137.457 0 -13.6526
      vertex 148 0 -13
      vertex 137.5 0 -13
    endloop
  endfacet
  facet normal 0 -1 0
    outer loop
      vertex 137.457 0 -13.6526
      vertex 148.043 0 -13.6526
      vertex 148 0 -13
    endloop
  endfacet
  facet normal 0 -1 0
    outer loop
      vertex 137.33 0 -14.2941
      vertex 148.043 0 -13.6526
      vertex 137.457 0 -13.6526
    endloop
  endfacet
  facet normal 0 -1 0
    outer loop
      vertex 137.33 0 -14.2941
      vertex 148.17 0 -14.2941
      vertex 148.043 0 -13.6526
    endloop
  endfacet
  facet normal 0 -1 0
    outer loop
      vertex 137.119 0 -14.9134
      vertex 148.17 0 -14.2941
      vertex 137.33 0 -14.2941
    endloop
  endfacet
  facet normal 0 -1 0
    outer loop
      vertex 137.119 0 -14.9134
      vertex 148.381 0 -14.9134
      vertex 148.17 0 -14.2941
    endloop
  endfacet
  facet normal 0 -1 0
    outer loop
      vertex 136.83 0 -15.5
      vertex 148.381 0 -14.9134
      vertex 137.119 0 -14.9134
    endloop
  endfacet
  facet normal 0 -1 0
    outer loop
      vertex 136.83 0 -15.5
      vertex 148.67 0 -15.5
      vertex 148.381 0 -14.9134
    endloop
  endfacet
  facet normal 0 -1 0
    outer loop
      vertex 136.467 0 -16.0438
      vertex 148.67 0 -15.5
      vertex 136.83 0 -15.5
    endloop
  endfacet
  facet normal 0 -1 0
    outer loop
      vertex 136.467 0 -16.0438
      vertex 149.033 0 -16.0438
      vertex 148.67 0 -15.5
    endloop
  endfacet
  facet normal 0 -1 0
    outer loop
      vertex 136.036 0 -16.5355
      vertex 149.033 0 -16.0438
      vertex 136.467 0 -16.0438
    endloop
  endfacet
  facet normal 0 -1 0
    outer loop
      vertex 136.036 0 -16.5355
      vertex 149.464 0 -16.5355
      vertex 149.033 0 -16.0438
    endloop
  endfacet
  facet normal 0 -1 0
    outer loop
      vertex 135.544 0 -16.9668
      vertex 149.464 0 -16.5355
      vertex 136.036 0 -16.5355
    endloop
  endfacet
  facet normal 0 -1 0
    outer loop
      vertex 135.544 0 -16.9668
      vertex 149.956 0 -16.9668
      vertex 149.464 0 -16.5355
    endloop
  endfacet
  facet normal 0 -1 0
    outer loop
      vertex 135 0 -17.3301
      vertex 149.956 0 -16.9668
      vertex 135.544 0 -16.9668
    endloop
  endfacet
  facet normal 0 -1 0
    outer loop
      vertex 135 0 -17.3301
      vertex 150.5 0 -17.3301
      vertex 149.956 0 -16.9668
    endloop
  endfacet
  facet normal 0 -1 0
    outer loop
      vertex 134.413 0 -17.6194
      vertex 150.5 0 -17.3301
      vertex 135 0 -17.3301
    endloop
  endfacet
  facet normal 0 -1 0
    outer loop
      vertex 134.413 0 -17.6194
      vertex 151.087 0 -17.6194
      vertex 150.5 0 -17.3301
    endloop
  endfacet
  facet normal 0 -1 0
    outer loop
      vertex 133.794 0 -17.8296
      vertex 151.087 0 -17.6194
      vertex 134.413 0 -17.6194
    endloop
  endfacet
  facet normal 0 -1 0
    outer loop
      vertex 133.794 0 -17.8296
      vertex 151.706 0 -17.8296
      vertex 151.087 0 -17.6194
    endloop
  endfacet
  facet normal 0 -1 0
    outer loop
      vertex 133.153 0 -17.9572
      vertex 151.706 0 -17.8296
      vertex 133.794 0 -17.8296
    endloop
  endfacet
  facet normal 0 -1 0
    outer loop
      vertex 133.153 0 -17.9572
      vertex 152.347 0 -17.9572
      vertex 151.706 0 -17.8296
    endloop
  endfacet
  facet normal 0 -1 0
    outer loop
      vertex 201 0 -35
      vertex 133.153 0 -17.9572
      vertex 132.5 0 -18
    endloop
  endfacet
  facet normal 0 -1 0
    outer loop
      vertex 133.153 0 -17.9572
      vertex 201 0 -35
      vertex 152.347 0 -17.9572
    endloop
  endfacet
  facet normal 0 -1 0
    outer loop
      vertex 106.653 0 5.95723
      vertex 126.5 0 6
      vertex 106 0 6
    endloop
  endfacet
  facet normal 0 -1 0
    outer loop
      vertex 106.653 0 5.95723
      vertex 125.847 0 5.95723
      vertex 126.5 0 6
    endloop
  endfacet
  facet normal 0 -1 0
    outer loop
      vertex 107.294 0 5.82964
      vertex 125.847 0 5.95723
      vertex 106.653 0 5.95723
    endloop
  endfacet
  facet normal 0 -1 0
    outer loop
      vertex 107.294 0 5.82964
      vertex 125.206 0 5.82964
      vertex 125.847 0 5.95723
    endloop
  endfacet
  facet normal 0 -1 0
    outer loop
      vertex 107.913 0 5.6194
      vertex 125.206 0 5.82964
      vertex 107.294 0 5.82964
    endloop
  endfacet
  facet normal 0 -1 0
    outer loop
      vertex 107.913 0 5.6194
      vertex 124.587 0 5.6194
      vertex 125.206 0 5.82964
    endloop
  endfacet
  facet normal 0 -1 0
    outer loop
      vertex 108.5 0 5.33012
      vertex 124.587 0 5.6194
      vertex 107.913 0 5.6194
    endloop
  endfacet
  facet normal 0 -1 0
    outer loop
      vertex 108.5 0 5.33012
      vertex 124 0 5.33012
      vertex 124.587 0 5.6194
    endloop
  endfacet
  facet normal 0 -1 0
    outer loop
      vertex 109.044 0 4.96677
      vertex 124 0 5.33012
      vertex 108.5 0 5.33012
    endloop
  endfacet
  facet normal 0 -1 0
    outer loop
      vertex 109.044 0 4.96677
      vertex 123.456 0 4.96677
      vertex 124 0 5.33012
    endloop
  endfacet
  facet normal 0 -1 0
    outer loop
      vertex 109.536 0 4.53554
      vertex 123.456 0 4.96677
      vertex 109.044 0 4.96677
    endloop
  endfacet
  facet normal 0 -1 0
    outer loop
      vertex 109.536 0 4.53554
      vertex 122.964 0 4.53554
      vertex 123.456 0 4.96677
    endloop
  endfacet
  facet normal 0 -1 0
    outer loop
      vertex 109.967 0 4.04381
      vertex 122.964 0 4.53554
      vertex 109.536 0 4.53554
    endloop
  endfacet
  facet normal 0 -1 0
    outer loop
      vertex 109.967 0 4.04381
      vertex 122.533 0 4.04381
      vertex 122.964 0 4.53554
    endloop
  endfacet
  facet normal 0 -1 0
    outer loop
      vertex 110.33 0 3.5
      vertex 122.533 0 4.04381
      vertex 109.967 0 4.04381
    endloop
  endfacet
  facet normal 0 -1 0
    outer loop
      vertex 110.33 0 3.5
      vertex 122.17 0 3.5
      vertex 122.533 0 4.04381
    endloop
  endfacet
  facet normal 0 -1 0
    outer loop
      vertex 110.619 0 2.91342
      vertex 122.17 0 3.5
      vertex 110.33 0 3.5
    endloop
  endfacet
  facet normal 0 -1 0
    outer loop
      vertex 110.619 0 2.91342
      vertex 121.881 0 2.91342
      vertex 122.17 0 3.5
    endloop
  endfacet
  facet normal 0 -1 0
    outer loop
      vertex 110.83 0 2.2941
      vertex 121.881 0 2.91342
      vertex 110.619 0 2.91342
    endloop
  endfacet
  facet normal 0 -1 0
    outer loop
      vertex 110.83 0 2.2941
      vertex 121.67 0 2.2941
      vertex 121.881 0 2.91342
    endloop
  endfacet
  facet normal 0 -1 0
    outer loop
      vertex 110.957 0 1.65263
      vertex 121.67 0 2.2941
      vertex 110.83 0 2.2941
    endloop
  endfacet
  facet normal 0 -1 0
    outer loop
      vertex 110.957 0 1.65263
      vertex 121.543 0 1.65263
      vertex 121.67 0 2.2941
    endloop
  endfacet
  facet normal 0 -1 0
    outer loop
      vertex 111 0 1
      vertex 121.543 0 1.65263
      vertex 110.957 0 1.65263
    endloop
  endfacet
  facet normal 0 -1 0
    outer loop
      vertex 111 0 1
      vertex 121.5 0 1
      vertex 121.543 0 1.65263
    endloop
  endfacet
  facet normal 0 -1 0
    outer loop
      vertex 111 0 -13
      vertex 121.5 0 1
      vertex 111 0 1
    endloop
  endfacet
  facet normal 0 -1 0
    outer loop
      vertex 111 0 -13
      vertex 121.5 0 -13
      vertex 121.5 0 1
    endloop
  endfacet
  facet normal 0 -1 0
    outer loop
      vertex 110.957 0 -13.6526
      vertex 121.5 0 -13
      vertex 111 0 -13
    endloop
  endfacet
  facet normal 0 -1 0
    outer loop
      vertex 110.957 0 -13.6526
      vertex 121.543 0 -13.6526
      vertex 121.5 0 -13
    endloop
  endfacet
  facet normal 0 -1 0
    outer loop
      vertex 110.83 0 -14.2941
      vertex 121.543 0 -13.6526
      vertex 110.957 0 -13.6526
    endloop
  endfacet
  facet normal 0 -1 0
    outer loop
      vertex 110.83 0 -14.2941
      vertex 121.67 0 -14.2941
      vertex 121.543 0 -13.6526
    endloop
  endfacet
  facet normal 0 -1 0
    outer loop
      vertex 110.619 0 -14.9134
      vertex 121.67 0 -14.2941
      vertex 110.83 0 -14.2941
    endloop
  endfacet
  facet normal 0 -1 0
    outer loop
      vertex 110.619 0 -14.9134
      vertex 121.881 0 -14.9134
      vertex 121.67 0 -14.2941
    endloop
  endfacet
  facet normal 0 -1 0
    outer loop
      vertex 110.33 0 -15.5
      vertex 121.881 0 -14.9134
      vertex 110.619 0 -14.9134
    endloop
  endfacet
  facet normal 0 -1 0
    outer loop
      vertex 110.33 0 -15.5
      vertex 122.17 0 -15.5
      vertex 121.881 0 -14.9134
    endloop
  endfacet
  facet normal 0 -1 0
    outer loop
      vertex 109.967 0 -16.0438
      vertex 122.17 0 -15.5
      vertex 110.33 0 -15.5
    endloop
  endfacet
  facet normal 0 -1 0
    outer loop
      vertex 109.967 0 -16.0438
      vertex 122.533 0 -16.0438
      vertex 122.17 0 -15.5
    endloop
  endfacet
  facet normal 0 -1 0
    outer loop
      vertex 109.536 0 -16.5355
      vertex 122.533 0 -16.0438
      vertex 109.967 0 -16.0438
    endloop
  endfacet
  facet normal 0 -1 0
    outer loop
      vertex 109.536 0 -16.5355
      vertex 122.964 0 -16.5355
      vertex 122.533 0 -16.0438
    endloop
  endfacet
  facet normal 0 -1 0
    outer loop
      vertex 109.044 0 -16.9668
      vertex 122.964 0 -16.5355
      vertex 109.536 0 -16.5355
    endloop
  endfacet
  facet normal 0 -1 0
    outer loop
      vertex 109.044 0 -16.9668
      vertex 123.456 0 -16.9668
      vertex 122.964 0 -16.5355
    endloop
  endfacet
  facet normal 0 -1 0
    outer loop
      vertex 108.5 0 -17.3301
      vertex 123.456 0 -16.9668
      vertex 109.044 0 -16.9668
    endloop
  endfacet
  facet normal 0 -1 0
    outer loop
      vertex 108.5 0 -17.3301
      vertex 124 0 -17.3301
      vertex 123.456 0 -16.9668
    endloop
  endfacet
  facet normal 0 -1 0
    outer loop
      vertex 107.913 0 -17.6194
      vertex 124 0 -17.3301
      vertex 108.5 0 -17.3301
    endloop
  endfacet
  facet normal 0 -1 0
    outer loop
      vertex 107.913 0 -17.6194
      vertex 124.587 0 -17.6194
      vertex 124 0 -17.3301
    endloop
  endfacet
  facet normal 0 -1 0
    outer loop
      vertex 107.294 0 -17.8296
      vertex 124.587 0 -17.6194
      vertex 107.913 0 -17.6194
    endloop
  endfacet
  facet normal 0 -1 0
    outer loop
      vertex 107.294 0 -17.8296
      vertex 125.206 0 -17.8296
      vertex 124.587 0 -17.6194
    endloop
  endfacet
  facet normal 0 -1 0
    outer loop
      vertex 106.653 0 -17.9572
      vertex 125.206 0 -17.8296
      vertex 107.294 0 -17.8296
    endloop
  endfacet
  facet normal 0 -1 0
    outer loop
      vertex 106.653 0 -17.9572
      vertex 125.847 0 -17.9572
      vertex 125.206 0 -17.8296
    endloop
  endfacet
  facet normal 0 -1 0
    outer loop
      vertex 106 0 -18
      vertex 125.847 0 -17.9572
      vertex 106.653 0 -17.9572
    endloop
  endfacet
  facet normal 0 -1 -0
    outer loop
      vertex 125.847 0 -17.9572
      vertex 106 0 -18
      vertex 126.5 0 -18
    endloop
  endfacet
  facet normal 0 -1 0
    outer loop
      vertex 80.1526 0 5.95723
      vertex 100 0 6
      vertex 79.5 0 6
    endloop
  endfacet
  facet normal 0 -1 0
    outer loop
      vertex 80.1526 0 5.95723
      vertex 99.3474 0 5.95723
      vertex 100 0 6
    endloop
  endfacet
  facet normal 0 -1 0
    outer loop
      vertex 80.7941 0 5.82964
      vertex 99.3474 0 5.95723
      vertex 80.1526 0 5.95723
    endloop
  endfacet
  facet normal 0 -1 0
    outer loop
      vertex 80.7941 0 5.82964
      vertex 98.7059 0 5.82964
      vertex 99.3474 0 5.95723
    endloop
  endfacet
  facet normal 0 -1 0
    outer loop
      vertex 81.4134 0 5.6194
      vertex 98.7059 0 5.82964
      vertex 80.7941 0 5.82964
    endloop
  endfacet
  facet normal 0 -1 0
    outer loop
      vertex 81.4134 0 5.6194
      vertex 98.0866 0 5.6194
      vertex 98.7059 0 5.82964
    endloop
  endfacet
  facet normal 0 -1 0
    outer loop
      vertex 82 0 5.33012
      vertex 98.0866 0 5.6194
      vertex 81.4134 0 5.6194
    endloop
  endfacet
  facet normal 0 -1 0
    outer loop
      vertex 82 0 5.33012
      vertex 97.5 0 5.33012
      vertex 98.0866 0 5.6194
    endloop
  endfacet
  facet normal 0 -1 0
    outer loop
      vertex 82.5438 0 4.96677
      vertex 97.5 0 5.33012
      vertex 82 0 5.33012
    endloop
  endfacet
  facet normal 0 -1 0
    outer loop
      vertex 82.5438 0 4.96677
      vertex 96.9562 0 4.96677
      vertex 97.5 0 5.33012
    endloop
  endfacet
  facet normal 0 -1 0
    outer loop
      vertex 83.0355 0 4.53554
      vertex 96.9562 0 4.96677
      vertex 82.5438 0 4.96677
    endloop
  endfacet
  facet normal 0 -1 0
    outer loop
      vertex 83.0355 0 4.53554
      vertex 96.4645 0 4.53554
      vertex 96.9562 0 4.96677
    endloop
  endfacet
  facet normal 0 -1 0
    outer loop
      vertex 83.4668 0 4.04381
      vertex 96.4645 0 4.53554
      vertex 83.0355 0 4.53554
    endloop
  endfacet
  facet normal 0 -1 0
    outer loop
      vertex 83.4668 0 4.04381
      vertex 96.0332 0 4.04381
      vertex 96.4645 0 4.53554
    endloop
  endfacet
  facet normal 0 -1 0
    outer loop
      vertex 83.8301 0 3.5
      vertex 96.0332 0 4.04381
      vertex 83.4668 0 4.04381
    endloop
  endfacet
  facet normal 0 -1 0
    outer loop
      vertex 83.8301 0 3.5
      vertex 95.6699 0 3.5
      vertex 96.0332 0 4.04381
    endloop
  endfacet
  facet normal 0 -1 0
    outer loop
      vertex 84.1194 0 2.91342
      vertex 95.6699 0 3.5
      vertex 83.8301 0 3.5
    endloop
  endfacet
  facet normal 0 -1 0
    outer loop
      vertex 84.1194 0 2.91342
      vertex 95.3806 0 2.91342
      vertex 95.6699 0 3.5
    endloop
  endfacet
  facet normal 0 -1 0
    outer loop
      vertex 84.3296 0 2.2941
      vertex 95.3806 0 2.91342
      vertex 84.1194 0 2.91342
    endloop
  endfacet
  facet normal 0 -1 0
    outer loop
      vertex 84.3296 0 2.2941
      vertex 95.1704 0 2.2941
      vertex 95.3806 0 2.91342
    endloop
  endfacet
  facet normal 0 -1 0
    outer loop
      vertex 84.4572 0 1.65263
      vertex 95.1704 0 2.2941
      vertex 84.3296 0 2.2941
    endloop
  endfacet
  facet normal 0 -1 0
    outer loop
      vertex 84.4572 0 1.65263
      vertex 95.0428 0 1.65263
      vertex 95.1704 0 2.2941
    endloop
  endfacet
  facet normal 0 -1 0
    outer loop
      vertex 84.5 0 1
      vertex 95.0428 0 1.65263
      vertex 84.4572 0 1.65263
    endloop
  endfacet
  facet normal 0 -1 0
    outer loop
      vertex 84.5 0 1
      vertex 95 0 1
      vertex 95.0428 0 1.65263
    endloop
  endfacet
  facet normal 0 -1 0
    outer loop
      vertex 84.5 0 -13
      vertex 95 0 1
      vertex 84.5 0 1
    endloop
  endfacet
  facet normal 0 -1 0
    outer loop
      vertex 84.5 0 -13
      vertex 95 0 -13
      vertex 95 0 1
    endloop
  endfacet
  facet normal 0 -1 0
    outer loop
      vertex 84.4572 0 -13.6526
      vertex 95 0 -13
      vertex 84.5 0 -13
    endloop
  endfacet
  facet normal 0 -1 0
    outer loop
      vertex 84.4572 0 -13.6526
      vertex 95.0428 0 -13.6526
      vertex 95 0 -13
    endloop
  endfacet
  facet normal 0 -1 0
    outer loop
      vertex 84.3296 0 -14.2941
      vertex 95.0428 0 -13.6526
      vertex 84.4572 0 -13.6526
    endloop
  endfacet
  facet normal 0 -1 0
    outer loop
      vertex 84.3296 0 -14.2941
      vertex 95.1704 0 -14.2941
      vertex 95.0428 0 -13.6526
    endloop
  endfacet
  facet normal 0 -1 0
    outer loop
      vertex 84.1194 0 -14.9134
      vertex 95.1704 0 -14.2941
      vertex 84.3296 0 -14.2941
    endloop
  endfacet
  facet normal 0 -1 0
    outer loop
      vertex 84.1194 0 -14.9134
      vertex 95.3806 0 -14.9134
      vertex 95.1704 0 -14.2941
    endloop
  endfacet
  facet normal 0 -1 0
    outer loop
      vertex 83.8301 0 -15.5
      vertex 95.3806 0 -14.9134
      vertex 84.1194 0 -14.9134
    endloop
  endfacet
  facet normal 0 -1 0
    outer loop
      vertex 83.8301 0 -15.5
      vertex 95.6699 0 -15.5
      vertex 95.3806 0 -14.9134
    endloop
  endfacet
  facet normal 0 -1 0
    outer loop
      vertex 83.4668 0 -16.0438
      vertex 95.6699 0 -15.5
      vertex 83.8301 0 -15.5
    endloop
  endfacet
  facet normal 0 -1 0
    outer loop
      vertex 83.4668 0 -16.0438
      vertex 96.0332 0 -16.0438
      vertex 95.6699 0 -15.5
    endloop
  endfacet
  facet normal 0 -1 0
    outer loop
      vertex 83.0355 0 -16.5355
      vertex 96.0332 0 -16.0438
      vertex 83.4668 0 -16.0438
    endloop
  endfacet
  facet normal 0 -1 0
    outer loop
      vertex 83.0355 0 -16.5355
      vertex 96.4645 0 -16.5355
      vertex 96.0332 0 -16.0438
    endloop
  endfacet
  facet normal 0 -1 0
    outer loop
      vertex 82.5438 0 -16.9668
      vertex 96.4645 0 -16.5355
      vertex 83.0355 0 -16.5355
    endloop
  endfacet
  facet normal 0 -1 0
    outer loop
      vertex 82.5438 0 -16.9668
      vertex 96.9562 0 -16.9668
      vertex 96.4645 0 -16.5355
    endloop
  endfacet
  facet normal 0 -1 0
    outer loop
      vertex 82 0 -17.3301
      vertex 96.9562 0 -16.9668
      vertex 82.5438 0 -16.9668
    endloop
  endfacet
  facet normal 0 -1 0
    outer loop
      vertex 82 0 -17.3301
      vertex 97.5 0 -17.3301
      vertex 96.9562 0 -16.9668
    endloop
  endfacet
  facet normal 0 -1 0
    outer loop
      vertex 81.4134 0 -17.6194
      vertex 97.5 0 -17.3301
      vertex 82 0 -17.3301
    endloop
  endfacet
  facet normal 0 -1 0
    outer loop
      vertex 81.4134 0 -17.6194
      vertex 98.0866 0 -17.6194
      vertex 97.5 0 -17.3301
    endloop
  endfacet
  facet normal 0 -1 0
    outer loop
      vertex 80.7941 0 -17.8296
      vertex 98.0866 0 -17.6194
      vertex 81.4134 0 -17.6194
    endloop
  endfacet
  facet normal 0 -1 0
    outer loop
      vertex 80.7941 0 -17.8296
      vertex 98.7059 0 -17.8296
      vertex 98.0866 0 -17.6194
    endloop
  endfacet
  facet normal 0 -1 0
    outer loop
      vertex 80.1526 0 -17.9572
      vertex 98.7059 0 -17.8296
      vertex 80.7941 0 -17.8296
    endloop
  endfacet
  facet normal 0 -1 0
    outer loop
      vertex 80.1526 0 -17.9572
      vertex 99.3474 0 -17.9572
      vertex 98.7059 0 -17.8296
    endloop
  endfacet
  facet normal 0 -1 0
    outer loop
      vertex 79.5 0 -18
      vertex 99.3474 0 -17.9572
      vertex 80.1526 0 -17.9572
    endloop
  endfacet
  facet normal 0 -1 -0
    outer loop
      vertex 99.3474 0 -17.9572
      vertex 79.5 0 -18
      vertex 100 0 -18
    endloop
  endfacet
  facet normal 0 -1 0
    outer loop
      vertex 53.6526 0 5.95723
      vertex 73.5 0 6
      vertex 53 0 6
    endloop
  endfacet
  facet normal 0 -1 0
    outer loop
      vertex 53.6526 0 5.95723
      vertex 72.8474 0 5.95723
      vertex 73.5 0 6
    endloop
  endfacet
  facet normal 0 -1 0
    outer loop
      vertex 54.2941 0 5.82964
      vertex 72.8474 0 5.95723
      vertex 53.6526 0 5.95723
    endloop
  endfacet
  facet normal 0 -1 0
    outer loop
      vertex 54.2941 0 5.82964
      vertex 72.2059 0 5.82964
      vertex 72.8474 0 5.95723
    endloop
  endfacet
  facet normal 0 -1 0
    outer loop
      vertex 54.9134 0 5.6194
      vertex 72.2059 0 5.82964
      vertex 54.2941 0 5.82964
    endloop
  endfacet
  facet normal 0 -1 0
    outer loop
      vertex 54.9134 0 5.6194
      vertex 71.5866 0 5.6194
      vertex 72.2059 0 5.82964
    endloop
  endfacet
  facet normal 0 -1 0
    outer loop
      vertex 55.5 0 5.33012
      vertex 71.5866 0 5.6194
      vertex 54.9134 0 5.6194
    endloop
  endfacet
  facet normal 0 -1 0
    outer loop
      vertex 55.5 0 5.33012
      vertex 71 0 5.33012
      vertex 71.5866 0 5.6194
    endloop
  endfacet
  facet normal 0 -1 0
    outer loop
      vertex 56.0438 0 4.96677
      vertex 71 0 5.33012
      vertex 55.5 0 5.33012
    endloop
  endfacet
  facet normal 0 -1 0
    outer loop
      vertex 56.0438 0 4.96677
      vertex 70.4562 0 4.96677
      vertex 71 0 5.33012
    endloop
  endfacet
  facet normal 0 -1 0
    outer loop
      vertex 56.5355 0 4.53554
      vertex 70.4562 0 4.96677
      vertex 56.0438 0 4.96677
    endloop
  endfacet
  facet normal 0 -1 0
    outer loop
      vertex 56.5355 0 4.53554
      vertex 69.9645 0 4.53554
      vertex 70.4562 0 4.96677
    endloop
  endfacet
  facet normal 0 -1 0
    outer loop
      vertex 56.9668 0 4.04381
      vertex 69.9645 0 4.53554
      vertex 56.5355 0 4.53554
    endloop
  endfacet
  facet normal 0 -1 0
    outer loop
      vertex 56.9668 0 4.04381
      vertex 69.5332 0 4.04381
      vertex 69.9645 0 4.53554
    endloop
  endfacet
  facet normal 0 -1 0
    outer loop
      vertex 57.3301 0 3.5
      vertex 69.5332 0 4.04381
      vertex 56.9668 0 4.04381
    endloop
  endfacet
  facet normal 0 -1 0
    outer loop
      vertex 57.3301 0 3.5
      vertex 69.1699 0 3.5
      vertex 69.5332 0 4.04381
    endloop
  endfacet
  facet normal 0 -1 0
    outer loop
      vertex 57.6194 0 2.91342
      vertex 69.1699 0 3.5
      vertex 57.3301 0 3.5
    endloop
  endfacet
  facet normal 0 -1 0
    outer loop
      vertex 57.6194 0 2.91342
      vertex 68.8806 0 2.91342
      vertex 69.1699 0 3.5
    endloop
  endfacet
  facet normal 0 -1 0
    outer loop
      vertex 57.8296 0 2.2941
      vertex 68.8806 0 2.91342
      vertex 57.6194 0 2.91342
    endloop
  endfacet
  facet normal 0 -1 0
    outer loop
      vertex 57.8296 0 2.2941
      vertex 68.6704 0 2.2941
      vertex 68.8806 0 2.91342
    endloop
  endfacet
  facet normal 0 -1 0
    outer loop
      vertex 57.9572 0 1.65263
      vertex 68.6704 0 2.2941
      vertex 57.8296 0 2.2941
    endloop
  endfacet
  facet normal 0 -1 0
    outer loop
      vertex 57.9572 0 1.65263
      vertex 68.5428 0 1.65263
      vertex 68.6704 0 2.2941
    endloop
  endfacet
  facet normal 0 -1 0
    outer loop
      vertex 58 0 1
      vertex 68.5428 0 1.65263
      vertex 57.9572 0 1.65263
    endloop
  endfacet
  facet normal 0 -1 0
    outer loop
      vertex 58 0 1
      vertex 68.5 0 1
      vertex 68.5428 0 1.65263
    endloop
  endfacet
  facet normal 0 -1 0
    outer loop
      vertex 58 0 -13
      vertex 68.5 0 1
      vertex 58 0 1
    endloop
  endfacet
  facet normal 0 -1 0
    outer loop
      vertex 58 0 -13
      vertex 68.5 0 -13
      vertex 68.5 0 1
    endloop
  endfacet
  facet normal 0 -1 0
    outer loop
      vertex 57.9572 0 -13.6526
      vertex 68.5 0 -13
      vertex 58 0 -13
    endloop
  endfacet
  facet normal 0 -1 0
    outer loop
      vertex 57.9572 0 -13.6526
      vertex 68.5428 0 -13.6526
      vertex 68.5 0 -13
    endloop
  endfacet
  facet normal 0 -1 0
    outer loop
      vertex 57.8296 0 -14.2941
      vertex 68.5428 0 -13.6526
      vertex 57.9572 0 -13.6526
    endloop
  endfacet
  facet normal 0 -1 0
    outer loop
      vertex 57.8296 0 -14.2941
      vertex 68.6704 0 -14.2941
      vertex 68.5428 0 -13.6526
    endloop
  endfacet
  facet normal 0 -1 0
    outer loop
      vertex 57.6194 0 -14.9134
      vertex 68.6704 0 -14.2941
      vertex 57.8296 0 -14.2941
    endloop
  endfacet
  facet normal 0 -1 0
    outer loop
      vertex 57.6194 0 -14.9134
      vertex 68.8806 0 -14.9134
      vertex 68.6704 0 -14.2941
    endloop
  endfacet
  facet normal 0 -1 0
    outer loop
      vertex 57.3301 0 -15.5
      vertex 68.8806 0 -14.9134
      vertex 57.6194 0 -14.9134
    endloop
  endfacet
  facet normal 0 -1 0
    outer loop
      vertex 57.3301 0 -15.5
      vertex 69.1699 0 -15.5
      vertex 68.8806 0 -14.9134
    endloop
  endfacet
  facet normal 0 -1 0
    outer loop
      vertex 56.9668 0 -16.0438
      vertex 69.1699 0 -15.5
      vertex 57.3301 0 -15.5
    endloop
  endfacet
  facet normal 0 -1 0
    outer loop
      vertex 56.9668 0 -16.0438
      vertex 69.5332 0 -16.0438
      vertex 69.1699 0 -15.5
    endloop
  endfacet
  facet normal 0 -1 0
    outer loop
      vertex 56.5355 0 -16.5355
      vertex 69.5332 0 -16.0438
      vertex 56.9668 0 -16.0438
    endloop
  endfacet
  facet normal 0 -1 0
    outer loop
      vertex 56.5355 0 -16.5355
      vertex 69.9645 0 -16.5355
      vertex 69.5332 0 -16.0438
    endloop
  endfacet
  facet normal 0 -1 0
    outer loop
      vertex 56.0438 0 -16.9668
      vertex 69.9645 0 -16.5355
      vertex 56.5355 0 -16.5355
    endloop
  endfacet
  facet normal 0 -1 0
    outer loop
      vertex 56.0438 0 -16.9668
      vertex 70.4562 0 -16.9668
      vertex 69.9645 0 -16.5355
    endloop
  endfacet
  facet normal 0 -1 0
    outer loop
      vertex 55.5 0 -17.3301
      vertex 70.4562 0 -16.9668
      vertex 56.0438 0 -16.9668
    endloop
  endfacet
  facet normal 0 -1 0
    outer loop
      vertex 55.5 0 -17.3301
      vertex 71 0 -17.3301
      vertex 70.4562 0 -16.9668
    endloop
  endfacet
  facet normal 0 -1 0
    outer loop
      vertex 54.9134 0 -17.6194
      vertex 71 0 -17.3301
      vertex 55.5 0 -17.3301
    endloop
  endfacet
  facet normal 0 -1 0
    outer loop
      vertex 54.9134 0 -17.6194
      vertex 71.5866 0 -17.6194
      vertex 71 0 -17.3301
    endloop
  endfacet
  facet normal 0 -1 0
    outer loop
      vertex 54.2941 0 -17.8296
      vertex 71.5866 0 -17.6194
      vertex 54.9134 0 -17.6194
    endloop
  endfacet
  facet normal 0 -1 0
    outer loop
      vertex 54.2941 0 -17.8296
      vertex 72.2059 0 -17.8296
      vertex 71.5866 0 -17.6194
    endloop
  endfacet
  facet normal 0 -1 0
    outer loop
      vertex 53.6526 0 -17.9572
      vertex 72.2059 0 -17.8296
      vertex 54.2941 0 -17.8296
    endloop
  endfacet
  facet normal 0 -1 0
    outer loop
      vertex 53.6526 0 -17.9572
      vertex 72.8474 0 -17.9572
      vertex 72.2059 0 -17.8296
    endloop
  endfacet
  facet normal 0 -1 0
    outer loop
      vertex 53 0 -18
      vertex 72.8474 0 -17.9572
      vertex 53.6526 0 -17.9572
    endloop
  endfacet
  facet normal 0 -1 -0
    outer loop
      vertex 72.8474 0 -17.9572
      vertex 53 0 -18
      vertex 73.5 0 -18
    endloop
  endfacet
  facet normal 0 -1 0
    outer loop
      vertex 27.1526 0 5.95723
      vertex 47 0 6
      vertex 26.5 0 6
    endloop
  endfacet
  facet normal 0 -1 0
    outer loop
      vertex 27.1526 0 5.95723
      vertex 46.3474 0 5.95723
      vertex 47 0 6
    endloop
  endfacet
  facet normal 0 -1 0
    outer loop
      vertex 27.7941 0 5.82964
      vertex 46.3474 0 5.95723
      vertex 27.1526 0 5.95723
    endloop
  endfacet
  facet normal 0 -1 0
    outer loop
      vertex 27.7941 0 5.82964
      vertex 45.7059 0 5.82964
      vertex 46.3474 0 5.95723
    endloop
  endfacet
  facet normal 0 -1 0
    outer loop
      vertex 28.4134 0 5.6194
      vertex 45.7059 0 5.82964
      vertex 27.7941 0 5.82964
    endloop
  endfacet
  facet normal 0 -1 0
    outer loop
      vertex 28.4134 0 5.6194
      vertex 45.0866 0 5.6194
      vertex 45.7059 0 5.82964
    endloop
  endfacet
  facet normal 0 -1 0
    outer loop
      vertex 29 0 5.33012
      vertex 45.0866 0 5.6194
      vertex 28.4134 0 5.6194
    endloop
  endfacet
  facet normal 0 -1 0
    outer loop
      vertex 29 0 5.33012
      vertex 44.5 0 5.33012
      vertex 45.0866 0 5.6194
    endloop
  endfacet
  facet normal 0 -1 0
    outer loop
      vertex 29.5438 0 4.96677
      vertex 44.5 0 5.33012
      vertex 29 0 5.33012
    endloop
  endfacet
  facet normal 0 -1 0
    outer loop
      vertex 29.5438 0 4.96677
      vertex 43.9562 0 4.96677
      vertex 44.5 0 5.33012
    endloop
  endfacet
  facet normal 0 -1 0
    outer loop
      vertex 30.0355 0 4.53554
      vertex 43.9562 0 4.96677
      vertex 29.5438 0 4.96677
    endloop
  endfacet
  facet normal 0 -1 0
    outer loop
      vertex 30.0355 0 4.53554
      vertex 43.4645 0 4.53554
      vertex 43.9562 0 4.96677
    endloop
  endfacet
  facet normal 0 -1 0
    outer loop
      vertex 30.4668 0 4.04381
      vertex 43.4645 0 4.53554
      vertex 30.0355 0 4.53554
    endloop
  endfacet
  facet normal 0 -1 0
    outer loop
      vertex 30.4668 0 4.04381
      vertex 43.0332 0 4.04381
      vertex 43.4645 0 4.53554
    endloop
  endfacet
  facet normal 0 -1 0
    outer loop
      vertex 30.8301 0 3.5
      vertex 43.0332 0 4.04381
      vertex 30.4668 0 4.04381
    endloop
  endfacet
  facet normal 0 -1 0
    outer loop
      vertex 30.8301 0 3.5
      vertex 42.6699 0 3.5
      vertex 43.0332 0 4.04381
    endloop
  endfacet
  facet normal 0 -1 0
    outer loop
      vertex 31.1194 0 2.91342
      vertex 42.6699 0 3.5
      vertex 30.8301 0 3.5
    endloop
  endfacet
  facet normal 0 -1 0
    outer loop
      vertex 31.1194 0 2.91342
      vertex 42.3806 0 2.91342
      vertex 42.6699 0 3.5
    endloop
  endfacet
  facet normal 0 -1 0
    outer loop
      vertex 31.3296 0 2.2941
      vertex 42.3806 0 2.91342
      vertex 31.1194 0 2.91342
    endloop
  endfacet
  facet normal 0 -1 0
    outer loop
      vertex 31.3296 0 2.2941
      vertex 42.1704 0 2.2941
      vertex 42.3806 0 2.91342
    endloop
  endfacet
  facet normal 0 -1 0
    outer loop
      vertex 31.4572 0 1.65263
      vertex 42.1704 0 2.2941
      vertex 31.3296 0 2.2941
    endloop
  endfacet
  facet normal 0 -1 0
    outer loop
      vertex 31.4572 0 1.65263
      vertex 42.0428 0 1.65263
      vertex 42.1704 0 2.2941
    endloop
  endfacet
  facet normal 0 -1 0
    outer loop
      vertex 31.5 0 1
      vertex 42.0428 0 1.65263
      vertex 31.4572 0 1.65263
    endloop
  endfacet
  facet normal 0 -1 0
    outer loop
      vertex 31.5 0 1
      vertex 42 0 1
      vertex 42.0428 0 1.65263
    endloop
  endfacet
  facet normal 0 -1 0
    outer loop
      vertex 31.5 0 -13
      vertex 42 0 1
      vertex 31.5 0 1
    endloop
  endfacet
  facet normal 0 -1 0
    outer loop
      vertex 31.5 0 -13
      vertex 42 0 -13
      vertex 42 0 1
    endloop
  endfacet
  facet normal 0 -1 0
    outer loop
      vertex 31.4572 0 -13.6526
      vertex 42 0 -13
      vertex 31.5 0 -13
    endloop
  endfacet
  facet normal 0 -1 0
    outer loop
      vertex 31.4572 0 -13.6526
      vertex 42.0428 0 -13.6526
      vertex 42 0 -13
    endloop
  endfacet
  facet normal 0 -1 0
    outer loop
      vertex 31.3296 0 -14.2941
      vertex 42.0428 0 -13.6526
      vertex 31.4572 0 -13.6526
    endloop
  endfacet
  facet normal 0 -1 0
    outer loop
      vertex 31.3296 0 -14.2941
      vertex 42.1704 0 -14.2941
      vertex 42.0428 0 -13.6526
    endloop
  endfacet
  facet normal 0 -1 0
    outer loop
      vertex 31.1194 0 -14.9134
      vertex 42.1704 0 -14.2941
      vertex 31.3296 0 -14.2941
    endloop
  endfacet
  facet normal 0 -1 0
    outer loop
      vertex 31.1194 0 -14.9134
      vertex 42.3806 0 -14.9134
      vertex 42.1704 0 -14.2941
    endloop
  endfacet
  facet normal 0 -1 0
    outer loop
      vertex 30.8301 0 -15.5
      vertex 42.3806 0 -14.9134
      vertex 31.1194 0 -14.9134
    endloop
  endfacet
  facet normal 0 -1 0
    outer loop
      vertex 30.8301 0 -15.5
      vertex 42.6699 0 -15.5
      vertex 42.3806 0 -14.9134
    endloop
  endfacet
  facet normal 0 -1 0
    outer loop
      vertex 30.4668 0 -16.0438
      vertex 42.6699 0 -15.5
      vertex 30.8301 0 -15.5
    endloop
  endfacet
  facet normal 0 -1 0
    outer loop
      vertex 30.4668 0 -16.0438
      vertex 43.0332 0 -16.0438
      vertex 42.6699 0 -15.5
    endloop
  endfacet
  facet normal 0 -1 0
    outer loop
      vertex 30.0355 0 -16.5355
      vertex 43.0332 0 -16.0438
      vertex 30.4668 0 -16.0438
    endloop
  endfacet
  facet normal 0 -1 0
    outer loop
      vertex 30.0355 0 -16.5355
      vertex 43.4645 0 -16.5355
      vertex 43.0332 0 -16.0438
    endloop
  endfacet
  facet normal 0 -1 0
    outer loop
      vertex 29.5438 0 -16.9668
      vertex 43.4645 0 -16.5355
      vertex 30.0355 0 -16.5355
    endloop
  endfacet
  facet normal 0 -1 0
    outer loop
      vertex 29.5438 0 -16.9668
      vertex 43.9562 0 -16.9668
      vertex 43.4645 0 -16.5355
    endloop
  endfacet
  facet normal 0 -1 0
    outer loop
      vertex 29 0 -17.3301
      vertex 43.9562 0 -16.9668
      vertex 29.5438 0 -16.9668
    endloop
  endfacet
  facet normal 0 -1 0
    outer loop
      vertex 29 0 -17.3301
      vertex 44.5 0 -17.3301
      vertex 43.9562 0 -16.9668
    endloop
  endfacet
  facet normal 0 -1 0
    outer loop
      vertex 28.4134 0 -17.6194
      vertex 44.5 0 -17.3301
      vertex 29 0 -17.3301
    endloop
  endfacet
  facet normal 0 -1 0
    outer loop
      vertex 28.4134 0 -17.6194
      vertex 45.0866 0 -17.6194
      vertex 44.5 0 -17.3301
    endloop
  endfacet
  facet normal 0 -1 0
    outer loop
      vertex 27.7941 0 -17.8296
      vertex 45.0866 0 -17.6194
      vertex 28.4134 0 -17.6194
    endloop
  endfacet
  facet normal 0 -1 0
    outer loop
      vertex 27.7941 0 -17.8296
      vertex 45.7059 0 -17.8296
      vertex 45.0866 0 -17.6194
    endloop
  endfacet
  facet normal 0 -1 0
    outer loop
      vertex 27.1526 0 -17.9572
      vertex 45.7059 0 -17.8296
      vertex 27.7941 0 -17.8296
    endloop
  endfacet
  facet normal 0 -1 0
    outer loop
      vertex 27.1526 0 -17.9572
      vertex 46.3474 0 -17.9572
      vertex 45.7059 0 -17.8296
    endloop
  endfacet
  facet normal 0 -1 0
    outer loop
      vertex -14 0 -35
      vertex 27.1526 0 -17.9572
      vertex 26.5 0 -18
    endloop
  endfacet
  facet normal 0 -1 -0
    outer loop
      vertex 27.1526 0 -17.9572
      vertex -14 0 -35
      vertex 46.3474 0 -17.9572
    endloop
  endfacet
  facet normal 0 -1 0
    outer loop
      vertex 73.5 0 6
      vertex -1.02945 0 20
      vertex 53 0 6
    endloop
  endfacet
  facet normal 0 -1 0
    outer loop
      vertex 100 0 6
      vertex -1.02945 0 20
      vertex 79.5 0 6
    endloop
  endfacet
  facet normal 0 -1 0
    outer loop
      vertex 20.5 0 6
      vertex 0.978946 0 7.43584
      vertex 1.94114 0 7.24444
    endloop
  endfacet
  facet normal 0 -1 0
    outer loop
      vertex -1.02945 0 20
      vertex 100 0 6
      vertex 188.029 0 20
    endloop
  endfacet
  facet normal 0 -1 0
    outer loop
      vertex 19.8474 0 5.95723
      vertex 1.94114 0 7.24444
      vertex 2.87012 0 6.9291
    endloop
  endfacet
  facet normal 0 -1 0
    outer loop
      vertex 106 0 6
      vertex 188.029 0 20
      vertex 100 0 6
    endloop
  endfacet
  facet normal 0 -1 0
    outer loop
      vertex 19.2059 0 5.82964
      vertex 2.87012 0 6.9291
      vertex 3.75 0 6.49519
    endloop
  endfacet
  facet normal 0 -1 0
    outer loop
      vertex 0.978946 0 7.43584
      vertex 47 0 6
      vertex 53 0 6
    endloop
  endfacet
  facet normal 0 -1 0
    outer loop
      vertex 0.978946 0 7.43584
      vertex 20.5 0 6
      vertex 26.5 0 6
    endloop
  endfacet
  facet normal 0 -1 0
    outer loop
      vertex 1.94114 0 7.24444
      vertex 19.8474 0 5.95723
      vertex 20.5 0 6
    endloop
  endfacet
  facet normal 0 -1 0
    outer loop
      vertex 18 0 5.33012
      vertex 3.75 0 6.49519
      vertex 4.56571 0 5.95015
    endloop
  endfacet
  facet normal 0 -1 0
    outer loop
      vertex 2.87012 0 6.9291
      vertex 19.2059 0 5.82964
      vertex 19.8474 0 5.95723
    endloop
  endfacet
  facet normal 0 -1 0
    outer loop
      vertex 3.75 0 6.49519
      vertex 18.5866 0 5.6194
      vertex 19.2059 0 5.82964
    endloop
  endfacet
  facet normal 0 -1 0
    outer loop
      vertex 3.75 0 6.49519
      vertex 18 0 5.33012
      vertex 18.5866 0 5.6194
    endloop
  endfacet
  facet normal 0 -1 0
    outer loop
      vertex 17.4562 0 4.96677
      vertex 4.56571 0 5.95015
      vertex 5.3033 0 5.3033
    endloop
  endfacet
  facet normal 0 -1 0
    outer loop
      vertex 4.56571 0 5.95015
      vertex 17.4562 0 4.96677
      vertex 18 0 5.33012
    endloop
  endfacet
  facet normal 0 -1 0
    outer loop
      vertex 16.9645 0 4.53554
      vertex 5.3033 0 5.3033
      vertex 5.95015 0 4.56571
    endloop
  endfacet
  facet normal 0 -1 0
    outer loop
      vertex 5.3033 0 5.3033
      vertex 16.9645 0 4.53554
      vertex 17.4562 0 4.96677
    endloop
  endfacet
  facet normal 0 -1 0
    outer loop
      vertex 5.95015 0 4.56571
      vertex 16.5332 0 4.04381
      vertex 16.9645 0 4.53554
    endloop
  endfacet
  facet normal 0 -1 0
    outer loop
      vertex 6.49519 0 3.75
      vertex 16.5332 0 4.04381
      vertex 5.95015 0 4.56571
    endloop
  endfacet
  facet normal 0 -1 0
    outer loop
      vertex 6.49519 0 3.75
      vertex 16.1699 0 3.5
      vertex 16.5332 0 4.04381
    endloop
  endfacet
  facet normal 0 -1 0
    outer loop
      vertex 6.9291 0 2.87012
      vertex 16.1699 0 3.5
      vertex 6.49519 0 3.75
    endloop
  endfacet
  facet normal 0 -1 0
    outer loop
      vertex 16.1699 0 3.5
      vertex 6.9291 0 2.87012
      vertex 15.8806 0 2.91342
    endloop
  endfacet
  facet normal 0 -1 0
    outer loop
      vertex 6.9291 0 2.87012
      vertex 15.6704 0 2.2941
      vertex 15.8806 0 2.91342
    endloop
  endfacet
  facet normal 0 -1 0
    outer loop
      vertex 7.24444 0 1.94114
      vertex 15.6704 0 2.2941
      vertex 6.9291 0 2.87012
    endloop
  endfacet
  facet normal 0 -1 0
    outer loop
      vertex 7.24444 0 1.94114
      vertex 15.5428 0 1.65263
      vertex 15.6704 0 2.2941
    endloop
  endfacet
  facet normal 0 -1 0
    outer loop
      vertex 7.43584 0 0.978946
      vertex 15.5428 0 1.65263
      vertex 7.24444 0 1.94114
    endloop
  endfacet
  facet normal 0 -1 0
    outer loop
      vertex 15.5428 0 1.65263
      vertex 7.43584 0 0.978946
      vertex 15.5 0 1
    endloop
  endfacet
  facet normal 0 -1 0
    outer loop
      vertex 7.5 0 0
      vertex 15.5 0 1
      vertex 7.43584 0 0.978946
    endloop
  endfacet
  facet normal 0 -1 0
    outer loop
      vertex 7.43584 0 -0.978946
      vertex 15.5 0 1
      vertex 7.5 0 0
    endloop
  endfacet
  facet normal 0 -1 0
    outer loop
      vertex 7.24444 0 -1.94114
      vertex 15.5 0 1
      vertex 7.43584 0 -0.978946
    endloop
  endfacet
  facet normal 0 -1 0
    outer loop
      vertex 6.9291 0 -2.87012
      vertex 15.5 0 1
      vertex 7.24444 0 -1.94114
    endloop
  endfacet
  facet normal 0 -1 0
    outer loop
      vertex 15.5 0 -13
      vertex 6.9291 0 -2.87012
      vertex 6.49519 0 -3.75
    endloop
  endfacet
  facet normal 0 -1 0
    outer loop
      vertex 15.5 0 -13
      vertex 6.49519 0 -3.75
      vertex 5.95015 0 -4.56571
    endloop
  endfacet
  facet normal 0 -1 0
    outer loop
      vertex 15.5 0 -13
      vertex 5.95015 0 -4.56571
      vertex 5.3033 0 -5.3033
    endloop
  endfacet
  facet normal 0 -1 0
    outer loop
      vertex 15.5 0 -13
      vertex 5.3033 0 -5.3033
      vertex 4.56571 0 -5.95015
    endloop
  endfacet
  facet normal 0 -1 0
    outer loop
      vertex 15.5 0 -13
      vertex 4.56571 0 -5.95015
      vertex 3.75 0 -6.49519
    endloop
  endfacet
  facet normal 0 -1 0
    outer loop
      vertex 6.9291 0 -2.87012
      vertex 15.5 0 -13
      vertex 15.5 0 1
    endloop
  endfacet
  facet normal 0 -1 0
    outer loop
      vertex 15.5428 0 -13.6526
      vertex 3.75 0 -6.49519
      vertex 2.87012 0 -6.9291
    endloop
  endfacet
  facet normal 0 -1 0
    outer loop
      vertex 15.6704 0 -14.2941
      vertex 2.87012 0 -6.9291
      vertex 1.94114 0 -7.24444
    endloop
  endfacet
  facet normal 0 -1 0
    outer loop
      vertex 15.8806 0 -14.9134
      vertex 1.94114 0 -7.24444
      vertex 0.978946 0 -7.43584
    endloop
  endfacet
  facet normal 0 -1 0
    outer loop
      vertex 16.1699 0 -15.5
      vertex 0.978946 0 -7.43584
      vertex 0 0 -7.5
    endloop
  endfacet
  facet normal 0 -1 0
    outer loop
      vertex -0.978946 0 7.43584
      vertex -1.02945 0 20
      vertex -2.59576 0 19.8973
    endloop
  endfacet
  facet normal 0 -1 0
    outer loop
      vertex 0.978946 0 7.43584
      vertex -1.02945 0 20
      vertex 0 0 7.5
    endloop
  endfacet
  facet normal 0 -1 0
    outer loop
      vertex -0.978946 0 7.43584
      vertex -2.59576 0 19.8973
      vertex -4.13528 0 19.5911
    endloop
  endfacet
  facet normal 0 -1 0
    outer loop
      vertex 53 0 6
      vertex -1.02945 0 20
      vertex 0.978946 0 7.43584
    endloop
  endfacet
  facet normal 0 -1 0
    outer loop
      vertex -1.94114 0 7.24444
      vertex -4.13528 0 19.5911
      vertex -5.62164 0 19.0865
    endloop
  endfacet
  facet normal 0 -1 0
    outer loop
      vertex 187.979 0 7.43584
      vertex 188.029 0 20
      vertex 187 0 7.5
    endloop
  endfacet
  facet normal 0 -1 0
    outer loop
      vertex -1.94114 0 7.24444
      vertex -5.62164 0 19.0865
      vertex -7.02945 0 18.3923
    endloop
  endfacet
  facet normal 0 -1 -0
    outer loop
      vertex 188.029 0 20
      vertex 187.979 0 7.43584
      vertex 189.596 0 19.8973
    endloop
  endfacet
  facet normal 0 -1 0
    outer loop
      vertex -1.94114 0 7.24444
      vertex -7.02945 0 18.3923
      vertex -8.33458 0 17.5202
    endloop
  endfacet
  facet normal 0 -1 -0
    outer loop
      vertex 189.596 0 19.8973
      vertex 187.979 0 7.43584
      vertex 191.135 0 19.5911
    endloop
  endfacet
  facet normal 0 -1 0
    outer loop
      vertex -2.87012 0 6.9291
      vertex -8.33458 0 17.5202
      vertex -9.51472 0 16.4853
    endloop
  endfacet
  facet normal 0 -1 0
    outer loop
      vertex 188.941 0 7.24444
      vertex 191.135 0 19.5911
      vertex 187.979 0 7.43584
    endloop
  endfacet
  facet normal 0 -1 0
    outer loop
      vertex -2.87012 0 6.9291
      vertex -9.51472 0 16.4853
      vertex -10.4853 0 15.5147
    endloop
  endfacet
  facet normal 0 -1 -0
    outer loop
      vertex 191.135 0 19.5911
      vertex 188.941 0 7.24444
      vertex 192.622 0 19.0865
    endloop
  endfacet
  facet normal 0 -1 0
    outer loop
      vertex -3.75 0 6.49519
      vertex -10.4853 0 15.5147
      vertex -11.5202 0 14.3346
    endloop
  endfacet
  facet normal 0 -1 -0
    outer loop
      vertex 192.622 0 19.0865
      vertex 188.941 0 7.24444
      vertex 194.029 0 18.3923
    endloop
  endfacet
  facet normal 0 -1 0
    outer loop
      vertex -4.56571 0 5.95015
      vertex -11.5202 0 14.3346
      vertex -12.3923 0 13.0294
    endloop
  endfacet
  facet normal 0 -1 -0
    outer loop
      vertex 194.029 0 18.3923
      vertex 188.941 0 7.24444
      vertex 195.335 0 17.5202
    endloop
  endfacet
  facet normal 0 -1 0
    outer loop
      vertex -4.56571 0 5.95015
      vertex -12.3923 0 13.0294
      vertex -13.0865 0 11.6216
    endloop
  endfacet
  facet normal 0 -1 0
    outer loop
      vertex 189.87 0 6.9291
      vertex 195.335 0 17.5202
      vertex 188.941 0 7.24444
    endloop
  endfacet
  facet normal 0 -1 0
    outer loop
      vertex -5.3033 0 5.3033
      vertex -13.0865 0 11.6216
      vertex -13.5911 0 10.1353
    endloop
  endfacet
  facet normal 0 -1 -0
    outer loop
      vertex 195.335 0 17.5202
      vertex 189.87 0 6.9291
      vertex 196.515 0 16.4853
    endloop
  endfacet
  facet normal 0 -1 0
    outer loop
      vertex -5.3033 0 5.3033
      vertex -13.5911 0 10.1353
      vertex -13.8973 0 8.59576
    endloop
  endfacet
  facet normal 0 -1 -0
    outer loop
      vertex 196.515 0 16.4853
      vertex 189.87 0 6.9291
      vertex 197.485 0 15.5147
    endloop
  endfacet
  facet normal 0 -1 0
    outer loop
      vertex 190.75 0 6.49519
      vertex 197.485 0 15.5147
      vertex 189.87 0 6.9291
    endloop
  endfacet
  facet normal 0 -1 0
    outer loop
      vertex -1.02945 0 20
      vertex -0.978946 0 7.43584
      vertex 0 0 7.5
    endloop
  endfacet
  facet normal 0 -1 0
    outer loop
      vertex -4.13528 0 19.5911
      vertex -1.94114 0 7.24444
      vertex -0.978946 0 7.43584
    endloop
  endfacet
  facet normal 0 -1 0
    outer loop
      vertex -5.95015 0 4.56571
      vertex -13.8973 0 8.59576
      vertex -14 0 7.02945
    endloop
  endfacet
  facet normal 0 -1 0
    outer loop
      vertex -8.33458 0 17.5202
      vertex -2.87012 0 6.9291
      vertex -1.94114 0 7.24444
    endloop
  endfacet
  facet normal 0 -1 0
    outer loop
      vertex -10.4853 0 15.5147
      vertex -3.75 0 6.49519
      vertex -2.87012 0 6.9291
    endloop
  endfacet
  facet normal 0 -1 0
    outer loop
      vertex -11.5202 0 14.3346
      vertex -4.56571 0 5.95015
      vertex -3.75 0 6.49519
    endloop
  endfacet
  facet normal 0 -1 0
    outer loop
      vertex -13.0865 0 11.6216
      vertex -5.3033 0 5.3033
      vertex -4.56571 0 5.95015
    endloop
  endfacet
  facet normal 0 -1 0
    outer loop
      vertex -13.8973 0 8.59576
      vertex -5.95015 0 4.56571
      vertex -5.3033 0 5.3033
    endloop
  endfacet
  facet normal 0 -1 0
    outer loop
      vertex -14 0 7.02945
      vertex -6.49519 0 3.75
      vertex -5.95015 0 4.56571
    endloop
  endfacet
  facet normal 0 -1 0
    outer loop
      vertex -14 0 7.02945
      vertex -6.9291 0 2.87012
      vertex -6.49519 0 3.75
    endloop
  endfacet
  facet normal 0 -1 0
    outer loop
      vertex -14 0 7.02945
      vertex -7.24444 0 1.94114
      vertex -6.9291 0 2.87012
    endloop
  endfacet
  facet normal 0 -1 0
    outer loop
      vertex -14 0 7.02945
      vertex -7.43584 0 0.978946
      vertex -7.24444 0 1.94114
    endloop
  endfacet
  facet normal 0 -1 0
    outer loop
      vertex -14 0 7.02945
      vertex -7.5 0 0
      vertex -7.43584 0 0.978946
    endloop
  endfacet
  facet normal 0 -1 0
    outer loop
      vertex -14 0 7.02945
      vertex -7.43584 0 -0.978946
      vertex -7.5 0 0
    endloop
  endfacet
  facet normal 0 -1 0
    outer loop
      vertex -14 0 7.02945
      vertex -7.24444 0 -1.94114
      vertex -7.43584 0 -0.978946
    endloop
  endfacet
  facet normal 0 -1 0
    outer loop
      vertex -14 0 7.02945
      vertex -6.9291 0 -2.87012
      vertex -7.24444 0 -1.94114
    endloop
  endfacet
  facet normal 0 -1 0
    outer loop
      vertex -14 0 -35
      vertex -6.9291 0 -2.87012
      vertex -14 0 7.02945
    endloop
  endfacet
  facet normal 0 -1 -0
    outer loop
      vertex -6.9291 0 -2.87012
      vertex -14 0 -35
      vertex -6.49519 0 -3.75
    endloop
  endfacet
  facet normal 0 -1 0
    outer loop
      vertex -14 0 -35
      vertex 0 0 -7.5
      vertex -0.978946 0 -7.43584
    endloop
  endfacet
  facet normal 0 -1 0
    outer loop
      vertex -14 0 -35
      vertex -0.978946 0 -7.43584
      vertex -1.94114 0 -7.24444
    endloop
  endfacet
  facet normal 0 -1 0
    outer loop
      vertex 3.75 0 -6.49519
      vertex 15.5428 0 -13.6526
      vertex 15.5 0 -13
    endloop
  endfacet
  facet normal 0 -1 0
    outer loop
      vertex -14 0 -35
      vertex -1.94114 0 -7.24444
      vertex -2.87012 0 -6.9291
    endloop
  endfacet
  facet normal 0 -1 0
    outer loop
      vertex 2.87012 0 -6.9291
      vertex 15.6704 0 -14.2941
      vertex 15.5428 0 -13.6526
    endloop
  endfacet
  facet normal 0 -1 0
    outer loop
      vertex 1.94114 0 -7.24444
      vertex 15.8806 0 -14.9134
      vertex 15.6704 0 -14.2941
    endloop
  endfacet
  facet normal 0 -1 0
    outer loop
      vertex 0.978946 0 -7.43584
      vertex 16.1699 0 -15.5
      vertex 15.8806 0 -14.9134
    endloop
  endfacet
  facet normal 0 -1 -0
    outer loop
      vertex 0 0 -7.5
      vertex -14 0 -35
      vertex 16.1699 0 -15.5
    endloop
  endfacet
  facet normal 0 -1 -0
    outer loop
      vertex 16.1699 0 -15.5
      vertex -14 0 -35
      vertex 16.5332 0 -16.0438
    endloop
  endfacet
  facet normal 0 -1 -0
    outer loop
      vertex 16.5332 0 -16.0438
      vertex -14 0 -35
      vertex 16.9645 0 -16.5355
    endloop
  endfacet
  facet normal 0 -1 0
    outer loop
      vertex -14 0 -35
      vertex -2.87012 0 -6.9291
      vertex -3.75 0 -6.49519
    endloop
  endfacet
  facet normal 0 -1 -0
    outer loop
      vertex 16.9645 0 -16.5355
      vertex -14 0 -35
      vertex 17.4562 0 -16.9668
    endloop
  endfacet
  facet normal 0 -1 0
    outer loop
      vertex -14 0 -35
      vertex 26.5 0 -18
      vertex 20.5 0 -18
    endloop
  endfacet
  facet normal 0 -1 -0
    outer loop
      vertex 46.3474 0 -17.9572
      vertex -14 0 -35
      vertex 47 0 -18
    endloop
  endfacet
  facet normal 0 -1 -0
    outer loop
      vertex 47 0 -18
      vertex -14 0 -35
      vertex 53 0 -18
    endloop
  endfacet
  facet normal 0 -1 -0
    outer loop
      vertex 53 0 -18
      vertex -14 0 -35
      vertex 73.5 0 -18
    endloop
  endfacet
  facet normal 0 -1 -0
    outer loop
      vertex 73.5 0 -18
      vertex -14 0 -35
      vertex 79.5 0 -18
    endloop
  endfacet
  facet normal 0 -1 -0
    outer loop
      vertex 79.5 0 -18
      vertex -14 0 -35
      vertex 100 0 -18
    endloop
  endfacet
  facet normal 0 -1 0
    outer loop
      vertex 201 0 -35
      vertex 100 0 -18
      vertex -14 0 -35
    endloop
  endfacet
  facet normal 0 -1 0
    outer loop
      vertex 100 0 -18
      vertex 201 0 -35
      vertex 106 0 -18
    endloop
  endfacet
  facet normal 0 -1 0
    outer loop
      vertex 106 0 -18
      vertex 201 0 -35
      vertex 126.5 0 -18
    endloop
  endfacet
  facet normal 0 -1 0
    outer loop
      vertex 126.5 0 -18
      vertex 201 0 -35
      vertex 132.5 0 -18
    endloop
  endfacet
  facet normal 0 -1 0
    outer loop
      vertex 152.347 0 -17.9572
      vertex 201 0 -35
      vertex 153 0 -18
    endloop
  endfacet
  facet normal 0 -1 -0
    outer loop
      vertex 19.8474 0 -17.9572
      vertex -14 0 -35
      vertex 20.5 0 -18
    endloop
  endfacet
  facet normal 0 -1 -0
    outer loop
      vertex 19.2059 0 -17.8296
      vertex -14 0 -35
      vertex 19.8474 0 -17.9572
    endloop
  endfacet
  facet normal 0 -1 -0
    outer loop
      vertex 18.5866 0 -17.6194
      vertex -14 0 -35
      vertex 19.2059 0 -17.8296
    endloop
  endfacet
  facet normal 0 -1 -0
    outer loop
      vertex 18 0 -17.3301
      vertex -14 0 -35
      vertex 18.5866 0 -17.6194
    endloop
  endfacet
  facet normal 0 -1 -0
    outer loop
      vertex 17.4562 0 -16.9668
      vertex -14 0 -35
      vertex 18 0 -17.3301
    endloop
  endfacet
  facet normal 0 -1 -0
    outer loop
      vertex -4.56571 0 -5.95015
      vertex -14 0 -35
      vertex -3.75 0 -6.49519
    endloop
  endfacet
  facet normal 0 -1 -0
    outer loop
      vertex -5.3033 0 -5.3033
      vertex -14 0 -35
      vertex -4.56571 0 -5.95015
    endloop
  endfacet
  facet normal 0 -1 -0
    outer loop
      vertex -5.95015 0 -4.56571
      vertex -14 0 -35
      vertex -5.3033 0 -5.3033
    endloop
  endfacet
  facet normal 0 -1 -0
    outer loop
      vertex -6.49519 0 -3.75
      vertex -14 0 -35
      vertex -5.95015 0 -4.56571
    endloop
  endfacet
  facet normal 0 -1 -0
    outer loop
      vertex 197.485 0 15.5147
      vertex 190.75 0 6.49519
      vertex 198.52 0 14.3346
    endloop
  endfacet
  facet normal 0 -1 0
    outer loop
      vertex 191.566 0 5.95015
      vertex 198.52 0 14.3346
      vertex 190.75 0 6.49519
    endloop
  endfacet
  facet normal 0 -1 -0
    outer loop
      vertex 198.52 0 14.3346
      vertex 191.566 0 5.95015
      vertex 199.392 0 13.0294
    endloop
  endfacet
  facet normal 0 -1 -0
    outer loop
      vertex 199.392 0 13.0294
      vertex 191.566 0 5.95015
      vertex 200.087 0 11.6216
    endloop
  endfacet
  facet normal 0 -1 0
    outer loop
      vertex 192.303 0 5.3033
      vertex 200.087 0 11.6216
      vertex 191.566 0 5.95015
    endloop
  endfacet
  facet normal 0 -1 -0
    outer loop
      vertex 200.087 0 11.6216
      vertex 192.303 0 5.3033
      vertex 200.591 0 10.1353
    endloop
  endfacet
  facet normal 0 -1 -0
    outer loop
      vertex 200.591 0 10.1353
      vertex 192.303 0 5.3033
      vertex 200.897 0 8.59576
    endloop
  endfacet
  facet normal 0 -1 0
    outer loop
      vertex 192.95 0 4.56571
      vertex 200.897 0 8.59576
      vertex 192.303 0 5.3033
    endloop
  endfacet
  facet normal 0 -1 -0
    outer loop
      vertex 200.897 0 8.59576
      vertex 192.95 0 4.56571
      vertex 201 0 7.02945
    endloop
  endfacet
  facet normal 0 -1 0
    outer loop
      vertex 193.495 0 3.75
      vertex 201 0 7.02945
      vertex 192.95 0 4.56571
    endloop
  endfacet
  facet normal 0 -1 0
    outer loop
      vertex 193.929 0 2.87012
      vertex 201 0 7.02945
      vertex 193.495 0 3.75
    endloop
  endfacet
  facet normal 0 -1 0
    outer loop
      vertex 194.244 0 1.94114
      vertex 201 0 7.02945
      vertex 193.929 0 2.87012
    endloop
  endfacet
  facet normal 0 -1 0
    outer loop
      vertex 194.436 0 0.978946
      vertex 201 0 7.02945
      vertex 194.244 0 1.94114
    endloop
  endfacet
  facet normal 0 -1 0
    outer loop
      vertex 194.5 0 0
      vertex 201 0 7.02945
      vertex 194.436 0 0.978946
    endloop
  endfacet
  facet normal 0 -1 0
    outer loop
      vertex 194.436 0 -0.978946
      vertex 201 0 7.02945
      vertex 194.5 0 0
    endloop
  endfacet
  facet normal 0 -1 0
    outer loop
      vertex 194.244 0 -1.94114
      vertex 201 0 7.02945
      vertex 194.436 0 -0.978946
    endloop
  endfacet
  facet normal 0 -1 0
    outer loop
      vertex 193.929 0 -2.87012
      vertex 201 0 7.02945
      vertex 194.244 0 -1.94114
    endloop
  endfacet
  facet normal 0 -1 0
    outer loop
      vertex 201 0 -35
      vertex 193.929 0 -2.87012
      vertex 193.495 0 -3.75
    endloop
  endfacet
  facet normal 0 -1 0
    outer loop
      vertex 201 0 -35
      vertex 193.495 0 -3.75
      vertex 192.95 0 -4.56571
    endloop
  endfacet
  facet normal 0 -1 0
    outer loop
      vertex 163.33 0 -15.5
      vertex 184.13 0 -6.9291
      vertex 163.619 0 -14.9134
    endloop
  endfacet
  facet normal 0 -1 -0
    outer loop
      vertex 184.13 0 -6.9291
      vertex 163.33 0 -15.5
      vertex 185.059 0 -7.24444
    endloop
  endfacet
  facet normal 0 -1 0
    outer loop
      vertex 162.967 0 -16.0438
      vertex 185.059 0 -7.24444
      vertex 163.33 0 -15.5
    endloop
  endfacet
  facet normal 0 -1 0
    outer loop
      vertex 201 0 -35
      vertex 185.059 0 -7.24444
      vertex 162.967 0 -16.0438
    endloop
  endfacet
  facet normal 0 -1 0
    outer loop
      vertex 185.059 0 -7.24444
      vertex 201 0 -35
      vertex 186.021 0 -7.43584
    endloop
  endfacet
  facet normal 0 -1 0
    outer loop
      vertex 187 0 -7.5
      vertex 201 0 -35
      vertex 187.979 0 -7.43584
    endloop
  endfacet
  facet normal 0 -1 0
    outer loop
      vertex 186.021 0 -7.43584
      vertex 201 0 -35
      vertex 187 0 -7.5
    endloop
  endfacet
  facet normal 0 -1 0
    outer loop
      vertex 201 0 -35
      vertex 162.967 0 -16.0438
      vertex 162.536 0 -16.5355
    endloop
  endfacet
  facet normal 0 -1 0
    outer loop
      vertex 187.979 0 -7.43584
      vertex 201 0 -35
      vertex 188.941 0 -7.24444
    endloop
  endfacet
  facet normal 0 -1 0
    outer loop
      vertex 201 0 -35
      vertex 162.536 0 -16.5355
      vertex 162.044 0 -16.9668
    endloop
  endfacet
  facet normal 0 -1 0
    outer loop
      vertex 201 0 -35
      vertex 162.044 0 -16.9668
      vertex 161.5 0 -17.3301
    endloop
  endfacet
  facet normal 0 -1 0
    outer loop
      vertex 201 0 -35
      vertex 161.5 0 -17.3301
      vertex 160.913 0 -17.6194
    endloop
  endfacet
  facet normal 0 -1 0
    outer loop
      vertex 153 0 -18
      vertex 201 0 -35
      vertex 159 0 -18
    endloop
  endfacet
  facet normal 0 -1 0
    outer loop
      vertex 193.929 0 -2.87012
      vertex 201 0 -35
      vertex 201 0 7.02945
    endloop
  endfacet
  facet normal 0 -1 0
    outer loop
      vertex 192.303 0 -5.3033
      vertex 201 0 -35
      vertex 192.95 0 -4.56571
    endloop
  endfacet
  facet normal 0 -1 0
    outer loop
      vertex 191.566 0 -5.95015
      vertex 201 0 -35
      vertex 192.303 0 -5.3033
    endloop
  endfacet
  facet normal 0 -1 0
    outer loop
      vertex 190.75 0 -6.49519
      vertex 201 0 -35
      vertex 191.566 0 -5.95015
    endloop
  endfacet
  facet normal 0 -1 0
    outer loop
      vertex 189.87 0 -6.9291
      vertex 201 0 -35
      vertex 190.75 0 -6.49519
    endloop
  endfacet
  facet normal 0 -1 0
    outer loop
      vertex 188.941 0 -7.24444
      vertex 201 0 -35
      vertex 189.87 0 -6.9291
    endloop
  endfacet
  facet normal 0 -1 0
    outer loop
      vertex 160.294 0 -17.8296
      vertex 201 0 -35
      vertex 160.913 0 -17.6194
    endloop
  endfacet
  facet normal 0 -1 0
    outer loop
      vertex 159.653 0 -17.9572
      vertex 201 0 -35
      vertex 160.294 0 -17.8296
    endloop
  endfacet
  facet normal 0 -1 0
    outer loop
      vertex 159 0 -18
      vertex 201 0 -35
      vertex 159.653 0 -17.9572
    endloop
  endfacet
  facet normal 0 -1 0
    outer loop
      vertex 0.978946 0 7.43584
      vertex 26.5 0 6
      vertex 47 0 6
    endloop
  endfacet
  facet normal 0 -1 0
    outer loop
      vertex 79.5 0 6
      vertex -1.02945 0 20
      vertex 73.5 0 6
    endloop
  endfacet
  facet normal 0 -1 0
    outer loop
      vertex 126.5 0 6
      vertex 188.029 0 20
      vertex 106 0 6
    endloop
  endfacet
  facet normal 0 -1 0
    outer loop
      vertex 132.5 0 6
      vertex 188.029 0 20
      vertex 126.5 0 6
    endloop
  endfacet
  facet normal 0 -1 0
    outer loop
      vertex 133.153 0 5.95723
      vertex 188.029 0 20
      vertex 132.5 0 6
    endloop
  endfacet
  facet normal 0 -1 0
    outer loop
      vertex 188.029 0 20
      vertex 186.021 0 7.43584
      vertex 187 0 7.5
    endloop
  endfacet
  facet normal 0 -1 0
    outer loop
      vertex 159 0 6
      vertex 188.029 0 20
      vertex 153 0 6
    endloop
  endfacet
  facet normal 0 -1 0
    outer loop
      vertex 159.653 0 5.95723
      vertex 188.029 0 20
      vertex 159 0 6
    endloop
  endfacet
  facet normal 0 -1 0
    outer loop
      vertex 160.294 0 5.82964
      vertex 188.029 0 20
      vertex 159.653 0 5.95723
    endloop
  endfacet
  facet normal 0 -1 0
    outer loop
      vertex 188.029 0 20
      vertex 185.059 0 7.24444
      vertex 186.021 0 7.43584
    endloop
  endfacet
  facet normal 0 -1 0
    outer loop
      vertex 160.913 0 5.6194
      vertex 188.029 0 20
      vertex 160.294 0 5.82964
    endloop
  endfacet
  facet normal 0 -1 0
    outer loop
      vertex 188.029 0 20
      vertex 184.13 0 6.9291
      vertex 185.059 0 7.24444
    endloop
  endfacet
  facet normal 0 -1 0
    outer loop
      vertex 161.5 0 5.33012
      vertex 188.029 0 20
      vertex 160.913 0 5.6194
    endloop
  endfacet
  facet normal 0 -1 0
    outer loop
      vertex 188.029 0 20
      vertex 183.25 0 6.49519
      vertex 184.13 0 6.9291
    endloop
  endfacet
  facet normal 0 -1 0
    outer loop
      vertex 162.044 0 4.96677
      vertex 188.029 0 20
      vertex 161.5 0 5.33012
    endloop
  endfacet
  facet normal 0 -1 0
    outer loop
      vertex 188.029 0 20
      vertex 182.434 0 5.95015
      vertex 183.25 0 6.49519
    endloop
  endfacet
  facet normal 0 -1 0
    outer loop
      vertex 188.029 0 20
      vertex 162.044 0 4.96677
      vertex 182.434 0 5.95015
    endloop
  endfacet
  facet normal 0 -1 0
    outer loop
      vertex 182.434 0 5.95015
      vertex 162.044 0 4.96677
      vertex 181.697 0 5.3033
    endloop
  endfacet
  facet normal 0 -1 0
    outer loop
      vertex 162.536 0 4.53554
      vertex 181.697 0 5.3033
      vertex 162.044 0 4.96677
    endloop
  endfacet
  facet normal 0 -1 0
    outer loop
      vertex 181.697 0 5.3033
      vertex 162.536 0 4.53554
      vertex 181.05 0 4.56571
    endloop
  endfacet
  facet normal 0 -1 0
    outer loop
      vertex 162.967 0 4.04381
      vertex 181.05 0 4.56571
      vertex 162.536 0 4.53554
    endloop
  endfacet
  facet normal 0 -1 0
    outer loop
      vertex 162.967 0 4.04381
      vertex 180.505 0 3.75
      vertex 181.05 0 4.56571
    endloop
  endfacet
  facet normal 0 -1 0
    outer loop
      vertex 163.33 0 3.5
      vertex 180.505 0 3.75
      vertex 162.967 0 4.04381
    endloop
  endfacet
  facet normal 0 -1 0
    outer loop
      vertex 180.071 0 2.87012
      vertex 163.33 0 3.5
      vertex 163.619 0 2.91342
    endloop
  endfacet
  facet normal 0 -1 0
    outer loop
      vertex 163.33 0 3.5
      vertex 180.071 0 2.87012
      vertex 180.505 0 3.75
    endloop
  endfacet
  facet normal 0 -1 0
    outer loop
      vertex 163.83 0 2.2941
      vertex 180.071 0 2.87012
      vertex 163.619 0 2.91342
    endloop
  endfacet
  facet normal 0 -1 0
    outer loop
      vertex 163.83 0 2.2941
      vertex 179.756 0 1.94114
      vertex 180.071 0 2.87012
    endloop
  endfacet
  facet normal 0 -1 0
    outer loop
      vertex 163.957 0 1.65263
      vertex 179.756 0 1.94114
      vertex 163.83 0 2.2941
    endloop
  endfacet
  facet normal 0 -1 0
    outer loop
      vertex 179.564 0 0.978946
      vertex 163.957 0 1.65263
      vertex 164 0 1
    endloop
  endfacet
  facet normal 0 -1 0
    outer loop
      vertex 163.957 0 1.65263
      vertex 179.564 0 0.978946
      vertex 179.756 0 1.94114
    endloop
  endfacet
  facet normal 0 -1 0
    outer loop
      vertex 164 0 1
      vertex 179.5 0 0
      vertex 179.564 0 0.978946
    endloop
  endfacet
  facet normal 0 -1 0
    outer loop
      vertex 164 0 1
      vertex 179.564 0 -0.978946
      vertex 179.5 0 0
    endloop
  endfacet
  facet normal 0 -1 0
    outer loop
      vertex 164 0 1
      vertex 179.756 0 -1.94114
      vertex 179.564 0 -0.978946
    endloop
  endfacet
  facet normal 0 -1 0
    outer loop
      vertex 164 0 1
      vertex 180.071 0 -2.87012
      vertex 179.756 0 -1.94114
    endloop
  endfacet
  facet normal 0 -1 0
    outer loop
      vertex 164 0 -13
      vertex 180.071 0 -2.87012
      vertex 164 0 1
    endloop
  endfacet
  facet normal 0 -1 -0
    outer loop
      vertex 180.071 0 -2.87012
      vertex 164 0 -13
      vertex 180.505 0 -3.75
    endloop
  endfacet
  facet normal 0 -1 -0
    outer loop
      vertex 180.505 0 -3.75
      vertex 164 0 -13
      vertex 181.05 0 -4.56571
    endloop
  endfacet
  facet normal 0 -1 -0
    outer loop
      vertex 181.05 0 -4.56571
      vertex 164 0 -13
      vertex 181.697 0 -5.3033
    endloop
  endfacet
  facet normal 0 -1 -0
    outer loop
      vertex 181.697 0 -5.3033
      vertex 164 0 -13
      vertex 182.434 0 -5.95015
    endloop
  endfacet
  facet normal 0 -1 0
    outer loop
      vertex 163.957 0 -13.6526
      vertex 182.434 0 -5.95015
      vertex 164 0 -13
    endloop
  endfacet
  facet normal 0 -1 -0
    outer loop
      vertex 183.25 0 -6.49519
      vertex 163.619 0 -14.9134
      vertex 184.13 0 -6.9291
    endloop
  endfacet
  facet normal 0 -1 0
    outer loop
      vertex 163.619 0 -14.9134
      vertex 183.25 0 -6.49519
      vertex 163.83 0 -14.2941
    endloop
  endfacet
  facet normal 0 -1 0
    outer loop
      vertex 163.83 0 -14.2941
      vertex 183.25 0 -6.49519
      vertex 163.957 0 -13.6526
    endloop
  endfacet
  facet normal 0 -1 -0
    outer loop
      vertex 182.434 0 -5.95015
      vertex 163.957 0 -13.6526
      vertex 183.25 0 -6.49519
    endloop
  endfacet
  facet normal 0.83147 -0 0.55557
    outer loop
      vertex 5.95015 -6 4.56571
      vertex 6.49519 0 3.75
      vertex 5.95015 0 4.56571
    endloop
  endfacet
  facet normal 0.83147 0 0.55557
    outer loop
      vertex 6.49519 0 3.75
      vertex 5.95015 -6 4.56571
      vertex 6.49519 -6 3.75
    endloop
  endfacet
  facet normal 0.44229 0 -0.896872
    outer loop
      vertex 2.87012 -6 -6.9291
      vertex 3.75 0 -6.49519
      vertex 3.75 -6 -6.49519
    endloop
  endfacet
  facet normal 0.44229 0 -0.896872
    outer loop
      vertex 3.75 0 -6.49519
      vertex 2.87012 -6 -6.9291
      vertex 2.87012 0 -6.9291
    endloop
  endfacet
  facet normal -0.997859 0 -0.0653996
    outer loop
      vertex -7.43584 -6 -0.978946
      vertex -7.5 0 0
      vertex -7.43584 0 -0.978946
    endloop
  endfacet
  facet normal -0.997859 -0 -0.0653996
    outer loop
      vertex -7.5 0 0
      vertex -7.43584 -6 -0.978946
      vertex -7.5 -6 0
    endloop
  endfacet
  facet normal 0.83147 0 -0.55557
    outer loop
      vertex 6.49519 -6 -3.75
      vertex 5.95015 0 -4.56571
      vertex 6.49519 0 -3.75
    endloop
  endfacet
  facet normal 0.83147 0 -0.55557
    outer loop
      vertex 5.95015 0 -4.56571
      vertex 6.49519 -6 -3.75
      vertex 5.95015 -6 -4.56571
    endloop
  endfacet
  facet normal 0.946932 0 -0.321434
    outer loop
      vertex 7.24444 -6 -1.94114
      vertex 6.9291 0 -2.87012
      vertex 7.24444 0 -1.94114
    endloop
  endfacet
  facet normal 0.946932 0 -0.321434
    outer loop
      vertex 6.9291 0 -2.87012
      vertex 7.24444 -6 -1.94114
      vertex 6.9291 -6 -2.87012
    endloop
  endfacet
  facet normal -0.980784 0 0.195098
    outer loop
      vertex -7.43584 -6 0.978946
      vertex -7.24444 0 1.94114
      vertex -7.43584 0 0.978946
    endloop
  endfacet
  facet normal -0.980784 0 0.195098
    outer loop
      vertex -7.24444 0 1.94114
      vertex -7.43584 -6 0.978946
      vertex -7.24444 -6 1.94114
    endloop
  endfacet
  facet normal -0.55557 0 -0.83147
    outer loop
      vertex -4.56571 -6 -5.95015
      vertex -3.75 0 -6.49519
      vertex -3.75 -6 -6.49519
    endloop
  endfacet
  facet normal -0.55557 0 -0.83147
    outer loop
      vertex -3.75 0 -6.49519
      vertex -4.56571 -6 -5.95015
      vertex -4.56571 0 -5.95015
    endloop
  endfacet
  facet normal -0.55557 0 0.83147
    outer loop
      vertex -4.56571 0 5.95015
      vertex -3.75 -6 6.49519
      vertex -3.75 0 6.49519
    endloop
  endfacet
  facet normal -0.55557 0 0.83147
    outer loop
      vertex -3.75 -6 6.49519
      vertex -4.56571 0 5.95015
      vertex -4.56571 -6 5.95015
    endloop
  endfacet
  facet normal 0.997859 0 -0.0653996
    outer loop
      vertex 7.5 -6 0
      vertex 7.43584 0 -0.978946
      vertex 7.5 0 0
    endloop
  endfacet
  facet normal 0.997859 0 -0.0653996
    outer loop
      vertex 7.43584 0 -0.978946
      vertex 7.5 -6 0
      vertex 7.43584 -6 -0.978946
    endloop
  endfacet
  facet normal 0.0653996 0 0.997859
    outer loop
      vertex 0 0 7.5
      vertex 0.978946 -6 7.43584
      vertex 0.978946 0 7.43584
    endloop
  endfacet
  facet normal 0.0653996 0 0.997859
    outer loop
      vertex 0.978946 -6 7.43584
      vertex 0 0 7.5
      vertex 0 -6 7.5
    endloop
  endfacet
  facet normal -0.195098 0 -0.980784
    outer loop
      vertex -1.94114 -6 -7.24444
      vertex -0.978946 0 -7.43584
      vertex -0.978946 -6 -7.43584
    endloop
  endfacet
  facet normal -0.195098 0 -0.980784
    outer loop
      vertex -0.978946 0 -7.43584
      vertex -1.94114 -6 -7.24444
      vertex -1.94114 0 -7.24444
    endloop
  endfacet
  facet normal -0.980784 0 -0.195098
    outer loop
      vertex -7.24444 -6 -1.94114
      vertex -7.43584 0 -0.978946
      vertex -7.24444 0 -1.94114
    endloop
  endfacet
  facet normal -0.980784 -0 -0.195098
    outer loop
      vertex -7.43584 0 -0.978946
      vertex -7.24444 -6 -1.94114
      vertex -7.43584 -6 -0.978946
    endloop
  endfacet
  facet normal -0.83147 0 -0.55557
    outer loop
      vertex -5.95015 -6 -4.56571
      vertex -6.49519 0 -3.75
      vertex -5.95015 0 -4.56571
    endloop
  endfacet
  facet normal -0.83147 -0 -0.55557
    outer loop
      vertex -6.49519 0 -3.75
      vertex -5.95015 -6 -4.56571
      vertex -6.49519 -6 -3.75
    endloop
  endfacet
  facet normal 0.55557 0 -0.83147
    outer loop
      vertex 3.75 -6 -6.49519
      vertex 4.56571 0 -5.95015
      vertex 4.56571 -6 -5.95015
    endloop
  endfacet
  facet normal 0.55557 0 -0.83147
    outer loop
      vertex 4.56571 0 -5.95015
      vertex 3.75 -6 -6.49519
      vertex 3.75 0 -6.49519
    endloop
  endfacet
  facet normal -0.83147 0 0.55557
    outer loop
      vertex -6.49519 -6 3.75
      vertex -5.95015 0 4.56571
      vertex -6.49519 0 3.75
    endloop
  endfacet
  facet normal -0.83147 0 0.55557
    outer loop
      vertex -5.95015 0 4.56571
      vertex -6.49519 -6 3.75
      vertex -5.95015 -6 4.56571
    endloop
  endfacet
  facet normal -0.751839 0 0.659346
    outer loop
      vertex -5.95015 -6 4.56571
      vertex -5.3033 0 5.3033
      vertex -5.95015 0 4.56571
    endloop
  endfacet
  facet normal -0.751839 0 0.659346
    outer loop
      vertex -5.3033 0 5.3033
      vertex -5.95015 -6 4.56571
      vertex -5.3033 -6 5.3033
    endloop
  endfacet
  facet normal 0.321428 0 -0.946934
    outer loop
      vertex 188.941 -6 -7.24444
      vertex 189.87 0 -6.9291
      vertex 189.87 -6 -6.9291
    endloop
  endfacet
  facet normal 0.321428 0 -0.946934
    outer loop
      vertex 189.87 0 -6.9291
      vertex 188.941 -6 -7.24444
      vertex 188.941 0 -7.24444
    endloop
  endfacet
  facet normal 0.980667 -0 0.195686
    outer loop
      vertex 194.244 -6 1.94114
      vertex 194.436 0 0.978946
      vertex 194.244 0 1.94114
    endloop
  endfacet
  facet normal 0.980667 0 0.195686
    outer loop
      vertex 194.436 0 0.978946
      vertex 194.244 -6 1.94114
      vertex 194.436 -6 0.978946
    endloop
  endfacet
  facet normal 0.99787 -0 0.0652372
    outer loop
      vertex 194.436 -6 0.978946
      vertex 194.5 0 0
      vertex 194.436 0 0.978946
    endloop
  endfacet
  facet normal 0.99787 0 0.0652372
    outer loop
      vertex 194.5 0 0
      vertex 194.436 -6 0.978946
      vertex 194.5 -6 0
    endloop
  endfacet
  facet normal 0.947038 -0 0.321123
    outer loop
      vertex 193.929 -6 2.87012
      vertex 194.244 0 1.94114
      vertex 193.929 0 2.87012
    endloop
  endfacet
  facet normal 0.947038 0 0.321123
    outer loop
      vertex 194.244 0 1.94114
      vertex 193.929 -6 2.87012
      vertex 194.244 -6 1.94114
    endloop
  endfacet
  facet normal -0.659645 0 0.751578
    outer loop
      vertex 181.697 0 5.3033
      vertex 182.434 -6 5.95015
      vertex 182.434 0 5.95015
    endloop
  endfacet
  facet normal -0.659645 0 0.751578
    outer loop
      vertex 182.434 -6 5.95015
      vertex 181.697 0 5.3033
      vertex 181.697 -6 5.3033
    endloop
  endfacet
  facet normal -0.321428 0 -0.946934
    outer loop
      vertex 184.13 -6 -6.9291
      vertex 185.059 0 -7.24444
      vertex 185.059 -6 -7.24444
    endloop
  endfacet
  facet normal -0.321428 0 -0.946934
    outer loop
      vertex 185.059 0 -7.24444
      vertex 184.13 -6 -6.9291
      vertex 184.13 0 -6.9291
    endloop
  endfacet
  facet normal 0.321428 0 0.946934
    outer loop
      vertex 188.941 0 7.24444
      vertex 189.87 -6 6.9291
      vertex 189.87 0 6.9291
    endloop
  endfacet
  facet normal 0.321428 0 0.946934
    outer loop
      vertex 189.87 -6 6.9291
      vertex 188.941 0 7.24444
      vertex 188.941 -6 7.24444
    endloop
  endfacet
  facet normal 0.555434 0 0.831561
    outer loop
      vertex 190.75 0 6.49519
      vertex 191.566 -6 5.95015
      vertex 191.566 0 5.95015
    endloop
  endfacet
  facet normal 0.555434 0 0.831561
    outer loop
      vertex 191.566 -6 5.95015
      vertex 190.75 0 6.49519
      vertex 190.75 -6 6.49519
    endloop
  endfacet
  facet normal 0.555434 0 -0.831561
    outer loop
      vertex 190.75 -6 -6.49519
      vertex 191.566 0 -5.95015
      vertex 191.566 -6 -5.95015
    endloop
  endfacet
  facet normal 0.555434 0 -0.831561
    outer loop
      vertex 191.566 0 -5.95015
      vertex 190.75 -6 -6.49519
      vertex 190.75 0 -6.49519
    endloop
  endfacet
  facet normal -0.980667 0 -0.195686
    outer loop
      vertex 179.756 -6 -1.94114
      vertex 179.564 0 -0.978946
      vertex 179.756 0 -1.94114
    endloop
  endfacet
  facet normal -0.980667 -0 -0.195686
    outer loop
      vertex 179.564 0 -0.978946
      vertex 179.756 -6 -1.94114
      vertex 179.564 -6 -0.978946
    endloop
  endfacet
  facet normal -0.555434 0 0.831561
    outer loop
      vertex 182.434 0 5.95015
      vertex 183.25 -6 6.49519
      vertex 183.25 0 6.49519
    endloop
  endfacet
  facet normal -0.555434 0 0.831561
    outer loop
      vertex 183.25 -6 6.49519
      vertex 182.434 0 5.95015
      vertex 182.434 -6 5.95015
    endloop
  endfacet
  facet normal 0.195136 0 0.980776
    outer loop
      vertex 187.979 0 7.43584
      vertex 188.941 -6 7.24444
      vertex 188.941 0 7.24444
    endloop
  endfacet
  facet normal 0.195136 0 0.980776
    outer loop
      vertex 188.941 -6 7.24444
      vertex 187.979 0 7.43584
      vertex 187.979 -6 7.43584
    endloop
  endfacet
  facet normal 0.831488 -0 0.555542
    outer loop
      vertex 192.95 -6 4.56571
      vertex 193.495 0 3.75
      vertex 192.95 0 4.56571
    endloop
  endfacet
  facet normal 0.831488 0 0.555542
    outer loop
      vertex 193.495 0 3.75
      vertex 192.95 -6 4.56571
      vertex 193.495 -6 3.75
    endloop
  endfacet
  facet normal 0.442241 0 -0.896896
    outer loop
      vertex 189.87 -6 -6.9291
      vertex 190.75 0 -6.49519
      vertex 190.75 -6 -6.49519
    endloop
  endfacet
  facet normal 0.442241 0 -0.896896
    outer loop
      vertex 190.75 0 -6.49519
      vertex 189.87 -6 -6.9291
      vertex 189.87 0 -6.9291
    endloop
  endfacet
  facet normal 0.947038 0 -0.321123
    outer loop
      vertex 194.244 -6 -1.94114
      vertex 193.929 0 -2.87012
      vertex 194.244 0 -1.94114
    endloop
  endfacet
  facet normal 0.947038 0 -0.321123
    outer loop
      vertex 193.929 0 -2.87012
      vertex 194.244 -6 -1.94114
      vertex 193.929 -6 -2.87012
    endloop
  endfacet
  facet normal 0.659645 0 -0.751578
    outer loop
      vertex 191.566 -6 -5.95015
      vertex 192.303 0 -5.3033
      vertex 192.303 -6 -5.3033
    endloop
  endfacet
  facet normal 0.659645 0 -0.751578
    outer loop
      vertex 192.303 0 -5.3033
      vertex 191.566 -6 -5.95015
      vertex 191.566 0 -5.95015
    endloop
  endfacet
  facet normal -0.947038 0 0.321123
    outer loop
      vertex 179.756 -6 1.94114
      vertex 180.071 0 2.87012
      vertex 179.756 0 1.94114
    endloop
  endfacet
  facet normal -0.947038 0 0.321123
    outer loop
      vertex 180.071 0 2.87012
      vertex 179.756 -6 1.94114
      vertex 180.071 -6 2.87012
    endloop
  endfacet
  facet normal -0.980667 0 0.195686
    outer loop
      vertex 179.564 -6 0.978946
      vertex 179.756 0 1.94114
      vertex 179.564 0 0.978946
    endloop
  endfacet
  facet normal -0.980667 0 0.195686
    outer loop
      vertex 179.756 0 1.94114
      vertex 179.564 -6 0.978946
      vertex 179.756 -6 1.94114
    endloop
  endfacet
  facet normal -0.751764 0 0.659433
    outer loop
      vertex 181.05 -6 4.56571
      vertex 181.697 0 5.3033
      vertex 181.05 0 4.56571
    endloop
  endfacet
  facet normal -0.751764 0 0.659433
    outer loop
      vertex 181.697 0 5.3033
      vertex 181.05 -6 4.56571
      vertex 181.697 -6 5.3033
    endloop
  endfacet
  facet normal 0.751764 0 -0.659433
    outer loop
      vertex 192.95 -6 -4.56571
      vertex 192.303 0 -5.3033
      vertex 192.95 0 -4.56571
    endloop
  endfacet
  facet normal 0.751764 0 -0.659433
    outer loop
      vertex 192.303 0 -5.3033
      vertex 192.95 -6 -4.56571
      vertex 192.303 -6 -5.3033
    endloop
  endfacet
  facet normal 0.896836 0 -0.442363
    outer loop
      vertex 193.929 -6 -2.87012
      vertex 193.495 0 -3.75
      vertex 193.929 0 -2.87012
    endloop
  endfacet
  facet normal 0.896836 0 -0.442363
    outer loop
      vertex 193.495 0 -3.75
      vertex 193.929 -6 -2.87012
      vertex 193.495 -6 -3.75
    endloop
  endfacet
  facet normal -0.442241 0 0.896896
    outer loop
      vertex 183.25 0 6.49519
      vertex 184.13 -6 6.9291
      vertex 184.13 0 6.9291
    endloop
  endfacet
  facet normal -0.442241 0 0.896896
    outer loop
      vertex 184.13 -6 6.9291
      vertex 183.25 0 6.49519
      vertex 183.25 -6 6.49519
    endloop
  endfacet
  facet normal 0.896836 -0 0.442363
    outer loop
      vertex 193.495 -6 3.75
      vertex 193.929 0 2.87012
      vertex 193.495 0 3.75
    endloop
  endfacet
  facet normal 0.896836 0 0.442363
    outer loop
      vertex 193.929 0 2.87012
      vertex 193.495 -6 3.75
      vertex 193.929 -6 2.87012
    endloop
  endfacet
  facet normal 0.980667 0 -0.195686
    outer loop
      vertex 194.436 -6 -0.978946
      vertex 194.244 0 -1.94114
      vertex 194.436 0 -0.978946
    endloop
  endfacet
  facet normal 0.980667 0 -0.195686
    outer loop
      vertex 194.244 0 -1.94114
      vertex 194.436 -6 -0.978946
      vertex 194.244 -6 -1.94114
    endloop
  endfacet
  facet normal -0.751764 0 -0.659433
    outer loop
      vertex 181.697 -6 -5.3033
      vertex 181.05 0 -4.56571
      vertex 181.697 0 -5.3033
    endloop
  endfacet
  facet normal -0.751764 -0 -0.659433
    outer loop
      vertex 181.05 0 -4.56571
      vertex 181.697 -6 -5.3033
      vertex 181.05 -6 -4.56571
    endloop
  endfacet
  facet normal 0.831488 0 -0.555542
    outer loop
      vertex 193.495 -6 -3.75
      vertex 192.95 0 -4.56571
      vertex 193.495 0 -3.75
    endloop
  endfacet
  facet normal 0.831488 0 -0.555542
    outer loop
      vertex 192.95 0 -4.56571
      vertex 193.495 -6 -3.75
      vertex 192.95 -6 -4.56571
    endloop
  endfacet
  facet normal -0.896836 0 -0.442363
    outer loop
      vertex 180.505 -6 -3.75
      vertex 180.071 0 -2.87012
      vertex 180.505 0 -3.75
    endloop
  endfacet
  facet normal -0.896836 -0 -0.442363
    outer loop
      vertex 180.071 0 -2.87012
      vertex 180.505 -6 -3.75
      vertex 180.071 -6 -2.87012
    endloop
  endfacet
  facet normal -0.831488 0 0.555542
    outer loop
      vertex 180.505 -6 3.75
      vertex 181.05 0 4.56571
      vertex 180.505 0 3.75
    endloop
  endfacet
  facet normal -0.831488 0 0.555542
    outer loop
      vertex 181.05 0 4.56571
      vertex 180.505 -6 3.75
      vertex 181.05 -6 4.56571
    endloop
  endfacet
  facet normal 0.442241 0 0.896896
    outer loop
      vertex 189.87 0 6.9291
      vertex 190.75 -6 6.49519
      vertex 190.75 0 6.49519
    endloop
  endfacet
  facet normal 0.442241 0 0.896896
    outer loop
      vertex 190.75 -6 6.49519
      vertex 189.87 0 6.9291
      vertex 189.87 -6 6.9291
    endloop
  endfacet
  facet normal 0.659645 0 0.751578
    outer loop
      vertex 191.566 0 5.95015
      vertex 192.303 -6 5.3033
      vertex 192.303 0 5.3033
    endloop
  endfacet
  facet normal 0.659645 0 0.751578
    outer loop
      vertex 192.303 -6 5.3033
      vertex 191.566 0 5.95015
      vertex 191.566 -6 5.95015
    endloop
  endfacet
  facet normal -0.555434 0 -0.831561
    outer loop
      vertex 182.434 -6 -5.95015
      vertex 183.25 0 -6.49519
      vertex 183.25 -6 -6.49519
    endloop
  endfacet
  facet normal -0.555434 0 -0.831561
    outer loop
      vertex 183.25 0 -6.49519
      vertex 182.434 -6 -5.95015
      vertex 182.434 0 -5.95015
    endloop
  endfacet
  facet normal -0.442241 0 -0.896896
    outer loop
      vertex 183.25 -6 -6.49519
      vertex 184.13 0 -6.9291
      vertex 184.13 -6 -6.9291
    endloop
  endfacet
  facet normal -0.442241 0 -0.896896
    outer loop
      vertex 184.13 0 -6.9291
      vertex 183.25 -6 -6.49519
      vertex 183.25 0 -6.49519
    endloop
  endfacet
  facet normal -0.99787 0 0.0652372
    outer loop
      vertex 179.5 -6 0
      vertex 179.564 0 0.978946
      vertex 179.5 0 0
    endloop
  endfacet
  facet normal -0.99787 0 0.0652372
    outer loop
      vertex 179.564 0 0.978946
      vertex 179.5 -6 0
      vertex 179.564 -6 0.978946
    endloop
  endfacet
  facet normal -0.896836 0 0.442363
    outer loop
      vertex 180.071 -6 2.87012
      vertex 180.505 0 3.75
      vertex 180.071 0 2.87012
    endloop
  endfacet
  facet normal -0.896836 0 0.442363
    outer loop
      vertex 180.505 0 3.75
      vertex 180.071 -6 2.87012
      vertex 180.505 -6 3.75
    endloop
  endfacet
  facet normal -0.99787 0 -0.0652372
    outer loop
      vertex 179.564 -6 -0.978946
      vertex 179.5 0 0
      vertex 179.564 0 -0.978946
    endloop
  endfacet
  facet normal -0.99787 -0 -0.0652372
    outer loop
      vertex 179.5 0 0
      vertex 179.564 -6 -0.978946
      vertex 179.5 -6 0
    endloop
  endfacet
  facet normal 0.065396 0 -0.997859
    outer loop
      vertex 187 -6 -7.5
      vertex 187.979 0 -7.43584
      vertex 187.979 -6 -7.43584
    endloop
  endfacet
  facet normal 0.065396 0 -0.997859
    outer loop
      vertex 187.979 0 -7.43584
      vertex 187 -6 -7.5
      vertex 187 0 -7.5
    endloop
  endfacet
  facet normal -0.321428 0 0.946934
    outer loop
      vertex 184.13 0 6.9291
      vertex 185.059 -6 7.24444
      vertex 185.059 0 7.24444
    endloop
  endfacet
  facet normal -0.321428 0 0.946934
    outer loop
      vertex 185.059 -6 7.24444
      vertex 184.13 0 6.9291
      vertex 184.13 -6 6.9291
    endloop
  endfacet
  facet normal -0.947038 0 -0.321123
    outer loop
      vertex 180.071 -6 -2.87012
      vertex 179.756 0 -1.94114
      vertex 180.071 0 -2.87012
    endloop
  endfacet
  facet normal -0.947038 -0 -0.321123
    outer loop
      vertex 179.756 0 -1.94114
      vertex 180.071 -6 -2.87012
      vertex 179.756 -6 -1.94114
    endloop
  endfacet
  facet normal 0.99787 0 -0.0652372
    outer loop
      vertex 194.5 -6 0
      vertex 194.436 0 -0.978946
      vertex 194.5 0 0
    endloop
  endfacet
  facet normal 0.99787 0 -0.0652372
    outer loop
      vertex 194.436 0 -0.978946
      vertex 194.5 -6 0
      vertex 194.436 -6 -0.978946
    endloop
  endfacet
  facet normal 0.195136 0 -0.980776
    outer loop
      vertex 187.979 -6 -7.43584
      vertex 188.941 0 -7.24444
      vertex 188.941 -6 -7.24444
    endloop
  endfacet
  facet normal 0.195136 0 -0.980776
    outer loop
      vertex 188.941 0 -7.24444
      vertex 187.979 -6 -7.43584
      vertex 187.979 0 -7.43584
    endloop
  endfacet
  facet normal 0.751764 -0 0.659433
    outer loop
      vertex 192.303 -6 5.3033
      vertex 192.95 0 4.56571
      vertex 192.303 0 5.3033
    endloop
  endfacet
  facet normal 0.751764 0 0.659433
    outer loop
      vertex 192.95 0 4.56571
      vertex 192.303 -6 5.3033
      vertex 192.95 -6 4.56571
    endloop
  endfacet
  facet normal -0.065396 0 0.997859
    outer loop
      vertex 186.021 0 7.43584
      vertex 187 -6 7.5
      vertex 187 0 7.5
    endloop
  endfacet
  facet normal -0.065396 0 0.997859
    outer loop
      vertex 187 -6 7.5
      vertex 186.021 0 7.43584
      vertex 186.021 -6 7.43584
    endloop
  endfacet
  facet normal 0.065396 0 0.997859
    outer loop
      vertex 187 0 7.5
      vertex 187.979 -6 7.43584
      vertex 187.979 0 7.43584
    endloop
  endfacet
  facet normal 0.065396 0 0.997859
    outer loop
      vertex 187.979 -6 7.43584
      vertex 187 0 7.5
      vertex 187 -6 7.5
    endloop
  endfacet
  facet normal -0.195136 0 0.980776
    outer loop
      vertex 185.059 0 7.24444
      vertex 186.021 -6 7.43584
      vertex 186.021 0 7.43584
    endloop
  endfacet
  facet normal -0.195136 0 0.980776
    outer loop
      vertex 186.021 -6 7.43584
      vertex 185.059 0 7.24444
      vertex 185.059 -6 7.24444
    endloop
  endfacet
  facet normal -0.659645 0 -0.751578
    outer loop
      vertex 181.697 -6 -5.3033
      vertex 182.434 0 -5.95015
      vertex 182.434 -6 -5.95015
    endloop
  endfacet
  facet normal -0.659645 0 -0.751578
    outer loop
      vertex 182.434 0 -5.95015
      vertex 181.697 -6 -5.3033
      vertex 181.697 0 -5.3033
    endloop
  endfacet
  facet normal -0.831488 0 -0.555542
    outer loop
      vertex 181.05 -6 -4.56571
      vertex 180.505 0 -3.75
      vertex 181.05 0 -4.56571
    endloop
  endfacet
  facet normal -0.831488 -0 -0.555542
    outer loop
      vertex 180.505 0 -3.75
      vertex 181.05 -6 -4.56571
      vertex 180.505 -6 -3.75
    endloop
  endfacet
  facet normal -0.065396 0 -0.997859
    outer loop
      vertex 186.021 -6 -7.43584
      vertex 187 0 -7.5
      vertex 187 -6 -7.5
    endloop
  endfacet
  facet normal -0.065396 0 -0.997859
    outer loop
      vertex 187 0 -7.5
      vertex 186.021 -6 -7.43584
      vertex 186.021 0 -7.43584
    endloop
  endfacet
  facet normal 0 -1 0
    outer loop
      vertex 187 -6 4.1
      vertex 187 -6 7.5
      vertex 186.021 -6 7.43584
    endloop
  endfacet
  facet normal 0 -1 0
    outer loop
      vertex 186.465 -6 4.06492
      vertex 186.021 -6 7.43584
      vertex 185.059 -6 7.24444
    endloop
  endfacet
  facet normal 0 -1 0
    outer loop
      vertex 187 -6 7.5
      vertex 187 -6 4.1
      vertex 187.979 -6 7.43584
    endloop
  endfacet
  facet normal 0 -1 0
    outer loop
      vertex 185.939 -6 3.9603
      vertex 185.059 -6 7.24444
      vertex 184.13 -6 6.9291
    endloop
  endfacet
  facet normal 0 -1 0
    outer loop
      vertex 187.535 -6 4.06492
      vertex 187.979 -6 7.43584
      vertex 187 -6 4.1
    endloop
  endfacet
  facet normal 0 -1 0
    outer loop
      vertex 185.431 -6 3.78791
      vertex 184.13 -6 6.9291
      vertex 183.25 -6 6.49519
    endloop
  endfacet
  facet normal 0 -1 -0
    outer loop
      vertex 187.979 -6 7.43584
      vertex 187.535 -6 4.06492
      vertex 188.941 -6 7.24444
    endloop
  endfacet
  facet normal 0 -1 0
    outer loop
      vertex 184.95 -6 3.5507
      vertex 183.25 -6 6.49519
      vertex 182.434 -6 5.95015
    endloop
  endfacet
  facet normal 0 -1 0
    outer loop
      vertex 188.061 -6 3.9603
      vertex 188.941 -6 7.24444
      vertex 187.535 -6 4.06492
    endloop
  endfacet
  facet normal 0 -1 0
    outer loop
      vertex 184.504 -6 3.25275
      vertex 182.434 -6 5.95015
      vertex 181.697 -6 5.3033
    endloop
  endfacet
  facet normal 0 -1 -0
    outer loop
      vertex 188.941 -6 7.24444
      vertex 188.061 -6 3.9603
      vertex 189.87 -6 6.9291
    endloop
  endfacet
  facet normal 0 -1 0
    outer loop
      vertex 184.101 -6 2.89914
      vertex 181.697 -6 5.3033
      vertex 181.05 -6 4.56571
    endloop
  endfacet
  facet normal 0 -1 0
    outer loop
      vertex 188.569 -6 3.78791
      vertex 189.87 -6 6.9291
      vertex 188.061 -6 3.9603
    endloop
  endfacet
  facet normal 0 -1 -0
    outer loop
      vertex 189.87 -6 6.9291
      vertex 188.569 -6 3.78791
      vertex 190.75 -6 6.49519
    endloop
  endfacet
  facet normal 0 -1 0
    outer loop
      vertex 186.021 -6 7.43584
      vertex 186.465 -6 4.06492
      vertex 187 -6 4.1
    endloop
  endfacet
  facet normal 0 -1 0
    outer loop
      vertex 185.059 -6 7.24444
      vertex 185.939 -6 3.9603
      vertex 186.465 -6 4.06492
    endloop
  endfacet
  facet normal 0 -1 0
    outer loop
      vertex 184.13 -6 6.9291
      vertex 185.431 -6 3.78791
      vertex 185.939 -6 3.9603
    endloop
  endfacet
  facet normal 0 -1 0
    outer loop
      vertex 183.747 -6 2.49592
      vertex 181.05 -6 4.56571
      vertex 180.505 -6 3.75
    endloop
  endfacet
  facet normal 0 -1 0
    outer loop
      vertex 183.25 -6 6.49519
      vertex 184.95 -6 3.5507
      vertex 185.431 -6 3.78791
    endloop
  endfacet
  facet normal 0 -1 0
    outer loop
      vertex 182.434 -6 5.95015
      vertex 184.504 -6 3.25275
      vertex 184.95 -6 3.5507
    endloop
  endfacet
  facet normal 0 -1 0
    outer loop
      vertex 181.697 -6 5.3033
      vertex 184.101 -6 2.89914
      vertex 184.504 -6 3.25275
    endloop
  endfacet
  facet normal 0 -1 0
    outer loop
      vertex 183.449 -6 2.05
      vertex 180.505 -6 3.75
      vertex 180.071 -6 2.87012
    endloop
  endfacet
  facet normal 0 -1 0
    outer loop
      vertex 181.05 -6 4.56571
      vertex 183.747 -6 2.49592
      vertex 184.101 -6 2.89914
    endloop
  endfacet
  facet normal 0 -1 0
    outer loop
      vertex 180.505 -6 3.75
      vertex 183.449 -6 2.05
      vertex 183.747 -6 2.49592
    endloop
  endfacet
  facet normal 0 -1 0
    outer loop
      vertex 183.212 -6 1.569
      vertex 180.071 -6 2.87012
      vertex 179.756 -6 1.94114
    endloop
  endfacet
  facet normal 0 -1 0
    outer loop
      vertex 180.071 -6 2.87012
      vertex 183.212 -6 1.569
      vertex 183.449 -6 2.05
    endloop
  endfacet
  facet normal 0 -1 0
    outer loop
      vertex 179.756 -6 1.94114
      vertex 183.04 -6 1.06116
      vertex 183.212 -6 1.569
    endloop
  endfacet
  facet normal 0 -1 0
    outer loop
      vertex 179.564 -6 0.978946
      vertex 183.04 -6 1.06116
      vertex 179.756 -6 1.94114
    endloop
  endfacet
  facet normal 0 -1 0
    outer loop
      vertex 179.564 -6 0.978946
      vertex 182.935 -6 0.535157
      vertex 183.04 -6 1.06116
    endloop
  endfacet
  facet normal 0 -1 0
    outer loop
      vertex 179.5 -6 0
      vertex 182.935 -6 0.535157
      vertex 179.564 -6 0.978946
    endloop
  endfacet
  facet normal 0 -1 0
    outer loop
      vertex 179.5 -6 0
      vertex 182.9 -6 0
      vertex 182.935 -6 0.535157
    endloop
  endfacet
  facet normal 0 -1 0
    outer loop
      vertex 179.5 -6 0
      vertex 182.935 -6 -0.535157
      vertex 182.9 -6 0
    endloop
  endfacet
  facet normal 0 -1 0
    outer loop
      vertex 179.564 -6 -0.978946
      vertex 182.935 -6 -0.535157
      vertex 179.5 -6 0
    endloop
  endfacet
  facet normal 0 -1 0
    outer loop
      vertex 179.564 -6 -0.978946
      vertex 183.04 -6 -1.06116
      vertex 182.935 -6 -0.535157
    endloop
  endfacet
  facet normal 0 -1 0
    outer loop
      vertex 179.756 -6 -1.94114
      vertex 183.04 -6 -1.06116
      vertex 179.564 -6 -0.978946
    endloop
  endfacet
  facet normal 0 -1 -0
    outer loop
      vertex 183.04 -6 -1.06116
      vertex 179.756 -6 -1.94114
      vertex 183.212 -6 -1.569
    endloop
  endfacet
  facet normal 0 -1 0
    outer loop
      vertex 180.071 -6 -2.87012
      vertex 183.212 -6 -1.569
      vertex 179.756 -6 -1.94114
    endloop
  endfacet
  facet normal 0 -1 -0
    outer loop
      vertex 183.212 -6 -1.569
      vertex 180.071 -6 -2.87012
      vertex 183.449 -6 -2.05
    endloop
  endfacet
  facet normal 0 -1 0
    outer loop
      vertex 180.505 -6 -3.75
      vertex 183.449 -6 -2.05
      vertex 180.071 -6 -2.87012
    endloop
  endfacet
  facet normal 0 -1 -0
    outer loop
      vertex 183.449 -6 -2.05
      vertex 180.505 -6 -3.75
      vertex 183.747 -6 -2.49592
    endloop
  endfacet
  facet normal 0 -1 0
    outer loop
      vertex 181.05 -6 -4.56571
      vertex 183.747 -6 -2.49592
      vertex 180.505 -6 -3.75
    endloop
  endfacet
  facet normal 0 -1 -0
    outer loop
      vertex 183.747 -6 -2.49592
      vertex 181.05 -6 -4.56571
      vertex 184.101 -6 -2.89914
    endloop
  endfacet
  facet normal 0 -1 0
    outer loop
      vertex 181.697 -6 -5.3033
      vertex 184.101 -6 -2.89914
      vertex 181.05 -6 -4.56571
    endloop
  endfacet
  facet normal 0 -1 -0
    outer loop
      vertex 184.101 -6 -2.89914
      vertex 181.697 -6 -5.3033
      vertex 184.504 -6 -3.25275
    endloop
  endfacet
  facet normal 0 -1 0
    outer loop
      vertex 182.434 -6 -5.95015
      vertex 184.504 -6 -3.25275
      vertex 181.697 -6 -5.3033
    endloop
  endfacet
  facet normal 0 -1 -0
    outer loop
      vertex 184.504 -6 -3.25275
      vertex 182.434 -6 -5.95015
      vertex 184.95 -6 -3.5507
    endloop
  endfacet
  facet normal 0 -1 0
    outer loop
      vertex 183.25 -6 -6.49519
      vertex 184.95 -6 -3.5507
      vertex 182.434 -6 -5.95015
    endloop
  endfacet
  facet normal 0 -1 -0
    outer loop
      vertex 184.95 -6 -3.5507
      vertex 183.25 -6 -6.49519
      vertex 185.431 -6 -3.78791
    endloop
  endfacet
  facet normal 0 -1 0
    outer loop
      vertex 189.05 -6 3.5507
      vertex 190.75 -6 6.49519
      vertex 188.569 -6 3.78791
    endloop
  endfacet
  facet normal 0 -1 -0
    outer loop
      vertex 190.75 -6 6.49519
      vertex 189.05 -6 3.5507
      vertex 191.566 -6 5.95015
    endloop
  endfacet
  facet normal 0 -1 0
    outer loop
      vertex 189.496 -6 3.25275
      vertex 191.566 -6 5.95015
      vertex 189.05 -6 3.5507
    endloop
  endfacet
  facet normal 0 -1 -0
    outer loop
      vertex 191.566 -6 5.95015
      vertex 189.496 -6 3.25275
      vertex 192.303 -6 5.3033
    endloop
  endfacet
  facet normal 0 -1 0
    outer loop
      vertex 189.899 -6 2.89914
      vertex 192.303 -6 5.3033
      vertex 189.496 -6 3.25275
    endloop
  endfacet
  facet normal 0 -1 -0
    outer loop
      vertex 192.303 -6 5.3033
      vertex 189.899 -6 2.89914
      vertex 192.95 -6 4.56571
    endloop
  endfacet
  facet normal 0 -1 0
    outer loop
      vertex 190.253 -6 2.49592
      vertex 192.95 -6 4.56571
      vertex 189.899 -6 2.89914
    endloop
  endfacet
  facet normal 0 -1 -0
    outer loop
      vertex 192.95 -6 4.56571
      vertex 190.253 -6 2.49592
      vertex 193.495 -6 3.75
    endloop
  endfacet
  facet normal 0 -1 0
    outer loop
      vertex 190.551 -6 2.05
      vertex 193.495 -6 3.75
      vertex 190.253 -6 2.49592
    endloop
  endfacet
  facet normal 0 -1 -0
    outer loop
      vertex 193.495 -6 3.75
      vertex 190.551 -6 2.05
      vertex 193.929 -6 2.87012
    endloop
  endfacet
  facet normal 0 -1 0
    outer loop
      vertex 190.788 -6 1.569
      vertex 193.929 -6 2.87012
      vertex 190.551 -6 2.05
    endloop
  endfacet
  facet normal 0 -1 -0
    outer loop
      vertex 193.929 -6 2.87012
      vertex 190.788 -6 1.569
      vertex 194.244 -6 1.94114
    endloop
  endfacet
  facet normal 0 -1 0
    outer loop
      vertex 190.96 -6 1.06116
      vertex 194.244 -6 1.94114
      vertex 190.788 -6 1.569
    endloop
  endfacet
  facet normal 0 -1 0
    outer loop
      vertex 190.96 -6 1.06116
      vertex 194.436 -6 0.978946
      vertex 194.244 -6 1.94114
    endloop
  endfacet
  facet normal 0 -1 0
    outer loop
      vertex 191.065 -6 0.535157
      vertex 194.436 -6 0.978946
      vertex 190.96 -6 1.06116
    endloop
  endfacet
  facet normal 0 -1 0
    outer loop
      vertex 191.1 -6 0
      vertex 194.436 -6 0.978946
      vertex 191.065 -6 0.535157
    endloop
  endfacet
  facet normal 0 -1 0
    outer loop
      vertex 191.1 -6 0
      vertex 194.5 -6 0
      vertex 194.436 -6 0.978946
    endloop
  endfacet
  facet normal 0 -1 0
    outer loop
      vertex 191.065 -6 -0.535157
      vertex 194.5 -6 0
      vertex 191.1 -6 0
    endloop
  endfacet
  facet normal 0 -1 0
    outer loop
      vertex 191.065 -6 -0.535157
      vertex 194.436 -6 -0.978946
      vertex 194.5 -6 0
    endloop
  endfacet
  facet normal 0 -1 0
    outer loop
      vertex 190.96 -6 -1.06116
      vertex 194.436 -6 -0.978946
      vertex 191.065 -6 -0.535157
    endloop
  endfacet
  facet normal 0 -1 0
    outer loop
      vertex 194.244 -6 -1.94114
      vertex 190.96 -6 -1.06116
      vertex 190.788 -6 -1.569
    endloop
  endfacet
  facet normal 0 -1 0
    outer loop
      vertex 190.96 -6 -1.06116
      vertex 194.244 -6 -1.94114
      vertex 194.436 -6 -0.978946
    endloop
  endfacet
  facet normal 0 -1 0
    outer loop
      vertex 193.929 -6 -2.87012
      vertex 190.788 -6 -1.569
      vertex 190.551 -6 -2.05
    endloop
  endfacet
  facet normal 0 -1 0
    outer loop
      vertex 193.495 -6 -3.75
      vertex 190.551 -6 -2.05
      vertex 190.253 -6 -2.49592
    endloop
  endfacet
  facet normal 0 -1 0
    outer loop
      vertex 190.788 -6 -1.569
      vertex 193.929 -6 -2.87012
      vertex 194.244 -6 -1.94114
    endloop
  endfacet
  facet normal 0 -1 0
    outer loop
      vertex 192.95 -6 -4.56571
      vertex 190.253 -6 -2.49592
      vertex 189.899 -6 -2.89914
    endloop
  endfacet
  facet normal 0 -1 0
    outer loop
      vertex 192.303 -6 -5.3033
      vertex 189.899 -6 -2.89914
      vertex 189.496 -6 -3.25275
    endloop
  endfacet
  facet normal 0 -1 0
    outer loop
      vertex 191.566 -6 -5.95015
      vertex 189.496 -6 -3.25275
      vertex 189.05 -6 -3.5507
    endloop
  endfacet
  facet normal 0 -1 0
    outer loop
      vertex 190.551 -6 -2.05
      vertex 193.495 -6 -3.75
      vertex 193.929 -6 -2.87012
    endloop
  endfacet
  facet normal 0 -1 0
    outer loop
      vertex 190.75 -6 -6.49519
      vertex 189.05 -6 -3.5507
      vertex 188.569 -6 -3.78791
    endloop
  endfacet
  facet normal 0 -1 0
    outer loop
      vertex 189.87 -6 -6.9291
      vertex 188.569 -6 -3.78791
      vertex 188.061 -6 -3.9603
    endloop
  endfacet
  facet normal 0 -1 0
    outer loop
      vertex 188.941 -6 -7.24444
      vertex 188.061 -6 -3.9603
      vertex 187.535 -6 -4.06492
    endloop
  endfacet
  facet normal 0 -1 0
    outer loop
      vertex 187.979 -6 -7.43584
      vertex 187.535 -6 -4.06492
      vertex 187 -6 -4.1
    endloop
  endfacet
  facet normal 0 -1 0
    outer loop
      vertex 184.13 -6 -6.9291
      vertex 185.431 -6 -3.78791
      vertex 183.25 -6 -6.49519
    endloop
  endfacet
  facet normal 0 -1 0
    outer loop
      vertex 190.253 -6 -2.49592
      vertex 192.95 -6 -4.56571
      vertex 193.495 -6 -3.75
    endloop
  endfacet
  facet normal 0 -1 -0
    outer loop
      vertex 185.431 -6 -3.78791
      vertex 184.13 -6 -6.9291
      vertex 185.939 -6 -3.9603
    endloop
  endfacet
  facet normal 0 -1 0
    outer loop
      vertex 189.899 -6 -2.89914
      vertex 192.303 -6 -5.3033
      vertex 192.95 -6 -4.56571
    endloop
  endfacet
  facet normal 0 -1 0
    outer loop
      vertex 185.059 -6 -7.24444
      vertex 185.939 -6 -3.9603
      vertex 184.13 -6 -6.9291
    endloop
  endfacet
  facet normal 0 -1 0
    outer loop
      vertex 189.496 -6 -3.25275
      vertex 191.566 -6 -5.95015
      vertex 192.303 -6 -5.3033
    endloop
  endfacet
  facet normal 0 -1 -0
    outer loop
      vertex 185.939 -6 -3.9603
      vertex 185.059 -6 -7.24444
      vertex 186.465 -6 -4.06492
    endloop
  endfacet
  facet normal 0 -1 0
    outer loop
      vertex 189.05 -6 -3.5507
      vertex 190.75 -6 -6.49519
      vertex 191.566 -6 -5.95015
    endloop
  endfacet
  facet normal 0 -1 0
    outer loop
      vertex 186.021 -6 -7.43584
      vertex 186.465 -6 -4.06492
      vertex 185.059 -6 -7.24444
    endloop
  endfacet
  facet normal 0 -1 0
    outer loop
      vertex 188.569 -6 -3.78791
      vertex 189.87 -6 -6.9291
      vertex 190.75 -6 -6.49519
    endloop
  endfacet
  facet normal 0 -1 -0
    outer loop
      vertex 186.465 -6 -4.06492
      vertex 186.021 -6 -7.43584
      vertex 187 -6 -4.1
    endloop
  endfacet
  facet normal 0 -1 0
    outer loop
      vertex 188.061 -6 -3.9603
      vertex 188.941 -6 -7.24444
      vertex 189.87 -6 -6.9291
    endloop
  endfacet
  facet normal 0 -1 0
    outer loop
      vertex 187 -6 -7.5
      vertex 187 -6 -4.1
      vertex 186.021 -6 -7.43584
    endloop
  endfacet
  facet normal 0 -1 0
    outer loop
      vertex 187.535 -6 -4.06492
      vertex 187.979 -6 -7.43584
      vertex 188.941 -6 -7.24444
    endloop
  endfacet
  facet normal 0 -1 0
    outer loop
      vertex 187 -6 -4.1
      vertex 187 -6 -7.5
      vertex 187.979 -6 -7.43584
    endloop
  endfacet
  facet normal -0.195136 0 -0.980776
    outer loop
      vertex 185.059 -6 -7.24444
      vertex 186.021 0 -7.43584
      vertex 186.021 -6 -7.43584
    endloop
  endfacet
  facet normal -0.195136 0 -0.980776
    outer loop
      vertex 186.021 0 -7.43584
      vertex 185.059 -6 -7.24444
      vertex 185.059 0 -7.24444
    endloop
  endfacet
  facet normal 0 0 1
    outer loop
      vertex 188.632 44.2901 -25
      vertex 166.25 34.0024 -25
      vertex 172.25 34.0024 -25
    endloop
  endfacet
  facet normal 0 0 1
    outer loop
      vertex 161.1 27.2884 -25
      vertex 166.25 34.0024 -25
      vertex 161.1 29.2884 -25
    endloop
  endfacet
  facet normal 0 0 1
    outer loop
      vertex 166.25 34.0024 -25
      vertex 161.056 29.9541 -25
      vertex 161.1 29.2884 -25
    endloop
  endfacet
  facet normal 0 0 1
    outer loop
      vertex 166.25 34.0024 -25
      vertex 160.926 30.6084 -25
      vertex 161.056 29.9541 -25
    endloop
  endfacet
  facet normal 0 0 1
    outer loop
      vertex 166.25 34.0024 -25
      vertex 160.712 31.2401 -25
      vertex 160.926 30.6084 -25
    endloop
  endfacet
  facet normal 0 0 1
    outer loop
      vertex 166.25 34.0024 -25
      vertex 160.417 31.8384 -25
      vertex 160.712 31.2401 -25
    endloop
  endfacet
  facet normal -0 0 1
    outer loop
      vertex 156.666 34.3448 -25
      vertex 166.25 34.0024 -25
      vertex 188.632 44.2901 -25
    endloop
  endfacet
  facet normal 0 0 1
    outer loop
      vertex 166.25 34.0024 -25
      vertex 160.046 32.3931 -25
      vertex 160.417 31.8384 -25
    endloop
  endfacet
  facet normal 0 0 1
    outer loop
      vertex 166.25 34.0024 -25
      vertex 159.606 32.8947 -25
      vertex 160.046 32.3931 -25
    endloop
  endfacet
  facet normal 0 0 1
    outer loop
      vertex 166.25 34.0024 -25
      vertex 159.105 33.3345 -25
      vertex 159.606 32.8947 -25
    endloop
  endfacet
  facet normal 0 0 1
    outer loop
      vertex 166.25 34.0024 -25
      vertex 158.55 33.7052 -25
      vertex 159.105 33.3345 -25
    endloop
  endfacet
  facet normal 0 0 1
    outer loop
      vertex 166.25 34.0024 -25
      vertex 157.952 34.0002 -25
      vertex 158.55 33.7052 -25
    endloop
  endfacet
  facet normal 0 0 1
    outer loop
      vertex 166.25 34.0024 -25
      vertex 157.32 34.2147 -25
      vertex 157.952 34.0002 -25
    endloop
  endfacet
  facet normal 0 0 1
    outer loop
      vertex 166.25 34.0024 -25
      vertex 156.666 34.3448 -25
      vertex 157.32 34.2147 -25
    endloop
  endfacet
  facet normal 0 0 1
    outer loop
      vertex 188.632 44.2901 -25
      vertex 156 34.3884 -25
      vertex 156.666 34.3448 -25
    endloop
  endfacet
  facet normal 0 0 1
    outer loop
      vertex 188.632 44.2901 -25
      vertex 155.334 34.3448 -25
      vertex 156 34.3884 -25
    endloop
  endfacet
  facet normal 0 0 1
    outer loop
      vertex 145.75 34.0024 -25
      vertex 155.334 34.3448 -25
      vertex 188.632 44.2901 -25
    endloop
  endfacet
  facet normal 0 0 1
    outer loop
      vertex 150.9 29.2884 -25
      vertex 145.75 34.0024 -25
      vertex 150.9 27.2884 -25
    endloop
  endfacet
  facet normal 0 0 1
    outer loop
      vertex 150.944 29.9541 -25
      vertex 145.75 34.0024 -25
      vertex 150.9 29.2884 -25
    endloop
  endfacet
  facet normal 0 0 1
    outer loop
      vertex 151.074 30.6084 -25
      vertex 145.75 34.0024 -25
      vertex 150.944 29.9541 -25
    endloop
  endfacet
  facet normal 0 0 1
    outer loop
      vertex 151.288 31.2401 -25
      vertex 145.75 34.0024 -25
      vertex 151.074 30.6084 -25
    endloop
  endfacet
  facet normal 0 0 1
    outer loop
      vertex 151.583 31.8384 -25
      vertex 145.75 34.0024 -25
      vertex 151.288 31.2401 -25
    endloop
  endfacet
  facet normal 0 0 1
    outer loop
      vertex 151.954 32.3931 -25
      vertex 145.75 34.0024 -25
      vertex 151.583 31.8384 -25
    endloop
  endfacet
  facet normal 0 0 1
    outer loop
      vertex 152.394 32.8947 -25
      vertex 145.75 34.0024 -25
      vertex 151.954 32.3931 -25
    endloop
  endfacet
  facet normal 0 0 1
    outer loop
      vertex 152.895 33.3345 -25
      vertex 145.75 34.0024 -25
      vertex 152.394 32.8947 -25
    endloop
  endfacet
  facet normal 0 0 1
    outer loop
      vertex 153.45 33.7052 -25
      vertex 145.75 34.0024 -25
      vertex 152.895 33.3345 -25
    endloop
  endfacet
  facet normal 0 0 1
    outer loop
      vertex 154.048 34.0002 -25
      vertex 145.75 34.0024 -25
      vertex 153.45 33.7052 -25
    endloop
  endfacet
  facet normal 0 0 1
    outer loop
      vertex 154.68 34.2147 -25
      vertex 145.75 34.0024 -25
      vertex 154.048 34.0002 -25
    endloop
  endfacet
  facet normal 0 0 1
    outer loop
      vertex 155.334 34.3448 -25
      vertex 145.75 34.0024 -25
      vertex 154.68 34.2147 -25
    endloop
  endfacet
  facet normal 0 0 1
    outer loop
      vertex 188.632 44.2901 -25
      vertex 139.75 34.0024 -25
      vertex 145.75 34.0024 -25
    endloop
  endfacet
  facet normal 0 0 1
    outer loop
      vertex 139.75 34.0024 -25
      vertex 135.851 33.6657 -25
      vertex 139.75 20 -25
    endloop
  endfacet
  facet normal 0 0 1
    outer loop
      vertex 119.25 34.0024 -25
      vertex 139.75 34.0024 -25
      vertex 188.632 44.2901 -25
    endloop
  endfacet
  facet normal 0 0 1
    outer loop
      vertex 139.75 34.0024 -25
      vertex 119.25 34.0024 -25
      vertex 135.851 33.6657 -25
    endloop
  endfacet
  facet normal 0 0 1
    outer loop
      vertex 119.25 20 -25
      vertex 128.923 33.4531 -25
      vertex 119.25 34.0024 -25
    endloop
  endfacet
  facet normal 0 0 1
    outer loop
      vertex 135.851 33.6657 -25
      vertex 119.25 34.0024 -25
      vertex 128.923 33.4531 -25
    endloop
  endfacet
  facet normal 0 0 1
    outer loop
      vertex 188.632 44.2901 -25
      vertex 113.25 34.0024 -25
      vertex 119.25 34.0024 -25
    endloop
  endfacet
  facet normal 0 0 1
    outer loop
      vertex 113.25 34.0024 -25
      vertex 109.351 32.8523 -25
      vertex 113.25 20 -25
    endloop
  endfacet
  facet normal 0 0 1
    outer loop
      vertex 113.25 34.0024 -25
      vertex 102.423 32.6396 -25
      vertex 109.351 32.8523 -25
    endloop
  endfacet
  facet normal 0 0 1
    outer loop
      vertex 92.75 34.0024 -25
      vertex 113.25 34.0024 -25
      vertex 188.632 44.2901 -25
    endloop
  endfacet
  facet normal 0 0 1
    outer loop
      vertex 92.75 20 -25
      vertex 102.423 32.6396 -25
      vertex 92.75 34.0024 -25
    endloop
  endfacet
  facet normal 0 0 1
    outer loop
      vertex 113.25 34.0024 -25
      vertex 92.75 34.0024 -25
      vertex 102.423 32.6396 -25
    endloop
  endfacet
  facet normal 0 0 1
    outer loop
      vertex 188.632 44.2901 -25
      vertex 86.75 34.0024 -25
      vertex 92.75 34.0024 -25
    endloop
  endfacet
  facet normal 0 0 1
    outer loop
      vertex 86.75 34.0024 -25
      vertex 82.8509 32.0389 -25
      vertex 86.75 20 -25
    endloop
  endfacet
  facet normal 0 0 1
    outer loop
      vertex 86.75 34.0024 -25
      vertex 75.9226 31.8262 -25
      vertex 82.8509 32.0389 -25
    endloop
  endfacet
  facet normal 0 0 1
    outer loop
      vertex 66.25 20 -25
      vertex 75.9226 31.8262 -25
      vertex 66.25 34.0024 -25
    endloop
  endfacet
  facet normal 0 0 1
    outer loop
      vertex 86.75 34.0024 -25
      vertex 66.25 34.0024 -25
      vertex 75.9226 31.8262 -25
    endloop
  endfacet
  facet normal 0 0 1
    outer loop
      vertex 188.632 44.2901 -25
      vertex 66.25 34.0024 -25
      vertex 86.75 34.0024 -25
    endloop
  endfacet
  facet normal -0 0 1
    outer loop
      vertex -2.36816 38.4273 -25
      vertex 66.25 34.0024 -25
      vertex 188.632 44.2901 -25
    endloop
  endfacet
  facet normal -0 0 1
    outer loop
      vertex 55.0564 26.7004 -25
      vertex 60.25 20 -25
      vertex 60.25 34.0024 -25
    endloop
  endfacet
  facet normal 0 0 1
    outer loop
      vertex 60.25 20 -25
      vertex 55.0564 26.7004 -25
      vertex 55.1 26.0348 -25
    endloop
  endfacet
  facet normal 0 0 1
    outer loop
      vertex 60.25 34.0024 -25
      vertex 54.9262 27.3547 -25
      vertex 55.0564 26.7004 -25
    endloop
  endfacet
  facet normal 0 0 1
    outer loop
      vertex 60.25 34.0024 -25
      vertex 54.7118 27.9864 -25
      vertex 54.9262 27.3547 -25
    endloop
  endfacet
  facet normal 0 0 1
    outer loop
      vertex 60.25 34.0024 -25
      vertex 54.4167 28.5848 -25
      vertex 54.7118 27.9864 -25
    endloop
  endfacet
  facet normal 0 0 1
    outer loop
      vertex 60.25 34.0024 -25
      vertex 54.0461 29.1394 -25
      vertex 54.4167 28.5848 -25
    endloop
  endfacet
  facet normal 0 0 1
    outer loop
      vertex 60.25 34.0024 -25
      vertex 53.6062 29.641 -25
      vertex 54.0461 29.1394 -25
    endloop
  endfacet
  facet normal 0 0 1
    outer loop
      vertex 60.25 34.0024 -25
      vertex 53.1047 30.0809 -25
      vertex 53.6062 29.641 -25
    endloop
  endfacet
  facet normal 0 0 1
    outer loop
      vertex 60.25 34.0024 -25
      vertex 52.55 30.4515 -25
      vertex 53.1047 30.0809 -25
    endloop
  endfacet
  facet normal 0 0 1
    outer loop
      vertex 60.25 34.0024 -25
      vertex 51.9517 30.7465 -25
      vertex 52.55 30.4515 -25
    endloop
  endfacet
  facet normal 0 0 1
    outer loop
      vertex 60.25 34.0024 -25
      vertex 51.32 30.961 -25
      vertex 51.9517 30.7465 -25
    endloop
  endfacet
  facet normal 0 0 1
    outer loop
      vertex 60.25 34.0024 -25
      vertex 50.6657 31.0911 -25
      vertex 51.32 30.961 -25
    endloop
  endfacet
  facet normal 0 0 1
    outer loop
      vertex 60.25 34.0024 -25
      vertex 50 31.1348 -25
      vertex 50.6657 31.0911 -25
    endloop
  endfacet
  facet normal -0 0 1
    outer loop
      vertex 39.75 34.0024 -25
      vertex 50 31.1348 -25
      vertex 60.25 34.0024 -25
    endloop
  endfacet
  facet normal 0 0 1
    outer loop
      vertex 50 31.1348 -25
      vertex 39.75 34.0024 -25
      vertex 49.3343 31.0911 -25
    endloop
  endfacet
  facet normal 0 0 1
    outer loop
      vertex 44.9436 26.7004 -25
      vertex 39.75 20 -25
      vertex 44.9 26.0348 -25
    endloop
  endfacet
  facet normal 0 0 1
    outer loop
      vertex 39.75 20 -25
      vertex 44.9436 26.7004 -25
      vertex 39.75 34.0024 -25
    endloop
  endfacet
  facet normal 0 0 1
    outer loop
      vertex 45.0738 27.3547 -25
      vertex 39.75 34.0024 -25
      vertex 44.9436 26.7004 -25
    endloop
  endfacet
  facet normal 0 0 1
    outer loop
      vertex 45.2882 27.9864 -25
      vertex 39.75 34.0024 -25
      vertex 45.0738 27.3547 -25
    endloop
  endfacet
  facet normal 0 0 1
    outer loop
      vertex 45.5833 28.5848 -25
      vertex 39.75 34.0024 -25
      vertex 45.2882 27.9864 -25
    endloop
  endfacet
  facet normal 0 0 1
    outer loop
      vertex 45.9539 29.1394 -25
      vertex 39.75 34.0024 -25
      vertex 45.5833 28.5848 -25
    endloop
  endfacet
  facet normal 0 0 1
    outer loop
      vertex 46.3938 29.641 -25
      vertex 39.75 34.0024 -25
      vertex 45.9539 29.1394 -25
    endloop
  endfacet
  facet normal 0 0 1
    outer loop
      vertex 46.8953 30.0809 -25
      vertex 39.75 34.0024 -25
      vertex 46.3938 29.641 -25
    endloop
  endfacet
  facet normal 0 0 1
    outer loop
      vertex 47.45 30.4515 -25
      vertex 39.75 34.0024 -25
      vertex 46.8953 30.0809 -25
    endloop
  endfacet
  facet normal 0 0 1
    outer loop
      vertex 48.0483 30.7465 -25
      vertex 39.75 34.0024 -25
      vertex 47.45 30.4515 -25
    endloop
  endfacet
  facet normal 0 0 1
    outer loop
      vertex 48.68 30.961 -25
      vertex 39.75 34.0024 -25
      vertex 48.0483 30.7465 -25
    endloop
  endfacet
  facet normal 0 0 1
    outer loop
      vertex 49.3343 31.0911 -25
      vertex 39.75 34.0024 -25
      vertex 48.68 30.961 -25
    endloop
  endfacet
  facet normal 0 0 1
    outer loop
      vertex 66.25 34.0024 -25
      vertex -2.36816 38.4273 -25
      vertex 60.25 34.0024 -25
    endloop
  endfacet
  facet normal 0 0 1
    outer loop
      vertex 60.25 34.0024 -25
      vertex -2.36816 38.4273 -25
      vertex 39.75 34.0024 -25
    endloop
  endfacet
  facet normal 0 0 1
    outer loop
      vertex 33.75 34.0024 -25
      vertex 29.8509 30.412 -25
      vertex 33.75 20 -25
    endloop
  endfacet
  facet normal 0 0 1
    outer loop
      vertex 33.75 34.0024 -25
      vertex 22.9226 30.1994 -25
      vertex 29.8509 30.412 -25
    endloop
  endfacet
  facet normal 0 0 1
    outer loop
      vertex 13.25 20 -25
      vertex 22.9226 30.1994 -25
      vertex 13.25 34.0024 -25
    endloop
  endfacet
  facet normal 0 0 1
    outer loop
      vertex 33.75 34.0024 -25
      vertex 13.25 34.0024 -25
      vertex 22.9226 30.1994 -25
    endloop
  endfacet
  facet normal 0 0 1
    outer loop
      vertex 39.75 34.0024 -25
      vertex -2.36816 38.4273 -25
      vertex 33.75 34.0024 -25
    endloop
  endfacet
  facet normal 0 0 1
    outer loop
      vertex 33.75 34.0024 -25
      vertex -2.36816 38.4273 -25
      vertex 13.25 34.0024 -25
    endloop
  endfacet
  facet normal 0 0 1
    outer loop
      vertex 13.25 34.0024 -25
      vertex -2.36816 38.4273 -25
      vertex 7.25 34.0024 -25
    endloop
  endfacet
  facet normal 0 0 1
    outer loop
      vertex -2.36816 38.4273 -25
      vertex 7.25 20 -25
      vertex 7.25 34.0024 -25
    endloop
  endfacet
  facet normal -0 0 1
    outer loop
      vertex -3.9306 38.2766 -25
      vertex 7.25 20 -25
      vertex -2.36816 38.4273 -25
    endloop
  endfacet
  facet normal -0 0 1
    outer loop
      vertex -5.45999 37.9233 -25
      vertex 7.25 20 -25
      vertex -3.9306 38.2766 -25
    endloop
  endfacet
  facet normal -0 0 1
    outer loop
      vertex -6.93018 37.3734 -25
      vertex 7.25 20 -25
      vertex -5.45999 37.9233 -25
    endloop
  endfacet
  facet normal -0 0 1
    outer loop
      vertex -8.31602 36.6363 -25
      vertex 7.25 20 -25
      vertex -6.93018 37.3734 -25
    endloop
  endfacet
  facet normal -0 0 1
    outer loop
      vertex -9.59378 35.7246 -25
      vertex 7.25 20 -25
      vertex -8.31602 36.6363 -25
    endloop
  endfacet
  facet normal -0 0 1
    outer loop
      vertex -10.7416 34.6539 -25
      vertex 7.25 20 -25
      vertex -9.59378 35.7246 -25
    endloop
  endfacet
  facet normal -0 0 1
    outer loop
      vertex -11.7399 33.4426 -25
      vertex 7.25 20 -25
      vertex -10.7416 34.6539 -25
    endloop
  endfacet
  facet normal -0 0 1
    outer loop
      vertex -12.5715 32.1113 -25
      vertex 7.25 20 -25
      vertex -11.7399 33.4426 -25
    endloop
  endfacet
  facet normal -0 0 1
    outer loop
      vertex -13.2222 30.6828 -25
      vertex 7.25 20 -25
      vertex -12.5715 32.1113 -25
    endloop
  endfacet
  facet normal -0 0 1
    outer loop
      vertex -13.6809 29.1817 -25
      vertex 7.25 20 -25
      vertex -13.2222 30.6828 -25
    endloop
  endfacet
  facet normal -0 0 1
    outer loop
      vertex -13.9398 27.6335 -25
      vertex 7.25 20 -25
      vertex -13.6809 29.1817 -25
    endloop
  endfacet
  facet normal -0 0 1
    outer loop
      vertex -14 26.433 -25
      vertex 7.25 20 -25
      vertex -13.9398 27.6335 -25
    endloop
  endfacet
  facet normal 0 0 1
    outer loop
      vertex 7.25 20 -25
      vertex -14 26.433 -25
      vertex -14 20 -25
    endloop
  endfacet
  facet normal 0 0 1
    outer loop
      vertex 188.632 44.2901 -25
      vertex 201 32.2957 -25
      vertex 200.897 33.862 -25
    endloop
  endfacet
  facet normal 0 0 1
    outer loop
      vertex 188.632 44.2901 -25
      vertex 200.897 33.862 -25
      vertex 200.591 35.4016 -25
    endloop
  endfacet
  facet normal 0 0 1
    outer loop
      vertex 188.632 44.2901 -25
      vertex 200.591 35.4016 -25
      vertex 200.087 36.8879 -25
    endloop
  endfacet
  facet normal 0 0 1
    outer loop
      vertex 188.632 44.2901 -25
      vertex 200.087 36.8879 -25
      vertex 199.392 38.2957 -25
    endloop
  endfacet
  facet normal 0 0 1
    outer loop
      vertex 188.632 44.2901 -25
      vertex 199.392 38.2957 -25
      vertex 198.52 39.6009 -25
    endloop
  endfacet
  facet normal 0 0 1
    outer loop
      vertex 188.632 44.2901 -25
      vertex 198.52 39.6009 -25
      vertex 197.485 40.781 -25
    endloop
  endfacet
  facet normal 0 0 1
    outer loop
      vertex 188.632 44.2901 -25
      vertex 197.485 40.781 -25
      vertex 196.305 41.816 -25
    endloop
  endfacet
  facet normal 0 0 1
    outer loop
      vertex 188.632 44.2901 -25
      vertex 196.305 41.816 -25
      vertex 195 42.688 -25
    endloop
  endfacet
  facet normal 0 0 1
    outer loop
      vertex 188.632 44.2901 -25
      vertex 195 42.688 -25
      vertex 193.592 43.3823 -25
    endloop
  endfacet
  facet normal 0 0 1
    outer loop
      vertex 188.632 44.2901 -25
      vertex 193.592 43.3823 -25
      vertex 192.106 43.8868 -25
    endloop
  endfacet
  facet normal 0 0 1
    outer loop
      vertex 188.632 44.2901 -25
      vertex 192.106 43.8868 -25
      vertex 190.566 44.1931 -25
    endloop
  endfacet
  facet normal 0 0 1
    outer loop
      vertex 201 32.2957 -25
      vertex 188.632 44.2901 -25
      vertex 172.25 34.0024 -25
    endloop
  endfacet
  facet normal 0 0 1
    outer loop
      vertex 201 32.2957 -25
      vertex 172.25 34.0024 -25
      vertex 172.25 20 -25
    endloop
  endfacet
  facet normal 0 0 1
    outer loop
      vertex 201 32.2957 -25
      vertex 172.25 20 -25
      vertex 201 20 -25
    endloop
  endfacet
  facet normal 0 0 1
    outer loop
      vertex 166.25 34.0024 -25
      vertex 161.1 27.2884 -25
      vertex 166.25 20 -25
    endloop
  endfacet
  facet normal -0 0 1
    outer loop
      vertex 161.056 26.6228 -25
      vertex 166.25 20 -25
      vertex 161.1 27.2884 -25
    endloop
  endfacet
  facet normal -0 0 1
    outer loop
      vertex 160.926 25.9685 -25
      vertex 166.25 20 -25
      vertex 161.056 26.6228 -25
    endloop
  endfacet
  facet normal -0 0 1
    outer loop
      vertex 160.712 25.3368 -25
      vertex 166.25 20 -25
      vertex 160.926 25.9685 -25
    endloop
  endfacet
  facet normal -0 0 1
    outer loop
      vertex 160.417 24.7384 -25
      vertex 166.25 20 -25
      vertex 160.712 25.3368 -25
    endloop
  endfacet
  facet normal -0 0 1
    outer loop
      vertex 160.046 24.1838 -25
      vertex 166.25 20 -25
      vertex 160.417 24.7384 -25
    endloop
  endfacet
  facet normal -0 0 1
    outer loop
      vertex 159.606 23.6822 -25
      vertex 166.25 20 -25
      vertex 160.046 24.1838 -25
    endloop
  endfacet
  facet normal -0 0 1
    outer loop
      vertex 159.105 23.2423 -25
      vertex 166.25 20 -25
      vertex 159.606 23.6822 -25
    endloop
  endfacet
  facet normal -0 0 1
    outer loop
      vertex 158.55 22.8717 -25
      vertex 166.25 20 -25
      vertex 159.105 23.2423 -25
    endloop
  endfacet
  facet normal -0 0 1
    outer loop
      vertex 157.952 22.5767 -25
      vertex 166.25 20 -25
      vertex 158.55 22.8717 -25
    endloop
  endfacet
  facet normal -0 0 1
    outer loop
      vertex 157.32 22.3622 -25
      vertex 166.25 20 -25
      vertex 157.952 22.5767 -25
    endloop
  endfacet
  facet normal -0 0 1
    outer loop
      vertex 156.666 22.2321 -25
      vertex 166.25 20 -25
      vertex 157.32 22.3622 -25
    endloop
  endfacet
  facet normal -0 0 1
    outer loop
      vertex 156 22.1884 -25
      vertex 166.25 20 -25
      vertex 156.666 22.2321 -25
    endloop
  endfacet
  facet normal 0 0 1
    outer loop
      vertex 145.75 20 -25
      vertex 156 22.1884 -25
      vertex 155.334 22.2321 -25
    endloop
  endfacet
  facet normal 0 0 1
    outer loop
      vertex 145.75 20 -25
      vertex 155.334 22.2321 -25
      vertex 154.68 22.3622 -25
    endloop
  endfacet
  facet normal 0 0 1
    outer loop
      vertex 145.75 20 -25
      vertex 150.9 27.2884 -25
      vertex 145.75 34.0024 -25
    endloop
  endfacet
  facet normal 0 0 1
    outer loop
      vertex 150.9 27.2884 -25
      vertex 145.75 20 -25
      vertex 150.944 26.6228 -25
    endloop
  endfacet
  facet normal 0 0 1
    outer loop
      vertex 150.944 26.6228 -25
      vertex 145.75 20 -25
      vertex 151.074 25.9685 -25
    endloop
  endfacet
  facet normal 0 0 1
    outer loop
      vertex 151.074 25.9685 -25
      vertex 145.75 20 -25
      vertex 151.288 25.3368 -25
    endloop
  endfacet
  facet normal 0 0 1
    outer loop
      vertex 156 22.1884 -25
      vertex 145.75 20 -25
      vertex 166.25 20 -25
    endloop
  endfacet
  facet normal 0 0 1
    outer loop
      vertex 154.048 22.5767 -25
      vertex 145.75 20 -25
      vertex 154.68 22.3622 -25
    endloop
  endfacet
  facet normal 0 0 1
    outer loop
      vertex 153.45 22.8717 -25
      vertex 145.75 20 -25
      vertex 154.048 22.5767 -25
    endloop
  endfacet
  facet normal 0 0 1
    outer loop
      vertex 152.895 23.2423 -25
      vertex 145.75 20 -25
      vertex 153.45 22.8717 -25
    endloop
  endfacet
  facet normal 0 0 1
    outer loop
      vertex 152.394 23.6822 -25
      vertex 145.75 20 -25
      vertex 152.895 23.2423 -25
    endloop
  endfacet
  facet normal 0 0 1
    outer loop
      vertex 151.954 24.1838 -25
      vertex 145.75 20 -25
      vertex 152.394 23.6822 -25
    endloop
  endfacet
  facet normal 0 0 1
    outer loop
      vertex 151.583 24.7384 -25
      vertex 145.75 20 -25
      vertex 151.954 24.1838 -25
    endloop
  endfacet
  facet normal 0 0 1
    outer loop
      vertex 151.288 25.3368 -25
      vertex 145.75 20 -25
      vertex 151.583 24.7384 -25
    endloop
  endfacet
  facet normal 0 0 1
    outer loop
      vertex 139.75 20 -25
      vertex 135.851 33.6657 -25
      vertex 135.851 20 -25
    endloop
  endfacet
  facet normal 0 0 1
    outer loop
      vertex 128.923 33.4531 -25
      vertex 119.25 20 -25
      vertex 128.923 20 -25
    endloop
  endfacet
  facet normal 0 0 1
    outer loop
      vertex 113.25 20 -25
      vertex 109.351 32.8523 -25
      vertex 109.351 20 -25
    endloop
  endfacet
  facet normal 0 0 1
    outer loop
      vertex 102.423 32.6396 -25
      vertex 92.75 20 -25
      vertex 102.423 20 -25
    endloop
  endfacet
  facet normal 0 0 1
    outer loop
      vertex 86.75 20 -25
      vertex 82.8509 32.0389 -25
      vertex 82.8509 20 -25
    endloop
  endfacet
  facet normal 0 0 1
    outer loop
      vertex 75.9226 31.8262 -25
      vertex 66.25 20 -25
      vertex 75.9226 20 -25
    endloop
  endfacet
  facet normal -0 0 1
    outer loop
      vertex 55.1 24.0348 -25
      vertex 60.25 20 -25
      vertex 55.1 26.0348 -25
    endloop
  endfacet
  facet normal -0 0 1
    outer loop
      vertex 55.0564 23.3691 -25
      vertex 60.25 20 -25
      vertex 55.1 24.0348 -25
    endloop
  endfacet
  facet normal -0 0 1
    outer loop
      vertex 54.9262 22.7148 -25
      vertex 60.25 20 -25
      vertex 55.0564 23.3691 -25
    endloop
  endfacet
  facet normal -0 0 1
    outer loop
      vertex 54.7118 22.0831 -25
      vertex 60.25 20 -25
      vertex 54.9262 22.7148 -25
    endloop
  endfacet
  facet normal -0 0 1
    outer loop
      vertex 54.4167 21.4848 -25
      vertex 60.25 20 -25
      vertex 54.7118 22.0831 -25
    endloop
  endfacet
  facet normal -0 0 1
    outer loop
      vertex 54.0461 20.9301 -25
      vertex 60.25 20 -25
      vertex 54.4167 21.4848 -25
    endloop
  endfacet
  facet normal -0 0 1
    outer loop
      vertex 53.6062 20.4285 -25
      vertex 60.25 20 -25
      vertex 54.0461 20.9301 -25
    endloop
  endfacet
  facet normal 0 0 1
    outer loop
      vertex 60.25 20 -25
      vertex 53.6062 20.4285 -25
      vertex 53.1176 20 -25
    endloop
  endfacet
  facet normal 0 0 1
    outer loop
      vertex 44.9 26.0348 -25
      vertex 39.75 20 -25
      vertex 44.9 24.0348 -25
    endloop
  endfacet
  facet normal 0 0 1
    outer loop
      vertex 44.9 24.0348 -25
      vertex 39.75 20 -25
      vertex 44.9436 23.3691 -25
    endloop
  endfacet
  facet normal 0 0 1
    outer loop
      vertex 44.9436 23.3691 -25
      vertex 39.75 20 -25
      vertex 45.0738 22.7148 -25
    endloop
  endfacet
  facet normal 0 0 1
    outer loop
      vertex 46.3938 20.4285 -25
      vertex 39.75 20 -25
      vertex 46.8824 20 -25
    endloop
  endfacet
  facet normal 0 0 1
    outer loop
      vertex 45.9539 20.9301 -25
      vertex 39.75 20 -25
      vertex 46.3938 20.4285 -25
    endloop
  endfacet
  facet normal 0 0 1
    outer loop
      vertex 45.5833 21.4848 -25
      vertex 39.75 20 -25
      vertex 45.9539 20.9301 -25
    endloop
  endfacet
  facet normal 0 0 1
    outer loop
      vertex 45.2882 22.0831 -25
      vertex 39.75 20 -25
      vertex 45.5833 21.4848 -25
    endloop
  endfacet
  facet normal 0 0 1
    outer loop
      vertex 45.0738 22.7148 -25
      vertex 39.75 20 -25
      vertex 45.2882 22.0831 -25
    endloop
  endfacet
  facet normal 0 0 1
    outer loop
      vertex 33.75 20 -25
      vertex 29.8509 30.412 -25
      vertex 29.8509 20 -25
    endloop
  endfacet
  facet normal 0 0 1
    outer loop
      vertex 22.9226 30.1994 -25
      vertex 13.25 20 -25
      vertex 22.9226 20 -25
    endloop
  endfacet
  facet normal 0 0 -1
    outer loop
      vertex 52.55 19.618 -25
      vertex 53.1176 20 -25
      vertex 53.1047 19.9887 -25
    endloop
  endfacet
  facet normal 0 0 -1
    outer loop
      vertex 51.9517 19.323 -25
      vertex 53.1176 20 -25
      vertex 52.55 19.618 -25
    endloop
  endfacet
  facet normal 0 0 -1
    outer loop
      vertex 51.32 19.1085 -25
      vertex 53.1176 20 -25
      vertex 51.9517 19.323 -25
    endloop
  endfacet
  facet normal 0 0 -1
    outer loop
      vertex 50.6657 18.9784 -25
      vertex 53.1176 20 -25
      vertex 51.32 19.1085 -25
    endloop
  endfacet
  facet normal 0 0 -1
    outer loop
      vertex 50 18.9348 -25
      vertex 53.1176 20 -25
      vertex 50.6657 18.9784 -25
    endloop
  endfacet
  facet normal 0 0 -1
    outer loop
      vertex 49.3343 18.9784 -25
      vertex 53.1176 20 -25
      vertex 50 18.9348 -25
    endloop
  endfacet
  facet normal 0 0 -1
    outer loop
      vertex 48.68 19.1085 -25
      vertex 53.1176 20 -25
      vertex 49.3343 18.9784 -25
    endloop
  endfacet
  facet normal 0 0 -1
    outer loop
      vertex 48.0483 19.323 -25
      vertex 53.1176 20 -25
      vertex 48.68 19.1085 -25
    endloop
  endfacet
  facet normal 0 0 -1
    outer loop
      vertex 47.45 19.618 -25
      vertex 53.1176 20 -25
      vertex 48.0483 19.323 -25
    endloop
  endfacet
  facet normal 0 0 -1
    outer loop
      vertex 46.8824 20 -25
      vertex 47.45 19.618 -25
      vertex 46.8953 19.9887 -25
    endloop
  endfacet
  facet normal 0 0 -1
    outer loop
      vertex 47.45 19.618 -25
      vertex 46.8824 20 -25
      vertex 53.1176 20 -25
    endloop
  endfacet
  facet normal 1 0 0
    outer loop
      vertex 201 10 7.02945
      vertex 201 0 7.02945
      vertex 201 10 -15
    endloop
  endfacet
  facet normal 1 -0 0
    outer loop
      vertex 201 20 -25
      vertex 201 32.2957 -35
      vertex 201 32.2957 -25
    endloop
  endfacet
  facet normal 1 0 0
    outer loop
      vertex 201 18.6947 -24.9144
      vertex 201 32.2957 -35
      vertex 201 20 -25
    endloop
  endfacet
  facet normal 1 0 0
    outer loop
      vertex 201 0 -35
      vertex 201 18.6947 -24.9144
      vertex 201 17.4118 -24.6593
    endloop
  endfacet
  facet normal 1 0 0
    outer loop
      vertex 201 0 -35
      vertex 201 17.4118 -24.6593
      vertex 201 16.1732 -24.2388
    endloop
  endfacet
  facet normal 1 0 0
    outer loop
      vertex 201 0 -35
      vertex 201 16.1732 -24.2388
      vertex 201 15 -23.6603
    endloop
  endfacet
  facet normal 1 0 0
    outer loop
      vertex 201 0 -35
      vertex 201 10 -15
      vertex 201 0 7.02945
    endloop
  endfacet
  facet normal 1 0 0
    outer loop
      vertex 201 10 -15
      vertex 201 0 -35
      vertex 201 10.0856 -16.3053
    endloop
  endfacet
  facet normal 1 0 0
    outer loop
      vertex 201 10.0856 -16.3053
      vertex 201 0 -35
      vertex 201 10.3407 -17.5882
    endloop
  endfacet
  facet normal 1 0 0
    outer loop
      vertex 201 18.6947 -24.9144
      vertex 201 0 -35
      vertex 201 32.2957 -35
    endloop
  endfacet
  facet normal 1 0 0
    outer loop
      vertex 201 13.9124 -22.9335
      vertex 201 0 -35
      vertex 201 15 -23.6603
    endloop
  endfacet
  facet normal 1 0 0
    outer loop
      vertex 201 12.9289 -22.0711
      vertex 201 0 -35
      vertex 201 13.9124 -22.9335
    endloop
  endfacet
  facet normal 1 0 0
    outer loop
      vertex 201 12.0665 -21.0876
      vertex 201 0 -35
      vertex 201 12.9289 -22.0711
    endloop
  endfacet
  facet normal 1 0 0
    outer loop
      vertex 201 11.3397 -20
      vertex 201 0 -35
      vertex 201 12.0665 -21.0876
    endloop
  endfacet
  facet normal 1 0 0
    outer loop
      vertex 201 10.7612 -18.8268
      vertex 201 0 -35
      vertex 201 11.3397 -20
    endloop
  endfacet
  facet normal 1 0 0
    outer loop
      vertex 201 10.3407 -17.5882
      vertex 201 0 -35
      vertex 201 10.7612 -18.8268
    endloop
  endfacet
  facet normal -1 0 0
    outer loop
      vertex -14 26.433 -35
      vertex -14 20 -25
      vertex -14 26.433 -25
    endloop
  endfacet
  facet normal -1 0 0
    outer loop
      vertex -14 26.433 -35
      vertex -14 18.6947 -24.9144
      vertex -14 20 -25
    endloop
  endfacet
  facet normal -1 0 0
    outer loop
      vertex -14 26.433 -35
      vertex -14 17.4118 -24.6593
      vertex -14 18.6947 -24.9144
    endloop
  endfacet
  facet normal -1 0 0
    outer loop
      vertex -14 0 -35
      vertex -14 17.4118 -24.6593
      vertex -14 26.433 -35
    endloop
  endfacet
  facet normal -1 -0 0
    outer loop
      vertex -14 17.4118 -24.6593
      vertex -14 0 -35
      vertex -14 16.1732 -24.2388
    endloop
  endfacet
  facet normal -1 -0 0
    outer loop
      vertex -14 16.1732 -24.2388
      vertex -14 0 -35
      vertex -14 15 -23.6603
    endloop
  endfacet
  facet normal -1 -0 0
    outer loop
      vertex -14 15 -23.6603
      vertex -14 0 -35
      vertex -14 13.9124 -22.9335
    endloop
  endfacet
  facet normal -1 -0 0
    outer loop
      vertex -14 13.9124 -22.9335
      vertex -14 0 -35
      vertex -14 12.9289 -22.0711
    endloop
  endfacet
  facet normal -1 0 0
    outer loop
      vertex -14 0 -35
      vertex -14 12.0665 -21.0876
      vertex -14 12.9289 -22.0711
    endloop
  endfacet
  facet normal -1 0 0
    outer loop
      vertex -14 0 -35
      vertex -14 11.3397 -20
      vertex -14 12.0665 -21.0876
    endloop
  endfacet
  facet normal -1 0 0
    outer loop
      vertex -14 0 -35
      vertex -14 10.7612 -18.8268
      vertex -14 11.3397 -20
    endloop
  endfacet
  facet normal -1 0 0
    outer loop
      vertex -14 0 -35
      vertex -14 10.3407 -17.5882
      vertex -14 10.7612 -18.8268
    endloop
  endfacet
  facet normal -1 0 0
    outer loop
      vertex -14 0 -35
      vertex -14 10.0856 -16.3053
      vertex -14 10.3407 -17.5882
    endloop
  endfacet
  facet normal -1 0 0
    outer loop
      vertex -14 0 -35
      vertex -14 10 -15
      vertex -14 10.0856 -16.3053
    endloop
  endfacet
  facet normal -1 0 0
    outer loop
      vertex -14 0 7.02945
      vertex -14 10 -15
      vertex -14 0 -35
    endloop
  endfacet
  facet normal -1 0 0
    outer loop
      vertex -14 10 -15
      vertex -14 0 7.02945
      vertex -14 10 7.02945
    endloop
  endfacet
  facet normal 0 1 0
    outer loop
      vertex 188.029 10 20
      vertex 187.535 10 4.06492
      vertex 187 10 4.1
    endloop
  endfacet
  facet normal 0 1 0
    outer loop
      vertex 200.897 10 8.59576
      vertex 188.061 10 3.9603
      vertex 187.535 10 4.06492
    endloop
  endfacet
  facet normal 0 1 0
    outer loop
      vertex 200.897 10 8.59576
      vertex 188.569 10 3.78791
      vertex 188.061 10 3.9603
    endloop
  endfacet
  facet normal 0 1 0
    outer loop
      vertex 200.897 10 8.59576
      vertex 189.05 10 3.5507
      vertex 188.569 10 3.78791
    endloop
  endfacet
  facet normal 0 1 0
    outer loop
      vertex 200.897 10 8.59576
      vertex 189.496 10 3.25275
      vertex 189.05 10 3.5507
    endloop
  endfacet
  facet normal 0 1 0
    outer loop
      vertex 200.897 10 8.59576
      vertex 189.899 10 2.89914
      vertex 189.496 10 3.25275
    endloop
  endfacet
  facet normal 0 1 0
    outer loop
      vertex 201 10 7.02945
      vertex 190.253 10 2.49592
      vertex 189.899 10 2.89914
    endloop
  endfacet
  facet normal 0 1 0
    outer loop
      vertex 201 10 7.02945
      vertex 190.551 10 2.05
      vertex 190.253 10 2.49592
    endloop
  endfacet
  facet normal 0 1 0
    outer loop
      vertex 201 10 7.02945
      vertex 190.788 10 1.569
      vertex 190.551 10 2.05
    endloop
  endfacet
  facet normal 0 1 0
    outer loop
      vertex 201 10 7.02945
      vertex 190.96 10 1.06116
      vertex 190.788 10 1.569
    endloop
  endfacet
  facet normal 0 1 0
    outer loop
      vertex 201 10 7.02945
      vertex 191.065 10 0.535157
      vertex 190.96 10 1.06116
    endloop
  endfacet
  facet normal 0 1 0
    outer loop
      vertex 201 10 7.02945
      vertex 191.1 10 0
      vertex 191.065 10 0.535157
    endloop
  endfacet
  facet normal 0 1 0
    outer loop
      vertex 201 10 7.02945
      vertex 191.065 10 -0.535157
      vertex 191.1 10 0
    endloop
  endfacet
  facet normal 0 1 0
    outer loop
      vertex 201 10 7.02945
      vertex 190.96 10 -1.06116
      vertex 191.065 10 -0.535157
    endloop
  endfacet
  facet normal 0 1 -0
    outer loop
      vertex 201 10 -15
      vertex 190.96 10 -1.06116
      vertex 201 10 7.02945
    endloop
  endfacet
  facet normal 0 1 0
    outer loop
      vertex 190.96 10 -1.06116
      vertex 201 10 -15
      vertex 190.788 10 -1.569
    endloop
  endfacet
  facet normal 0 1 0
    outer loop
      vertex 190.788 10 -1.569
      vertex 201 10 -15
      vertex 190.551 10 -2.05
    endloop
  endfacet
  facet normal 0 1 0
    outer loop
      vertex 190.551 10 -2.05
      vertex 201 10 -15
      vertex 190.253 10 -2.49592
    endloop
  endfacet
  facet normal 0 1 0
    outer loop
      vertex 187.535 10 -4.06492
      vertex 201 10 -15
      vertex 187 10 -4.1
    endloop
  endfacet
  facet normal 0 1 0
    outer loop
      vertex 188.061 10 -3.9603
      vertex 201 10 -15
      vertex 187.535 10 -4.06492
    endloop
  endfacet
  facet normal 0 1 0
    outer loop
      vertex 188.569 10 -3.78791
      vertex 201 10 -15
      vertex 188.061 10 -3.9603
    endloop
  endfacet
  facet normal 0 1 0
    outer loop
      vertex 189.05 10 -3.5507
      vertex 201 10 -15
      vertex 188.569 10 -3.78791
    endloop
  endfacet
  facet normal 0 1 0
    outer loop
      vertex 189.496 10 -3.25275
      vertex 201 10 -15
      vertex 189.05 10 -3.5507
    endloop
  endfacet
  facet normal 0 1 0
    outer loop
      vertex 189.899 10 -2.89914
      vertex 201 10 -15
      vertex 189.496 10 -3.25275
    endloop
  endfacet
  facet normal 0 1 0
    outer loop
      vertex 190.253 10 -2.49592
      vertex 201 10 -15
      vertex 189.899 10 -2.89914
    endloop
  endfacet
  facet normal 0 1 0
    outer loop
      vertex 33.75 10 11
      vertex 26.5 10 6
      vertex 13.25 10 11
    endloop
  endfacet
  facet normal 0 1 0
    outer loop
      vertex 33.75 10 11
      vertex 27.1526 10 5.95723
      vertex 26.5 10 6
    endloop
  endfacet
  facet normal 0 1 0
    outer loop
      vertex 33.75 10 11
      vertex 27.7941 10 5.82964
      vertex 27.1526 10 5.95723
    endloop
  endfacet
  facet normal 0 1 0
    outer loop
      vertex 33.75 10 11
      vertex 28.4134 10 5.6194
      vertex 27.7941 10 5.82964
    endloop
  endfacet
  facet normal 0 1 0
    outer loop
      vertex 33.75 10 11
      vertex 29 10 5.33012
      vertex 28.4134 10 5.6194
    endloop
  endfacet
  facet normal 0 1 0
    outer loop
      vertex 33.75 10 11
      vertex 29.5438 10 4.96677
      vertex 29 10 5.33012
    endloop
  endfacet
  facet normal 0 1 0
    outer loop
      vertex 33.75 10 11
      vertex 30.0355 10 4.53554
      vertex 29.5438 10 4.96677
    endloop
  endfacet
  facet normal 0 1 0
    outer loop
      vertex 33.75 10 11
      vertex 30.4668 10 4.04381
      vertex 30.0355 10 4.53554
    endloop
  endfacet
  facet normal 0 1 0
    outer loop
      vertex 33.75 10 11
      vertex 30.8301 10 3.5
      vertex 30.4668 10 4.04381
    endloop
  endfacet
  facet normal 0 1 0
    outer loop
      vertex 33.75 10 11
      vertex 31.1194 10 2.91342
      vertex 30.8301 10 3.5
    endloop
  endfacet
  facet normal 0 1 0
    outer loop
      vertex 33.75 10 11
      vertex 31.3296 10 2.2941
      vertex 31.1194 10 2.91342
    endloop
  endfacet
  facet normal 0 1 0
    outer loop
      vertex 33.75 10 11
      vertex 31.4572 10 1.65263
      vertex 31.3296 10 2.2941
    endloop
  endfacet
  facet normal 0 1 0
    outer loop
      vertex 33.75 10 11
      vertex 31.5 10 1
      vertex 31.4572 10 1.65263
    endloop
  endfacet
  facet normal 0 1 -0
    outer loop
      vertex 33.75 10 -15
      vertex 31.5 10 1
      vertex 33.75 10 11
    endloop
  endfacet
  facet normal 0 1 0
    outer loop
      vertex 31.5 10 1
      vertex 33.75 10 -15
      vertex 31.5 10 -13
    endloop
  endfacet
  facet normal 0 1 0
    outer loop
      vertex 31.5 10 -13
      vertex 33.75 10 -15
      vertex 31.4572 10 -13.6526
    endloop
  endfacet
  facet normal 0 1 0
    outer loop
      vertex 33.75 10 -15
      vertex 31.3296 10 -14.2941
      vertex 31.4572 10 -13.6526
    endloop
  endfacet
  facet normal 0 1 0
    outer loop
      vertex 33.75 10 -15
      vertex 31.1194 10 -14.9134
      vertex 31.3296 10 -14.2941
    endloop
  endfacet
  facet normal 0 1 0
    outer loop
      vertex 31.1194 10 -14.9134
      vertex 33.75 10 -15
      vertex 31.0767 10 -15
    endloop
  endfacet
  facet normal 0 1 0
    outer loop
      vertex 60.25 10 11
      vertex 53 10 6
      vertex 39.75 10 11
    endloop
  endfacet
  facet normal 0 1 0
    outer loop
      vertex 60.25 10 11
      vertex 53.6526 10 5.95723
      vertex 53 10 6
    endloop
  endfacet
  facet normal 0 1 0
    outer loop
      vertex 60.25 10 11
      vertex 54.2941 10 5.82964
      vertex 53.6526 10 5.95723
    endloop
  endfacet
  facet normal 0 1 0
    outer loop
      vertex 60.25 10 11
      vertex 54.9134 10 5.6194
      vertex 54.2941 10 5.82964
    endloop
  endfacet
  facet normal 0 1 0
    outer loop
      vertex 60.25 10 11
      vertex 55.5 10 5.33012
      vertex 54.9134 10 5.6194
    endloop
  endfacet
  facet normal 0 1 0
    outer loop
      vertex 60.25 10 11
      vertex 56.0438 10 4.96677
      vertex 55.5 10 5.33012
    endloop
  endfacet
  facet normal 0 1 0
    outer loop
      vertex 60.25 10 11
      vertex 56.5355 10 4.53554
      vertex 56.0438 10 4.96677
    endloop
  endfacet
  facet normal 0 1 0
    outer loop
      vertex 60.25 10 11
      vertex 56.9668 10 4.04381
      vertex 56.5355 10 4.53554
    endloop
  endfacet
  facet normal 0 1 0
    outer loop
      vertex 60.25 10 11
      vertex 57.3301 10 3.5
      vertex 56.9668 10 4.04381
    endloop
  endfacet
  facet normal 0 1 0
    outer loop
      vertex 60.25 10 11
      vertex 57.6194 10 2.91342
      vertex 57.3301 10 3.5
    endloop
  endfacet
  facet normal 0 1 0
    outer loop
      vertex 60.25 10 11
      vertex 57.8296 10 2.2941
      vertex 57.6194 10 2.91342
    endloop
  endfacet
  facet normal 0 1 0
    outer loop
      vertex 60.25 10 11
      vertex 57.9572 10 1.65263
      vertex 57.8296 10 2.2941
    endloop
  endfacet
  facet normal 0 1 0
    outer loop
      vertex 60.25 10 11
      vertex 58 10 1
      vertex 57.9572 10 1.65263
    endloop
  endfacet
  facet normal 0 1 -0
    outer loop
      vertex 60.25 10 -15
      vertex 58 10 1
      vertex 60.25 10 11
    endloop
  endfacet
  facet normal 0 1 0
    outer loop
      vertex 58 10 1
      vertex 60.25 10 -15
      vertex 58 10 -13
    endloop
  endfacet
  facet normal 0 1 0
    outer loop
      vertex 58 10 -13
      vertex 60.25 10 -15
      vertex 57.9572 10 -13.6526
    endloop
  endfacet
  facet normal 0 1 0
    outer loop
      vertex 60.25 10 -15
      vertex 57.8296 10 -14.2941
      vertex 57.9572 10 -13.6526
    endloop
  endfacet
  facet normal 0 1 0
    outer loop
      vertex 60.25 10 -15
      vertex 57.6194 10 -14.9134
      vertex 57.8296 10 -14.2941
    endloop
  endfacet
  facet normal 0 1 0
    outer loop
      vertex 57.6194 10 -14.9134
      vertex 60.25 10 -15
      vertex 57.5767 10 -15
    endloop
  endfacet
  facet normal 0 1 0
    outer loop
      vertex 86.75 10 11
      vertex 79.5 10 6
      vertex 66.25 10 11
    endloop
  endfacet
  facet normal 0 1 0
    outer loop
      vertex 86.75 10 11
      vertex 80.1526 10 5.95723
      vertex 79.5 10 6
    endloop
  endfacet
  facet normal 0 1 0
    outer loop
      vertex 86.75 10 11
      vertex 80.7941 10 5.82964
      vertex 80.1526 10 5.95723
    endloop
  endfacet
  facet normal 0 1 0
    outer loop
      vertex 86.75 10 11
      vertex 81.4134 10 5.6194
      vertex 80.7941 10 5.82964
    endloop
  endfacet
  facet normal 0 1 0
    outer loop
      vertex 86.75 10 11
      vertex 82 10 5.33012
      vertex 81.4134 10 5.6194
    endloop
  endfacet
  facet normal 0 1 0
    outer loop
      vertex 86.75 10 11
      vertex 82.5438 10 4.96677
      vertex 82 10 5.33012
    endloop
  endfacet
  facet normal 0 1 0
    outer loop
      vertex 86.75 10 11
      vertex 83.0355 10 4.53554
      vertex 82.5438 10 4.96677
    endloop
  endfacet
  facet normal 0 1 0
    outer loop
      vertex 86.75 10 11
      vertex 83.4668 10 4.04381
      vertex 83.0355 10 4.53554
    endloop
  endfacet
  facet normal 0 1 0
    outer loop
      vertex 86.75 10 11
      vertex 83.8301 10 3.5
      vertex 83.4668 10 4.04381
    endloop
  endfacet
  facet normal 0 1 0
    outer loop
      vertex 86.75 10 11
      vertex 84.1194 10 2.91342
      vertex 83.8301 10 3.5
    endloop
  endfacet
  facet normal 0 1 0
    outer loop
      vertex 86.75 10 11
      vertex 84.3296 10 2.2941
      vertex 84.1194 10 2.91342
    endloop
  endfacet
  facet normal 0 1 0
    outer loop
      vertex 86.75 10 11
      vertex 84.4572 10 1.65263
      vertex 84.3296 10 2.2941
    endloop
  endfacet
  facet normal 0 1 0
    outer loop
      vertex 86.75 10 11
      vertex 84.5 10 1
      vertex 84.4572 10 1.65263
    endloop
  endfacet
  facet normal 0 1 -0
    outer loop
      vertex 86.75 10 -15
      vertex 84.5 10 1
      vertex 86.75 10 11
    endloop
  endfacet
  facet normal 0 1 0
    outer loop
      vertex 84.5 10 1
      vertex 86.75 10 -15
      vertex 84.5 10 -13
    endloop
  endfacet
  facet normal 0 1 0
    outer loop
      vertex 84.5 10 -13
      vertex 86.75 10 -15
      vertex 84.4572 10 -13.6526
    endloop
  endfacet
  facet normal 0 1 0
    outer loop
      vertex 86.75 10 -15
      vertex 84.3296 10 -14.2941
      vertex 84.4572 10 -13.6526
    endloop
  endfacet
  facet normal 0 1 0
    outer loop
      vertex 86.75 10 -15
      vertex 84.1194 10 -14.9134
      vertex 84.3296 10 -14.2941
    endloop
  endfacet
  facet normal 0 1 0
    outer loop
      vertex 84.1194 10 -14.9134
      vertex 86.75 10 -15
      vertex 84.0767 10 -15
    endloop
  endfacet
  facet normal 0 1 0
    outer loop
      vertex 113.25 10 11
      vertex 106 10 6
      vertex 92.75 10 11
    endloop
  endfacet
  facet normal 0 1 0
    outer loop
      vertex 113.25 10 11
      vertex 106.653 10 5.95723
      vertex 106 10 6
    endloop
  endfacet
  facet normal 0 1 0
    outer loop
      vertex 113.25 10 11
      vertex 107.294 10 5.82964
      vertex 106.653 10 5.95723
    endloop
  endfacet
  facet normal 0 1 0
    outer loop
      vertex 113.25 10 11
      vertex 107.913 10 5.6194
      vertex 107.294 10 5.82964
    endloop
  endfacet
  facet normal 0 1 0
    outer loop
      vertex 113.25 10 11
      vertex 108.5 10 5.33012
      vertex 107.913 10 5.6194
    endloop
  endfacet
  facet normal 0 1 0
    outer loop
      vertex 113.25 10 11
      vertex 109.044 10 4.96677
      vertex 108.5 10 5.33012
    endloop
  endfacet
  facet normal 0 1 0
    outer loop
      vertex 113.25 10 11
      vertex 109.536 10 4.53554
      vertex 109.044 10 4.96677
    endloop
  endfacet
  facet normal 0 1 0
    outer loop
      vertex 113.25 10 11
      vertex 109.967 10 4.04381
      vertex 109.536 10 4.53554
    endloop
  endfacet
  facet normal 0 1 0
    outer loop
      vertex 113.25 10 11
      vertex 110.33 10 3.5
      vertex 109.967 10 4.04381
    endloop
  endfacet
  facet normal 0 1 0
    outer loop
      vertex 113.25 10 11
      vertex 110.619 10 2.91342
      vertex 110.33 10 3.5
    endloop
  endfacet
  facet normal 0 1 0
    outer loop
      vertex 113.25 10 11
      vertex 110.83 10 2.2941
      vertex 110.619 10 2.91342
    endloop
  endfacet
  facet normal 0 1 0
    outer loop
      vertex 113.25 10 11
      vertex 110.957 10 1.65263
      vertex 110.83 10 2.2941
    endloop
  endfacet
  facet normal 0 1 0
    outer loop
      vertex 113.25 10 11
      vertex 111 10 1
      vertex 110.957 10 1.65263
    endloop
  endfacet
  facet normal 0 1 -0
    outer loop
      vertex 113.25 10 -15
      vertex 111 10 1
      vertex 113.25 10 11
    endloop
  endfacet
  facet normal 0 1 0
    outer loop
      vertex 111 10 1
      vertex 113.25 10 -15
      vertex 111 10 -13
    endloop
  endfacet
  facet normal 0 1 0
    outer loop
      vertex 111 10 -13
      vertex 113.25 10 -15
      vertex 110.957 10 -13.6526
    endloop
  endfacet
  facet normal 0 1 0
    outer loop
      vertex 113.25 10 -15
      vertex 110.83 10 -14.2941
      vertex 110.957 10 -13.6526
    endloop
  endfacet
  facet normal 0 1 0
    outer loop
      vertex 113.25 10 -15
      vertex 110.619 10 -14.9134
      vertex 110.83 10 -14.2941
    endloop
  endfacet
  facet normal 0 1 0
    outer loop
      vertex 110.619 10 -14.9134
      vertex 113.25 10 -15
      vertex 110.577 10 -15
    endloop
  endfacet
  facet normal 0 1 0
    outer loop
      vertex 139.75 10 11
      vertex 132.5 10 6
      vertex 119.25 10 11
    endloop
  endfacet
  facet normal 0 1 0
    outer loop
      vertex 139.75 10 11
      vertex 133.153 10 5.95723
      vertex 132.5 10 6
    endloop
  endfacet
  facet normal 0 1 0
    outer loop
      vertex 139.75 10 11
      vertex 133.794 10 5.82964
      vertex 133.153 10 5.95723
    endloop
  endfacet
  facet normal 0 1 0
    outer loop
      vertex 139.75 10 11
      vertex 134.413 10 5.6194
      vertex 133.794 10 5.82964
    endloop
  endfacet
  facet normal 0 1 0
    outer loop
      vertex 139.75 10 11
      vertex 135 10 5.33012
      vertex 134.413 10 5.6194
    endloop
  endfacet
  facet normal 0 1 0
    outer loop
      vertex 139.75 10 11
      vertex 135.544 10 4.96677
      vertex 135 10 5.33012
    endloop
  endfacet
  facet normal 0 1 0
    outer loop
      vertex 139.75 10 11
      vertex 136.036 10 4.53554
      vertex 135.544 10 4.96677
    endloop
  endfacet
  facet normal 0 1 0
    outer loop
      vertex 139.75 10 11
      vertex 136.467 10 4.04381
      vertex 136.036 10 4.53554
    endloop
  endfacet
  facet normal 0 1 0
    outer loop
      vertex 139.75 10 11
      vertex 136.83 10 3.5
      vertex 136.467 10 4.04381
    endloop
  endfacet
  facet normal 0 1 0
    outer loop
      vertex 139.75 10 11
      vertex 137.119 10 2.91342
      vertex 136.83 10 3.5
    endloop
  endfacet
  facet normal 0 1 0
    outer loop
      vertex 139.75 10 11
      vertex 137.33 10 2.2941
      vertex 137.119 10 2.91342
    endloop
  endfacet
  facet normal 0 1 0
    outer loop
      vertex 139.75 10 11
      vertex 137.457 10 1.65263
      vertex 137.33 10 2.2941
    endloop
  endfacet
  facet normal 0 1 0
    outer loop
      vertex 139.75 10 11
      vertex 137.5 10 1
      vertex 137.457 10 1.65263
    endloop
  endfacet
  facet normal 0 1 -0
    outer loop
      vertex 139.75 10 -15
      vertex 137.5 10 1
      vertex 139.75 10 11
    endloop
  endfacet
  facet normal 0 1 0
    outer loop
      vertex 137.5 10 1
      vertex 139.75 10 -15
      vertex 137.5 10 -13
    endloop
  endfacet
  facet normal 0 1 0
    outer loop
      vertex 137.5 10 -13
      vertex 139.75 10 -15
      vertex 137.457 10 -13.6526
    endloop
  endfacet
  facet normal 0 1 0
    outer loop
      vertex 139.75 10 -15
      vertex 137.33 10 -14.2941
      vertex 137.457 10 -13.6526
    endloop
  endfacet
  facet normal 0 1 0
    outer loop
      vertex 139.75 10 -15
      vertex 137.119 10 -14.9134
      vertex 137.33 10 -14.2941
    endloop
  endfacet
  facet normal 0 1 0
    outer loop
      vertex 137.119 10 -14.9134
      vertex 139.75 10 -15
      vertex 137.077 10 -15
    endloop
  endfacet
  facet normal 0 1 0
    outer loop
      vertex 166.25 10 11
      vertex 159 10 6
      vertex 145.75 10 11
    endloop
  endfacet
  facet normal 0 1 0
    outer loop
      vertex 166.25 10 11
      vertex 159.653 10 5.95723
      vertex 159 10 6
    endloop
  endfacet
  facet normal 0 1 0
    outer loop
      vertex 166.25 10 11
      vertex 160.294 10 5.82964
      vertex 159.653 10 5.95723
    endloop
  endfacet
  facet normal 0 1 0
    outer loop
      vertex 166.25 10 11
      vertex 160.913 10 5.6194
      vertex 160.294 10 5.82964
    endloop
  endfacet
  facet normal 0 1 0
    outer loop
      vertex 166.25 10 11
      vertex 161.5 10 5.33012
      vertex 160.913 10 5.6194
    endloop
  endfacet
  facet normal 0 1 0
    outer loop
      vertex 166.25 10 11
      vertex 162.044 10 4.96677
      vertex 161.5 10 5.33012
    endloop
  endfacet
  facet normal 0 1 0
    outer loop
      vertex 166.25 10 11
      vertex 162.536 10 4.53554
      vertex 162.044 10 4.96677
    endloop
  endfacet
  facet normal 0 1 0
    outer loop
      vertex 166.25 10 11
      vertex 162.967 10 4.04381
      vertex 162.536 10 4.53554
    endloop
  endfacet
  facet normal 0 1 0
    outer loop
      vertex 166.25 10 11
      vertex 163.33 10 3.5
      vertex 162.967 10 4.04381
    endloop
  endfacet
  facet normal 0 1 0
    outer loop
      vertex 166.25 10 11
      vertex 163.619 10 2.91342
      vertex 163.33 10 3.5
    endloop
  endfacet
  facet normal 0 1 0
    outer loop
      vertex 166.25 10 11
      vertex 163.83 10 2.2941
      vertex 163.619 10 2.91342
    endloop
  endfacet
  facet normal 0 1 0
    outer loop
      vertex 166.25 10 11
      vertex 163.957 10 1.65263
      vertex 163.83 10 2.2941
    endloop
  endfacet
  facet normal 0 1 0
    outer loop
      vertex 166.25 10 11
      vertex 164 10 1
      vertex 163.957 10 1.65263
    endloop
  endfacet
  facet normal 0 1 -0
    outer loop
      vertex 166.25 10 -15
      vertex 164 10 1
      vertex 166.25 10 11
    endloop
  endfacet
  facet normal 0 1 0
    outer loop
      vertex 164 10 1
      vertex 166.25 10 -15
      vertex 164 10 -13
    endloop
  endfacet
  facet normal 0 1 0
    outer loop
      vertex 164 10 -13
      vertex 166.25 10 -15
      vertex 163.957 10 -13.6526
    endloop
  endfacet
  facet normal 0 1 0
    outer loop
      vertex 166.25 10 -15
      vertex 163.83 10 -14.2941
      vertex 163.957 10 -13.6526
    endloop
  endfacet
  facet normal 0 1 0
    outer loop
      vertex 166.25 10 -15
      vertex 163.619 10 -14.9134
      vertex 163.83 10 -14.2941
    endloop
  endfacet
  facet normal 0 1 0
    outer loop
      vertex 163.619 10 -14.9134
      vertex 166.25 10 -15
      vertex 163.577 10 -15
    endloop
  endfacet
  facet normal 0 1 0
    outer loop
      vertex 187.535 10 4.06492
      vertex 188.029 10 20
      vertex 189.596 10 19.8973
    endloop
  endfacet
  facet normal 0 1 0
    outer loop
      vertex 188.029 10 20
      vertex 92.75 10 11
      vertex -1.02945 10 20
    endloop
  endfacet
  facet normal 0 1 0
    outer loop
      vertex 187.535 10 4.06492
      vertex 189.596 10 19.8973
      vertex 191.135 10 19.5911
    endloop
  endfacet
  facet normal 0 1 -0
    outer loop
      vertex 86.75 10 11
      vertex -1.02945 10 20
      vertex 92.75 10 11
    endloop
  endfacet
  facet normal 0 1 0
    outer loop
      vertex 187.535 10 4.06492
      vertex 191.135 10 19.5911
      vertex 192.622 10 19.0865
    endloop
  endfacet
  facet normal 0 1 -0
    outer loop
      vertex 66.25 10 11
      vertex -1.02945 10 20
      vertex 86.75 10 11
    endloop
  endfacet
  facet normal 0 1 0
    outer loop
      vertex 187.535 10 4.06492
      vertex 192.622 10 19.0865
      vertex 194.029 10 18.3923
    endloop
  endfacet
  facet normal 0 1 -0
    outer loop
      vertex 60.25 10 11
      vertex -1.02945 10 20
      vertex 66.25 10 11
    endloop
  endfacet
  facet normal 0 1 0
    outer loop
      vertex 187.535 10 4.06492
      vertex 194.029 10 18.3923
      vertex 195.335 10 17.5202
    endloop
  endfacet
  facet normal 0 1 -0
    outer loop
      vertex 39.75 10 11
      vertex -1.02945 10 20
      vertex 60.25 10 11
    endloop
  endfacet
  facet normal 0 1 0
    outer loop
      vertex 187.535 10 4.06492
      vertex 195.335 10 17.5202
      vertex 196.515 10 16.4853
    endloop
  endfacet
  facet normal 0 1 -0
    outer loop
      vertex 33.75 10 11
      vertex -1.02945 10 20
      vertex 39.75 10 11
    endloop
  endfacet
  facet normal 0 1 0
    outer loop
      vertex 187.535 10 4.06492
      vertex 196.515 10 16.4853
      vertex 197.485 10 15.5147
    endloop
  endfacet
  facet normal 0 1 0
    outer loop
      vertex 188.029 10 20
      vertex 113.25 10 11
      vertex 92.75 10 11
    endloop
  endfacet
  facet normal 0 1 0
    outer loop
      vertex 187.535 10 4.06492
      vertex 197.485 10 15.5147
      vertex 198.52 10 14.3346
    endloop
  endfacet
  facet normal 0 1 -0
    outer loop
      vertex 13.25 10 11
      vertex -1.02945 10 20
      vertex 33.75 10 11
    endloop
  endfacet
  facet normal 0 1 0
    outer loop
      vertex 187.535 10 4.06492
      vertex 198.52 10 14.3346
      vertex 199.392 10 13.0294
    endloop
  endfacet
  facet normal 0 1 0
    outer loop
      vertex 188.029 10 20
      vertex 119.25 10 11
      vertex 113.25 10 11
    endloop
  endfacet
  facet normal 0 1 0
    outer loop
      vertex 187.535 10 4.06492
      vertex 199.392 10 13.0294
      vertex 200.087 10 11.6216
    endloop
  endfacet
  facet normal 0 1 0
    outer loop
      vertex 188.029 10 20
      vertex 145.75 10 11
      vertex 139.75 10 11
    endloop
  endfacet
  facet normal 0 1 0
    outer loop
      vertex 188.029 10 20
      vertex 172.25 10 11
      vertex 166.25 10 11
    endloop
  endfacet
  facet normal 0 1 0
    outer loop
      vertex 187.535 10 4.06492
      vertex 200.087 10 11.6216
      vertex 200.591 10 10.1353
    endloop
  endfacet
  facet normal 0 1 0
    outer loop
      vertex 187.535 10 4.06492
      vertex 200.591 10 10.1353
      vertex 200.897 10 8.59576
    endloop
  endfacet
  facet normal 0 1 0
    outer loop
      vertex 189.899 10 2.89914
      vertex 200.897 10 8.59576
      vertex 201 10 7.02945
    endloop
  endfacet
  facet normal 0 1 0
    outer loop
      vertex 188.029 10 20
      vertex 187 10 4.1
      vertex 186.465 10 4.06492
    endloop
  endfacet
  facet normal 0 1 0
    outer loop
      vertex 188.029 10 20
      vertex 186.465 10 4.06492
      vertex 185.939 10 3.9603
    endloop
  endfacet
  facet normal 0 1 0
    outer loop
      vertex 188.029 10 20
      vertex 185.939 10 3.9603
      vertex 185.431 10 3.78791
    endloop
  endfacet
  facet normal 0 1 0
    outer loop
      vertex 188.029 10 20
      vertex 185.431 10 3.78791
      vertex 172.25 10 11
    endloop
  endfacet
  facet normal 0 1 -0
    outer loop
      vertex 184.95 10 3.5507
      vertex 172.25 10 11
      vertex 185.431 10 3.78791
    endloop
  endfacet
  facet normal 0 1 -0
    outer loop
      vertex 184.504 10 3.25275
      vertex 172.25 10 11
      vertex 184.95 10 3.5507
    endloop
  endfacet
  facet normal 0 1 -0
    outer loop
      vertex 184.101 10 2.89914
      vertex 172.25 10 11
      vertex 184.504 10 3.25275
    endloop
  endfacet
  facet normal 0 1 -0
    outer loop
      vertex 183.747 10 2.49592
      vertex 172.25 10 11
      vertex 184.101 10 2.89914
    endloop
  endfacet
  facet normal 0 1 -0
    outer loop
      vertex 183.449 10 2.05
      vertex 172.25 10 11
      vertex 183.747 10 2.49592
    endloop
  endfacet
  facet normal 0 1 -0
    outer loop
      vertex 183.212 10 1.569
      vertex 172.25 10 11
      vertex 183.449 10 2.05
    endloop
  endfacet
  facet normal 0 1 -0
    outer loop
      vertex 183.04 10 1.06116
      vertex 172.25 10 11
      vertex 183.212 10 1.569
    endloop
  endfacet
  facet normal 0 1 -0
    outer loop
      vertex 182.935 10 0.535157
      vertex 172.25 10 11
      vertex 183.04 10 1.06116
    endloop
  endfacet
  facet normal 0 1 -0
    outer loop
      vertex 182.9 10 0
      vertex 172.25 10 11
      vertex 182.935 10 0.535157
    endloop
  endfacet
  facet normal 0 1 0
    outer loop
      vertex 182.935 10 -0.535157
      vertex 172.25 10 11
      vertex 182.9 10 0
    endloop
  endfacet
  facet normal 0 1 0
    outer loop
      vertex 172.25 10 -15
      vertex 182.935 10 -0.535157
      vertex 183.04 10 -1.06116
    endloop
  endfacet
  facet normal 0 1 0
    outer loop
      vertex 172.25 10 -15
      vertex 183.04 10 -1.06116
      vertex 183.212 10 -1.569
    endloop
  endfacet
  facet normal 0 1 0
    outer loop
      vertex 172.25 10 -15
      vertex 183.212 10 -1.569
      vertex 183.449 10 -2.05
    endloop
  endfacet
  facet normal 0 1 0
    outer loop
      vertex 172.25 10 -15
      vertex 183.449 10 -2.05
      vertex 183.747 10 -2.49592
    endloop
  endfacet
  facet normal 0 1 0
    outer loop
      vertex 172.25 10 -15
      vertex 187 10 -4.1
      vertex 201 10 -15
    endloop
  endfacet
  facet normal 0 1 0
    outer loop
      vertex 187 10 -4.1
      vertex 172.25 10 -15
      vertex 186.465 10 -4.06492
    endloop
  endfacet
  facet normal 0 1 0
    outer loop
      vertex 186.465 10 -4.06492
      vertex 172.25 10 -15
      vertex 185.939 10 -3.9603
    endloop
  endfacet
  facet normal 0 1 0
    outer loop
      vertex 185.939 10 -3.9603
      vertex 172.25 10 -15
      vertex 185.431 10 -3.78791
    endloop
  endfacet
  facet normal 0 1 0
    outer loop
      vertex 185.431 10 -3.78791
      vertex 172.25 10 -15
      vertex 184.95 10 -3.5507
    endloop
  endfacet
  facet normal 0 1 0
    outer loop
      vertex 182.935 10 -0.535157
      vertex 172.25 10 -15
      vertex 172.25 10 11
    endloop
  endfacet
  facet normal 0 1 0
    outer loop
      vertex 184.101 10 -2.89914
      vertex 172.25 10 -15
      vertex 183.747 10 -2.49592
    endloop
  endfacet
  facet normal 0 1 0
    outer loop
      vertex 184.504 10 -3.25275
      vertex 172.25 10 -15
      vertex 184.101 10 -2.89914
    endloop
  endfacet
  facet normal 0 1 0
    outer loop
      vertex 184.95 10 -3.5507
      vertex 172.25 10 -15
      vertex 184.504 10 -3.25275
    endloop
  endfacet
  facet normal 0 1 0
    outer loop
      vertex 188.029 10 20
      vertex 166.25 10 11
      vertex 145.75 10 11
    endloop
  endfacet
  facet normal 0 1 0
    outer loop
      vertex 188.029 10 20
      vertex 139.75 10 11
      vertex 119.25 10 11
    endloop
  endfacet
  facet normal 0 1 -0
    outer loop
      vertex 7.25 10 11
      vertex -1.02945 10 20
      vertex 13.25 10 11
    endloop
  endfacet
  facet normal 0 1 -0
    outer loop
      vertex 0 10 4.1
      vertex -1.02945 10 20
      vertex 7.25 10 11
    endloop
  endfacet
  facet normal 0 1 -0
    outer loop
      vertex -0.535157 10 4.06492
      vertex -1.02945 10 20
      vertex 0 10 4.1
    endloop
  endfacet
  facet normal 0 1 0
    outer loop
      vertex -2.59576 10 19.8973
      vertex -0.535157 10 4.06492
      vertex -4.13528 10 19.5911
    endloop
  endfacet
  facet normal 0 1 0
    outer loop
      vertex -4.13528 10 19.5911
      vertex -0.535157 10 4.06492
      vertex -5.62164 10 19.0865
    endloop
  endfacet
  facet normal 0 1 -0
    outer loop
      vertex -1.06116 10 3.9603
      vertex -5.62164 10 19.0865
      vertex -0.535157 10 4.06492
    endloop
  endfacet
  facet normal 0 1 0
    outer loop
      vertex -5.62164 10 19.0865
      vertex -1.06116 10 3.9603
      vertex -7.02945 10 18.3923
    endloop
  endfacet
  facet normal 0 1 0
    outer loop
      vertex -7.02945 10 18.3923
      vertex -1.06116 10 3.9603
      vertex -8.33458 10 17.5202
    endloop
  endfacet
  facet normal 0 1 0
    outer loop
      vertex -8.33458 10 17.5202
      vertex -1.06116 10 3.9603
      vertex -9.51472 10 16.4853
    endloop
  endfacet
  facet normal 0 1 -0
    outer loop
      vertex -1.569 10 3.78791
      vertex -9.51472 10 16.4853
      vertex -1.06116 10 3.9603
    endloop
  endfacet
  facet normal 0 1 0
    outer loop
      vertex -9.51472 10 16.4853
      vertex -1.569 10 3.78791
      vertex -10.4853 10 15.5147
    endloop
  endfacet
  facet normal 0 1 0
    outer loop
      vertex -10.4853 10 15.5147
      vertex -2.05 10 3.5507
      vertex -11.5202 10 14.3346
    endloop
  endfacet
  facet normal 0 1 0
    outer loop
      vertex -11.5202 10 14.3346
      vertex -2.05 10 3.5507
      vertex -12.3923 10 13.0294
    endloop
  endfacet
  facet normal 0 1 -0
    outer loop
      vertex -2.49592 10 3.25275
      vertex -12.3923 10 13.0294
      vertex -2.05 10 3.5507
    endloop
  endfacet
  facet normal 0 1 0
    outer loop
      vertex -1.02945 10 20
      vertex -0.535157 10 4.06492
      vertex -2.59576 10 19.8973
    endloop
  endfacet
  facet normal 0 1 0
    outer loop
      vertex 7.25 10 11
      vertex 0.535157 10 4.06492
      vertex 0 10 4.1
    endloop
  endfacet
  facet normal 0 1 0
    outer loop
      vertex 7.25 10 11
      vertex 1.06116 10 3.9603
      vertex 0.535157 10 4.06492
    endloop
  endfacet
  facet normal 0 1 0
    outer loop
      vertex 7.25 10 11
      vertex 1.569 10 3.78791
      vertex 1.06116 10 3.9603
    endloop
  endfacet
  facet normal 0 1 0
    outer loop
      vertex 7.25 10 11
      vertex 2.05 10 3.5507
      vertex 1.569 10 3.78791
    endloop
  endfacet
  facet normal 0 1 0
    outer loop
      vertex 7.25 10 11
      vertex 2.49592 10 3.25275
      vertex 2.05 10 3.5507
    endloop
  endfacet
  facet normal 0 1 0
    outer loop
      vertex 7.25 10 11
      vertex 2.89914 10 2.89914
      vertex 2.49592 10 3.25275
    endloop
  endfacet
  facet normal 0 1 0
    outer loop
      vertex 7.25 10 11
      vertex 3.25275 10 2.49592
      vertex 2.89914 10 2.89914
    endloop
  endfacet
  facet normal 0 1 0
    outer loop
      vertex 7.25 10 11
      vertex 3.5507 10 2.05
      vertex 3.25275 10 2.49592
    endloop
  endfacet
  facet normal 0 1 0
    outer loop
      vertex 7.25 10 11
      vertex 3.78791 10 1.569
      vertex 3.5507 10 2.05
    endloop
  endfacet
  facet normal 0 1 0
    outer loop
      vertex 7.25 10 11
      vertex 3.9603 10 1.06116
      vertex 3.78791 10 1.569
    endloop
  endfacet
  facet normal 0 1 0
    outer loop
      vertex 7.25 10 11
      vertex 4.06492 10 0.535157
      vertex 3.9603 10 1.06116
    endloop
  endfacet
  facet normal 0 1 0
    outer loop
      vertex 7.25 10 11
      vertex 4.1 10 0
      vertex 4.06492 10 0.535157
    endloop
  endfacet
  facet normal 0 1 0
    outer loop
      vertex 7.25 10 11
      vertex 4.06492 10 -0.535157
      vertex 4.1 10 0
    endloop
  endfacet
  facet normal 0 1 -0
    outer loop
      vertex 7.25 10 -15
      vertex 4.06492 10 -0.535157
      vertex 7.25 10 11
    endloop
  endfacet
  facet normal 0 1 0
    outer loop
      vertex 0.535157 10 -4.06492
      vertex 7.25 10 -15
      vertex 0 10 -4.1
    endloop
  endfacet
  facet normal 0 1 0
    outer loop
      vertex 1.06116 10 -3.9603
      vertex 7.25 10 -15
      vertex 0.535157 10 -4.06492
    endloop
  endfacet
  facet normal 0 1 0
    outer loop
      vertex 1.569 10 -3.78791
      vertex 7.25 10 -15
      vertex 1.06116 10 -3.9603
    endloop
  endfacet
  facet normal 0 1 0
    outer loop
      vertex 2.05 10 -3.5507
      vertex 7.25 10 -15
      vertex 1.569 10 -3.78791
    endloop
  endfacet
  facet normal 0 1 0
    outer loop
      vertex 2.49592 10 -3.25275
      vertex 7.25 10 -15
      vertex 2.05 10 -3.5507
    endloop
  endfacet
  facet normal 0 1 0
    outer loop
      vertex 2.89914 10 -2.89914
      vertex 7.25 10 -15
      vertex 2.49592 10 -3.25275
    endloop
  endfacet
  facet normal 0 1 0
    outer loop
      vertex 3.25275 10 -2.49592
      vertex 7.25 10 -15
      vertex 2.89914 10 -2.89914
    endloop
  endfacet
  facet normal 0 1 0
    outer loop
      vertex 3.5507 10 -2.05
      vertex 7.25 10 -15
      vertex 3.25275 10 -2.49592
    endloop
  endfacet
  facet normal 0 1 0
    outer loop
      vertex 3.78791 10 -1.569
      vertex 7.25 10 -15
      vertex 3.5507 10 -2.05
    endloop
  endfacet
  facet normal 0 1 0
    outer loop
      vertex 3.9603 10 -1.06116
      vertex 7.25 10 -15
      vertex 3.78791 10 -1.569
    endloop
  endfacet
  facet normal 0 1 0
    outer loop
      vertex 4.06492 10 -0.535157
      vertex 7.25 10 -15
      vertex 3.9603 10 -1.06116
    endloop
  endfacet
  facet normal 0 1 -0
    outer loop
      vertex 153 10 6
      vertex 145.75 10 11
      vertex 159 10 6
    endloop
  endfacet
  facet normal 0 1 -0
    outer loop
      vertex 152.347 10 5.95723
      vertex 145.75 10 11
      vertex 153 10 6
    endloop
  endfacet
  facet normal 0 1 -0
    outer loop
      vertex 151.706 10 5.82964
      vertex 145.75 10 11
      vertex 152.347 10 5.95723
    endloop
  endfacet
  facet normal 0 1 -0
    outer loop
      vertex 151.087 10 5.6194
      vertex 145.75 10 11
      vertex 151.706 10 5.82964
    endloop
  endfacet
  facet normal 0 1 -0
    outer loop
      vertex 150.5 10 5.33012
      vertex 145.75 10 11
      vertex 151.087 10 5.6194
    endloop
  endfacet
  facet normal 0 1 -0
    outer loop
      vertex 149.956 10 4.96677
      vertex 145.75 10 11
      vertex 150.5 10 5.33012
    endloop
  endfacet
  facet normal 0 1 -0
    outer loop
      vertex 149.464 10 4.53554
      vertex 145.75 10 11
      vertex 149.956 10 4.96677
    endloop
  endfacet
  facet normal 0 1 -0
    outer loop
      vertex 149.033 10 4.04381
      vertex 145.75 10 11
      vertex 149.464 10 4.53554
    endloop
  endfacet
  facet normal 0 1 -0
    outer loop
      vertex 148.67 10 3.5
      vertex 145.75 10 11
      vertex 149.033 10 4.04381
    endloop
  endfacet
  facet normal 0 1 -0
    outer loop
      vertex 148.381 10 2.91342
      vertex 145.75 10 11
      vertex 148.67 10 3.5
    endloop
  endfacet
  facet normal 0 1 -0
    outer loop
      vertex 148.17 10 2.2941
      vertex 145.75 10 11
      vertex 148.381 10 2.91342
    endloop
  endfacet
  facet normal 0 1 -0
    outer loop
      vertex 148.043 10 1.65263
      vertex 145.75 10 11
      vertex 148.17 10 2.2941
    endloop
  endfacet
  facet normal 0 1 -0
    outer loop
      vertex 148 10 1
      vertex 145.75 10 11
      vertex 148.043 10 1.65263
    endloop
  endfacet
  facet normal 0 1 0
    outer loop
      vertex 145.75 10 -15
      vertex 148 10 1
      vertex 148 10 -13
    endloop
  endfacet
  facet normal 0 1 0
    outer loop
      vertex 145.75 10 -15
      vertex 148 10 -13
      vertex 148.043 10 -13.6526
    endloop
  endfacet
  facet normal 0 1 0
    outer loop
      vertex 148 10 1
      vertex 145.75 10 -15
      vertex 145.75 10 11
    endloop
  endfacet
  facet normal 0 1 0
    outer loop
      vertex 148.17 10 -14.2941
      vertex 145.75 10 -15
      vertex 148.043 10 -13.6526
    endloop
  endfacet
  facet normal 0 1 0
    outer loop
      vertex 148.381 10 -14.9134
      vertex 145.75 10 -15
      vertex 148.17 10 -14.2941
    endloop
  endfacet
  facet normal 0 1 0
    outer loop
      vertex 145.75 10 -15
      vertex 148.381 10 -14.9134
      vertex 148.423 10 -15
    endloop
  endfacet
  facet normal 0 1 -0
    outer loop
      vertex 126.5 10 6
      vertex 119.25 10 11
      vertex 132.5 10 6
    endloop
  endfacet
  facet normal 0 1 -0
    outer loop
      vertex 125.847 10 5.95723
      vertex 119.25 10 11
      vertex 126.5 10 6
    endloop
  endfacet
  facet normal 0 1 -0
    outer loop
      vertex 125.206 10 5.82964
      vertex 119.25 10 11
      vertex 125.847 10 5.95723
    endloop
  endfacet
  facet normal 0 1 -0
    outer loop
      vertex 124.587 10 5.6194
      vertex 119.25 10 11
      vertex 125.206 10 5.82964
    endloop
  endfacet
  facet normal 0 1 -0
    outer loop
      vertex 124 10 5.33012
      vertex 119.25 10 11
      vertex 124.587 10 5.6194
    endloop
  endfacet
  facet normal 0 1 -0
    outer loop
      vertex 123.456 10 4.96677
      vertex 119.25 10 11
      vertex 124 10 5.33012
    endloop
  endfacet
  facet normal 0 1 -0
    outer loop
      vertex 122.964 10 4.53554
      vertex 119.25 10 11
      vertex 123.456 10 4.96677
    endloop
  endfacet
  facet normal 0 1 -0
    outer loop
      vertex 122.533 10 4.04381
      vertex 119.25 10 11
      vertex 122.964 10 4.53554
    endloop
  endfacet
  facet normal 0 1 -0
    outer loop
      vertex 122.17 10 3.5
      vertex 119.25 10 11
      vertex 122.533 10 4.04381
    endloop
  endfacet
  facet normal 0 1 -0
    outer loop
      vertex 121.881 10 2.91342
      vertex 119.25 10 11
      vertex 122.17 10 3.5
    endloop
  endfacet
  facet normal 0 1 -0
    outer loop
      vertex 121.67 10 2.2941
      vertex 119.25 10 11
      vertex 121.881 10 2.91342
    endloop
  endfacet
  facet normal 0 1 -0
    outer loop
      vertex 121.543 10 1.65263
      vertex 119.25 10 11
      vertex 121.67 10 2.2941
    endloop
  endfacet
  facet normal 0 1 -0
    outer loop
      vertex 121.5 10 1
      vertex 119.25 10 11
      vertex 121.543 10 1.65263
    endloop
  endfacet
  facet normal 0 1 0
    outer loop
      vertex 119.25 10 -15
      vertex 121.5 10 1
      vertex 121.5 10 -13
    endloop
  endfacet
  facet normal 0 1 0
    outer loop
      vertex 119.25 10 -15
      vertex 121.5 10 -13
      vertex 121.543 10 -13.6526
    endloop
  endfacet
  facet normal 0 1 0
    outer loop
      vertex 121.5 10 1
      vertex 119.25 10 -15
      vertex 119.25 10 11
    endloop
  endfacet
  facet normal 0 1 0
    outer loop
      vertex 121.67 10 -14.2941
      vertex 119.25 10 -15
      vertex 121.543 10 -13.6526
    endloop
  endfacet
  facet normal 0 1 0
    outer loop
      vertex 121.881 10 -14.9134
      vertex 119.25 10 -15
      vertex 121.67 10 -14.2941
    endloop
  endfacet
  facet normal 0 1 0
    outer loop
      vertex 119.25 10 -15
      vertex 121.881 10 -14.9134
      vertex 121.923 10 -15
    endloop
  endfacet
  facet normal 0 1 -0
    outer loop
      vertex 100 10 6
      vertex 92.75 10 11
      vertex 106 10 6
    endloop
  endfacet
  facet normal 0 1 -0
    outer loop
      vertex 99.3474 10 5.95723
      vertex 92.75 10 11
      vertex 100 10 6
    endloop
  endfacet
  facet normal 0 1 -0
    outer loop
      vertex 98.7059 10 5.82964
      vertex 92.75 10 11
      vertex 99.3474 10 5.95723
    endloop
  endfacet
  facet normal 0 1 -0
    outer loop
      vertex 98.0866 10 5.6194
      vertex 92.75 10 11
      vertex 98.7059 10 5.82964
    endloop
  endfacet
  facet normal 0 1 -0
    outer loop
      vertex 97.5 10 5.33012
      vertex 92.75 10 11
      vertex 98.0866 10 5.6194
    endloop
  endfacet
  facet normal 0 1 -0
    outer loop
      vertex 96.9562 10 4.96677
      vertex 92.75 10 11
      vertex 97.5 10 5.33012
    endloop
  endfacet
  facet normal 0 1 -0
    outer loop
      vertex 96.4645 10 4.53554
      vertex 92.75 10 11
      vertex 96.9562 10 4.96677
    endloop
  endfacet
  facet normal 0 1 -0
    outer loop
      vertex 96.0332 10 4.04381
      vertex 92.75 10 11
      vertex 96.4645 10 4.53554
    endloop
  endfacet
  facet normal 0 1 -0
    outer loop
      vertex 95.6699 10 3.5
      vertex 92.75 10 11
      vertex 96.0332 10 4.04381
    endloop
  endfacet
  facet normal 0 1 -0
    outer loop
      vertex 95.3806 10 2.91342
      vertex 92.75 10 11
      vertex 95.6699 10 3.5
    endloop
  endfacet
  facet normal 0 1 -0
    outer loop
      vertex 95.1704 10 2.2941
      vertex 92.75 10 11
      vertex 95.3806 10 2.91342
    endloop
  endfacet
  facet normal 0 1 -0
    outer loop
      vertex 95.0428 10 1.65263
      vertex 92.75 10 11
      vertex 95.1704 10 2.2941
    endloop
  endfacet
  facet normal 0 1 -0
    outer loop
      vertex 95 10 1
      vertex 92.75 10 11
      vertex 95.0428 10 1.65263
    endloop
  endfacet
  facet normal 0 1 0
    outer loop
      vertex 92.75 10 -15
      vertex 95 10 1
      vertex 95 10 -13
    endloop
  endfacet
  facet normal 0 1 0
    outer loop
      vertex 92.75 10 -15
      vertex 95 10 -13
      vertex 95.0428 10 -13.6526
    endloop
  endfacet
  facet normal 0 1 0
    outer loop
      vertex 95 10 1
      vertex 92.75 10 -15
      vertex 92.75 10 11
    endloop
  endfacet
  facet normal 0 1 0
    outer loop
      vertex 95.1704 10 -14.2941
      vertex 92.75 10 -15
      vertex 95.0428 10 -13.6526
    endloop
  endfacet
  facet normal 0 1 0
    outer loop
      vertex 95.3806 10 -14.9134
      vertex 92.75 10 -15
      vertex 95.1704 10 -14.2941
    endloop
  endfacet
  facet normal 0 1 0
    outer loop
      vertex 92.75 10 -15
      vertex 95.3806 10 -14.9134
      vertex 95.4233 10 -15
    endloop
  endfacet
  facet normal 0 1 -0
    outer loop
      vertex 73.5 10 6
      vertex 66.25 10 11
      vertex 79.5 10 6
    endloop
  endfacet
  facet normal 0 1 -0
    outer loop
      vertex 72.8474 10 5.95723
      vertex 66.25 10 11
      vertex 73.5 10 6
    endloop
  endfacet
  facet normal 0 1 -0
    outer loop
      vertex 72.2059 10 5.82964
      vertex 66.25 10 11
      vertex 72.8474 10 5.95723
    endloop
  endfacet
  facet normal 0 1 -0
    outer loop
      vertex 71.5866 10 5.6194
      vertex 66.25 10 11
      vertex 72.2059 10 5.82964
    endloop
  endfacet
  facet normal 0 1 -0
    outer loop
      vertex 71 10 5.33012
      vertex 66.25 10 11
      vertex 71.5866 10 5.6194
    endloop
  endfacet
  facet normal 0 1 -0
    outer loop
      vertex 70.4562 10 4.96677
      vertex 66.25 10 11
      vertex 71 10 5.33012
    endloop
  endfacet
  facet normal 0 1 -0
    outer loop
      vertex 69.9645 10 4.53554
      vertex 66.25 10 11
      vertex 70.4562 10 4.96677
    endloop
  endfacet
  facet normal 0 1 -0
    outer loop
      vertex 69.5332 10 4.04381
      vertex 66.25 10 11
      vertex 69.9645 10 4.53554
    endloop
  endfacet
  facet normal 0 1 -0
    outer loop
      vertex 69.1699 10 3.5
      vertex 66.25 10 11
      vertex 69.5332 10 4.04381
    endloop
  endfacet
  facet normal 0 1 -0
    outer loop
      vertex 68.8806 10 2.91342
      vertex 66.25 10 11
      vertex 69.1699 10 3.5
    endloop
  endfacet
  facet normal 0 1 -0
    outer loop
      vertex 68.6704 10 2.2941
      vertex 66.25 10 11
      vertex 68.8806 10 2.91342
    endloop
  endfacet
  facet normal 0 1 -0
    outer loop
      vertex 68.5428 10 1.65263
      vertex 66.25 10 11
      vertex 68.6704 10 2.2941
    endloop
  endfacet
  facet normal 0 1 -0
    outer loop
      vertex 68.5 10 1
      vertex 66.25 10 11
      vertex 68.5428 10 1.65263
    endloop
  endfacet
  facet normal 0 1 0
    outer loop
      vertex 66.25 10 -15
      vertex 68.5 10 1
      vertex 68.5 10 -13
    endloop
  endfacet
  facet normal 0 1 0
    outer loop
      vertex 66.25 10 -15
      vertex 68.5 10 -13
      vertex 68.5428 10 -13.6526
    endloop
  endfacet
  facet normal 0 1 0
    outer loop
      vertex 68.5 10 1
      vertex 66.25 10 -15
      vertex 66.25 10 11
    endloop
  endfacet
  facet normal 0 1 0
    outer loop
      vertex 68.6704 10 -14.2941
      vertex 66.25 10 -15
      vertex 68.5428 10 -13.6526
    endloop
  endfacet
  facet normal 0 1 0
    outer loop
      vertex 68.8806 10 -14.9134
      vertex 66.25 10 -15
      vertex 68.6704 10 -14.2941
    endloop
  endfacet
  facet normal 0 1 0
    outer loop
      vertex 66.25 10 -15
      vertex 68.8806 10 -14.9134
      vertex 68.9233 10 -15
    endloop
  endfacet
  facet normal 0 1 -0
    outer loop
      vertex 47 10 6
      vertex 39.75 10 11
      vertex 53 10 6
    endloop
  endfacet
  facet normal 0 1 -0
    outer loop
      vertex 46.3474 10 5.95723
      vertex 39.75 10 11
      vertex 47 10 6
    endloop
  endfacet
  facet normal 0 1 -0
    outer loop
      vertex 45.7059 10 5.82964
      vertex 39.75 10 11
      vertex 46.3474 10 5.95723
    endloop
  endfacet
  facet normal 0 1 -0
    outer loop
      vertex 45.0866 10 5.6194
      vertex 39.75 10 11
      vertex 45.7059 10 5.82964
    endloop
  endfacet
  facet normal 0 1 -0
    outer loop
      vertex 44.5 10 5.33012
      vertex 39.75 10 11
      vertex 45.0866 10 5.6194
    endloop
  endfacet
  facet normal 0 1 -0
    outer loop
      vertex 43.9562 10 4.96677
      vertex 39.75 10 11
      vertex 44.5 10 5.33012
    endloop
  endfacet
  facet normal 0 1 -0
    outer loop
      vertex 43.4645 10 4.53554
      vertex 39.75 10 11
      vertex 43.9562 10 4.96677
    endloop
  endfacet
  facet normal 0 1 -0
    outer loop
      vertex 43.0332 10 4.04381
      vertex 39.75 10 11
      vertex 43.4645 10 4.53554
    endloop
  endfacet
  facet normal 0 1 -0
    outer loop
      vertex 42.6699 10 3.5
      vertex 39.75 10 11
      vertex 43.0332 10 4.04381
    endloop
  endfacet
  facet normal 0 1 -0
    outer loop
      vertex 42.3806 10 2.91342
      vertex 39.75 10 11
      vertex 42.6699 10 3.5
    endloop
  endfacet
  facet normal 0 1 -0
    outer loop
      vertex 42.1704 10 2.2941
      vertex 39.75 10 11
      vertex 42.3806 10 2.91342
    endloop
  endfacet
  facet normal 0 1 -0
    outer loop
      vertex 42.0428 10 1.65263
      vertex 39.75 10 11
      vertex 42.1704 10 2.2941
    endloop
  endfacet
  facet normal 0 1 -0
    outer loop
      vertex 42 10 1
      vertex 39.75 10 11
      vertex 42.0428 10 1.65263
    endloop
  endfacet
  facet normal 0 1 0
    outer loop
      vertex 39.75 10 -15
      vertex 42 10 1
      vertex 42 10 -13
    endloop
  endfacet
  facet normal 0 1 0
    outer loop
      vertex 39.75 10 -15
      vertex 42 10 -13
      vertex 42.0428 10 -13.6526
    endloop
  endfacet
  facet normal 0 1 0
    outer loop
      vertex 42 10 1
      vertex 39.75 10 -15
      vertex 39.75 10 11
    endloop
  endfacet
  facet normal 0 1 0
    outer loop
      vertex 42.1704 10 -14.2941
      vertex 39.75 10 -15
      vertex 42.0428 10 -13.6526
    endloop
  endfacet
  facet normal 0 1 0
    outer loop
      vertex 42.3806 10 -14.9134
      vertex 39.75 10 -15
      vertex 42.1704 10 -14.2941
    endloop
  endfacet
  facet normal 0 1 0
    outer loop
      vertex 39.75 10 -15
      vertex 42.3806 10 -14.9134
      vertex 42.4233 10 -15
    endloop
  endfacet
  facet normal 0 1 -0
    outer loop
      vertex 20.5 10 6
      vertex 13.25 10 11
      vertex 26.5 10 6
    endloop
  endfacet
  facet normal 0 1 -0
    outer loop
      vertex 19.8474 10 5.95723
      vertex 13.25 10 11
      vertex 20.5 10 6
    endloop
  endfacet
  facet normal 0 1 -0
    outer loop
      vertex 19.2059 10 5.82964
      vertex 13.25 10 11
      vertex 19.8474 10 5.95723
    endloop
  endfacet
  facet normal 0 1 -0
    outer loop
      vertex 18.5866 10 5.6194
      vertex 13.25 10 11
      vertex 19.2059 10 5.82964
    endloop
  endfacet
  facet normal 0 1 -0
    outer loop
      vertex 18 10 5.33012
      vertex 13.25 10 11
      vertex 18.5866 10 5.6194
    endloop
  endfacet
  facet normal 0 1 -0
    outer loop
      vertex 17.4562 10 4.96677
      vertex 13.25 10 11
      vertex 18 10 5.33012
    endloop
  endfacet
  facet normal 0 1 -0
    outer loop
      vertex 16.9645 10 4.53554
      vertex 13.25 10 11
      vertex 17.4562 10 4.96677
    endloop
  endfacet
  facet normal 0 1 -0
    outer loop
      vertex 16.5332 10 4.04381
      vertex 13.25 10 11
      vertex 16.9645 10 4.53554
    endloop
  endfacet
  facet normal 0 1 -0
    outer loop
      vertex 16.1699 10 3.5
      vertex 13.25 10 11
      vertex 16.5332 10 4.04381
    endloop
  endfacet
  facet normal 0 1 -0
    outer loop
      vertex 15.8806 10 2.91342
      vertex 13.25 10 11
      vertex 16.1699 10 3.5
    endloop
  endfacet
  facet normal 0 1 -0
    outer loop
      vertex 15.6704 10 2.2941
      vertex 13.25 10 11
      vertex 15.8806 10 2.91342
    endloop
  endfacet
  facet normal 0 1 -0
    outer loop
      vertex 15.5428 10 1.65263
      vertex 13.25 10 11
      vertex 15.6704 10 2.2941
    endloop
  endfacet
  facet normal 0 1 -0
    outer loop
      vertex 15.5 10 1
      vertex 13.25 10 11
      vertex 15.5428 10 1.65263
    endloop
  endfacet
  facet normal 0 1 0
    outer loop
      vertex 13.25 10 -15
      vertex 15.5 10 1
      vertex 15.5 10 -13
    endloop
  endfacet
  facet normal 0 1 0
    outer loop
      vertex 13.25 10 -15
      vertex 15.5 10 -13
      vertex 15.5428 10 -13.6526
    endloop
  endfacet
  facet normal 0 1 0
    outer loop
      vertex 15.5 10 1
      vertex 13.25 10 -15
      vertex 13.25 10 11
    endloop
  endfacet
  facet normal 0 1 0
    outer loop
      vertex 15.6704 10 -14.2941
      vertex 13.25 10 -15
      vertex 15.5428 10 -13.6526
    endloop
  endfacet
  facet normal 0 1 0
    outer loop
      vertex 15.8806 10 -14.9134
      vertex 13.25 10 -15
      vertex 15.6704 10 -14.2941
    endloop
  endfacet
  facet normal 0 1 0
    outer loop
      vertex 13.25 10 -15
      vertex 15.8806 10 -14.9134
      vertex 15.9233 10 -15
    endloop
  endfacet
  facet normal 0 1 -0
    outer loop
      vertex -2.05 10 3.5507
      vertex -10.4853 10 15.5147
      vertex -1.569 10 3.78791
    endloop
  endfacet
  facet normal 0 1 0
    outer loop
      vertex -12.3923 10 13.0294
      vertex -2.49592 10 3.25275
      vertex -13.0865 10 11.6216
    endloop
  endfacet
  facet normal 0 1 0
    outer loop
      vertex -13.0865 10 11.6216
      vertex -2.49592 10 3.25275
      vertex -13.5911 10 10.1353
    endloop
  endfacet
  facet normal 0 1 -0
    outer loop
      vertex -2.89914 10 2.89914
      vertex -13.5911 10 10.1353
      vertex -2.49592 10 3.25275
    endloop
  endfacet
  facet normal 0 1 0
    outer loop
      vertex -13.5911 10 10.1353
      vertex -2.89914 10 2.89914
      vertex -13.8973 10 8.59576
    endloop
  endfacet
  facet normal 0 1 0
    outer loop
      vertex -13.8973 10 8.59576
      vertex -2.89914 10 2.89914
      vertex -14 10 7.02945
    endloop
  endfacet
  facet normal 0 1 -0
    outer loop
      vertex -3.25275 10 2.49592
      vertex -14 10 7.02945
      vertex -2.89914 10 2.89914
    endloop
  endfacet
  facet normal 0 1 -0
    outer loop
      vertex -3.5507 10 2.05
      vertex -14 10 7.02945
      vertex -3.25275 10 2.49592
    endloop
  endfacet
  facet normal 0 1 -0
    outer loop
      vertex -3.78791 10 1.569
      vertex -14 10 7.02945
      vertex -3.5507 10 2.05
    endloop
  endfacet
  facet normal 0 1 -0
    outer loop
      vertex -3.9603 10 1.06116
      vertex -14 10 7.02945
      vertex -3.78791 10 1.569
    endloop
  endfacet
  facet normal 0 1 -0
    outer loop
      vertex -4.06492 10 0.535157
      vertex -14 10 7.02945
      vertex -3.9603 10 1.06116
    endloop
  endfacet
  facet normal 0 1 -0
    outer loop
      vertex -4.1 10 0
      vertex -14 10 7.02945
      vertex -4.06492 10 0.535157
    endloop
  endfacet
  facet normal 0 1 0
    outer loop
      vertex -4.06492 10 -0.535157
      vertex -14 10 7.02945
      vertex -4.1 10 0
    endloop
  endfacet
  facet normal 0 1 0
    outer loop
      vertex -3.9603 10 -1.06116
      vertex -14 10 7.02945
      vertex -4.06492 10 -0.535157
    endloop
  endfacet
  facet normal 0 1 0
    outer loop
      vertex -14 10 -15
      vertex -3.9603 10 -1.06116
      vertex -3.78791 10 -1.569
    endloop
  endfacet
  facet normal 0 1 0
    outer loop
      vertex -14 10 -15
      vertex -3.78791 10 -1.569
      vertex -3.5507 10 -2.05
    endloop
  endfacet
  facet normal 0 1 0
    outer loop
      vertex -14 10 -15
      vertex -3.5507 10 -2.05
      vertex -3.25275 10 -2.49592
    endloop
  endfacet
  facet normal 0 1 0
    outer loop
      vertex -14 10 -15
      vertex -3.25275 10 -2.49592
      vertex -2.89914 10 -2.89914
    endloop
  endfacet
  facet normal 0 1 0
    outer loop
      vertex 7.25 10 -15
      vertex -0.535157 10 -4.06492
      vertex 0 10 -4.1
    endloop
  endfacet
  facet normal 0 1 0
    outer loop
      vertex 7.25 10 -15
      vertex -1.06116 10 -3.9603
      vertex -0.535157 10 -4.06492
    endloop
  endfacet
  facet normal 0 1 0
    outer loop
      vertex -14 10 -15
      vertex -1.06116 10 -3.9603
      vertex 7.25 10 -15
    endloop
  endfacet
  facet normal 0 1 0
    outer loop
      vertex -1.06116 10 -3.9603
      vertex -14 10 -15
      vertex -1.569 10 -3.78791
    endloop
  endfacet
  facet normal 0 1 0
    outer loop
      vertex -1.569 10 -3.78791
      vertex -14 10 -15
      vertex -2.05 10 -3.5507
    endloop
  endfacet
  facet normal 0 1 0
    outer loop
      vertex -2.05 10 -3.5507
      vertex -14 10 -15
      vertex -2.49592 10 -3.25275
    endloop
  endfacet
  facet normal 0 1 0
    outer loop
      vertex -2.49592 10 -3.25275
      vertex -14 10 -15
      vertex -2.89914 10 -2.89914
    endloop
  endfacet
  facet normal 0 1 0
    outer loop
      vertex -3.9603 10 -1.06116
      vertex -14 10 -15
      vertex -14 10 7.02945
    endloop
  endfacet
  facet normal -0 0.195028 0.980798
    outer loop
      vertex 172.25 18.6947 -24.9144
      vertex 201 17.4118 -24.6593
      vertex 201 18.6947 -24.9144
    endloop
  endfacet
  facet normal 0 0.195028 0.980798
    outer loop
      vertex 201 17.4118 -24.6593
      vertex 172.25 18.6947 -24.9144
      vertex 172.25 17.4118 -24.6593
    endloop
  endfacet
  facet normal -0 0.195028 0.980798
    outer loop
      vertex -14 18.6947 -24.9144
      vertex 7.25 17.4118 -24.6593
      vertex 7.25 18.6947 -24.9144
    endloop
  endfacet
  facet normal 0 0.195028 0.980798
    outer loop
      vertex 7.25 17.4118 -24.6593
      vertex -14 18.6947 -24.9144
      vertex -14 17.4118 -24.6593
    endloop
  endfacet
  facet normal -0 0.195028 0.980798
    outer loop
      vertex 13.25 18.6947 -24.9144
      vertex 33.75 17.4118 -24.6593
      vertex 33.75 18.6947 -24.9144
    endloop
  endfacet
  facet normal 0 0.195028 0.980798
    outer loop
      vertex 33.75 17.4118 -24.6593
      vertex 13.25 18.6947 -24.9144
      vertex 13.25 17.4118 -24.6593
    endloop
  endfacet
  facet normal -0 0.195028 0.980798
    outer loop
      vertex 39.75 18.6947 -24.9144
      vertex 60.25 17.4118 -24.6593
      vertex 60.25 18.6947 -24.9144
    endloop
  endfacet
  facet normal 0 0.195028 0.980798
    outer loop
      vertex 60.25 17.4118 -24.6593
      vertex 39.75 18.6947 -24.9144
      vertex 39.75 17.4118 -24.6593
    endloop
  endfacet
  facet normal -0 0.195028 0.980798
    outer loop
      vertex 66.25 18.6947 -24.9144
      vertex 86.75 17.4118 -24.6593
      vertex 86.75 18.6947 -24.9144
    endloop
  endfacet
  facet normal 0 0.195028 0.980798
    outer loop
      vertex 86.75 17.4118 -24.6593
      vertex 66.25 18.6947 -24.9144
      vertex 66.25 17.4118 -24.6593
    endloop
  endfacet
  facet normal -0 0.195028 0.980798
    outer loop
      vertex 92.75 18.6947 -24.9144
      vertex 113.25 17.4118 -24.6593
      vertex 113.25 18.6947 -24.9144
    endloop
  endfacet
  facet normal 0 0.195028 0.980798
    outer loop
      vertex 113.25 17.4118 -24.6593
      vertex 92.75 18.6947 -24.9144
      vertex 92.75 17.4118 -24.6593
    endloop
  endfacet
  facet normal -0 0.195028 0.980798
    outer loop
      vertex 119.25 18.6947 -24.9144
      vertex 139.75 17.4118 -24.6593
      vertex 139.75 18.6947 -24.9144
    endloop
  endfacet
  facet normal 0 0.195028 0.980798
    outer loop
      vertex 139.75 17.4118 -24.6593
      vertex 119.25 18.6947 -24.9144
      vertex 119.25 17.4118 -24.6593
    endloop
  endfacet
  facet normal -0 0.195028 0.980798
    outer loop
      vertex 145.75 18.6947 -24.9144
      vertex 166.25 17.4118 -24.6593
      vertex 166.25 18.6947 -24.9144
    endloop
  endfacet
  facet normal 0 0.195028 0.980798
    outer loop
      vertex 166.25 17.4118 -24.6593
      vertex 145.75 18.6947 -24.9144
      vertex 145.75 17.4118 -24.6593
    endloop
  endfacet
  facet normal 0 0.980798 0.195028
    outer loop
      vertex 201 10.3407 -17.5882
      vertex 172.25 10.0856 -16.3053
      vertex 201 10.0856 -16.3053
    endloop
  endfacet
  facet normal 0 0.980798 0.195028
    outer loop
      vertex 172.25 10.0856 -16.3053
      vertex 201 10.3407 -17.5882
      vertex 172.25 10.3407 -17.5882
    endloop
  endfacet
  facet normal 0 0.980798 0.195028
    outer loop
      vertex 7.25 10.3407 -17.5882
      vertex -14 10.0856 -16.3053
      vertex 7.25 10.0856 -16.3053
    endloop
  endfacet
  facet normal 0 0.980798 0.195028
    outer loop
      vertex -14 10.0856 -16.3053
      vertex 7.25 10.3407 -17.5882
      vertex -14 10.3407 -17.5882
    endloop
  endfacet
  facet normal -3.01292e-05 0.980782 0.195107
    outer loop
      vertex 13.25 10.3407 -17.5882
      vertex 16.7625 10.0856 -16.3053
      vertex 16.9645 10.1314 -16.5355
    endloop
  endfacet
  facet normal 2.53109e-05 0.980819 0.194919
    outer loop
      vertex 13.25 10.3407 -17.5882
      vertex 16.9645 10.1314 -16.5355
      vertex 17.4562 10.2171 -16.9668
    endloop
  endfacet
  facet normal -1.22673e-05 0.980771 0.195164
    outer loop
      vertex 13.25 10.3407 -17.5882
      vertex 17.4562 10.2171 -16.9668
      vertex 18 10.2894 -17.3301
    endloop
  endfacet
  facet normal -0 0.980814 0.194947
    outer loop
      vertex 13.25 10.3407 -17.5882
      vertex 18 10.2894 -17.3301
      vertex 18.5233 10.3407 -17.5882
    endloop
  endfacet
  facet normal 0 0.980798 0.195028
    outer loop
      vertex 16.7625 10.0856 -16.3053
      vertex 13.25 10.3407 -17.5882
      vertex 13.25 10.0856 -16.3053
    endloop
  endfacet
  facet normal 0 0.980798 0.195028
    outer loop
      vertex 33.75 10.3407 -17.5882
      vertex 30.2375 10.0856 -16.3053
      vertex 33.75 10.0856 -16.3053
    endloop
  endfacet
  facet normal 3.01292e-05 0.980782 0.195107
    outer loop
      vertex 30.2375 10.0856 -16.3053
      vertex 33.75 10.3407 -17.5882
      vertex 30.0355 10.1314 -16.5355
    endloop
  endfacet
  facet normal -2.53109e-05 0.980819 0.194919
    outer loop
      vertex 30.0355 10.1314 -16.5355
      vertex 33.75 10.3407 -17.5882
      vertex 29.5438 10.2171 -16.9668
    endloop
  endfacet
  facet normal 1.22673e-05 0.980771 0.195164
    outer loop
      vertex 29.5438 10.2171 -16.9668
      vertex 33.75 10.3407 -17.5882
      vertex 29 10.2894 -17.3301
    endloop
  endfacet
  facet normal 0 0.980814 0.194947
    outer loop
      vertex 29 10.2894 -17.3301
      vertex 33.75 10.3407 -17.5882
      vertex 28.4767 10.3407 -17.5882
    endloop
  endfacet
  facet normal -3.01292e-05 0.980782 0.195107
    outer loop
      vertex 39.75 10.3407 -17.5882
      vertex 43.2625 10.0856 -16.3053
      vertex 43.4645 10.1314 -16.5355
    endloop
  endfacet
  facet normal 2.53109e-05 0.980819 0.194919
    outer loop
      vertex 39.75 10.3407 -17.5882
      vertex 43.4645 10.1314 -16.5355
      vertex 43.9562 10.2171 -16.9668
    endloop
  endfacet
  facet normal -1.22673e-05 0.980771 0.195164
    outer loop
      vertex 39.75 10.3407 -17.5882
      vertex 43.9562 10.2171 -16.9668
      vertex 44.5 10.2894 -17.3301
    endloop
  endfacet
  facet normal -0 0.980814 0.194947
    outer loop
      vertex 39.75 10.3407 -17.5882
      vertex 44.5 10.2894 -17.3301
      vertex 45.0233 10.3407 -17.5882
    endloop
  endfacet
  facet normal 0 0.980798 0.195028
    outer loop
      vertex 43.2625 10.0856 -16.3053
      vertex 39.75 10.3407 -17.5882
      vertex 39.75 10.0856 -16.3053
    endloop
  endfacet
  facet normal 0 0.980798 0.195028
    outer loop
      vertex 60.25 10.3407 -17.5882
      vertex 56.7375 10.0856 -16.3053
      vertex 60.25 10.0856 -16.3053
    endloop
  endfacet
  facet normal 3.01292e-05 0.980782 0.195107
    outer loop
      vertex 56.7375 10.0856 -16.3053
      vertex 60.25 10.3407 -17.5882
      vertex 56.5355 10.1314 -16.5355
    endloop
  endfacet
  facet normal -2.53109e-05 0.980819 0.194919
    outer loop
      vertex 56.5355 10.1314 -16.5355
      vertex 60.25 10.3407 -17.5882
      vertex 56.0438 10.2171 -16.9668
    endloop
  endfacet
  facet normal 1.22673e-05 0.980771 0.195164
    outer loop
      vertex 56.0438 10.2171 -16.9668
      vertex 60.25 10.3407 -17.5882
      vertex 55.5 10.2894 -17.3301
    endloop
  endfacet
  facet normal 0 0.980814 0.194947
    outer loop
      vertex 55.5 10.2894 -17.3301
      vertex 60.25 10.3407 -17.5882
      vertex 54.9767 10.3407 -17.5882
    endloop
  endfacet
  facet normal -3.01292e-05 0.980782 0.195107
    outer loop
      vertex 66.25 10.3407 -17.5882
      vertex 69.7625 10.0856 -16.3053
      vertex 69.9645 10.1314 -16.5355
    endloop
  endfacet
  facet normal 2.53109e-05 0.980819 0.194919
    outer loop
      vertex 66.25 10.3407 -17.5882
      vertex 69.9645 10.1314 -16.5355
      vertex 70.4562 10.2171 -16.9668
    endloop
  endfacet
  facet normal -1.22673e-05 0.980771 0.195164
    outer loop
      vertex 66.25 10.3407 -17.5882
      vertex 70.4562 10.2171 -16.9668
      vertex 71 10.2894 -17.3301
    endloop
  endfacet
  facet normal -0 0.980814 0.194947
    outer loop
      vertex 66.25 10.3407 -17.5882
      vertex 71 10.2894 -17.3301
      vertex 71.5233 10.3407 -17.5882
    endloop
  endfacet
  facet normal 0 0.980798 0.195028
    outer loop
      vertex 69.7625 10.0856 -16.3053
      vertex 66.25 10.3407 -17.5882
      vertex 66.25 10.0856 -16.3053
    endloop
  endfacet
  facet normal 0 0.980798 0.195028
    outer loop
      vertex 86.75 10.3407 -17.5882
      vertex 83.2375 10.0856 -16.3053
      vertex 86.75 10.0856 -16.3053
    endloop
  endfacet
  facet normal 3.01292e-05 0.980782 0.195107
    outer loop
      vertex 83.2375 10.0856 -16.3053
      vertex 86.75 10.3407 -17.5882
      vertex 83.0355 10.1314 -16.5355
    endloop
  endfacet
  facet normal -2.53109e-05 0.980819 0.194919
    outer loop
      vertex 83.0355 10.1314 -16.5355
      vertex 86.75 10.3407 -17.5882
      vertex 82.5438 10.2171 -16.9668
    endloop
  endfacet
  facet normal 1.22673e-05 0.980771 0.195164
    outer loop
      vertex 82.5438 10.2171 -16.9668
      vertex 86.75 10.3407 -17.5882
      vertex 82 10.2894 -17.3301
    endloop
  endfacet
  facet normal 0 0.980814 0.194947
    outer loop
      vertex 82 10.2894 -17.3301
      vertex 86.75 10.3407 -17.5882
      vertex 81.4767 10.3407 -17.5882
    endloop
  endfacet
  facet normal -3.01292e-05 0.980782 0.195107
    outer loop
      vertex 92.75 10.3407 -17.5882
      vertex 96.2625 10.0856 -16.3053
      vertex 96.4645 10.1314 -16.5355
    endloop
  endfacet
  facet normal 2.53109e-05 0.980819 0.194919
    outer loop
      vertex 92.75 10.3407 -17.5882
      vertex 96.4645 10.1314 -16.5355
      vertex 96.9562 10.2171 -16.9668
    endloop
  endfacet
  facet normal -1.22673e-05 0.980771 0.195164
    outer loop
      vertex 92.75 10.3407 -17.5882
      vertex 96.9562 10.2171 -16.9668
      vertex 97.5 10.2894 -17.3301
    endloop
  endfacet
  facet normal -0 0.980814 0.194947
    outer loop
      vertex 92.75 10.3407 -17.5882
      vertex 97.5 10.2894 -17.3301
      vertex 98.0233 10.3407 -17.5882
    endloop
  endfacet
  facet normal 0 0.980798 0.195028
    outer loop
      vertex 96.2625 10.0856 -16.3053
      vertex 92.75 10.3407 -17.5882
      vertex 92.75 10.0856 -16.3053
    endloop
  endfacet
  facet normal 0 0.980798 0.195028
    outer loop
      vertex 113.25 10.3407 -17.5882
      vertex 109.737 10.0856 -16.3053
      vertex 113.25 10.0856 -16.3053
    endloop
  endfacet
  facet normal 3.01622e-05 0.980782 0.195108
    outer loop
      vertex 109.737 10.0856 -16.3053
      vertex 113.25 10.3407 -17.5882
      vertex 109.536 10.1314 -16.5355
    endloop
  endfacet
  facet normal -2.53097e-05 0.980819 0.194919
    outer loop
      vertex 109.536 10.1314 -16.5355
      vertex 113.25 10.3407 -17.5882
      vertex 109.044 10.2171 -16.9668
    endloop
  endfacet
  facet normal 1.2267e-05 0.980771 0.195164
    outer loop
      vertex 109.044 10.2171 -16.9668
      vertex 113.25 10.3407 -17.5882
      vertex 108.5 10.2894 -17.3301
    endloop
  endfacet
  facet normal 0 0.980814 0.194947
    outer loop
      vertex 108.5 10.2894 -17.3301
      vertex 113.25 10.3407 -17.5882
      vertex 107.977 10.3407 -17.5882
    endloop
  endfacet
  facet normal -3.01622e-05 0.980782 0.195108
    outer loop
      vertex 119.25 10.3407 -17.5882
      vertex 122.763 10.0856 -16.3053
      vertex 122.964 10.1314 -16.5355
    endloop
  endfacet
  facet normal 2.53097e-05 0.980819 0.194919
    outer loop
      vertex 119.25 10.3407 -17.5882
      vertex 122.964 10.1314 -16.5355
      vertex 123.456 10.2171 -16.9668
    endloop
  endfacet
  facet normal -1.2267e-05 0.980771 0.195164
    outer loop
      vertex 119.25 10.3407 -17.5882
      vertex 123.456 10.2171 -16.9668
      vertex 124 10.2894 -17.3301
    endloop
  endfacet
  facet normal -0 0.980814 0.194947
    outer loop
      vertex 119.25 10.3407 -17.5882
      vertex 124 10.2894 -17.3301
      vertex 124.523 10.3407 -17.5882
    endloop
  endfacet
  facet normal 0 0.980798 0.195028
    outer loop
      vertex 122.763 10.0856 -16.3053
      vertex 119.25 10.3407 -17.5882
      vertex 119.25 10.0856 -16.3053
    endloop
  endfacet
  facet normal 0 0.980798 0.195028
    outer loop
      vertex 139.75 10.3407 -17.5882
      vertex 136.237 10.0856 -16.3053
      vertex 139.75 10.0856 -16.3053
    endloop
  endfacet
  facet normal 3.01622e-05 0.980782 0.195108
    outer loop
      vertex 136.237 10.0856 -16.3053
      vertex 139.75 10.3407 -17.5882
      vertex 136.036 10.1314 -16.5355
    endloop
  endfacet
  facet normal -2.53097e-05 0.980819 0.194919
    outer loop
      vertex 136.036 10.1314 -16.5355
      vertex 139.75 10.3407 -17.5882
      vertex 135.544 10.2171 -16.9668
    endloop
  endfacet
  facet normal 1.2267e-05 0.980771 0.195164
    outer loop
      vertex 135.544 10.2171 -16.9668
      vertex 139.75 10.3407 -17.5882
      vertex 135 10.2894 -17.3301
    endloop
  endfacet
  facet normal 0 0.980814 0.194947
    outer loop
      vertex 135 10.2894 -17.3301
      vertex 139.75 10.3407 -17.5882
      vertex 134.477 10.3407 -17.5882
    endloop
  endfacet
  facet normal -3.01622e-05 0.980782 0.195108
    outer loop
      vertex 145.75 10.3407 -17.5882
      vertex 149.263 10.0856 -16.3053
      vertex 149.464 10.1314 -16.5355
    endloop
  endfacet
  facet normal 2.53097e-05 0.980819 0.194919
    outer loop
      vertex 145.75 10.3407 -17.5882
      vertex 149.464 10.1314 -16.5355
      vertex 149.956 10.2171 -16.9668
    endloop
  endfacet
  facet normal -1.2267e-05 0.980771 0.195164
    outer loop
      vertex 145.75 10.3407 -17.5882
      vertex 149.956 10.2171 -16.9668
      vertex 150.5 10.2894 -17.3301
    endloop
  endfacet
  facet normal -0 0.980814 0.194947
    outer loop
      vertex 145.75 10.3407 -17.5882
      vertex 150.5 10.2894 -17.3301
      vertex 151.023 10.3407 -17.5882
    endloop
  endfacet
  facet normal 0 0.980798 0.195028
    outer loop
      vertex 149.263 10.0856 -16.3053
      vertex 145.75 10.3407 -17.5882
      vertex 145.75 10.0856 -16.3053
    endloop
  endfacet
  facet normal 0 0.980798 0.195028
    outer loop
      vertex 166.25 10.3407 -17.5882
      vertex 162.737 10.0856 -16.3053
      vertex 166.25 10.0856 -16.3053
    endloop
  endfacet
  facet normal 3.01622e-05 0.980782 0.195108
    outer loop
      vertex 162.737 10.0856 -16.3053
      vertex 166.25 10.3407 -17.5882
      vertex 162.536 10.1314 -16.5355
    endloop
  endfacet
  facet normal -2.53097e-05 0.980819 0.194919
    outer loop
      vertex 162.536 10.1314 -16.5355
      vertex 166.25 10.3407 -17.5882
      vertex 162.044 10.2171 -16.9668
    endloop
  endfacet
  facet normal 1.2267e-05 0.980771 0.195164
    outer loop
      vertex 162.044 10.2171 -16.9668
      vertex 166.25 10.3407 -17.5882
      vertex 161.5 10.2894 -17.3301
    endloop
  endfacet
  facet normal 0 0.980814 0.194947
    outer loop
      vertex 161.5 10.2894 -17.3301
      vertex 166.25 10.3407 -17.5882
      vertex 160.977 10.3407 -17.5882
    endloop
  endfacet
  facet normal -0 0.555617 0.831438
    outer loop
      vertex 172.25 15 -23.6603
      vertex 201 13.9124 -22.9335
      vertex 201 15 -23.6603
    endloop
  endfacet
  facet normal 0 0.555617 0.831438
    outer loop
      vertex 201 13.9124 -22.9335
      vertex 172.25 15 -23.6603
      vertex 172.25 13.9124 -22.9335
    endloop
  endfacet
  facet normal -0 0.555617 0.831438
    outer loop
      vertex -14 15 -23.6603
      vertex 7.25 13.9124 -22.9335
      vertex 7.25 15 -23.6603
    endloop
  endfacet
  facet normal 0 0.555617 0.831438
    outer loop
      vertex 7.25 13.9124 -22.9335
      vertex -14 15 -23.6603
      vertex -14 13.9124 -22.9335
    endloop
  endfacet
  facet normal -0 0.555617 0.831438
    outer loop
      vertex 13.25 15 -23.6603
      vertex 33.75 13.9124 -22.9335
      vertex 33.75 15 -23.6603
    endloop
  endfacet
  facet normal 0 0.555617 0.831438
    outer loop
      vertex 33.75 13.9124 -22.9335
      vertex 13.25 15 -23.6603
      vertex 13.25 13.9124 -22.9335
    endloop
  endfacet
  facet normal -0 0.555617 0.831438
    outer loop
      vertex 39.75 15 -23.6603
      vertex 60.25 13.9124 -22.9335
      vertex 60.25 15 -23.6603
    endloop
  endfacet
  facet normal 0 0.555617 0.831438
    outer loop
      vertex 60.25 13.9124 -22.9335
      vertex 39.75 15 -23.6603
      vertex 39.75 13.9124 -22.9335
    endloop
  endfacet
  facet normal -0 0.555617 0.831438
    outer loop
      vertex 66.25 15 -23.6603
      vertex 86.75 13.9124 -22.9335
      vertex 86.75 15 -23.6603
    endloop
  endfacet
  facet normal 0 0.555617 0.831438
    outer loop
      vertex 86.75 13.9124 -22.9335
      vertex 66.25 15 -23.6603
      vertex 66.25 13.9124 -22.9335
    endloop
  endfacet
  facet normal -0 0.555617 0.831438
    outer loop
      vertex 92.75 15 -23.6603
      vertex 113.25 13.9124 -22.9335
      vertex 113.25 15 -23.6603
    endloop
  endfacet
  facet normal 0 0.555617 0.831438
    outer loop
      vertex 113.25 13.9124 -22.9335
      vertex 92.75 15 -23.6603
      vertex 92.75 13.9124 -22.9335
    endloop
  endfacet
  facet normal -0 0.555617 0.831438
    outer loop
      vertex 119.25 15 -23.6603
      vertex 139.75 13.9124 -22.9335
      vertex 139.75 15 -23.6603
    endloop
  endfacet
  facet normal 0 0.555617 0.831438
    outer loop
      vertex 139.75 13.9124 -22.9335
      vertex 119.25 15 -23.6603
      vertex 119.25 13.9124 -22.9335
    endloop
  endfacet
  facet normal -0 0.555617 0.831438
    outer loop
      vertex 145.75 15 -23.6603
      vertex 166.25 13.9124 -22.9335
      vertex 166.25 15 -23.6603
    endloop
  endfacet
  facet normal 0 0.555617 0.831438
    outer loop
      vertex 166.25 13.9124 -22.9335
      vertex 145.75 15 -23.6603
      vertex 145.75 13.9124 -22.9335
    endloop
  endfacet
  facet normal -0 0.0654382 0.997857
    outer loop
      vertex 172.25 20 -25
      vertex 201 18.6947 -24.9144
      vertex 201 20 -25
    endloop
  endfacet
  facet normal 0 0.0654382 0.997857
    outer loop
      vertex 201 18.6947 -24.9144
      vertex 172.25 20 -25
      vertex 172.25 18.6947 -24.9144
    endloop
  endfacet
  facet normal -0 0.0654382 0.997857
    outer loop
      vertex -14 20 -25
      vertex 7.25 18.6947 -24.9144
      vertex 7.25 20 -25
    endloop
  endfacet
  facet normal 0 0.0654382 0.997857
    outer loop
      vertex 7.25 18.6947 -24.9144
      vertex -14 20 -25
      vertex -14 18.6947 -24.9144
    endloop
  endfacet
  facet normal -2.03624e-05 0.0654382 0.997857
    outer loop
      vertex 33.75 20 -25
      vertex 29.8887 19 -24.9345
      vertex 33.75 18.6947 -24.9144
    endloop
  endfacet
  facet normal 0 0.0653599 0.997862
    outer loop
      vertex 29.8887 19 -24.9345
      vertex 33.75 20 -25
      vertex 29.8509 20 -25
    endloop
  endfacet
  facet normal -0 0.0656947 0.99784
    outer loop
      vertex 22.9605 19 -24.9345
      vertex 33.75 18.6947 -24.9144
      vertex 29.8887 19 -24.9345
    endloop
  endfacet
  facet normal -0 0.0653599 0.997862
    outer loop
      vertex 13.25 20 -25
      vertex 22.9605 19 -24.9345
      vertex 22.9226 20 -25
    endloop
  endfacet
  facet normal 0 0.0656947 0.99784
    outer loop
      vertex 22.9605 19 -24.9345
      vertex 13.25 18.6947 -24.9144
      vertex 33.75 18.6947 -24.9144
    endloop
  endfacet
  facet normal 8.09693e-06 0.0654382 0.997857
    outer loop
      vertex 13.25 18.6947 -24.9144
      vertex 22.9605 19 -24.9345
      vertex 13.25 20 -25
    endloop
  endfacet
  facet normal -0 0.0654382 0.997857
    outer loop
      vertex 53.1176 20 -25
      vertex 60.25 18.6947 -24.9144
      vertex 60.25 20 -25
    endloop
  endfacet
  facet normal -0 0.0654382 0.997857
    outer loop
      vertex 46.8824 20 -25
      vertex 60.25 18.6947 -24.9144
      vertex 53.1176 20 -25
    endloop
  endfacet
  facet normal 0 0.0654382 0.997857
    outer loop
      vertex 39.75 18.6947 -24.9144
      vertex 46.8824 20 -25
      vertex 39.75 20 -25
    endloop
  endfacet
  facet normal 0 0.0654382 0.997857
    outer loop
      vertex 46.8824 20 -25
      vertex 39.75 18.6947 -24.9144
      vertex 60.25 18.6947 -24.9144
    endloop
  endfacet
  facet normal -2.03624e-05 0.0654382 0.997857
    outer loop
      vertex 86.75 20 -25
      vertex 82.8887 19 -24.9345
      vertex 86.75 18.6947 -24.9144
    endloop
  endfacet
  facet normal 0 0.0653599 0.997862
    outer loop
      vertex 82.8887 19 -24.9345
      vertex 86.75 20 -25
      vertex 82.8509 20 -25
    endloop
  endfacet
  facet normal -0 0.0656947 0.99784
    outer loop
      vertex 75.9605 19 -24.9345
      vertex 86.75 18.6947 -24.9144
      vertex 82.8887 19 -24.9345
    endloop
  endfacet
  facet normal -0 0.0653599 0.997862
    outer loop
      vertex 66.25 20 -25
      vertex 75.9605 19 -24.9345
      vertex 75.9226 20 -25
    endloop
  endfacet
  facet normal 0 0.0656947 0.99784
    outer loop
      vertex 75.9605 19 -24.9345
      vertex 66.25 18.6947 -24.9144
      vertex 86.75 18.6947 -24.9144
    endloop
  endfacet
  facet normal 8.09693e-06 0.0654382 0.997857
    outer loop
      vertex 66.25 18.6947 -24.9144
      vertex 75.9605 19 -24.9345
      vertex 66.25 20 -25
    endloop
  endfacet
  facet normal -2.0364e-05 0.0654382 0.997857
    outer loop
      vertex 113.25 20 -25
      vertex 109.389 19 -24.9345
      vertex 113.25 18.6947 -24.9144
    endloop
  endfacet
  facet normal 0 0.0653599 0.997862
    outer loop
      vertex 109.389 19 -24.9345
      vertex 113.25 20 -25
      vertex 109.351 20 -25
    endloop
  endfacet
  facet normal -0 0.0656947 0.99784
    outer loop
      vertex 102.46 19 -24.9345
      vertex 113.25 18.6947 -24.9144
      vertex 109.389 19 -24.9345
    endloop
  endfacet
  facet normal -0 0.0653599 0.997862
    outer loop
      vertex 92.75 20 -25
      vertex 102.46 19 -24.9345
      vertex 102.423 20 -25
    endloop
  endfacet
  facet normal 0 0.0656947 0.99784
    outer loop
      vertex 102.46 19 -24.9345
      vertex 92.75 18.6947 -24.9144
      vertex 113.25 18.6947 -24.9144
    endloop
  endfacet
  facet normal 8.09735e-06 0.0654382 0.997857
    outer loop
      vertex 92.75 18.6947 -24.9144
      vertex 102.46 19 -24.9345
      vertex 92.75 20 -25
    endloop
  endfacet
  facet normal -2.0364e-05 0.0654382 0.997857
    outer loop
      vertex 139.75 20 -25
      vertex 135.889 19 -24.9345
      vertex 139.75 18.6947 -24.9144
    endloop
  endfacet
  facet normal 0 0.0653599 0.997862
    outer loop
      vertex 135.889 19 -24.9345
      vertex 139.75 20 -25
      vertex 135.851 20 -25
    endloop
  endfacet
  facet normal -0 0.0656947 0.99784
    outer loop
      vertex 128.96 19 -24.9345
      vertex 139.75 18.6947 -24.9144
      vertex 135.889 19 -24.9345
    endloop
  endfacet
  facet normal -0 0.0653599 0.997862
    outer loop
      vertex 119.25 20 -25
      vertex 128.96 19 -24.9345
      vertex 128.923 20 -25
    endloop
  endfacet
  facet normal 0 0.0656947 0.99784
    outer loop
      vertex 128.96 19 -24.9345
      vertex 119.25 18.6947 -24.9144
      vertex 139.75 18.6947 -24.9144
    endloop
  endfacet
  facet normal 8.09735e-06 0.0654382 0.997857
    outer loop
      vertex 119.25 18.6947 -24.9144
      vertex 128.96 19 -24.9345
      vertex 119.25 20 -25
    endloop
  endfacet
  facet normal -0 0.0654382 0.997857
    outer loop
      vertex 145.75 20 -25
      vertex 166.25 18.6947 -24.9144
      vertex 166.25 20 -25
    endloop
  endfacet
  facet normal 0 0.0654382 0.997857
    outer loop
      vertex 166.25 18.6947 -24.9144
      vertex 145.75 20 -25
      vertex 145.75 18.6947 -24.9144
    endloop
  endfacet
  facet normal 0 0.831438 0.555617
    outer loop
      vertex 201 12.0665 -21.0876
      vertex 172.25 11.3397 -20
      vertex 201 11.3397 -20
    endloop
  endfacet
  facet normal 0 0.831438 0.555617
    outer loop
      vertex 172.25 11.3397 -20
      vertex 201 12.0665 -21.0876
      vertex 172.25 12.0665 -21.0876
    endloop
  endfacet
  facet normal 0 0.831438 0.555617
    outer loop
      vertex 7.25 12.0665 -21.0876
      vertex -14 11.3397 -20
      vertex 7.25 11.3397 -20
    endloop
  endfacet
  facet normal 0 0.831438 0.555617
    outer loop
      vertex -14 11.3397 -20
      vertex 7.25 12.0665 -21.0876
      vertex -14 12.0665 -21.0876
    endloop
  endfacet
  facet normal 0 0.831438 0.555617
    outer loop
      vertex 33.75 12.0665 -21.0876
      vertex 13.25 11.3397 -20
      vertex 33.75 11.3397 -20
    endloop
  endfacet
  facet normal 0 0.831438 0.555617
    outer loop
      vertex 13.25 11.3397 -20
      vertex 33.75 12.0665 -21.0876
      vertex 13.25 12.0665 -21.0876
    endloop
  endfacet
  facet normal 0 0.831438 0.555617
    outer loop
      vertex 60.25 12.0665 -21.0876
      vertex 39.75 11.3397 -20
      vertex 60.25 11.3397 -20
    endloop
  endfacet
  facet normal 0 0.831438 0.555617
    outer loop
      vertex 39.75 11.3397 -20
      vertex 60.25 12.0665 -21.0876
      vertex 39.75 12.0665 -21.0876
    endloop
  endfacet
  facet normal 0 0.831438 0.555617
    outer loop
      vertex 86.75 12.0665 -21.0876
      vertex 66.25 11.3397 -20
      vertex 86.75 11.3397 -20
    endloop
  endfacet
  facet normal 0 0.831438 0.555617
    outer loop
      vertex 66.25 11.3397 -20
      vertex 86.75 12.0665 -21.0876
      vertex 66.25 12.0665 -21.0876
    endloop
  endfacet
  facet normal 0 0.831438 0.555617
    outer loop
      vertex 113.25 12.0665 -21.0876
      vertex 92.75 11.3397 -20
      vertex 113.25 11.3397 -20
    endloop
  endfacet
  facet normal 0 0.831438 0.555617
    outer loop
      vertex 92.75 11.3397 -20
      vertex 113.25 12.0665 -21.0876
      vertex 92.75 12.0665 -21.0876
    endloop
  endfacet
  facet normal 0 0.831438 0.555617
    outer loop
      vertex 139.75 12.0665 -21.0876
      vertex 119.25 11.3397 -20
      vertex 139.75 11.3397 -20
    endloop
  endfacet
  facet normal 0 0.831438 0.555617
    outer loop
      vertex 119.25 11.3397 -20
      vertex 139.75 12.0665 -21.0876
      vertex 119.25 12.0665 -21.0876
    endloop
  endfacet
  facet normal 0 0.831438 0.555617
    outer loop
      vertex 166.25 12.0665 -21.0876
      vertex 145.75 11.3397 -20
      vertex 166.25 11.3397 -20
    endloop
  endfacet
  facet normal 0 0.831438 0.555617
    outer loop
      vertex 145.75 11.3397 -20
      vertex 166.25 12.0665 -21.0876
      vertex 145.75 12.0665 -21.0876
    endloop
  endfacet
  facet normal -0 0.442253 0.89689
    outer loop
      vertex 172.25 16.1732 -24.2388
      vertex 201 15 -23.6603
      vertex 201 16.1732 -24.2388
    endloop
  endfacet
  facet normal 0 0.442253 0.89689
    outer loop
      vertex 201 15 -23.6603
      vertex 172.25 16.1732 -24.2388
      vertex 172.25 15 -23.6603
    endloop
  endfacet
  facet normal -0 0.442253 0.89689
    outer loop
      vertex -14 16.1732 -24.2388
      vertex 7.25 15 -23.6603
      vertex 7.25 16.1732 -24.2388
    endloop
  endfacet
  facet normal 0 0.442253 0.89689
    outer loop
      vertex 7.25 15 -23.6603
      vertex -14 16.1732 -24.2388
      vertex -14 15 -23.6603
    endloop
  endfacet
  facet normal -0 0.442253 0.89689
    outer loop
      vertex 13.25 16.1732 -24.2388
      vertex 33.75 15 -23.6603
      vertex 33.75 16.1732 -24.2388
    endloop
  endfacet
  facet normal 0 0.442253 0.89689
    outer loop
      vertex 33.75 15 -23.6603
      vertex 13.25 16.1732 -24.2388
      vertex 13.25 15 -23.6603
    endloop
  endfacet
  facet normal -0 0.442253 0.89689
    outer loop
      vertex 39.75 16.1732 -24.2388
      vertex 60.25 15 -23.6603
      vertex 60.25 16.1732 -24.2388
    endloop
  endfacet
  facet normal 0 0.442253 0.89689
    outer loop
      vertex 60.25 15 -23.6603
      vertex 39.75 16.1732 -24.2388
      vertex 39.75 15 -23.6603
    endloop
  endfacet
  facet normal -0 0.442253 0.89689
    outer loop
      vertex 66.25 16.1732 -24.2388
      vertex 86.75 15 -23.6603
      vertex 86.75 16.1732 -24.2388
    endloop
  endfacet
  facet normal 0 0.442253 0.89689
    outer loop
      vertex 86.75 15 -23.6603
      vertex 66.25 16.1732 -24.2388
      vertex 66.25 15 -23.6603
    endloop
  endfacet
  facet normal -0 0.442253 0.89689
    outer loop
      vertex 92.75 16.1732 -24.2388
      vertex 113.25 15 -23.6603
      vertex 113.25 16.1732 -24.2388
    endloop
  endfacet
  facet normal 0 0.442253 0.89689
    outer loop
      vertex 113.25 15 -23.6603
      vertex 92.75 16.1732 -24.2388
      vertex 92.75 15 -23.6603
    endloop
  endfacet
  facet normal -0 0.442253 0.89689
    outer loop
      vertex 119.25 16.1732 -24.2388
      vertex 139.75 15 -23.6603
      vertex 139.75 16.1732 -24.2388
    endloop
  endfacet
  facet normal 0 0.442253 0.89689
    outer loop
      vertex 139.75 15 -23.6603
      vertex 119.25 16.1732 -24.2388
      vertex 119.25 15 -23.6603
    endloop
  endfacet
  facet normal -0 0.442253 0.89689
    outer loop
      vertex 145.75 16.1732 -24.2388
      vertex 166.25 15 -23.6603
      vertex 166.25 16.1732 -24.2388
    endloop
  endfacet
  facet normal 0 0.442253 0.89689
    outer loop
      vertex 166.25 15 -23.6603
      vertex 145.75 16.1732 -24.2388
      vertex 145.75 15 -23.6603
    endloop
  endfacet
  facet normal -0 0.6593 0.75188
    outer loop
      vertex 172.25 13.9124 -22.9335
      vertex 201 12.9289 -22.0711
      vertex 201 13.9124 -22.9335
    endloop
  endfacet
  facet normal 0 0.6593 0.75188
    outer loop
      vertex 201 12.9289 -22.0711
      vertex 172.25 13.9124 -22.9335
      vertex 172.25 12.9289 -22.0711
    endloop
  endfacet
  facet normal -0 0.6593 0.75188
    outer loop
      vertex -14 13.9124 -22.9335
      vertex 7.25 12.9289 -22.0711
      vertex 7.25 13.9124 -22.9335
    endloop
  endfacet
  facet normal 0 0.6593 0.75188
    outer loop
      vertex 7.25 12.9289 -22.0711
      vertex -14 13.9124 -22.9335
      vertex -14 12.9289 -22.0711
    endloop
  endfacet
  facet normal -0 0.6593 0.75188
    outer loop
      vertex 13.25 13.9124 -22.9335
      vertex 33.75 12.9289 -22.0711
      vertex 33.75 13.9124 -22.9335
    endloop
  endfacet
  facet normal 0 0.6593 0.75188
    outer loop
      vertex 33.75 12.9289 -22.0711
      vertex 13.25 13.9124 -22.9335
      vertex 13.25 12.9289 -22.0711
    endloop
  endfacet
  facet normal -0 0.6593 0.75188
    outer loop
      vertex 39.75 13.9124 -22.9335
      vertex 60.25 12.9289 -22.0711
      vertex 60.25 13.9124 -22.9335
    endloop
  endfacet
  facet normal 0 0.6593 0.75188
    outer loop
      vertex 60.25 12.9289 -22.0711
      vertex 39.75 13.9124 -22.9335
      vertex 39.75 12.9289 -22.0711
    endloop
  endfacet
  facet normal -0 0.6593 0.75188
    outer loop
      vertex 66.25 13.9124 -22.9335
      vertex 86.75 12.9289 -22.0711
      vertex 86.75 13.9124 -22.9335
    endloop
  endfacet
  facet normal 0 0.6593 0.75188
    outer loop
      vertex 86.75 12.9289 -22.0711
      vertex 66.25 13.9124 -22.9335
      vertex 66.25 12.9289 -22.0711
    endloop
  endfacet
  facet normal -0 0.6593 0.75188
    outer loop
      vertex 92.75 13.9124 -22.9335
      vertex 113.25 12.9289 -22.0711
      vertex 113.25 13.9124 -22.9335
    endloop
  endfacet
  facet normal 0 0.6593 0.75188
    outer loop
      vertex 113.25 12.9289 -22.0711
      vertex 92.75 13.9124 -22.9335
      vertex 92.75 12.9289 -22.0711
    endloop
  endfacet
  facet normal -0 0.6593 0.75188
    outer loop
      vertex 119.25 13.9124 -22.9335
      vertex 139.75 12.9289 -22.0711
      vertex 139.75 13.9124 -22.9335
    endloop
  endfacet
  facet normal 0 0.6593 0.75188
    outer loop
      vertex 139.75 12.9289 -22.0711
      vertex 119.25 13.9124 -22.9335
      vertex 119.25 12.9289 -22.0711
    endloop
  endfacet
  facet normal -0 0.6593 0.75188
    outer loop
      vertex 145.75 13.9124 -22.9335
      vertex 166.25 12.9289 -22.0711
      vertex 166.25 13.9124 -22.9335
    endloop
  endfacet
  facet normal 0 0.6593 0.75188
    outer loop
      vertex 166.25 12.9289 -22.0711
      vertex 145.75 13.9124 -22.9335
      vertex 145.75 12.9289 -22.0711
    endloop
  endfacet
  facet normal 0 0.75188 0.6593
    outer loop
      vertex 201 12.9289 -22.0711
      vertex 172.25 12.0665 -21.0876
      vertex 201 12.0665 -21.0876
    endloop
  endfacet
  facet normal 0 0.75188 0.6593
    outer loop
      vertex 172.25 12.0665 -21.0876
      vertex 201 12.9289 -22.0711
      vertex 172.25 12.9289 -22.0711
    endloop
  endfacet
  facet normal 0 0.75188 0.6593
    outer loop
      vertex 7.25 12.9289 -22.0711
      vertex -14 12.0665 -21.0876
      vertex 7.25 12.0665 -21.0876
    endloop
  endfacet
  facet normal 0 0.75188 0.6593
    outer loop
      vertex -14 12.0665 -21.0876
      vertex 7.25 12.9289 -22.0711
      vertex -14 12.9289 -22.0711
    endloop
  endfacet
  facet normal 0 0.75188 0.6593
    outer loop
      vertex 33.75 12.9289 -22.0711
      vertex 13.25 12.0665 -21.0876
      vertex 33.75 12.0665 -21.0876
    endloop
  endfacet
  facet normal 0 0.75188 0.6593
    outer loop
      vertex 13.25 12.0665 -21.0876
      vertex 33.75 12.9289 -22.0711
      vertex 13.25 12.9289 -22.0711
    endloop
  endfacet
  facet normal 0 0.75188 0.6593
    outer loop
      vertex 60.25 12.9289 -22.0711
      vertex 39.75 12.0665 -21.0876
      vertex 60.25 12.0665 -21.0876
    endloop
  endfacet
  facet normal 0 0.75188 0.6593
    outer loop
      vertex 39.75 12.0665 -21.0876
      vertex 60.25 12.9289 -22.0711
      vertex 39.75 12.9289 -22.0711
    endloop
  endfacet
  facet normal 0 0.75188 0.6593
    outer loop
      vertex 86.75 12.9289 -22.0711
      vertex 66.25 12.0665 -21.0876
      vertex 86.75 12.0665 -21.0876
    endloop
  endfacet
  facet normal 0 0.75188 0.6593
    outer loop
      vertex 66.25 12.0665 -21.0876
      vertex 86.75 12.9289 -22.0711
      vertex 66.25 12.9289 -22.0711
    endloop
  endfacet
  facet normal 0 0.75188 0.6593
    outer loop
      vertex 113.25 12.9289 -22.0711
      vertex 92.75 12.0665 -21.0876
      vertex 113.25 12.0665 -21.0876
    endloop
  endfacet
  facet normal 0 0.75188 0.6593
    outer loop
      vertex 92.75 12.0665 -21.0876
      vertex 113.25 12.9289 -22.0711
      vertex 92.75 12.9289 -22.0711
    endloop
  endfacet
  facet normal 0 0.75188 0.6593
    outer loop
      vertex 139.75 12.9289 -22.0711
      vertex 119.25 12.0665 -21.0876
      vertex 139.75 12.0665 -21.0876
    endloop
  endfacet
  facet normal 0 0.75188 0.6593
    outer loop
      vertex 119.25 12.0665 -21.0876
      vertex 139.75 12.9289 -22.0711
      vertex 119.25 12.9289 -22.0711
    endloop
  endfacet
  facet normal 0 0.75188 0.6593
    outer loop
      vertex 166.25 12.9289 -22.0711
      vertex 145.75 12.0665 -21.0876
      vertex 166.25 12.0665 -21.0876
    endloop
  endfacet
  facet normal 0 0.75188 0.6593
    outer loop
      vertex 145.75 12.0665 -21.0876
      vertex 166.25 12.9289 -22.0711
      vertex 145.75 12.9289 -22.0711
    endloop
  endfacet
  facet normal -0 0.321475 0.946918
    outer loop
      vertex 172.25 17.4118 -24.6593
      vertex 201 16.1732 -24.2388
      vertex 201 17.4118 -24.6593
    endloop
  endfacet
  facet normal 0 0.321475 0.946918
    outer loop
      vertex 201 16.1732 -24.2388
      vertex 172.25 17.4118 -24.6593
      vertex 172.25 16.1732 -24.2388
    endloop
  endfacet
  facet normal -0 0.321475 0.946918
    outer loop
      vertex -14 17.4118 -24.6593
      vertex 7.25 16.1732 -24.2388
      vertex 7.25 17.4118 -24.6593
    endloop
  endfacet
  facet normal 0 0.321475 0.946918
    outer loop
      vertex 7.25 16.1732 -24.2388
      vertex -14 17.4118 -24.6593
      vertex -14 16.1732 -24.2388
    endloop
  endfacet
  facet normal -0 0.321475 0.946918
    outer loop
      vertex 13.25 17.4118 -24.6593
      vertex 33.75 16.1732 -24.2388
      vertex 33.75 17.4118 -24.6593
    endloop
  endfacet
  facet normal 0 0.321475 0.946918
    outer loop
      vertex 33.75 16.1732 -24.2388
      vertex 13.25 17.4118 -24.6593
      vertex 13.25 16.1732 -24.2388
    endloop
  endfacet
  facet normal -0 0.321475 0.946918
    outer loop
      vertex 39.75 17.4118 -24.6593
      vertex 60.25 16.1732 -24.2388
      vertex 60.25 17.4118 -24.6593
    endloop
  endfacet
  facet normal 0 0.321475 0.946918
    outer loop
      vertex 60.25 16.1732 -24.2388
      vertex 39.75 17.4118 -24.6593
      vertex 39.75 16.1732 -24.2388
    endloop
  endfacet
  facet normal -0 0.321475 0.946918
    outer loop
      vertex 66.25 17.4118 -24.6593
      vertex 86.75 16.1732 -24.2388
      vertex 86.75 17.4118 -24.6593
    endloop
  endfacet
  facet normal 0 0.321475 0.946918
    outer loop
      vertex 86.75 16.1732 -24.2388
      vertex 66.25 17.4118 -24.6593
      vertex 66.25 16.1732 -24.2388
    endloop
  endfacet
  facet normal -0 0.321475 0.946918
    outer loop
      vertex 92.75 17.4118 -24.6593
      vertex 113.25 16.1732 -24.2388
      vertex 113.25 17.4118 -24.6593
    endloop
  endfacet
  facet normal 0 0.321475 0.946918
    outer loop
      vertex 113.25 16.1732 -24.2388
      vertex 92.75 17.4118 -24.6593
      vertex 92.75 16.1732 -24.2388
    endloop
  endfacet
  facet normal -0 0.321475 0.946918
    outer loop
      vertex 119.25 17.4118 -24.6593
      vertex 139.75 16.1732 -24.2388
      vertex 139.75 17.4118 -24.6593
    endloop
  endfacet
  facet normal 0 0.321475 0.946918
    outer loop
      vertex 139.75 16.1732 -24.2388
      vertex 119.25 17.4118 -24.6593
      vertex 119.25 16.1732 -24.2388
    endloop
  endfacet
  facet normal -0 0.321475 0.946918
    outer loop
      vertex 145.75 17.4118 -24.6593
      vertex 166.25 16.1732 -24.2388
      vertex 166.25 17.4118 -24.6593
    endloop
  endfacet
  facet normal 0 0.321475 0.946918
    outer loop
      vertex 166.25 16.1732 -24.2388
      vertex 145.75 17.4118 -24.6593
      vertex 145.75 16.1732 -24.2388
    endloop
  endfacet
  facet normal 0 0.946918 0.321475
    outer loop
      vertex 201 10.7612 -18.8268
      vertex 172.25 10.3407 -17.5882
      vertex 201 10.3407 -17.5882
    endloop
  endfacet
  facet normal 0 0.946918 0.321475
    outer loop
      vertex 172.25 10.3407 -17.5882
      vertex 201 10.7612 -18.8268
      vertex 172.25 10.7612 -18.8268
    endloop
  endfacet
  facet normal 0 0.946918 0.321475
    outer loop
      vertex 7.25 10.7612 -18.8268
      vertex -14 10.3407 -17.5882
      vertex 7.25 10.3407 -17.5882
    endloop
  endfacet
  facet normal 0 0.946918 0.321475
    outer loop
      vertex -14 10.3407 -17.5882
      vertex 7.25 10.7612 -18.8268
      vertex -14 10.7612 -18.8268
    endloop
  endfacet
  facet normal 0 0.946918 0.321475
    outer loop
      vertex 33.75 10.7612 -18.8268
      vertex 28.4767 10.3407 -17.5882
      vertex 33.75 10.3407 -17.5882
    endloop
  endfacet
  facet normal 3.7262e-05 0.94687 0.321617
    outer loop
      vertex 28.4767 10.3407 -17.5882
      vertex 33.75 10.7612 -18.8268
      vertex 28.4134 10.3513 -17.6194
    endloop
  endfacet
  facet normal 2.39977e-05 0.946888 0.321565
    outer loop
      vertex 28.4134 10.3513 -17.6194
      vertex 33.75 10.7612 -18.8268
      vertex 27.7941 10.4227 -17.8296
    endloop
  endfacet
  facet normal -9.36342e-06 0.946948 0.321386
    outer loop
      vertex 27.7941 10.4227 -17.8296
      vertex 33.75 10.7612 -18.8268
      vertex 27.1526 10.466 -17.9572
    endloop
  endfacet
  facet normal 0 0.946916 0.32148
    outer loop
      vertex 26.5 10.4805 -18
      vertex 33.75 10.7612 -18.8268
      vertex 20.5 10.4805 -18
    endloop
  endfacet
  facet normal -2.82581e-05 0.946992 0.321258
    outer loop
      vertex 27.1526 10.466 -17.9572
      vertex 33.75 10.7612 -18.8268
      vertex 26.5 10.4805 -18
    endloop
  endfacet
  facet normal -3.7262e-05 0.94687 0.321617
    outer loop
      vertex 13.25 10.7612 -18.8268
      vertex 18.5233 10.3407 -17.5882
      vertex 18.5866 10.3513 -17.6194
    endloop
  endfacet
  facet normal -2.39977e-05 0.946888 0.321565
    outer loop
      vertex 13.25 10.7612 -18.8268
      vertex 18.5866 10.3513 -17.6194
      vertex 19.2059 10.4227 -17.8296
    endloop
  endfacet
  facet normal 9.36342e-06 0.946948 0.321386
    outer loop
      vertex 13.25 10.7612 -18.8268
      vertex 19.2059 10.4227 -17.8296
      vertex 19.8474 10.466 -17.9572
    endloop
  endfacet
  facet normal 2.82581e-05 0.946992 0.321258
    outer loop
      vertex 13.25 10.7612 -18.8268
      vertex 19.8474 10.466 -17.9572
      vertex 20.5 10.4805 -18
    endloop
  endfacet
  facet normal -0 0.946916 0.32148
    outer loop
      vertex 13.25 10.7612 -18.8268
      vertex 20.5 10.4805 -18
      vertex 33.75 10.7612 -18.8268
    endloop
  endfacet
  facet normal 0 0.946918 0.321475
    outer loop
      vertex 18.5233 10.3407 -17.5882
      vertex 13.25 10.7612 -18.8268
      vertex 13.25 10.3407 -17.5882
    endloop
  endfacet
  facet normal 0 0.946918 0.321475
    outer loop
      vertex 60.25 10.7612 -18.8268
      vertex 54.9767 10.3407 -17.5882
      vertex 60.25 10.3407 -17.5882
    endloop
  endfacet
  facet normal 3.7262e-05 0.94687 0.321617
    outer loop
      vertex 54.9767 10.3407 -17.5882
      vertex 60.25 10.7612 -18.8268
      vertex 54.9134 10.3513 -17.6194
    endloop
  endfacet
  facet normal 2.39977e-05 0.946888 0.321565
    outer loop
      vertex 54.9134 10.3513 -17.6194
      vertex 60.25 10.7612 -18.8268
      vertex 54.2941 10.4227 -17.8296
    endloop
  endfacet
  facet normal -9.36342e-06 0.946948 0.321386
    outer loop
      vertex 54.2941 10.4227 -17.8296
      vertex 60.25 10.7612 -18.8268
      vertex 53.6526 10.466 -17.9572
    endloop
  endfacet
  facet normal 0 0.946916 0.32148
    outer loop
      vertex 53 10.4805 -18
      vertex 60.25 10.7612 -18.8268
      vertex 47 10.4805 -18
    endloop
  endfacet
  facet normal -2.82581e-05 0.946992 0.321258
    outer loop
      vertex 53.6526 10.466 -17.9572
      vertex 60.25 10.7612 -18.8268
      vertex 53 10.4805 -18
    endloop
  endfacet
  facet normal -3.7262e-05 0.94687 0.321617
    outer loop
      vertex 39.75 10.7612 -18.8268
      vertex 45.0233 10.3407 -17.5882
      vertex 45.0866 10.3513 -17.6194
    endloop
  endfacet
  facet normal -2.39977e-05 0.946888 0.321565
    outer loop
      vertex 39.75 10.7612 -18.8268
      vertex 45.0866 10.3513 -17.6194
      vertex 45.7059 10.4227 -17.8296
    endloop
  endfacet
  facet normal 9.36342e-06 0.946948 0.321386
    outer loop
      vertex 39.75 10.7612 -18.8268
      vertex 45.7059 10.4227 -17.8296
      vertex 46.3474 10.466 -17.9572
    endloop
  endfacet
  facet normal 2.82581e-05 0.946992 0.321258
    outer loop
      vertex 39.75 10.7612 -18.8268
      vertex 46.3474 10.466 -17.9572
      vertex 47 10.4805 -18
    endloop
  endfacet
  facet normal -0 0.946916 0.32148
    outer loop
      vertex 39.75 10.7612 -18.8268
      vertex 47 10.4805 -18
      vertex 60.25 10.7612 -18.8268
    endloop
  endfacet
  facet normal 0 0.946918 0.321475
    outer loop
      vertex 45.0233 10.3407 -17.5882
      vertex 39.75 10.7612 -18.8268
      vertex 39.75 10.3407 -17.5882
    endloop
  endfacet
  facet normal 0 0.946918 0.321475
    outer loop
      vertex 86.75 10.7612 -18.8268
      vertex 81.4767 10.3407 -17.5882
      vertex 86.75 10.3407 -17.5882
    endloop
  endfacet
  facet normal 3.7262e-05 0.94687 0.321617
    outer loop
      vertex 81.4767 10.3407 -17.5882
      vertex 86.75 10.7612 -18.8268
      vertex 81.4134 10.3513 -17.6194
    endloop
  endfacet
  facet normal 2.39977e-05 0.946888 0.321565
    outer loop
      vertex 81.4134 10.3513 -17.6194
      vertex 86.75 10.7612 -18.8268
      vertex 80.7941 10.4227 -17.8296
    endloop
  endfacet
  facet normal -9.36342e-06 0.946948 0.321386
    outer loop
      vertex 80.7941 10.4227 -17.8296
      vertex 86.75 10.7612 -18.8268
      vertex 80.1526 10.466 -17.9572
    endloop
  endfacet
  facet normal 0 0.946916 0.32148
    outer loop
      vertex 79.5 10.4805 -18
      vertex 86.75 10.7612 -18.8268
      vertex 73.5 10.4805 -18
    endloop
  endfacet
  facet normal -2.82581e-05 0.946992 0.321258
    outer loop
      vertex 80.1526 10.466 -17.9572
      vertex 86.75 10.7612 -18.8268
      vertex 79.5 10.4805 -18
    endloop
  endfacet
  facet normal -3.7262e-05 0.94687 0.321617
    outer loop
      vertex 66.25 10.7612 -18.8268
      vertex 71.5233 10.3407 -17.5882
      vertex 71.5866 10.3513 -17.6194
    endloop
  endfacet
  facet normal -2.39977e-05 0.946888 0.321565
    outer loop
      vertex 66.25 10.7612 -18.8268
      vertex 71.5866 10.3513 -17.6194
      vertex 72.2059 10.4227 -17.8296
    endloop
  endfacet
  facet normal 9.36342e-06 0.946948 0.321386
    outer loop
      vertex 66.25 10.7612 -18.8268
      vertex 72.2059 10.4227 -17.8296
      vertex 72.8474 10.466 -17.9572
    endloop
  endfacet
  facet normal 2.82581e-05 0.946992 0.321258
    outer loop
      vertex 66.25 10.7612 -18.8268
      vertex 72.8474 10.466 -17.9572
      vertex 73.5 10.4805 -18
    endloop
  endfacet
  facet normal -0 0.946916 0.32148
    outer loop
      vertex 66.25 10.7612 -18.8268
      vertex 73.5 10.4805 -18
      vertex 86.75 10.7612 -18.8268
    endloop
  endfacet
  facet normal 0 0.946918 0.321475
    outer loop
      vertex 71.5233 10.3407 -17.5882
      vertex 66.25 10.7612 -18.8268
      vertex 66.25 10.3407 -17.5882
    endloop
  endfacet
  facet normal 0 0.946918 0.321475
    outer loop
      vertex 113.25 10.7612 -18.8268
      vertex 107.977 10.3407 -17.5882
      vertex 113.25 10.3407 -17.5882
    endloop
  endfacet
  facet normal 3.71309e-05 0.94687 0.321617
    outer loop
      vertex 107.977 10.3407 -17.5882
      vertex 113.25 10.7612 -18.8268
      vertex 107.913 10.3513 -17.6194
    endloop
  endfacet
  facet normal 2.40012e-05 0.946888 0.321565
    outer loop
      vertex 107.913 10.3513 -17.6194
      vertex 113.25 10.7612 -18.8268
      vertex 107.294 10.4227 -17.8296
    endloop
  endfacet
  facet normal -9.36667e-06 0.946948 0.321386
    outer loop
      vertex 107.294 10.4227 -17.8296
      vertex 113.25 10.7612 -18.8268
      vertex 106.653 10.466 -17.9572
    endloop
  endfacet
  facet normal 0 0.946916 0.32148
    outer loop
      vertex 106 10.4805 -18
      vertex 113.25 10.7612 -18.8268
      vertex 100 10.4805 -18
    endloop
  endfacet
  facet normal -2.82471e-05 0.946992 0.321258
    outer loop
      vertex 106.653 10.466 -17.9572
      vertex 113.25 10.7612 -18.8268
      vertex 106 10.4805 -18
    endloop
  endfacet
  facet normal -3.7262e-05 0.94687 0.321617
    outer loop
      vertex 92.75 10.7612 -18.8268
      vertex 98.0233 10.3407 -17.5882
      vertex 98.0866 10.3513 -17.6194
    endloop
  endfacet
  facet normal -2.39977e-05 0.946888 0.321565
    outer loop
      vertex 92.75 10.7612 -18.8268
      vertex 98.0866 10.3513 -17.6194
      vertex 98.7059 10.4227 -17.8296
    endloop
  endfacet
  facet normal 9.36342e-06 0.946948 0.321386
    outer loop
      vertex 92.75 10.7612 -18.8268
      vertex 98.7059 10.4227 -17.8296
      vertex 99.3474 10.466 -17.9572
    endloop
  endfacet
  facet normal 2.82581e-05 0.946992 0.321258
    outer loop
      vertex 92.75 10.7612 -18.8268
      vertex 99.3474 10.466 -17.9572
      vertex 100 10.4805 -18
    endloop
  endfacet
  facet normal -0 0.946916 0.32148
    outer loop
      vertex 92.75 10.7612 -18.8268
      vertex 100 10.4805 -18
      vertex 113.25 10.7612 -18.8268
    endloop
  endfacet
  facet normal 0 0.946918 0.321475
    outer loop
      vertex 98.0233 10.3407 -17.5882
      vertex 92.75 10.7612 -18.8268
      vertex 92.75 10.3407 -17.5882
    endloop
  endfacet
  facet normal 0 0.946918 0.321475
    outer loop
      vertex 139.75 10.7612 -18.8268
      vertex 134.477 10.3407 -17.5882
      vertex 139.75 10.3407 -17.5882
    endloop
  endfacet
  facet normal 3.71309e-05 0.94687 0.321617
    outer loop
      vertex 134.477 10.3407 -17.5882
      vertex 139.75 10.7612 -18.8268
      vertex 134.413 10.3513 -17.6194
    endloop
  endfacet
  facet normal 2.40012e-05 0.946888 0.321565
    outer loop
      vertex 134.413 10.3513 -17.6194
      vertex 139.75 10.7612 -18.8268
      vertex 133.794 10.4227 -17.8296
    endloop
  endfacet
  facet normal -9.36667e-06 0.946948 0.321386
    outer loop
      vertex 133.794 10.4227 -17.8296
      vertex 139.75 10.7612 -18.8268
      vertex 133.153 10.466 -17.9572
    endloop
  endfacet
  facet normal 0 0.946916 0.32148
    outer loop
      vertex 132.5 10.4805 -18
      vertex 139.75 10.7612 -18.8268
      vertex 126.5 10.4805 -18
    endloop
  endfacet
  facet normal -2.82471e-05 0.946992 0.321258
    outer loop
      vertex 133.153 10.466 -17.9572
      vertex 139.75 10.7612 -18.8268
      vertex 132.5 10.4805 -18
    endloop
  endfacet
  facet normal -3.71309e-05 0.94687 0.321617
    outer loop
      vertex 119.25 10.7612 -18.8268
      vertex 124.523 10.3407 -17.5882
      vertex 124.587 10.3513 -17.6194
    endloop
  endfacet
  facet normal -2.40012e-05 0.946888 0.321565
    outer loop
      vertex 119.25 10.7612 -18.8268
      vertex 124.587 10.3513 -17.6194
      vertex 125.206 10.4227 -17.8296
    endloop
  endfacet
  facet normal 9.36667e-06 0.946948 0.321386
    outer loop
      vertex 119.25 10.7612 -18.8268
      vertex 125.206 10.4227 -17.8296
      vertex 125.847 10.466 -17.9572
    endloop
  endfacet
  facet normal 2.82471e-05 0.946992 0.321258
    outer loop
      vertex 119.25 10.7612 -18.8268
      vertex 125.847 10.466 -17.9572
      vertex 126.5 10.4805 -18
    endloop
  endfacet
  facet normal -0 0.946916 0.32148
    outer loop
      vertex 119.25 10.7612 -18.8268
      vertex 126.5 10.4805 -18
      vertex 139.75 10.7612 -18.8268
    endloop
  endfacet
  facet normal 0 0.946918 0.321475
    outer loop
      vertex 124.523 10.3407 -17.5882
      vertex 119.25 10.7612 -18.8268
      vertex 119.25 10.3407 -17.5882
    endloop
  endfacet
  facet normal 0 0.946918 0.321475
    outer loop
      vertex 166.25 10.7612 -18.8268
      vertex 160.977 10.3407 -17.5882
      vertex 166.25 10.3407 -17.5882
    endloop
  endfacet
  facet normal 3.71309e-05 0.94687 0.321617
    outer loop
      vertex 160.977 10.3407 -17.5882
      vertex 166.25 10.7612 -18.8268
      vertex 160.913 10.3513 -17.6194
    endloop
  endfacet
  facet normal 2.40012e-05 0.946888 0.321565
    outer loop
      vertex 160.913 10.3513 -17.6194
      vertex 166.25 10.7612 -18.8268
      vertex 160.294 10.4227 -17.8296
    endloop
  endfacet
  facet normal -9.36667e-06 0.946948 0.321386
    outer loop
      vertex 160.294 10.4227 -17.8296
      vertex 166.25 10.7612 -18.8268
      vertex 159.653 10.466 -17.9572
    endloop
  endfacet
  facet normal 0 0.946916 0.32148
    outer loop
      vertex 159 10.4805 -18
      vertex 166.25 10.7612 -18.8268
      vertex 153 10.4805 -18
    endloop
  endfacet
  facet normal -2.82471e-05 0.946992 0.321258
    outer loop
      vertex 159.653 10.466 -17.9572
      vertex 166.25 10.7612 -18.8268
      vertex 159 10.4805 -18
    endloop
  endfacet
  facet normal -3.71309e-05 0.94687 0.321617
    outer loop
      vertex 145.75 10.7612 -18.8268
      vertex 151.023 10.3407 -17.5882
      vertex 151.087 10.3513 -17.6194
    endloop
  endfacet
  facet normal -2.40012e-05 0.946888 0.321565
    outer loop
      vertex 145.75 10.7612 -18.8268
      vertex 151.087 10.3513 -17.6194
      vertex 151.706 10.4227 -17.8296
    endloop
  endfacet
  facet normal 9.36667e-06 0.946948 0.321386
    outer loop
      vertex 145.75 10.7612 -18.8268
      vertex 151.706 10.4227 -17.8296
      vertex 152.347 10.466 -17.9572
    endloop
  endfacet
  facet normal 2.82471e-05 0.946992 0.321258
    outer loop
      vertex 145.75 10.7612 -18.8268
      vertex 152.347 10.466 -17.9572
      vertex 153 10.4805 -18
    endloop
  endfacet
  facet normal -0 0.946916 0.32148
    outer loop
      vertex 145.75 10.7612 -18.8268
      vertex 153 10.4805 -18
      vertex 166.25 10.7612 -18.8268
    endloop
  endfacet
  facet normal 0 0.946918 0.321475
    outer loop
      vertex 151.023 10.3407 -17.5882
      vertex 145.75 10.7612 -18.8268
      vertex 145.75 10.3407 -17.5882
    endloop
  endfacet
  facet normal 0 0.89689 0.442253
    outer loop
      vertex 201 11.3397 -20
      vertex 172.25 10.7612 -18.8268
      vertex 201 10.7612 -18.8268
    endloop
  endfacet
  facet normal 0 0.89689 0.442253
    outer loop
      vertex 172.25 10.7612 -18.8268
      vertex 201 11.3397 -20
      vertex 172.25 11.3397 -20
    endloop
  endfacet
  facet normal 0 0.89689 0.442253
    outer loop
      vertex 7.25 11.3397 -20
      vertex -14 10.7612 -18.8268
      vertex 7.25 10.7612 -18.8268
    endloop
  endfacet
  facet normal 0 0.89689 0.442253
    outer loop
      vertex -14 10.7612 -18.8268
      vertex 7.25 11.3397 -20
      vertex -14 11.3397 -20
    endloop
  endfacet
  facet normal 0 0.89689 0.442253
    outer loop
      vertex 33.75 11.3397 -20
      vertex 13.25 10.7612 -18.8268
      vertex 33.75 10.7612 -18.8268
    endloop
  endfacet
  facet normal 0 0.89689 0.442253
    outer loop
      vertex 13.25 10.7612 -18.8268
      vertex 33.75 11.3397 -20
      vertex 13.25 11.3397 -20
    endloop
  endfacet
  facet normal 0 0.89689 0.442253
    outer loop
      vertex 60.25 11.3397 -20
      vertex 39.75 10.7612 -18.8268
      vertex 60.25 10.7612 -18.8268
    endloop
  endfacet
  facet normal 0 0.89689 0.442253
    outer loop
      vertex 39.75 10.7612 -18.8268
      vertex 60.25 11.3397 -20
      vertex 39.75 11.3397 -20
    endloop
  endfacet
  facet normal 0 0.89689 0.442253
    outer loop
      vertex 86.75 11.3397 -20
      vertex 66.25 10.7612 -18.8268
      vertex 86.75 10.7612 -18.8268
    endloop
  endfacet
  facet normal 0 0.89689 0.442253
    outer loop
      vertex 66.25 10.7612 -18.8268
      vertex 86.75 11.3397 -20
      vertex 66.25 11.3397 -20
    endloop
  endfacet
  facet normal 0 0.89689 0.442253
    outer loop
      vertex 113.25 11.3397 -20
      vertex 92.75 10.7612 -18.8268
      vertex 113.25 10.7612 -18.8268
    endloop
  endfacet
  facet normal 0 0.89689 0.442253
    outer loop
      vertex 92.75 10.7612 -18.8268
      vertex 113.25 11.3397 -20
      vertex 92.75 11.3397 -20
    endloop
  endfacet
  facet normal 0 0.89689 0.442253
    outer loop
      vertex 139.75 11.3397 -20
      vertex 119.25 10.7612 -18.8268
      vertex 139.75 10.7612 -18.8268
    endloop
  endfacet
  facet normal 0 0.89689 0.442253
    outer loop
      vertex 119.25 10.7612 -18.8268
      vertex 139.75 11.3397 -20
      vertex 119.25 11.3397 -20
    endloop
  endfacet
  facet normal 0 0.89689 0.442253
    outer loop
      vertex 166.25 11.3397 -20
      vertex 145.75 10.7612 -18.8268
      vertex 166.25 10.7612 -18.8268
    endloop
  endfacet
  facet normal 0 0.89689 0.442253
    outer loop
      vertex 145.75 10.7612 -18.8268
      vertex 166.25 11.3397 -20
      vertex 145.75 11.3397 -20
    endloop
  endfacet
  facet normal 0 0.997857 0.0654382
    outer loop
      vertex 201 10.0856 -16.3053
      vertex 172.25 10 -15
      vertex 201 10 -15
    endloop
  endfacet
  facet normal 0 0.997857 0.0654382
    outer loop
      vertex 172.25 10 -15
      vertex 201 10.0856 -16.3053
      vertex 172.25 10.0856 -16.3053
    endloop
  endfacet
  facet normal 0 0.997857 0.0654382
    outer loop
      vertex 7.25 10.0856 -16.3053
      vertex -14 10 -15
      vertex 7.25 10 -15
    endloop
  endfacet
  facet normal 0 0.997857 0.0654382
    outer loop
      vertex -14 10 -15
      vertex 7.25 10.0856 -16.3053
      vertex -14 10.0856 -16.3053
    endloop
  endfacet
  facet normal -8.32681e-06 0.997856 0.0654552
    outer loop
      vertex 13.25 10.0856 -16.3053
      vertex 15.9233 10 -15
      vertex 16.1699 10.0328 -15.5
    endloop
  endfacet
  facet normal 2.3328e-05 0.997863 0.0653409
    outer loop
      vertex 13.25 10.0856 -16.3053
      vertex 16.1699 10.0328 -15.5
      vertex 16.5332 10.0684 -16.0438
    endloop
  endfacet
  facet normal -0 0.997844 0.0656326
    outer loop
      vertex 13.25 10.0856 -16.3053
      vertex 16.5332 10.0684 -16.0438
      vertex 16.7625 10.0856 -16.3053
    endloop
  endfacet
  facet normal 0 0.997857 0.0654382
    outer loop
      vertex 15.9233 10 -15
      vertex 13.25 10.0856 -16.3053
      vertex 13.25 10 -15
    endloop
  endfacet
  facet normal 0 0.997857 0.0654382
    outer loop
      vertex 33.75 10.0856 -16.3053
      vertex 31.0767 10 -15
      vertex 33.75 10 -15
    endloop
  endfacet
  facet normal 8.32681e-06 0.997856 0.0654552
    outer loop
      vertex 31.0767 10 -15
      vertex 33.75 10.0856 -16.3053
      vertex 30.8301 10.0328 -15.5
    endloop
  endfacet
  facet normal -2.3328e-05 0.997863 0.0653409
    outer loop
      vertex 30.8301 10.0328 -15.5
      vertex 33.75 10.0856 -16.3053
      vertex 30.4668 10.0684 -16.0438
    endloop
  endfacet
  facet normal 0 0.997844 0.0656326
    outer loop
      vertex 30.4668 10.0684 -16.0438
      vertex 33.75 10.0856 -16.3053
      vertex 30.2375 10.0856 -16.3053
    endloop
  endfacet
  facet normal -8.32681e-06 0.997856 0.0654552
    outer loop
      vertex 39.75 10.0856 -16.3053
      vertex 42.4233 10 -15
      vertex 42.6699 10.0328 -15.5
    endloop
  endfacet
  facet normal 2.3328e-05 0.997863 0.0653409
    outer loop
      vertex 39.75 10.0856 -16.3053
      vertex 42.6699 10.0328 -15.5
      vertex 43.0332 10.0684 -16.0438
    endloop
  endfacet
  facet normal -0 0.997844 0.0656326
    outer loop
      vertex 39.75 10.0856 -16.3053
      vertex 43.0332 10.0684 -16.0438
      vertex 43.2625 10.0856 -16.3053
    endloop
  endfacet
  facet normal 0 0.997857 0.0654382
    outer loop
      vertex 42.4233 10 -15
      vertex 39.75 10.0856 -16.3053
      vertex 39.75 10 -15
    endloop
  endfacet
  facet normal 0 0.997857 0.0654382
    outer loop
      vertex 60.25 10.0856 -16.3053
      vertex 57.5767 10 -15
      vertex 60.25 10 -15
    endloop
  endfacet
  facet normal 8.32681e-06 0.997856 0.0654552
    outer loop
      vertex 57.5767 10 -15
      vertex 60.25 10.0856 -16.3053
      vertex 57.3301 10.0328 -15.5
    endloop
  endfacet
  facet normal -2.3328e-05 0.997863 0.0653409
    outer loop
      vertex 57.3301 10.0328 -15.5
      vertex 60.25 10.0856 -16.3053
      vertex 56.9668 10.0684 -16.0438
    endloop
  endfacet
  facet normal 0 0.997844 0.0656326
    outer loop
      vertex 56.9668 10.0684 -16.0438
      vertex 60.25 10.0856 -16.3053
      vertex 56.7375 10.0856 -16.3053
    endloop
  endfacet
  facet normal -8.32681e-06 0.997856 0.0654552
    outer loop
      vertex 66.25 10.0856 -16.3053
      vertex 68.9233 10 -15
      vertex 69.1699 10.0328 -15.5
    endloop
  endfacet
  facet normal 2.3328e-05 0.997863 0.0653409
    outer loop
      vertex 66.25 10.0856 -16.3053
      vertex 69.1699 10.0328 -15.5
      vertex 69.5332 10.0684 -16.0438
    endloop
  endfacet
  facet normal -0 0.997844 0.0656326
    outer loop
      vertex 66.25 10.0856 -16.3053
      vertex 69.5332 10.0684 -16.0438
      vertex 69.7625 10.0856 -16.3053
    endloop
  endfacet
  facet normal 0 0.997857 0.0654382
    outer loop
      vertex 68.9233 10 -15
      vertex 66.25 10.0856 -16.3053
      vertex 66.25 10 -15
    endloop
  endfacet
  facet normal 0 0.997857 0.0654382
    outer loop
      vertex 86.75 10.0856 -16.3053
      vertex 84.0767 10 -15
      vertex 86.75 10 -15
    endloop
  endfacet
  facet normal 8.32681e-06 0.997856 0.0654552
    outer loop
      vertex 84.0767 10 -15
      vertex 86.75 10.0856 -16.3053
      vertex 83.8301 10.0328 -15.5
    endloop
  endfacet
  facet normal -2.3328e-05 0.997863 0.0653409
    outer loop
      vertex 83.8301 10.0328 -15.5
      vertex 86.75 10.0856 -16.3053
      vertex 83.4668 10.0684 -16.0438
    endloop
  endfacet
  facet normal 0 0.997844 0.0656326
    outer loop
      vertex 83.4668 10.0684 -16.0438
      vertex 86.75 10.0856 -16.3053
      vertex 83.2375 10.0856 -16.3053
    endloop
  endfacet
  facet normal -8.32681e-06 0.997856 0.0654552
    outer loop
      vertex 92.75 10.0856 -16.3053
      vertex 95.4233 10 -15
      vertex 95.6699 10.0328 -15.5
    endloop
  endfacet
  facet normal 2.3328e-05 0.997863 0.0653409
    outer loop
      vertex 92.75 10.0856 -16.3053
      vertex 95.6699 10.0328 -15.5
      vertex 96.0332 10.0684 -16.0438
    endloop
  endfacet
  facet normal -0 0.997844 0.0656326
    outer loop
      vertex 92.75 10.0856 -16.3053
      vertex 96.0332 10.0684 -16.0438
      vertex 96.2625 10.0856 -16.3053
    endloop
  endfacet
  facet normal 0 0.997857 0.0654382
    outer loop
      vertex 95.4233 10 -15
      vertex 92.75 10.0856 -16.3053
      vertex 92.75 10 -15
    endloop
  endfacet
  facet normal 0 0.997857 0.0654382
    outer loop
      vertex 113.25 10.0856 -16.3053
      vertex 110.577 10 -15
      vertex 113.25 10 -15
    endloop
  endfacet
  facet normal 8.32494e-06 0.997856 0.0654552
    outer loop
      vertex 110.577 10 -15
      vertex 113.25 10.0856 -16.3053
      vertex 110.33 10.0328 -15.5
    endloop
  endfacet
  facet normal -2.33303e-05 0.997863 0.0653409
    outer loop
      vertex 110.33 10.0328 -15.5
      vertex 113.25 10.0856 -16.3053
      vertex 109.967 10.0684 -16.0438
    endloop
  endfacet
  facet normal 0 0.997844 0.0656326
    outer loop
      vertex 109.967 10.0684 -16.0438
      vertex 113.25 10.0856 -16.3053
      vertex 109.737 10.0856 -16.3053
    endloop
  endfacet
  facet normal -8.32494e-06 0.997856 0.0654552
    outer loop
      vertex 119.25 10.0856 -16.3053
      vertex 121.923 10 -15
      vertex 122.17 10.0328 -15.5
    endloop
  endfacet
  facet normal 2.33303e-05 0.997863 0.0653409
    outer loop
      vertex 119.25 10.0856 -16.3053
      vertex 122.17 10.0328 -15.5
      vertex 122.533 10.0684 -16.0438
    endloop
  endfacet
  facet normal -0 0.997844 0.0656326
    outer loop
      vertex 119.25 10.0856 -16.3053
      vertex 122.533 10.0684 -16.0438
      vertex 122.763 10.0856 -16.3053
    endloop
  endfacet
  facet normal 0 0.997857 0.0654382
    outer loop
      vertex 121.923 10 -15
      vertex 119.25 10.0856 -16.3053
      vertex 119.25 10 -15
    endloop
  endfacet
  facet normal 0 0.997857 0.0654382
    outer loop
      vertex 139.75 10.0856 -16.3053
      vertex 137.077 10 -15
      vertex 139.75 10 -15
    endloop
  endfacet
  facet normal 8.32494e-06 0.997856 0.0654552
    outer loop
      vertex 137.077 10 -15
      vertex 139.75 10.0856 -16.3053
      vertex 136.83 10.0328 -15.5
    endloop
  endfacet
  facet normal -2.33303e-05 0.997863 0.0653409
    outer loop
      vertex 136.83 10.0328 -15.5
      vertex 139.75 10.0856 -16.3053
      vertex 136.467 10.0684 -16.0438
    endloop
  endfacet
  facet normal 0 0.997844 0.0656326
    outer loop
      vertex 136.467 10.0684 -16.0438
      vertex 139.75 10.0856 -16.3053
      vertex 136.237 10.0856 -16.3053
    endloop
  endfacet
  facet normal -8.32494e-06 0.997856 0.0654552
    outer loop
      vertex 145.75 10.0856 -16.3053
      vertex 148.423 10 -15
      vertex 148.67 10.0328 -15.5
    endloop
  endfacet
  facet normal 2.33303e-05 0.997863 0.0653409
    outer loop
      vertex 145.75 10.0856 -16.3053
      vertex 148.67 10.0328 -15.5
      vertex 149.033 10.0684 -16.0438
    endloop
  endfacet
  facet normal -0 0.997844 0.0656326
    outer loop
      vertex 145.75 10.0856 -16.3053
      vertex 149.033 10.0684 -16.0438
      vertex 149.263 10.0856 -16.3053
    endloop
  endfacet
  facet normal 0 0.997857 0.0654382
    outer loop
      vertex 148.423 10 -15
      vertex 145.75 10.0856 -16.3053
      vertex 145.75 10 -15
    endloop
  endfacet
  facet normal 0 0.997857 0.0654382
    outer loop
      vertex 166.25 10.0856 -16.3053
      vertex 163.577 10 -15
      vertex 166.25 10 -15
    endloop
  endfacet
  facet normal 8.32494e-06 0.997856 0.0654552
    outer loop
      vertex 163.577 10 -15
      vertex 166.25 10.0856 -16.3053
      vertex 163.33 10.0328 -15.5
    endloop
  endfacet
  facet normal -2.33303e-05 0.997863 0.0653409
    outer loop
      vertex 163.33 10.0328 -15.5
      vertex 166.25 10.0856 -16.3053
      vertex 162.967 10.0684 -16.0438
    endloop
  endfacet
  facet normal 0 0.997844 0.0656326
    outer loop
      vertex 162.967 10.0684 -16.0438
      vertex 166.25 10.0856 -16.3053
      vertex 162.737 10.0856 -16.3053
    endloop
  endfacet
  facet normal 0 0 -1
    outer loop
      vertex 160.712 25.3368 -35
      vertex 201 32.2957 -35
      vertex 201 0 -35
    endloop
  endfacet
  facet normal 0 -0 -1
    outer loop
      vertex 160.926 25.9685 -35
      vertex 201 32.2957 -35
      vertex 160.712 25.3368 -35
    endloop
  endfacet
  facet normal 0 -0 -1
    outer loop
      vertex 161.056 26.6228 -35
      vertex 201 32.2957 -35
      vertex 160.926 25.9685 -35
    endloop
  endfacet
  facet normal 0 0 -1
    outer loop
      vertex 201 32.2957 -35
      vertex 188.632 44.2901 -35
      vertex 200.897 33.862 -35
    endloop
  endfacet
  facet normal 0 0 -1
    outer loop
      vertex 200.897 33.862 -35
      vertex 188.632 44.2901 -35
      vertex 200.591 35.4016 -35
    endloop
  endfacet
  facet normal 0 0 -1
    outer loop
      vertex 200.591 35.4016 -35
      vertex 188.632 44.2901 -35
      vertex 200.087 36.8879 -35
    endloop
  endfacet
  facet normal 0 0 -1
    outer loop
      vertex 199.392 38.2957 -35
      vertex 188.632 44.2901 -35
      vertex 198.52 39.6009 -35
    endloop
  endfacet
  facet normal 0 0 -1
    outer loop
      vertex 198.52 39.6009 -35
      vertex 188.632 44.2901 -35
      vertex 197.485 40.781 -35
    endloop
  endfacet
  facet normal 0 0 -1
    outer loop
      vertex 196.305 41.816 -35
      vertex 188.632 44.2901 -35
      vertex 195 42.688 -35
    endloop
  endfacet
  facet normal 0 0 -1
    outer loop
      vertex 195 42.688 -35
      vertex 188.632 44.2901 -35
      vertex 193.592 43.3823 -35
    endloop
  endfacet
  facet normal 0 0 -1
    outer loop
      vertex 193.592 43.3823 -35
      vertex 188.632 44.2901 -35
      vertex 192.106 43.8868 -35
    endloop
  endfacet
  facet normal 0 0 -1
    outer loop
      vertex 192.106 43.8868 -35
      vertex 188.632 44.2901 -35
      vertex 190.566 44.1931 -35
    endloop
  endfacet
  facet normal 0 0 -1
    outer loop
      vertex 197.485 40.781 -35
      vertex 188.632 44.2901 -35
      vertex 196.305 41.816 -35
    endloop
  endfacet
  facet normal 0 0 -1
    outer loop
      vertex 188.632 44.2901 -35
      vertex 161.056 26.6228 -35
      vertex 161.1 27.2884 -35
    endloop
  endfacet
  facet normal 0 0 -1
    outer loop
      vertex 200.087 36.8879 -35
      vertex 188.632 44.2901 -35
      vertex 199.392 38.2957 -35
    endloop
  endfacet
  facet normal 0 -0 -1
    outer loop
      vertex 188.632 44.2901 -35
      vertex 201 32.2957 -35
      vertex 161.056 26.6228 -35
    endloop
  endfacet
  facet normal 0 0 -1
    outer loop
      vertex 201 0 -35
      vertex 160.417 24.7384 -35
      vertex 160.712 25.3368 -35
    endloop
  endfacet
  facet normal 0 0 -1
    outer loop
      vertex 201 0 -35
      vertex 160.046 24.1838 -35
      vertex 160.417 24.7384 -35
    endloop
  endfacet
  facet normal 0 0 -1
    outer loop
      vertex 201 0 -35
      vertex 159.606 23.6822 -35
      vertex 160.046 24.1838 -35
    endloop
  endfacet
  facet normal 0 0 -1
    outer loop
      vertex 201 0 -35
      vertex 159.105 23.2423 -35
      vertex 159.606 23.6822 -35
    endloop
  endfacet
  facet normal 0 0 -1
    outer loop
      vertex 201 0 -35
      vertex 158.55 22.8717 -35
      vertex 159.105 23.2423 -35
    endloop
  endfacet
  facet normal 0 0 -1
    outer loop
      vertex 201 0 -35
      vertex 157.952 22.5767 -35
      vertex 158.55 22.8717 -35
    endloop
  endfacet
  facet normal 0 0 -1
    outer loop
      vertex 201 0 -35
      vertex 157.32 22.3622 -35
      vertex 157.952 22.5767 -35
    endloop
  endfacet
  facet normal 0 0 -1
    outer loop
      vertex 201 0 -35
      vertex 156.666 22.2321 -35
      vertex 157.32 22.3622 -35
    endloop
  endfacet
  facet normal 0 0 -1
    outer loop
      vertex 201 0 -35
      vertex 156 22.1884 -35
      vertex 156.666 22.2321 -35
    endloop
  endfacet
  facet normal 0 0 -1
    outer loop
      vertex 201 0 -35
      vertex 155.334 22.2321 -35
      vertex 156 22.1884 -35
    endloop
  endfacet
  facet normal 0 0 -1
    outer loop
      vertex 130.077 19 -35
      vertex 155.334 22.2321 -35
      vertex 201 0 -35
    endloop
  endfacet
  facet normal -0 0 -1
    outer loop
      vertex 155.334 22.2321 -35
      vertex 130.077 19 -35
      vertex 154.68 22.3622 -35
    endloop
  endfacet
  facet normal 0 0 -1
    outer loop
      vertex 130.077 33.4885 -35
      vertex 150.9 27.2884 -35
      vertex 130.077 19 -35
    endloop
  endfacet
  facet normal -0 0 -1
    outer loop
      vertex 150.944 26.6228 -35
      vertex 130.077 19 -35
      vertex 150.9 27.2884 -35
    endloop
  endfacet
  facet normal -0 0 -1
    outer loop
      vertex 151.074 25.9685 -35
      vertex 130.077 19 -35
      vertex 150.944 26.6228 -35
    endloop
  endfacet
  facet normal -0 0 -1
    outer loop
      vertex 151.288 25.3368 -35
      vertex 130.077 19 -35
      vertex 151.074 25.9685 -35
    endloop
  endfacet
  facet normal -0 0 -1
    outer loop
      vertex 151.583 24.7384 -35
      vertex 130.077 19 -35
      vertex 151.288 25.3368 -35
    endloop
  endfacet
  facet normal -0 0 -1
    outer loop
      vertex 151.954 24.1838 -35
      vertex 130.077 19 -35
      vertex 151.583 24.7384 -35
    endloop
  endfacet
  facet normal -0 0 -1
    outer loop
      vertex 152.394 23.6822 -35
      vertex 130.077 19 -35
      vertex 151.954 24.1838 -35
    endloop
  endfacet
  facet normal -0 0 -1
    outer loop
      vertex 152.895 23.2423 -35
      vertex 130.077 19 -35
      vertex 152.394 23.6822 -35
    endloop
  endfacet
  facet normal -0 0 -1
    outer loop
      vertex 153.45 22.8717 -35
      vertex 130.077 19 -35
      vertex 152.895 23.2423 -35
    endloop
  endfacet
  facet normal -0 0 -1
    outer loop
      vertex 154.048 22.5767 -35
      vertex 130.077 19 -35
      vertex 153.45 22.8717 -35
    endloop
  endfacet
  facet normal -0 0 -1
    outer loop
      vertex 154.68 22.3622 -35
      vertex 130.077 19 -35
      vertex 154.048 22.5767 -35
    endloop
  endfacet
  facet normal 0 0 -1
    outer loop
      vertex 201 0 -35
      vertex 123.149 19 -35
      vertex 130.077 19 -35
    endloop
  endfacet
  facet normal 0 0 -1
    outer loop
      vertex 103.577 32.6751 -35
      vertex 123.149 19 -35
      vertex 103.577 19 -35
    endloop
  endfacet
  facet normal 0 0 -1
    outer loop
      vertex 201 0 -35
      vertex 103.577 19 -35
      vertex 123.149 19 -35
    endloop
  endfacet
  facet normal 0 0 -1
    outer loop
      vertex 201 0 -35
      vertex 96.6491 19 -35
      vertex 103.577 19 -35
    endloop
  endfacet
  facet normal 0 0 -1
    outer loop
      vertex 77.0773 31.8617 -35
      vertex 96.6491 19 -35
      vertex 77.0773 19 -35
    endloop
  endfacet
  facet normal 0 0 -1
    outer loop
      vertex -14 0 -35
      vertex 96.6491 19 -35
      vertex 201 0 -35
    endloop
  endfacet
  facet normal -0 0 -1
    outer loop
      vertex 96.6491 19 -35
      vertex -14 0 -35
      vertex 77.0773 19 -35
    endloop
  endfacet
  facet normal 0 0 -1
    outer loop
      vertex 55.1 26.0348 -35
      vertex 70.1491 19 -35
      vertex 55.1 24.0348 -35
    endloop
  endfacet
  facet normal 0 0 -1
    outer loop
      vertex 70.1491 19 -35
      vertex 55.0564 23.3691 -35
      vertex 55.1 24.0348 -35
    endloop
  endfacet
  facet normal 0 0 -1
    outer loop
      vertex 70.1491 19 -35
      vertex 54.9262 22.7148 -35
      vertex 55.0564 23.3691 -35
    endloop
  endfacet
  facet normal 0 0 -1
    outer loop
      vertex 70.1491 19 -35
      vertex 54.7118 22.0831 -35
      vertex 54.9262 22.7148 -35
    endloop
  endfacet
  facet normal 0 0 -1
    outer loop
      vertex 70.1491 19 -35
      vertex 54.4167 21.4848 -35
      vertex 54.7118 22.0831 -35
    endloop
  endfacet
  facet normal 0 0 -1
    outer loop
      vertex 70.1491 19 -35
      vertex 54.0461 20.9301 -35
      vertex 54.4167 21.4848 -35
    endloop
  endfacet
  facet normal -0 0 -1
    outer loop
      vertex 77.0773 19 -35
      vertex -14 0 -35
      vertex 70.1491 19 -35
    endloop
  endfacet
  facet normal 0 0 -1
    outer loop
      vertex 70.1491 19 -35
      vertex 53.6062 20.4285 -35
      vertex 54.0461 20.9301 -35
    endloop
  endfacet
  facet normal 0 0 -1
    outer loop
      vertex 70.1491 19 -35
      vertex 53.1047 19.9887 -35
      vertex 53.6062 20.4285 -35
    endloop
  endfacet
  facet normal 0 0 -1
    outer loop
      vertex 70.1491 19 -35
      vertex 52.55 19.618 -35
      vertex 53.1047 19.9887 -35
    endloop
  endfacet
  facet normal 0 0 -1
    outer loop
      vertex 70.1491 19 -35
      vertex 51.9517 19.323 -35
      vertex 52.55 19.618 -35
    endloop
  endfacet
  facet normal 0 0 -1
    outer loop
      vertex 70.1491 19 -35
      vertex 51.32 19.1085 -35
      vertex 51.9517 19.323 -35
    endloop
  endfacet
  facet normal -0 0 -1
    outer loop
      vertex 70.1491 19 -35
      vertex 50.6657 18.9784 -35
      vertex 51.32 19.1085 -35
    endloop
  endfacet
  facet normal 0 0 -1
    outer loop
      vertex 70.1491 19 -35
      vertex -14 0 -35
      vertex 50.6657 18.9784 -35
    endloop
  endfacet
  facet normal 0 0 -1
    outer loop
      vertex 50.6657 18.9784 -35
      vertex -14 0 -35
      vertex 50 18.9348 -35
    endloop
  endfacet
  facet normal 0 0 -1
    outer loop
      vertex 24.0774 30.2348 -35
      vertex 44.9 24.0348 -35
      vertex 24.0774 19 -35
    endloop
  endfacet
  facet normal -0 0 -1
    outer loop
      vertex 44.9436 23.3691 -35
      vertex 24.0774 19 -35
      vertex 44.9 24.0348 -35
    endloop
  endfacet
  facet normal -0 0 -1
    outer loop
      vertex 45.0738 22.7148 -35
      vertex 24.0774 19 -35
      vertex 44.9436 23.3691 -35
    endloop
  endfacet
  facet normal -0 0 -1
    outer loop
      vertex 45.2882 22.0831 -35
      vertex 24.0774 19 -35
      vertex 45.0738 22.7148 -35
    endloop
  endfacet
  facet normal -0 0 -1
    outer loop
      vertex 45.5833 21.4848 -35
      vertex 24.0774 19 -35
      vertex 45.2882 22.0831 -35
    endloop
  endfacet
  facet normal -0 0 -1
    outer loop
      vertex 45.9539 20.9301 -35
      vertex 24.0774 19 -35
      vertex 45.5833 21.4848 -35
    endloop
  endfacet
  facet normal -0 0 -1
    outer loop
      vertex 46.3938 20.4285 -35
      vertex 24.0774 19 -35
      vertex 45.9539 20.9301 -35
    endloop
  endfacet
  facet normal -0 0 -1
    outer loop
      vertex 46.8953 19.9887 -35
      vertex 24.0774 19 -35
      vertex 46.3938 20.4285 -35
    endloop
  endfacet
  facet normal -0 0 -1
    outer loop
      vertex 47.45 19.618 -35
      vertex 24.0774 19 -35
      vertex 46.8953 19.9887 -35
    endloop
  endfacet
  facet normal -0 0 -1
    outer loop
      vertex 48.0483 19.323 -35
      vertex 24.0774 19 -35
      vertex 47.45 19.618 -35
    endloop
  endfacet
  facet normal -0 0 -1
    outer loop
      vertex 48.68 19.1085 -35
      vertex 24.0774 19 -35
      vertex 48.0483 19.323 -35
    endloop
  endfacet
  facet normal 0 0 -1
    outer loop
      vertex 49.3343 18.9784 -35
      vertex 24.0774 19 -35
      vertex 48.68 19.1085 -35
    endloop
  endfacet
  facet normal -0 0 -1
    outer loop
      vertex 50 18.9348 -35
      vertex -14 0 -35
      vertex 49.3343 18.9784 -35
    endloop
  endfacet
  facet normal -0 0 -1
    outer loop
      vertex 49.3343 18.9784 -35
      vertex -14 0 -35
      vertex 24.0774 19 -35
    endloop
  endfacet
  facet normal 0 0 -1
    outer loop
      vertex 17.1491 19 -35
      vertex -2.36816 38.4273 -35
      vertex 17.1491 30.0222 -35
    endloop
  endfacet
  facet normal 0 0 -1
    outer loop
      vertex -14 26.433 -35
      vertex -2.36816 38.4273 -35
      vertex 17.1491 19 -35
    endloop
  endfacet
  facet normal 0 0 -1
    outer loop
      vertex -2.36816 38.4273 -35
      vertex -14 26.433 -35
      vertex -3.9306 38.2766 -35
    endloop
  endfacet
  facet normal 0 0 -1
    outer loop
      vertex -3.9306 38.2766 -35
      vertex -14 26.433 -35
      vertex -5.45999 37.9233 -35
    endloop
  endfacet
  facet normal 0 0 -1
    outer loop
      vertex -5.45999 37.9233 -35
      vertex -14 26.433 -35
      vertex -6.93018 37.3734 -35
    endloop
  endfacet
  facet normal 0 0 -1
    outer loop
      vertex -6.93018 37.3734 -35
      vertex -14 26.433 -35
      vertex -8.31602 36.6363 -35
    endloop
  endfacet
  facet normal 0 0 -1
    outer loop
      vertex -8.31602 36.6363 -35
      vertex -14 26.433 -35
      vertex -9.59378 35.7246 -35
    endloop
  endfacet
  facet normal 0 0 -1
    outer loop
      vertex -9.59378 35.7246 -35
      vertex -14 26.433 -35
      vertex -10.7416 34.6539 -35
    endloop
  endfacet
  facet normal 0 0 -1
    outer loop
      vertex -10.7416 34.6539 -35
      vertex -14 26.433 -35
      vertex -11.7399 33.4426 -35
    endloop
  endfacet
  facet normal 0 0 -1
    outer loop
      vertex -11.7399 33.4426 -35
      vertex -14 26.433 -35
      vertex -12.5715 32.1113 -35
    endloop
  endfacet
  facet normal 0 0 -1
    outer loop
      vertex -12.5715 32.1113 -35
      vertex -14 26.433 -35
      vertex -13.2222 30.6828 -35
    endloop
  endfacet
  facet normal 0 0 -1
    outer loop
      vertex -13.2222 30.6828 -35
      vertex -14 26.433 -35
      vertex -13.6809 29.1817 -35
    endloop
  endfacet
  facet normal -0 0 -1
    outer loop
      vertex 24.0774 19 -35
      vertex -14 0 -35
      vertex 17.1491 19 -35
    endloop
  endfacet
  facet normal 0 0 -1
    outer loop
      vertex -14 26.433 -35
      vertex 17.1491 19 -35
      vertex -14 0 -35
    endloop
  endfacet
  facet normal 0 0 -1
    outer loop
      vertex -13.6809 29.1817 -35
      vertex -14 26.433 -35
      vertex -13.9398 27.6335 -35
    endloop
  endfacet
  facet normal 0 0 -1
    outer loop
      vertex 161.1 29.2884 -35
      vertex 188.632 44.2901 -35
      vertex 161.1 27.2884 -35
    endloop
  endfacet
  facet normal 0 0 -1
    outer loop
      vertex 161.056 29.9541 -35
      vertex 188.632 44.2901 -35
      vertex 161.1 29.2884 -35
    endloop
  endfacet
  facet normal 0 0 -1
    outer loop
      vertex 160.926 30.6084 -35
      vertex 188.632 44.2901 -35
      vertex 161.056 29.9541 -35
    endloop
  endfacet
  facet normal 0 0 -1
    outer loop
      vertex 160.712 31.2401 -35
      vertex 188.632 44.2901 -35
      vertex 160.926 30.6084 -35
    endloop
  endfacet
  facet normal 0 0 -1
    outer loop
      vertex 160.417 31.8384 -35
      vertex 188.632 44.2901 -35
      vertex 160.712 31.2401 -35
    endloop
  endfacet
  facet normal 0 0 -1
    outer loop
      vertex 160.046 32.3931 -35
      vertex 188.632 44.2901 -35
      vertex 160.417 31.8384 -35
    endloop
  endfacet
  facet normal 0 0 -1
    outer loop
      vertex 159.606 32.8947 -35
      vertex 188.632 44.2901 -35
      vertex 160.046 32.3931 -35
    endloop
  endfacet
  facet normal 0 0 -1
    outer loop
      vertex 159.105 33.3345 -35
      vertex 188.632 44.2901 -35
      vertex 159.606 32.8947 -35
    endloop
  endfacet
  facet normal 0 0 -1
    outer loop
      vertex 158.55 33.7052 -35
      vertex 188.632 44.2901 -35
      vertex 159.105 33.3345 -35
    endloop
  endfacet
  facet normal 0 0 -1
    outer loop
      vertex 157.952 34.0002 -35
      vertex 188.632 44.2901 -35
      vertex 158.55 33.7052 -35
    endloop
  endfacet
  facet normal 0 0 -1
    outer loop
      vertex 157.32 34.2147 -35
      vertex 188.632 44.2901 -35
      vertex 157.952 34.0002 -35
    endloop
  endfacet
  facet normal 0 0 -1
    outer loop
      vertex 156.666 34.3448 -35
      vertex 188.632 44.2901 -35
      vertex 157.32 34.2147 -35
    endloop
  endfacet
  facet normal 0 0 -1
    outer loop
      vertex 156 34.3884 -35
      vertex 188.632 44.2901 -35
      vertex 156.666 34.3448 -35
    endloop
  endfacet
  facet normal 0 0 -1
    outer loop
      vertex 155.334 34.3448 -35
      vertex 188.632 44.2901 -35
      vertex 156 34.3884 -35
    endloop
  endfacet
  facet normal 0 0 -1
    outer loop
      vertex 130.077 33.4885 -35
      vertex 155.334 34.3448 -35
      vertex 154.68 34.2147 -35
    endloop
  endfacet
  facet normal 0 0 -1
    outer loop
      vertex 150.9 27.2884 -35
      vertex 130.077 33.4885 -35
      vertex 150.9 29.2884 -35
    endloop
  endfacet
  facet normal 0 0 -1
    outer loop
      vertex 150.9 29.2884 -35
      vertex 130.077 33.4885 -35
      vertex 150.944 29.9541 -35
    endloop
  endfacet
  facet normal 0 0 -1
    outer loop
      vertex 150.944 29.9541 -35
      vertex 130.077 33.4885 -35
      vertex 151.074 30.6084 -35
    endloop
  endfacet
  facet normal 0 0 -1
    outer loop
      vertex 151.074 30.6084 -35
      vertex 130.077 33.4885 -35
      vertex 151.288 31.2401 -35
    endloop
  endfacet
  facet normal 0 0 -1
    outer loop
      vertex 151.288 31.2401 -35
      vertex 130.077 33.4885 -35
      vertex 151.583 31.8384 -35
    endloop
  endfacet
  facet normal 0 0 -1
    outer loop
      vertex 151.583 31.8384 -35
      vertex 130.077 33.4885 -35
      vertex 151.954 32.3931 -35
    endloop
  endfacet
  facet normal 0 0 -1
    outer loop
      vertex 151.954 32.3931 -35
      vertex 130.077 33.4885 -35
      vertex 152.394 32.8947 -35
    endloop
  endfacet
  facet normal 0 0 -1
    outer loop
      vertex 152.394 32.8947 -35
      vertex 130.077 33.4885 -35
      vertex 152.895 33.3345 -35
    endloop
  endfacet
  facet normal 0 0 -1
    outer loop
      vertex 152.895 33.3345 -35
      vertex 130.077 33.4885 -35
      vertex 153.45 33.7052 -35
    endloop
  endfacet
  facet normal 0 0 -1
    outer loop
      vertex 130.077 33.4885 -35
      vertex 154.048 34.0002 -35
      vertex 153.45 33.7052 -35
    endloop
  endfacet
  facet normal 0 0 -1
    outer loop
      vertex 130.077 33.4885 -35
      vertex 154.68 34.2147 -35
      vertex 154.048 34.0002 -35
    endloop
  endfacet
  facet normal -0 0 -1
    outer loop
      vertex 155.334 34.3448 -35
      vertex 130.077 33.4885 -35
      vertex 188.632 44.2901 -35
    endloop
  endfacet
  facet normal 0 0 -1
    outer loop
      vertex 123.149 33.2758 -35
      vertex 188.632 44.2901 -35
      vertex 130.077 33.4885 -35
    endloop
  endfacet
  facet normal 0 0 -1
    outer loop
      vertex 123.149 19 -35
      vertex 103.577 32.6751 -35
      vertex 123.149 33.2758 -35
    endloop
  endfacet
  facet normal 0 0 -1
    outer loop
      vertex 103.577 32.6751 -35
      vertex 188.632 44.2901 -35
      vertex 123.149 33.2758 -35
    endloop
  endfacet
  facet normal 0 0 -1
    outer loop
      vertex 96.6491 32.4624 -35
      vertex 188.632 44.2901 -35
      vertex 103.577 32.6751 -35
    endloop
  endfacet
  facet normal 0 0 -1
    outer loop
      vertex 96.6491 19 -35
      vertex 77.0773 31.8617 -35
      vertex 96.6491 32.4624 -35
    endloop
  endfacet
  facet normal 0 0 -1
    outer loop
      vertex -2.36816 38.4273 -35
      vertex 96.6491 32.4624 -35
      vertex 77.0773 31.8617 -35
    endloop
  endfacet
  facet normal 0 0 -1
    outer loop
      vertex -2.36816 38.4273 -35
      vertex 77.0773 31.8617 -35
      vertex 70.1491 31.649 -35
    endloop
  endfacet
  facet normal 0 0 -1
    outer loop
      vertex 70.1491 19 -35
      vertex 55.1 26.0348 -35
      vertex 70.1491 31.649 -35
    endloop
  endfacet
  facet normal 0 0 -1
    outer loop
      vertex 55.0564 26.7004 -35
      vertex 70.1491 31.649 -35
      vertex 55.1 26.0348 -35
    endloop
  endfacet
  facet normal 0 0 -1
    outer loop
      vertex 54.9262 27.3547 -35
      vertex 70.1491 31.649 -35
      vertex 55.0564 26.7004 -35
    endloop
  endfacet
  facet normal 0 0 -1
    outer loop
      vertex 54.7118 27.9864 -35
      vertex 70.1491 31.649 -35
      vertex 54.9262 27.3547 -35
    endloop
  endfacet
  facet normal 0 0 -1
    outer loop
      vertex 54.4167 28.5848 -35
      vertex 70.1491 31.649 -35
      vertex 54.7118 27.9864 -35
    endloop
  endfacet
  facet normal 0 0 -1
    outer loop
      vertex 54.0461 29.1394 -35
      vertex 70.1491 31.649 -35
      vertex 54.4167 28.5848 -35
    endloop
  endfacet
  facet normal 0 0 -1
    outer loop
      vertex 53.6062 29.641 -35
      vertex 70.1491 31.649 -35
      vertex 54.0461 29.1394 -35
    endloop
  endfacet
  facet normal 0 0 -1
    outer loop
      vertex 53.1047 30.0809 -35
      vertex 70.1491 31.649 -35
      vertex 53.6062 29.641 -35
    endloop
  endfacet
  facet normal 0 0 -1
    outer loop
      vertex 52.55 30.4515 -35
      vertex 70.1491 31.649 -35
      vertex 53.1047 30.0809 -35
    endloop
  endfacet
  facet normal 0 0 -1
    outer loop
      vertex 51.9517 30.7465 -35
      vertex 70.1491 31.649 -35
      vertex 52.55 30.4515 -35
    endloop
  endfacet
  facet normal 0 0 -1
    outer loop
      vertex 51.32 30.961 -35
      vertex 70.1491 31.649 -35
      vertex 51.9517 30.7465 -35
    endloop
  endfacet
  facet normal 0 0 -1
    outer loop
      vertex 50.6657 31.0911 -35
      vertex 70.1491 31.649 -35
      vertex 51.32 30.961 -35
    endloop
  endfacet
  facet normal 0 0 -1
    outer loop
      vertex 50 31.1348 -35
      vertex 70.1491 31.649 -35
      vertex 50.6657 31.0911 -35
    endloop
  endfacet
  facet normal 0 0 -1
    outer loop
      vertex -2.36816 38.4273 -35
      vertex 70.1491 31.649 -35
      vertex 50 31.1348 -35
    endloop
  endfacet
  facet normal 0 0 -1
    outer loop
      vertex -2.36816 38.4273 -35
      vertex 50 31.1348 -35
      vertex 49.3343 31.0911 -35
    endloop
  endfacet
  facet normal 0 0 -1
    outer loop
      vertex 44.9 24.0348 -35
      vertex 24.0774 30.2348 -35
      vertex 44.9 26.0348 -35
    endloop
  endfacet
  facet normal 0 0 -1
    outer loop
      vertex 44.9 26.0348 -35
      vertex 24.0774 30.2348 -35
      vertex 44.9436 26.7004 -35
    endloop
  endfacet
  facet normal 0 0 -1
    outer loop
      vertex 44.9436 26.7004 -35
      vertex 24.0774 30.2348 -35
      vertex 45.0738 27.3547 -35
    endloop
  endfacet
  facet normal 0 0 -1
    outer loop
      vertex 45.0738 27.3547 -35
      vertex 24.0774 30.2348 -35
      vertex 45.2882 27.9864 -35
    endloop
  endfacet
  facet normal 0 0 -1
    outer loop
      vertex 45.2882 27.9864 -35
      vertex 24.0774 30.2348 -35
      vertex 45.5833 28.5848 -35
    endloop
  endfacet
  facet normal 0 0 -1
    outer loop
      vertex 45.5833 28.5848 -35
      vertex 24.0774 30.2348 -35
      vertex 45.9539 29.1394 -35
    endloop
  endfacet
  facet normal 0 0 -1
    outer loop
      vertex 45.9539 29.1394 -35
      vertex 24.0774 30.2348 -35
      vertex 46.3938 29.641 -35
    endloop
  endfacet
  facet normal 0 0 -1
    outer loop
      vertex 46.3938 29.641 -35
      vertex 24.0774 30.2348 -35
      vertex 46.8953 30.0809 -35
    endloop
  endfacet
  facet normal 0 0 -1
    outer loop
      vertex 46.8953 30.0809 -35
      vertex 24.0774 30.2348 -35
      vertex 47.45 30.4515 -35
    endloop
  endfacet
  facet normal -0 0 -1
    outer loop
      vertex 47.45 30.4515 -35
      vertex 24.0774 30.2348 -35
      vertex 48.0483 30.7465 -35
    endloop
  endfacet
  facet normal 0 0 -1
    outer loop
      vertex 24.0774 30.2348 -35
      vertex 48.68 30.961 -35
      vertex 48.0483 30.7465 -35
    endloop
  endfacet
  facet normal 0 0 -1
    outer loop
      vertex 24.0774 30.2348 -35
      vertex 49.3343 31.0911 -35
      vertex 48.68 30.961 -35
    endloop
  endfacet
  facet normal 0 0 -1
    outer loop
      vertex -2.36816 38.4273 -35
      vertex 49.3343 31.0911 -35
      vertex 24.0774 30.2348 -35
    endloop
  endfacet
  facet normal 0 0 -1
    outer loop
      vertex -2.36816 38.4273 -35
      vertex 24.0774 30.2348 -35
      vertex 17.1491 30.0222 -35
    endloop
  endfacet
  facet normal 0 0 -1
    outer loop
      vertex 96.6491 32.4624 -35
      vertex -2.36816 38.4273 -35
      vertex 188.632 44.2901 -35
    endloop
  endfacet
  facet normal 0 0.832025 0.554739
    outer loop
      vertex 13.25 34.0024 -25
      vertex 7.25 10 11
      vertex 13.25 10 11
    endloop
  endfacet
  facet normal 0 0.832025 0.554739
    outer loop
      vertex 7.25 10 11
      vertex 13.25 34.0024 -25
      vertex 7.25 34.0024 -25
    endloop
  endfacet
  facet normal 1 0 0
    outer loop
      vertex 13.25 10 -15
      vertex 13.25 20 -25
      vertex 13.25 34.0024 -25
    endloop
  endfacet
  facet normal 1 0 0
    outer loop
      vertex 13.25 20 -25
      vertex 13.25 10 -15
      vertex 13.25 18.6947 -24.9144
    endloop
  endfacet
  facet normal 1 0 0
    outer loop
      vertex 13.25 18.6947 -24.9144
      vertex 13.25 10 -15
      vertex 13.25 17.4118 -24.6593
    endloop
  endfacet
  facet normal 1 0 0
    outer loop
      vertex 13.25 17.4118 -24.6593
      vertex 13.25 10 -15
      vertex 13.25 16.1732 -24.2388
    endloop
  endfacet
  facet normal 1 0 0
    outer loop
      vertex 13.25 16.1732 -24.2388
      vertex 13.25 10 -15
      vertex 13.25 15 -23.6603
    endloop
  endfacet
  facet normal 1 0 0
    outer loop
      vertex 13.25 15 -23.6603
      vertex 13.25 10 -15
      vertex 13.25 13.9124 -22.9335
    endloop
  endfacet
  facet normal 1 0 0
    outer loop
      vertex 13.25 13.9124 -22.9335
      vertex 13.25 10 -15
      vertex 13.25 12.9289 -22.0711
    endloop
  endfacet
  facet normal 1 0 0
    outer loop
      vertex 13.25 12.9289 -22.0711
      vertex 13.25 10 -15
      vertex 13.25 12.0665 -21.0876
    endloop
  endfacet
  facet normal 1 0 0
    outer loop
      vertex 13.25 12.0665 -21.0876
      vertex 13.25 10 -15
      vertex 13.25 11.3397 -20
    endloop
  endfacet
  facet normal 1 0 0
    outer loop
      vertex 13.25 11.3397 -20
      vertex 13.25 10 -15
      vertex 13.25 10.7612 -18.8268
    endloop
  endfacet
  facet normal 1 0 0
    outer loop
      vertex 13.25 10.7612 -18.8268
      vertex 13.25 10 -15
      vertex 13.25 10.3407 -17.5882
    endloop
  endfacet
  facet normal 1 -0 0
    outer loop
      vertex 13.25 10 -15
      vertex 13.25 34.0024 -25
      vertex 13.25 10 11
    endloop
  endfacet
  facet normal 1 0 0
    outer loop
      vertex 13.25 10.3407 -17.5882
      vertex 13.25 10 -15
      vertex 13.25 10.0856 -16.3053
    endloop
  endfacet
  facet normal -1 0 0
    outer loop
      vertex 7.25 10 -15
      vertex 7.25 20 -25
      vertex 7.25 18.6947 -24.9144
    endloop
  endfacet
  facet normal -1 0 0
    outer loop
      vertex 7.25 10 -15
      vertex 7.25 18.6947 -24.9144
      vertex 7.25 17.4118 -24.6593
    endloop
  endfacet
  facet normal -1 0 0
    outer loop
      vertex 7.25 10 -15
      vertex 7.25 17.4118 -24.6593
      vertex 7.25 16.1732 -24.2388
    endloop
  endfacet
  facet normal -1 0 0
    outer loop
      vertex 7.25 10 -15
      vertex 7.25 16.1732 -24.2388
      vertex 7.25 15 -23.6603
    endloop
  endfacet
  facet normal -1 0 0
    outer loop
      vertex 7.25 10 -15
      vertex 7.25 15 -23.6603
      vertex 7.25 13.9124 -22.9335
    endloop
  endfacet
  facet normal -1 0 0
    outer loop
      vertex 7.25 10 -15
      vertex 7.25 13.9124 -22.9335
      vertex 7.25 12.9289 -22.0711
    endloop
  endfacet
  facet normal -1 0 0
    outer loop
      vertex 7.25 10 -15
      vertex 7.25 12.9289 -22.0711
      vertex 7.25 12.0665 -21.0876
    endloop
  endfacet
  facet normal -1 0 0
    outer loop
      vertex 7.25 10 -15
      vertex 7.25 12.0665 -21.0876
      vertex 7.25 11.3397 -20
    endloop
  endfacet
  facet normal -1 0 0
    outer loop
      vertex 7.25 10 -15
      vertex 7.25 11.3397 -20
      vertex 7.25 10.7612 -18.8268
    endloop
  endfacet
  facet normal -1 0 0
    outer loop
      vertex 7.25 10 -15
      vertex 7.25 10.7612 -18.8268
      vertex 7.25 10.3407 -17.5882
    endloop
  endfacet
  facet normal -1 0 0
    outer loop
      vertex 7.25 10 -15
      vertex 7.25 10.3407 -17.5882
      vertex 7.25 10.0856 -16.3053
    endloop
  endfacet
  facet normal -1 0 0
    outer loop
      vertex 7.25 20 -25
      vertex 7.25 10 -15
      vertex 7.25 34.0024 -25
    endloop
  endfacet
  facet normal -1 0 0
    outer loop
      vertex 7.25 34.0024 -25
      vertex 7.25 10 -15
      vertex 7.25 10 11
    endloop
  endfacet
  facet normal 0 0.832025 0.554739
    outer loop
      vertex 39.75 34.0024 -25
      vertex 33.75 10 11
      vertex 39.75 10 11
    endloop
  endfacet
  facet normal 0 0.832025 0.554739
    outer loop
      vertex 33.75 10 11
      vertex 39.75 34.0024 -25
      vertex 33.75 34.0024 -25
    endloop
  endfacet
  facet normal 1 0 0
    outer loop
      vertex 39.75 10 -15
      vertex 39.75 20 -25
      vertex 39.75 34.0024 -25
    endloop
  endfacet
  facet normal 1 0 0
    outer loop
      vertex 39.75 20 -25
      vertex 39.75 10 -15
      vertex 39.75 18.6947 -24.9144
    endloop
  endfacet
  facet normal 1 0 0
    outer loop
      vertex 39.75 18.6947 -24.9144
      vertex 39.75 10 -15
      vertex 39.75 17.4118 -24.6593
    endloop
  endfacet
  facet normal 1 0 0
    outer loop
      vertex 39.75 17.4118 -24.6593
      vertex 39.75 10 -15
      vertex 39.75 16.1732 -24.2388
    endloop
  endfacet
  facet normal 1 0 0
    outer loop
      vertex 39.75 16.1732 -24.2388
      vertex 39.75 10 -15
      vertex 39.75 15 -23.6603
    endloop
  endfacet
  facet normal 1 0 0
    outer loop
      vertex 39.75 15 -23.6603
      vertex 39.75 10 -15
      vertex 39.75 13.9124 -22.9335
    endloop
  endfacet
  facet normal 1 0 0
    outer loop
      vertex 39.75 13.9124 -22.9335
      vertex 39.75 10 -15
      vertex 39.75 12.9289 -22.0711
    endloop
  endfacet
  facet normal 1 0 0
    outer loop
      vertex 39.75 12.9289 -22.0711
      vertex 39.75 10 -15
      vertex 39.75 12.0665 -21.0876
    endloop
  endfacet
  facet normal 1 0 0
    outer loop
      vertex 39.75 12.0665 -21.0876
      vertex 39.75 10 -15
      vertex 39.75 11.3397 -20
    endloop
  endfacet
  facet normal 1 0 0
    outer loop
      vertex 39.75 11.3397 -20
      vertex 39.75 10 -15
      vertex 39.75 10.7612 -18.8268
    endloop
  endfacet
  facet normal 1 0 0
    outer loop
      vertex 39.75 10.7612 -18.8268
      vertex 39.75 10 -15
      vertex 39.75 10.3407 -17.5882
    endloop
  endfacet
  facet normal 1 -0 0
    outer loop
      vertex 39.75 10 -15
      vertex 39.75 34.0024 -25
      vertex 39.75 10 11
    endloop
  endfacet
  facet normal 1 0 0
    outer loop
      vertex 39.75 10.3407 -17.5882
      vertex 39.75 10 -15
      vertex 39.75 10.0856 -16.3053
    endloop
  endfacet
  facet normal -1 0 0
    outer loop
      vertex 33.75 10 -15
      vertex 33.75 20 -25
      vertex 33.75 18.6947 -24.9144
    endloop
  endfacet
  facet normal -1 0 0
    outer loop
      vertex 33.75 10 -15
      vertex 33.75 18.6947 -24.9144
      vertex 33.75 17.4118 -24.6593
    endloop
  endfacet
  facet normal -1 0 0
    outer loop
      vertex 33.75 10 -15
      vertex 33.75 17.4118 -24.6593
      vertex 33.75 16.1732 -24.2388
    endloop
  endfacet
  facet normal -1 0 0
    outer loop
      vertex 33.75 10 -15
      vertex 33.75 16.1732 -24.2388
      vertex 33.75 15 -23.6603
    endloop
  endfacet
  facet normal -1 0 0
    outer loop
      vertex 33.75 10 -15
      vertex 33.75 15 -23.6603
      vertex 33.75 13.9124 -22.9335
    endloop
  endfacet
  facet normal -1 0 0
    outer loop
      vertex 33.75 10 -15
      vertex 33.75 13.9124 -22.9335
      vertex 33.75 12.9289 -22.0711
    endloop
  endfacet
  facet normal -1 0 0
    outer loop
      vertex 33.75 10 -15
      vertex 33.75 12.9289 -22.0711
      vertex 33.75 12.0665 -21.0876
    endloop
  endfacet
  facet normal -1 0 0
    outer loop
      vertex 33.75 10 -15
      vertex 33.75 12.0665 -21.0876
      vertex 33.75 11.3397 -20
    endloop
  endfacet
  facet normal -1 0 0
    outer loop
      vertex 33.75 10 -15
      vertex 33.75 11.3397 -20
      vertex 33.75 10.7612 -18.8268
    endloop
  endfacet
  facet normal -1 0 0
    outer loop
      vertex 33.75 10 -15
      vertex 33.75 10.7612 -18.8268
      vertex 33.75 10.3407 -17.5882
    endloop
  endfacet
  facet normal -1 0 0
    outer loop
      vertex 33.75 10 -15
      vertex 33.75 10.3407 -17.5882
      vertex 33.75 10.0856 -16.3053
    endloop
  endfacet
  facet normal -1 0 0
    outer loop
      vertex 33.75 20 -25
      vertex 33.75 10 -15
      vertex 33.75 34.0024 -25
    endloop
  endfacet
  facet normal -1 0 0
    outer loop
      vertex 33.75 34.0024 -25
      vertex 33.75 10 -15
      vertex 33.75 10 11
    endloop
  endfacet
  facet normal 0 0.832025 0.554739
    outer loop
      vertex 66.25 34.0024 -25
      vertex 60.25 10 11
      vertex 66.25 10 11
    endloop
  endfacet
  facet normal 0 0.832025 0.554739
    outer loop
      vertex 60.25 10 11
      vertex 66.25 34.0024 -25
      vertex 60.25 34.0024 -25
    endloop
  endfacet
  facet normal 1 0 0
    outer loop
      vertex 66.25 10 -15
      vertex 66.25 20 -25
      vertex 66.25 34.0024 -25
    endloop
  endfacet
  facet normal 1 0 0
    outer loop
      vertex 66.25 20 -25
      vertex 66.25 10 -15
      vertex 66.25 18.6947 -24.9144
    endloop
  endfacet
  facet normal 1 0 0
    outer loop
      vertex 66.25 18.6947 -24.9144
      vertex 66.25 10 -15
      vertex 66.25 17.4118 -24.6593
    endloop
  endfacet
  facet normal 1 0 0
    outer loop
      vertex 66.25 17.4118 -24.6593
      vertex 66.25 10 -15
      vertex 66.25 16.1732 -24.2388
    endloop
  endfacet
  facet normal 1 0 0
    outer loop
      vertex 66.25 16.1732 -24.2388
      vertex 66.25 10 -15
      vertex 66.25 15 -23.6603
    endloop
  endfacet
  facet normal 1 0 0
    outer loop
      vertex 66.25 15 -23.6603
      vertex 66.25 10 -15
      vertex 66.25 13.9124 -22.9335
    endloop
  endfacet
  facet normal 1 0 0
    outer loop
      vertex 66.25 13.9124 -22.9335
      vertex 66.25 10 -15
      vertex 66.25 12.9289 -22.0711
    endloop
  endfacet
  facet normal 1 0 0
    outer loop
      vertex 66.25 12.9289 -22.0711
      vertex 66.25 10 -15
      vertex 66.25 12.0665 -21.0876
    endloop
  endfacet
  facet normal 1 0 0
    outer loop
      vertex 66.25 12.0665 -21.0876
      vertex 66.25 10 -15
      vertex 66.25 11.3397 -20
    endloop
  endfacet
  facet normal 1 0 0
    outer loop
      vertex 66.25 11.3397 -20
      vertex 66.25 10 -15
      vertex 66.25 10.7612 -18.8268
    endloop
  endfacet
  facet normal 1 0 0
    outer loop
      vertex 66.25 10.7612 -18.8268
      vertex 66.25 10 -15
      vertex 66.25 10.3407 -17.5882
    endloop
  endfacet
  facet normal 1 -0 0
    outer loop
      vertex 66.25 10 -15
      vertex 66.25 34.0024 -25
      vertex 66.25 10 11
    endloop
  endfacet
  facet normal 1 0 0
    outer loop
      vertex 66.25 10.3407 -17.5882
      vertex 66.25 10 -15
      vertex 66.25 10.0856 -16.3053
    endloop
  endfacet
  facet normal -1 0 0
    outer loop
      vertex 60.25 10 -15
      vertex 60.25 20 -25
      vertex 60.25 18.6947 -24.9144
    endloop
  endfacet
  facet normal -1 0 0
    outer loop
      vertex 60.25 10 -15
      vertex 60.25 18.6947 -24.9144
      vertex 60.25 17.4118 -24.6593
    endloop
  endfacet
  facet normal -1 0 0
    outer loop
      vertex 60.25 10 -15
      vertex 60.25 17.4118 -24.6593
      vertex 60.25 16.1732 -24.2388
    endloop
  endfacet
  facet normal -1 0 0
    outer loop
      vertex 60.25 10 -15
      vertex 60.25 16.1732 -24.2388
      vertex 60.25 15 -23.6603
    endloop
  endfacet
  facet normal -1 0 0
    outer loop
      vertex 60.25 10 -15
      vertex 60.25 15 -23.6603
      vertex 60.25 13.9124 -22.9335
    endloop
  endfacet
  facet normal -1 0 0
    outer loop
      vertex 60.25 10 -15
      vertex 60.25 13.9124 -22.9335
      vertex 60.25 12.9289 -22.0711
    endloop
  endfacet
  facet normal -1 0 0
    outer loop
      vertex 60.25 10 -15
      vertex 60.25 12.9289 -22.0711
      vertex 60.25 12.0665 -21.0876
    endloop
  endfacet
  facet normal -1 0 0
    outer loop
      vertex 60.25 10 -15
      vertex 60.25 12.0665 -21.0876
      vertex 60.25 11.3397 -20
    endloop
  endfacet
  facet normal -1 0 0
    outer loop
      vertex 60.25 10 -15
      vertex 60.25 11.3397 -20
      vertex 60.25 10.7612 -18.8268
    endloop
  endfacet
  facet normal -1 0 0
    outer loop
      vertex 60.25 10 -15
      vertex 60.25 10.7612 -18.8268
      vertex 60.25 10.3407 -17.5882
    endloop
  endfacet
  facet normal -1 0 0
    outer loop
      vertex 60.25 10 -15
      vertex 60.25 10.3407 -17.5882
      vertex 60.25 10.0856 -16.3053
    endloop
  endfacet
  facet normal -1 0 0
    outer loop
      vertex 60.25 20 -25
      vertex 60.25 10 -15
      vertex 60.25 34.0024 -25
    endloop
  endfacet
  facet normal -1 0 0
    outer loop
      vertex 60.25 34.0024 -25
      vertex 60.25 10 -15
      vertex 60.25 10 11
    endloop
  endfacet
  facet normal 0 0.832025 0.554739
    outer loop
      vertex 92.75 34.0024 -25
      vertex 86.75 10 11
      vertex 92.75 10 11
    endloop
  endfacet
  facet normal 0 0.832025 0.554739
    outer loop
      vertex 86.75 10 11
      vertex 92.75 34.0024 -25
      vertex 86.75 34.0024 -25
    endloop
  endfacet
  facet normal 1 0 0
    outer loop
      vertex 92.75 10 -15
      vertex 92.75 20 -25
      vertex 92.75 34.0024 -25
    endloop
  endfacet
  facet normal 1 0 0
    outer loop
      vertex 92.75 20 -25
      vertex 92.75 10 -15
      vertex 92.75 18.6947 -24.9144
    endloop
  endfacet
  facet normal 1 0 0
    outer loop
      vertex 92.75 18.6947 -24.9144
      vertex 92.75 10 -15
      vertex 92.75 17.4118 -24.6593
    endloop
  endfacet
  facet normal 1 0 0
    outer loop
      vertex 92.75 17.4118 -24.6593
      vertex 92.75 10 -15
      vertex 92.75 16.1732 -24.2388
    endloop
  endfacet
  facet normal 1 0 0
    outer loop
      vertex 92.75 16.1732 -24.2388
      vertex 92.75 10 -15
      vertex 92.75 15 -23.6603
    endloop
  endfacet
  facet normal 1 0 0
    outer loop
      vertex 92.75 15 -23.6603
      vertex 92.75 10 -15
      vertex 92.75 13.9124 -22.9335
    endloop
  endfacet
  facet normal 1 0 0
    outer loop
      vertex 92.75 13.9124 -22.9335
      vertex 92.75 10 -15
      vertex 92.75 12.9289 -22.0711
    endloop
  endfacet
  facet normal 1 0 0
    outer loop
      vertex 92.75 12.9289 -22.0711
      vertex 92.75 10 -15
      vertex 92.75 12.0665 -21.0876
    endloop
  endfacet
  facet normal 1 0 0
    outer loop
      vertex 92.75 12.0665 -21.0876
      vertex 92.75 10 -15
      vertex 92.75 11.3397 -20
    endloop
  endfacet
  facet normal 1 0 0
    outer loop
      vertex 92.75 11.3397 -20
      vertex 92.75 10 -15
      vertex 92.75 10.7612 -18.8268
    endloop
  endfacet
  facet normal 1 0 0
    outer loop
      vertex 92.75 10.7612 -18.8268
      vertex 92.75 10 -15
      vertex 92.75 10.3407 -17.5882
    endloop
  endfacet
  facet normal 1 -0 0
    outer loop
      vertex 92.75 10 -15
      vertex 92.75 34.0024 -25
      vertex 92.75 10 11
    endloop
  endfacet
  facet normal 1 0 0
    outer loop
      vertex 92.75 10.3407 -17.5882
      vertex 92.75 10 -15
      vertex 92.75 10.0856 -16.3053
    endloop
  endfacet
  facet normal -1 0 0
    outer loop
      vertex 86.75 10 -15
      vertex 86.75 20 -25
      vertex 86.75 18.6947 -24.9144
    endloop
  endfacet
  facet normal -1 0 0
    outer loop
      vertex 86.75 10 -15
      vertex 86.75 18.6947 -24.9144
      vertex 86.75 17.4118 -24.6593
    endloop
  endfacet
  facet normal -1 0 0
    outer loop
      vertex 86.75 10 -15
      vertex 86.75 17.4118 -24.6593
      vertex 86.75 16.1732 -24.2388
    endloop
  endfacet
  facet normal -1 0 0
    outer loop
      vertex 86.75 10 -15
      vertex 86.75 16.1732 -24.2388
      vertex 86.75 15 -23.6603
    endloop
  endfacet
  facet normal -1 0 0
    outer loop
      vertex 86.75 10 -15
      vertex 86.75 15 -23.6603
      vertex 86.75 13.9124 -22.9335
    endloop
  endfacet
  facet normal -1 0 0
    outer loop
      vertex 86.75 10 -15
      vertex 86.75 13.9124 -22.9335
      vertex 86.75 12.9289 -22.0711
    endloop
  endfacet
  facet normal -1 0 0
    outer loop
      vertex 86.75 10 -15
      vertex 86.75 12.9289 -22.0711
      vertex 86.75 12.0665 -21.0876
    endloop
  endfacet
  facet normal -1 0 0
    outer loop
      vertex 86.75 10 -15
      vertex 86.75 12.0665 -21.0876
      vertex 86.75 11.3397 -20
    endloop
  endfacet
  facet normal -1 0 0
    outer loop
      vertex 86.75 10 -15
      vertex 86.75 11.3397 -20
      vertex 86.75 10.7612 -18.8268
    endloop
  endfacet
  facet normal -1 0 0
    outer loop
      vertex 86.75 10 -15
      vertex 86.75 10.7612 -18.8268
      vertex 86.75 10.3407 -17.5882
    endloop
  endfacet
  facet normal -1 0 0
    outer loop
      vertex 86.75 10 -15
      vertex 86.75 10.3407 -17.5882
      vertex 86.75 10.0856 -16.3053
    endloop
  endfacet
  facet normal -1 0 0
    outer loop
      vertex 86.75 20 -25
      vertex 86.75 10 -15
      vertex 86.75 34.0024 -25
    endloop
  endfacet
  facet normal -1 0 0
    outer loop
      vertex 86.75 34.0024 -25
      vertex 86.75 10 -15
      vertex 86.75 10 11
    endloop
  endfacet
  facet normal 0 0.832025 0.554739
    outer loop
      vertex 119.25 34.0024 -25
      vertex 113.25 10 11
      vertex 119.25 10 11
    endloop
  endfacet
  facet normal 0 0.832025 0.554739
    outer loop
      vertex 113.25 10 11
      vertex 119.25 34.0024 -25
      vertex 113.25 34.0024 -25
    endloop
  endfacet
  facet normal 1 0 0
    outer loop
      vertex 119.25 10 -15
      vertex 119.25 20 -25
      vertex 119.25 34.0024 -25
    endloop
  endfacet
  facet normal 1 0 0
    outer loop
      vertex 119.25 20 -25
      vertex 119.25 10 -15
      vertex 119.25 18.6947 -24.9144
    endloop
  endfacet
  facet normal 1 0 0
    outer loop
      vertex 119.25 18.6947 -24.9144
      vertex 119.25 10 -15
      vertex 119.25 17.4118 -24.6593
    endloop
  endfacet
  facet normal 1 0 0
    outer loop
      vertex 119.25 17.4118 -24.6593
      vertex 119.25 10 -15
      vertex 119.25 16.1732 -24.2388
    endloop
  endfacet
  facet normal 1 0 0
    outer loop
      vertex 119.25 16.1732 -24.2388
      vertex 119.25 10 -15
      vertex 119.25 15 -23.6603
    endloop
  endfacet
  facet normal 1 0 0
    outer loop
      vertex 119.25 15 -23.6603
      vertex 119.25 10 -15
      vertex 119.25 13.9124 -22.9335
    endloop
  endfacet
  facet normal 1 0 0
    outer loop
      vertex 119.25 13.9124 -22.9335
      vertex 119.25 10 -15
      vertex 119.25 12.9289 -22.0711
    endloop
  endfacet
  facet normal 1 0 0
    outer loop
      vertex 119.25 12.9289 -22.0711
      vertex 119.25 10 -15
      vertex 119.25 12.0665 -21.0876
    endloop
  endfacet
  facet normal 1 0 0
    outer loop
      vertex 119.25 12.0665 -21.0876
      vertex 119.25 10 -15
      vertex 119.25 11.3397 -20
    endloop
  endfacet
  facet normal 1 0 0
    outer loop
      vertex 119.25 11.3397 -20
      vertex 119.25 10 -15
      vertex 119.25 10.7612 -18.8268
    endloop
  endfacet
  facet normal 1 0 0
    outer loop
      vertex 119.25 10.7612 -18.8268
      vertex 119.25 10 -15
      vertex 119.25 10.3407 -17.5882
    endloop
  endfacet
  facet normal 1 -0 0
    outer loop
      vertex 119.25 10 -15
      vertex 119.25 34.0024 -25
      vertex 119.25 10 11
    endloop
  endfacet
  facet normal 1 0 0
    outer loop
      vertex 119.25 10.3407 -17.5882
      vertex 119.25 10 -15
      vertex 119.25 10.0856 -16.3053
    endloop
  endfacet
  facet normal -1 0 0
    outer loop
      vertex 113.25 10 -15
      vertex 113.25 20 -25
      vertex 113.25 18.6947 -24.9144
    endloop
  endfacet
  facet normal -1 0 0
    outer loop
      vertex 113.25 10 -15
      vertex 113.25 18.6947 -24.9144
      vertex 113.25 17.4118 -24.6593
    endloop
  endfacet
  facet normal -1 0 0
    outer loop
      vertex 113.25 10 -15
      vertex 113.25 17.4118 -24.6593
      vertex 113.25 16.1732 -24.2388
    endloop
  endfacet
  facet normal -1 0 0
    outer loop
      vertex 113.25 10 -15
      vertex 113.25 16.1732 -24.2388
      vertex 113.25 15 -23.6603
    endloop
  endfacet
  facet normal -1 0 0
    outer loop
      vertex 113.25 10 -15
      vertex 113.25 15 -23.6603
      vertex 113.25 13.9124 -22.9335
    endloop
  endfacet
  facet normal -1 0 0
    outer loop
      vertex 113.25 10 -15
      vertex 113.25 13.9124 -22.9335
      vertex 113.25 12.9289 -22.0711
    endloop
  endfacet
  facet normal -1 0 0
    outer loop
      vertex 113.25 10 -15
      vertex 113.25 12.9289 -22.0711
      vertex 113.25 12.0665 -21.0876
    endloop
  endfacet
  facet normal -1 0 0
    outer loop
      vertex 113.25 10 -15
      vertex 113.25 12.0665 -21.0876
      vertex 113.25 11.3397 -20
    endloop
  endfacet
  facet normal -1 0 0
    outer loop
      vertex 113.25 10 -15
      vertex 113.25 11.3397 -20
      vertex 113.25 10.7612 -18.8268
    endloop
  endfacet
  facet normal -1 0 0
    outer loop
      vertex 113.25 10 -15
      vertex 113.25 10.7612 -18.8268
      vertex 113.25 10.3407 -17.5882
    endloop
  endfacet
  facet normal -1 0 0
    outer loop
      vertex 113.25 10 -15
      vertex 113.25 10.3407 -17.5882
      vertex 113.25 10.0856 -16.3053
    endloop
  endfacet
  facet normal -1 0 0
    outer loop
      vertex 113.25 20 -25
      vertex 113.25 10 -15
      vertex 113.25 34.0024 -25
    endloop
  endfacet
  facet normal -1 0 0
    outer loop
      vertex 113.25 34.0024 -25
      vertex 113.25 10 -15
      vertex 113.25 10 11
    endloop
  endfacet
  facet normal 0 0.832025 0.554739
    outer loop
      vertex 145.75 34.0024 -25
      vertex 139.75 10 11
      vertex 145.75 10 11
    endloop
  endfacet
  facet normal 0 0.832025 0.554739
    outer loop
      vertex 139.75 10 11
      vertex 145.75 34.0024 -25
      vertex 139.75 34.0024 -25
    endloop
  endfacet
  facet normal 1 0 0
    outer loop
      vertex 145.75 10 -15
      vertex 145.75 20 -25
      vertex 145.75 34.0024 -25
    endloop
  endfacet
  facet normal 1 0 0
    outer loop
      vertex 145.75 20 -25
      vertex 145.75 10 -15
      vertex 145.75 18.6947 -24.9144
    endloop
  endfacet
  facet normal 1 0 0
    outer loop
      vertex 145.75 18.6947 -24.9144
      vertex 145.75 10 -15
      vertex 145.75 17.4118 -24.6593
    endloop
  endfacet
  facet normal 1 0 0
    outer loop
      vertex 145.75 17.4118 -24.6593
      vertex 145.75 10 -15
      vertex 145.75 16.1732 -24.2388
    endloop
  endfacet
  facet normal 1 0 0
    outer loop
      vertex 145.75 16.1732 -24.2388
      vertex 145.75 10 -15
      vertex 145.75 15 -23.6603
    endloop
  endfacet
  facet normal 1 0 0
    outer loop
      vertex 145.75 15 -23.6603
      vertex 145.75 10 -15
      vertex 145.75 13.9124 -22.9335
    endloop
  endfacet
  facet normal 1 0 0
    outer loop
      vertex 145.75 13.9124 -22.9335
      vertex 145.75 10 -15
      vertex 145.75 12.9289 -22.0711
    endloop
  endfacet
  facet normal 1 0 0
    outer loop
      vertex 145.75 12.9289 -22.0711
      vertex 145.75 10 -15
      vertex 145.75 12.0665 -21.0876
    endloop
  endfacet
  facet normal 1 0 0
    outer loop
      vertex 145.75 12.0665 -21.0876
      vertex 145.75 10 -15
      vertex 145.75 11.3397 -20
    endloop
  endfacet
  facet normal 1 0 0
    outer loop
      vertex 145.75 11.3397 -20
      vertex 145.75 10 -15
      vertex 145.75 10.7612 -18.8268
    endloop
  endfacet
  facet normal 1 0 0
    outer loop
      vertex 145.75 10.7612 -18.8268
      vertex 145.75 10 -15
      vertex 145.75 10.3407 -17.5882
    endloop
  endfacet
  facet normal 1 -0 0
    outer loop
      vertex 145.75 10 -15
      vertex 145.75 34.0024 -25
      vertex 145.75 10 11
    endloop
  endfacet
  facet normal 1 0 0
    outer loop
      vertex 145.75 10.3407 -17.5882
      vertex 145.75 10 -15
      vertex 145.75 10.0856 -16.3053
    endloop
  endfacet
  facet normal -1 0 0
    outer loop
      vertex 139.75 10 -15
      vertex 139.75 20 -25
      vertex 139.75 18.6947 -24.9144
    endloop
  endfacet
  facet normal -1 0 0
    outer loop
      vertex 139.75 10 -15
      vertex 139.75 18.6947 -24.9144
      vertex 139.75 17.4118 -24.6593
    endloop
  endfacet
  facet normal -1 0 0
    outer loop
      vertex 139.75 10 -15
      vertex 139.75 17.4118 -24.6593
      vertex 139.75 16.1732 -24.2388
    endloop
  endfacet
  facet normal -1 0 0
    outer loop
      vertex 139.75 10 -15
      vertex 139.75 16.1732 -24.2388
      vertex 139.75 15 -23.6603
    endloop
  endfacet
  facet normal -1 0 0
    outer loop
      vertex 139.75 10 -15
      vertex 139.75 15 -23.6603
      vertex 139.75 13.9124 -22.9335
    endloop
  endfacet
  facet normal -1 0 0
    outer loop
      vertex 139.75 10 -15
      vertex 139.75 13.9124 -22.9335
      vertex 139.75 12.9289 -22.0711
    endloop
  endfacet
  facet normal -1 0 0
    outer loop
      vertex 139.75 10 -15
      vertex 139.75 12.9289 -22.0711
      vertex 139.75 12.0665 -21.0876
    endloop
  endfacet
  facet normal -1 0 0
    outer loop
      vertex 139.75 10 -15
      vertex 139.75 12.0665 -21.0876
      vertex 139.75 11.3397 -20
    endloop
  endfacet
  facet normal -1 0 0
    outer loop
      vertex 139.75 10 -15
      vertex 139.75 11.3397 -20
      vertex 139.75 10.7612 -18.8268
    endloop
  endfacet
  facet normal -1 0 0
    outer loop
      vertex 139.75 10 -15
      vertex 139.75 10.7612 -18.8268
      vertex 139.75 10.3407 -17.5882
    endloop
  endfacet
  facet normal -1 0 0
    outer loop
      vertex 139.75 10 -15
      vertex 139.75 10.3407 -17.5882
      vertex 139.75 10.0856 -16.3053
    endloop
  endfacet
  facet normal -1 0 0
    outer loop
      vertex 139.75 20 -25
      vertex 139.75 10 -15
      vertex 139.75 34.0024 -25
    endloop
  endfacet
  facet normal -1 0 0
    outer loop
      vertex 139.75 34.0024 -25
      vertex 139.75 10 -15
      vertex 139.75 10 11
    endloop
  endfacet
  facet normal 0 0.832025 0.554739
    outer loop
      vertex 172.25 34.0024 -25
      vertex 166.25 10 11
      vertex 172.25 10 11
    endloop
  endfacet
  facet normal 0 0.832025 0.554739
    outer loop
      vertex 166.25 10 11
      vertex 172.25 34.0024 -25
      vertex 166.25 34.0024 -25
    endloop
  endfacet
  facet normal 1 0 0
    outer loop
      vertex 172.25 10 -15
      vertex 172.25 20 -25
      vertex 172.25 34.0024 -25
    endloop
  endfacet
  facet normal 1 0 0
    outer loop
      vertex 172.25 20 -25
      vertex 172.25 10 -15
      vertex 172.25 18.6947 -24.9144
    endloop
  endfacet
  facet normal 1 0 0
    outer loop
      vertex 172.25 18.6947 -24.9144
      vertex 172.25 10 -15
      vertex 172.25 17.4118 -24.6593
    endloop
  endfacet
  facet normal 1 0 0
    outer loop
      vertex 172.25 17.4118 -24.6593
      vertex 172.25 10 -15
      vertex 172.25 16.1732 -24.2388
    endloop
  endfacet
  facet normal 1 0 0
    outer loop
      vertex 172.25 16.1732 -24.2388
      vertex 172.25 10 -15
      vertex 172.25 15 -23.6603
    endloop
  endfacet
  facet normal 1 0 0
    outer loop
      vertex 172.25 15 -23.6603
      vertex 172.25 10 -15
      vertex 172.25 13.9124 -22.9335
    endloop
  endfacet
  facet normal 1 0 0
    outer loop
      vertex 172.25 13.9124 -22.9335
      vertex 172.25 10 -15
      vertex 172.25 12.9289 -22.0711
    endloop
  endfacet
  facet normal 1 0 0
    outer loop
      vertex 172.25 12.9289 -22.0711
      vertex 172.25 10 -15
      vertex 172.25 12.0665 -21.0876
    endloop
  endfacet
  facet normal 1 0 0
    outer loop
      vertex 172.25 12.0665 -21.0876
      vertex 172.25 10 -15
      vertex 172.25 11.3397 -20
    endloop
  endfacet
  facet normal 1 0 0
    outer loop
      vertex 172.25 11.3397 -20
      vertex 172.25 10 -15
      vertex 172.25 10.7612 -18.8268
    endloop
  endfacet
  facet normal 1 0 0
    outer loop
      vertex 172.25 10.7612 -18.8268
      vertex 172.25 10 -15
      vertex 172.25 10.3407 -17.5882
    endloop
  endfacet
  facet normal 1 -0 0
    outer loop
      vertex 172.25 10 -15
      vertex 172.25 34.0024 -25
      vertex 172.25 10 11
    endloop
  endfacet
  facet normal 1 0 0
    outer loop
      vertex 172.25 10.3407 -17.5882
      vertex 172.25 10 -15
      vertex 172.25 10.0856 -16.3053
    endloop
  endfacet
  facet normal -1 0 0
    outer loop
      vertex 166.25 10 -15
      vertex 166.25 20 -25
      vertex 166.25 18.6947 -24.9144
    endloop
  endfacet
  facet normal -1 0 0
    outer loop
      vertex 166.25 10 -15
      vertex 166.25 18.6947 -24.9144
      vertex 166.25 17.4118 -24.6593
    endloop
  endfacet
  facet normal -1 0 0
    outer loop
      vertex 166.25 10 -15
      vertex 166.25 17.4118 -24.6593
      vertex 166.25 16.1732 -24.2388
    endloop
  endfacet
  facet normal -1 0 0
    outer loop
      vertex 166.25 10 -15
      vertex 166.25 16.1732 -24.2388
      vertex 166.25 15 -23.6603
    endloop
  endfacet
  facet normal -1 0 0
    outer loop
      vertex 166.25 10 -15
      vertex 166.25 15 -23.6603
      vertex 166.25 13.9124 -22.9335
    endloop
  endfacet
  facet normal -1 0 0
    outer loop
      vertex 166.25 10 -15
      vertex 166.25 13.9124 -22.9335
      vertex 166.25 12.9289 -22.0711
    endloop
  endfacet
  facet normal -1 0 0
    outer loop
      vertex 166.25 10 -15
      vertex 166.25 12.9289 -22.0711
      vertex 166.25 12.0665 -21.0876
    endloop
  endfacet
  facet normal -1 0 0
    outer loop
      vertex 166.25 10 -15
      vertex 166.25 12.0665 -21.0876
      vertex 166.25 11.3397 -20
    endloop
  endfacet
  facet normal -1 0 0
    outer loop
      vertex 166.25 10 -15
      vertex 166.25 11.3397 -20
      vertex 166.25 10.7612 -18.8268
    endloop
  endfacet
  facet normal -1 0 0
    outer loop
      vertex 166.25 10 -15
      vertex 166.25 10.7612 -18.8268
      vertex 166.25 10.3407 -17.5882
    endloop
  endfacet
  facet normal -1 0 0
    outer loop
      vertex 166.25 10 -15
      vertex 166.25 10.3407 -17.5882
      vertex 166.25 10.0856 -16.3053
    endloop
  endfacet
  facet normal -1 0 0
    outer loop
      vertex 166.25 20 -25
      vertex 166.25 10 -15
      vertex 166.25 34.0024 -25
    endloop
  endfacet
  facet normal -1 0 0
    outer loop
      vertex 166.25 34.0024 -25
      vertex 166.25 10 -15
      vertex 166.25 10 11
    endloop
  endfacet
  facet normal 0.997845 -0 0.0656179
    outer loop
      vertex 200.897 0 8.59576
      vertex 201 10 7.02945
      vertex 200.897 10 8.59576
    endloop
  endfacet
  facet normal 0.997845 0 0.0656179
    outer loop
      vertex 201 10 7.02945
      vertex 200.897 0 8.59576
      vertex 201 0 7.02945
    endloop
  endfacet
  facet normal -0 0 1
    outer loop
      vertex -1.02945 10 20
      vertex 188.029 0 20
      vertex 188.029 10 20
    endloop
  endfacet
  facet normal 0 0 1
    outer loop
      vertex 188.029 0 20
      vertex -1.02945 10 20
      vertex -1.02945 0 20
    endloop
  endfacet
  facet normal 0.0653989 0 0.997859
    outer loop
      vertex 188.029 10 20
      vertex 189.596 0 19.8973
      vertex 189.596 10 19.8973
    endloop
  endfacet
  facet normal 0.0653989 0 0.997859
    outer loop
      vertex 189.596 0 19.8973
      vertex 188.029 10 20
      vertex 188.029 0 20
    endloop
  endfacet
  facet normal 0.980814 -0 0.194947
    outer loop
      vertex 200.591 0 10.1353
      vertex 200.897 10 8.59576
      vertex 200.591 10 10.1353
    endloop
  endfacet
  facet normal 0.980814 0 0.194947
    outer loop
      vertex 200.897 10 8.59576
      vertex 200.591 0 10.1353
      vertex 200.897 0 8.59576
    endloop
  endfacet
  facet normal -0.707114 0 0.707099
    outer loop
      vertex -10.4853 0 15.5147
      vertex -9.51472 10 16.4853
      vertex -10.4853 10 15.5147
    endloop
  endfacet
  facet normal -0.707114 0 0.707099
    outer loop
      vertex -9.51472 10 16.4853
      vertex -10.4853 0 15.5147
      vertex -9.51472 0 16.4853
    endloop
  endfacet
  facet normal 0.707325 -0 0.706888
    outer loop
      vertex 196.515 0 16.4853
      vertex 197.485 10 15.5147
      vertex 196.515 10 16.4853
    endloop
  endfacet
  facet normal 0.707325 0 0.706888
    outer loop
      vertex 197.485 10 15.5147
      vertex 196.515 0 16.4853
      vertex 197.485 0 15.5147
    endloop
  endfacet
  facet normal 0.195136 0 0.980776
    outer loop
      vertex 189.596 10 19.8973
      vertex 191.135 0 19.5911
      vertex 191.135 10 19.5911
    endloop
  endfacet
  facet normal 0.195136 0 0.980776
    outer loop
      vertex 191.135 0 19.5911
      vertex 189.596 10 19.8973
      vertex 189.596 0 19.8973
    endloop
  endfacet
  facet normal 0.442465 0 0.896786
    outer loop
      vertex 192.622 10 19.0865
      vertex 194.029 0 18.3923
      vertex 194.029 10 18.3923
    endloop
  endfacet
  facet normal 0.442465 0 0.896786
    outer loop
      vertex 194.029 0 18.3923
      vertex 192.622 10 19.0865
      vertex 192.622 0 19.0865
    endloop
  endfacet
  facet normal -0.659326 0 0.751857
    outer loop
      vertex -9.51472 10 16.4853
      vertex -8.33458 0 17.5202
      vertex -8.33458 10 17.5202
    endloop
  endfacet
  facet normal -0.659326 0 0.751857
    outer loop
      vertex -8.33458 0 17.5202
      vertex -9.51472 10 16.4853
      vertex -9.51472 0 16.4853
    endloop
  endfacet
  facet normal -0.997857 0 0.0654276
    outer loop
      vertex -14 0 7.02945
      vertex -13.8973 10 8.59576
      vertex -14 10 7.02945
    endloop
  endfacet
  facet normal -0.997857 0 0.0654276
    outer loop
      vertex -13.8973 10 8.59576
      vertex -14 0 7.02945
      vertex -13.8973 0 8.59576
    endloop
  endfacet
  facet normal -0.44226 0 0.896887
    outer loop
      vertex -7.02945 10 18.3923
      vertex -5.62164 0 19.0865
      vertex -5.62164 10 19.0865
    endloop
  endfacet
  facet normal -0.44226 0 0.896887
    outer loop
      vertex -5.62164 0 19.0865
      vertex -7.02945 10 18.3923
      vertex -7.02945 0 18.3923
    endloop
  endfacet
  facet normal -0.946917 0 0.321479
    outer loop
      vertex -13.5911 0 10.1353
      vertex -13.0865 10 11.6216
      vertex -13.5911 10 10.1353
    endloop
  endfacet
  facet normal -0.946917 0 0.321479
    outer loop
      vertex -13.0865 10 11.6216
      vertex -13.5911 0 10.1353
      vertex -13.0865 0 11.6216
    endloop
  endfacet
  facet normal 0.751815 -0 0.659375
    outer loop
      vertex 197.485 0 15.5147
      vertex 198.52 10 14.3346
      vertex 197.485 10 15.5147
    endloop
  endfacet
  facet normal 0.751815 0 0.659375
    outer loop
      vertex 198.52 10 14.3346
      vertex 197.485 0 15.5147
      vertex 198.52 0 14.3346
    endloop
  endfacet
  facet normal -0.0654276 0 0.997857
    outer loop
      vertex -2.59576 10 19.8973
      vertex -1.02945 0 20
      vertex -1.02945 10 20
    endloop
  endfacet
  facet normal -0.0654276 0 0.997857
    outer loop
      vertex -1.02945 0 20
      vertex -2.59576 10 19.8973
      vertex -2.59576 0 19.8973
    endloop
  endfacet
  facet normal -0.831472 0 0.555567
    outer loop
      vertex -12.3923 0 13.0294
      vertex -11.5202 10 14.3346
      vertex -12.3923 10 13.0294
    endloop
  endfacet
  facet normal -0.831472 0 0.555567
    outer loop
      vertex -11.5202 10 14.3346
      vertex -12.3923 0 13.0294
      vertex -11.5202 0 14.3346
    endloop
  endfacet
  facet normal -0.321467 0 0.946921
    outer loop
      vertex -5.62164 10 19.0865
      vertex -4.13528 0 19.5911
      vertex -4.13528 10 19.5911
    endloop
  endfacet
  facet normal -0.321467 0 0.946921
    outer loop
      vertex -4.13528 0 19.5911
      vertex -5.62164 10 19.0865
      vertex -5.62164 0 19.0865
    endloop
  endfacet
  facet normal 0.65937 0 0.751818
    outer loop
      vertex 195.335 10 17.5202
      vertex 196.515 0 16.4853
      vertex 196.515 10 16.4853
    endloop
  endfacet
  facet normal 0.65937 0 0.751818
    outer loop
      vertex 196.515 0 16.4853
      vertex 195.335 10 17.5202
      vertex 195.335 0 17.5202
    endloop
  endfacet
  facet normal -0.980789 0 0.19507
    outer loop
      vertex -13.8973 0 8.59576
      vertex -13.5911 10 10.1353
      vertex -13.8973 10 8.59576
    endloop
  endfacet
  facet normal -0.980789 0 0.19507
    outer loop
      vertex -13.5911 10 10.1353
      vertex -13.8973 0 8.59576
      vertex -13.5911 0 10.1353
    endloop
  endfacet
  facet normal 0.947033 -0 0.321136
    outer loop
      vertex 200.087 0 11.6216
      vertex 200.591 10 10.1353
      vertex 200.087 10 11.6216
    endloop
  endfacet
  facet normal 0.947033 0 0.321136
    outer loop
      vertex 200.591 10 10.1353
      vertex 200.087 0 11.6216
      vertex 200.591 0 10.1353
    endloop
  endfacet
  facet normal -0.195072 0 0.980789
    outer loop
      vertex -4.13528 10 19.5911
      vertex -2.59576 0 19.8973
      vertex -2.59576 10 19.8973
    endloop
  endfacet
  facet normal -0.195072 0 0.980789
    outer loop
      vertex -2.59576 0 19.8973
      vertex -4.13528 10 19.5911
      vertex -4.13528 0 19.5911
    endloop
  endfacet
  facet normal -0.896885 0 0.442263
    outer loop
      vertex -13.0865 0 11.6216
      vertex -12.3923 10 13.0294
      vertex -13.0865 10 11.6216
    endloop
  endfacet
  facet normal -0.896885 0 0.442263
    outer loop
      vertex -12.3923 10 13.0294
      vertex -13.0865 0 11.6216
      vertex -12.3923 0 13.0294
    endloop
  endfacet
  facet normal 0.555332 0 0.831629
    outer loop
      vertex 194.029 10 18.3923
      vertex 195.335 0 17.5202
      vertex 195.335 10 17.5202
    endloop
  endfacet
  facet normal 0.555332 0 0.831629
    outer loop
      vertex 195.335 0 17.5202
      vertex 194.029 10 18.3923
      vertex 194.029 0 18.3923
    endloop
  endfacet
  facet normal 0.321343 0 0.946963
    outer loop
      vertex 191.135 10 19.5911
      vertex 192.622 0 19.0865
      vertex 192.622 10 19.0865
    endloop
  endfacet
  facet normal 0.321343 0 0.946963
    outer loop
      vertex 192.622 0 19.0865
      vertex 191.135 10 19.5911
      vertex 191.135 0 19.5911
    endloop
  endfacet
  facet normal -0.751846 0 0.659339
    outer loop
      vertex -11.5202 0 14.3346
      vertex -10.4853 10 15.5147
      vertex -11.5202 10 14.3346
    endloop
  endfacet
  facet normal -0.751846 0 0.659339
    outer loop
      vertex -10.4853 10 15.5147
      vertex -11.5202 0 14.3346
      vertex -10.4853 0 15.5147
    endloop
  endfacet
  facet normal -0.555588 0 0.831458
    outer loop
      vertex -8.33458 10 17.5202
      vertex -7.02945 0 18.3923
      vertex -7.02945 10 18.3923
    endloop
  endfacet
  facet normal -0.555588 0 0.831458
    outer loop
      vertex -7.02945 0 18.3923
      vertex -8.33458 10 17.5202
      vertex -8.33458 0 17.5202
    endloop
  endfacet
  facet normal 0.831501 -0 0.555523
    outer loop
      vertex 198.52 0 14.3346
      vertex 199.392 10 13.0294
      vertex 198.52 10 14.3346
    endloop
  endfacet
  facet normal 0.831501 0 0.555523
    outer loop
      vertex 199.392 10 13.0294
      vertex 198.52 0 14.3346
      vertex 199.392 0 13.0294
    endloop
  endfacet
  facet normal 0.896683 -0 0.442673
    outer loop
      vertex 199.392 0 13.0294
      vertex 200.087 10 11.6216
      vertex 199.392 10 13.0294
    endloop
  endfacet
  facet normal 0.896683 0 0.442673
    outer loop
      vertex 200.087 10 11.6216
      vertex 199.392 0 13.0294
      vertex 200.087 0 11.6216
    endloop
  endfacet
  facet normal 0.980815 0.19494 0
    outer loop
      vertex 200.897 33.862 -25
      vertex 200.591 35.4016 -35
      vertex 200.591 35.4016 -25
    endloop
  endfacet
  facet normal 0.980815 0.19494 0
    outer loop
      vertex 200.591 35.4016 -35
      vertex 200.897 33.862 -25
      vertex 200.897 33.862 -35
    endloop
  endfacet
  facet normal 0.831501 0.555523 0
    outer loop
      vertex 199.392 38.2957 -25
      vertex 198.52 39.6009 -35
      vertex 198.52 39.6009 -25
    endloop
  endfacet
  facet normal 0.831501 0.555523 0
    outer loop
      vertex 198.52 39.6009 -35
      vertex 199.392 38.2957 -25
      vertex 199.392 38.2957 -35
    endloop
  endfacet
  facet normal 0.997845 0.0656183 0
    outer loop
      vertex 201 32.2957 -25
      vertex 200.897 33.862 -35
      vertex 200.897 33.862 -25
    endloop
  endfacet
  facet normal 0.997845 0.0656183 0
    outer loop
      vertex 200.897 33.862 -35
      vertex 201 32.2957 -25
      vertex 201 32.2957 -35
    endloop
  endfacet
  facet normal 0.195075 0.980788 -0
    outer loop
      vertex 192.106 43.8868 -35
      vertex 190.566 44.1931 -25
      vertex 192.106 43.8868 -25
    endloop
  endfacet
  facet normal 0.195075 0.980788 0
    outer loop
      vertex 190.566 44.1931 -25
      vertex 192.106 43.8868 -35
      vertex 190.566 44.1931 -35
    endloop
  endfacet
  facet normal -0.22508 0.97434 0
    outer loop
      vertex -3.9306 38.2766 -35
      vertex -5.45999 37.9233 -25
      vertex -3.9306 38.2766 -25
    endloop
  endfacet
  facet normal -0.22508 0.97434 0
    outer loop
      vertex -5.45999 37.9233 -25
      vertex -3.9306 38.2766 -35
      vertex -5.45999 37.9233 -35
    endloop
  endfacet
  facet normal -0.682114 0.731245 0
    outer loop
      vertex -9.59378 35.7246 -35
      vertex -10.7416 34.6539 -25
      vertex -9.59378 35.7246 -25
    endloop
  endfacet
  facet normal -0.682114 0.731245 0
    outer loop
      vertex -10.7416 34.6539 -25
      vertex -9.59378 35.7246 -35
      vertex -10.7416 34.6539 -35
    endloop
  endfacet
  facet normal -0.0960062 0.995381 0
    outer loop
      vertex -2.36816 38.4273 -35
      vertex -3.9306 38.2766 -25
      vertex -2.36816 38.4273 -25
    endloop
  endfacet
  facet normal -0.0960062 0.995381 0
    outer loop
      vertex -3.9306 38.2766 -25
      vertex -2.36816 38.4273 -35
      vertex -3.9306 38.2766 -35
    endloop
  endfacet
  facet normal 0.0500922 0.998745 -0
    outer loop
      vertex 190.566 44.1931 -35
      vertex 188.632 44.2901 -25
      vertex 190.566 44.1931 -25
    endloop
  endfacet
  facet normal 0.0500922 0.998745 0
    outer loop
      vertex 188.632 44.2901 -25
      vertex 190.566 44.1931 -35
      vertex 188.632 44.2901 -35
    endloop
  endfacet
  facet normal -0.580822 0.81403 0
    outer loop
      vertex -8.31602 36.6363 -35
      vertex -9.59378 35.7246 -25
      vertex -8.31602 36.6363 -25
    endloop
  endfacet
  facet normal -0.580822 0.81403 0
    outer loop
      vertex -9.59378 35.7246 -25
      vertex -8.31602 36.6363 -35
      vertex -9.59378 35.7246 -35
    endloop
  endfacet
  facet normal 0.555582 0.831462 -0
    outer loop
      vertex 196.305 41.816 -35
      vertex 195 42.688 -25
      vertex 196.305 41.816 -25
    endloop
  endfacet
  facet normal 0.555582 0.831462 0
    outer loop
      vertex 195 42.688 -25
      vertex 196.305 41.816 -35
      vertex 195 42.688 -35
    endloop
  endfacet
  facet normal -0.0306808 0.999529 0
    outer loop
      vertex 188.632 44.2901 -35
      vertex -2.36816 38.4273 -25
      vertex 188.632 44.2901 -25
    endloop
  endfacet
  facet normal -0.0306808 0.999529 0
    outer loop
      vertex -2.36816 38.4273 -25
      vertex 188.632 44.2901 -35
      vertex -2.36816 38.4273 -35
    endloop
  endfacet
  facet normal -0.956346 0.292236 0
    outer loop
      vertex -13.6809 29.1817 -35
      vertex -13.2222 30.6828 -25
      vertex -13.2222 30.6828 -35
    endloop
  endfacet
  facet normal -0.956346 0.292236 0
    outer loop
      vertex -13.2222 30.6828 -25
      vertex -13.6809 29.1817 -35
      vertex -13.6809 29.1817 -25
    endloop
  endfacet
  facet normal 0.32148 0.946916 -0
    outer loop
      vertex 193.592 43.3823 -35
      vertex 192.106 43.8868 -25
      vertex 193.592 43.3823 -25
    endloop
  endfacet
  facet normal 0.32148 0.946916 0
    outer loop
      vertex 192.106 43.8868 -25
      vertex 193.592 43.3823 -35
      vertex 192.106 43.8868 -35
    endloop
  endfacet
  facet normal -0.771693 0.635995 0
    outer loop
      vertex -11.7399 33.4426 -35
      vertex -10.7416 34.6539 -25
      vertex -10.7416 34.6539 -35
    endloop
  endfacet
  facet normal -0.771693 0.635995 0
    outer loop
      vertex -10.7416 34.6539 -25
      vertex -11.7399 33.4426 -35
      vertex -11.7399 33.4426 -25
    endloop
  endfacet
  facet normal 0.947033 0.321136 0
    outer loop
      vertex 200.591 35.4016 -25
      vertex 200.087 36.8879 -35
      vertex 200.087 36.8879 -25
    endloop
  endfacet
  facet normal 0.947033 0.321136 0
    outer loop
      vertex 200.087 36.8879 -35
      vertex 200.591 35.4016 -25
      vertex 200.591 35.4016 -35
    endloop
  endfacet
  facet normal -0.910035 0.414532 0
    outer loop
      vertex -13.2222 30.6828 -35
      vertex -12.5715 32.1113 -25
      vertex -12.5715 32.1113 -35
    endloop
  endfacet
  facet normal -0.910035 0.414532 0
    outer loop
      vertex -12.5715 32.1113 -25
      vertex -13.2222 30.6828 -35
      vertex -13.2222 30.6828 -25
    endloop
  endfacet
  facet normal -0.986304 0.164936 0
    outer loop
      vertex -13.9398 27.6335 -35
      vertex -13.6809 29.1817 -25
      vertex -13.6809 29.1817 -35
    endloop
  endfacet
  facet normal -0.986304 0.164936 0
    outer loop
      vertex -13.6809 29.1817 -25
      vertex -13.9398 27.6335 -35
      vertex -13.9398 27.6335 -25
    endloop
  endfacet
  facet normal 0.751815 0.659375 0
    outer loop
      vertex 198.52 39.6009 -25
      vertex 197.485 40.781 -35
      vertex 197.485 40.781 -25
    endloop
  endfacet
  facet normal 0.751815 0.659375 0
    outer loop
      vertex 197.485 40.781 -35
      vertex 198.52 39.6009 -25
      vertex 198.52 39.6009 -35
    endloop
  endfacet
  facet normal -0.848131 0.529787 0
    outer loop
      vertex -12.5715 32.1113 -35
      vertex -11.7399 33.4426 -25
      vertex -11.7399 33.4426 -35
    endloop
  endfacet
  facet normal -0.848131 0.529787 0
    outer loop
      vertex -11.7399 33.4426 -25
      vertex -12.5715 32.1113 -35
      vertex -12.5715 32.1113 -25
    endloop
  endfacet
  facet normal -0.998745 0.0500828 0
    outer loop
      vertex -14 26.433 -35
      vertex -13.9398 27.6335 -25
      vertex -13.9398 27.6335 -35
    endloop
  endfacet
  facet normal -0.998745 0.0500828 0
    outer loop
      vertex -13.9398 27.6335 -25
      vertex -14 26.433 -35
      vertex -14 26.433 -25
    endloop
  endfacet
  facet normal 0.442264 0.896885 -0
    outer loop
      vertex 195 42.688 -35
      vertex 193.592 43.3823 -25
      vertex 195 42.688 -25
    endloop
  endfacet
  facet normal 0.442264 0.896885 0
    outer loop
      vertex 193.592 43.3823 -25
      vertex 195 42.688 -35
      vertex 193.592 43.3823 -35
    endloop
  endfacet
  facet normal -0.350329 0.936627 0
    outer loop
      vertex -5.45999 37.9233 -35
      vertex -6.93018 37.3734 -25
      vertex -5.45999 37.9233 -25
    endloop
  endfacet
  facet normal -0.350329 0.936627 0
    outer loop
      vertex -6.93018 37.3734 -25
      vertex -5.45999 37.9233 -35
      vertex -6.93018 37.3734 -35
    endloop
  endfacet
  facet normal 0.896683 0.442673 0
    outer loop
      vertex 200.087 36.8879 -25
      vertex 199.392 38.2957 -35
      vertex 199.392 38.2957 -25
    endloop
  endfacet
  facet normal 0.896683 0.442673 0
    outer loop
      vertex 199.392 38.2957 -35
      vertex 200.087 36.8879 -25
      vertex 200.087 36.8879 -35
    endloop
  endfacet
  facet normal -0.469589 0.882885 0
    outer loop
      vertex -6.93018 37.3734 -35
      vertex -8.31602 36.6363 -25
      vertex -6.93018 37.3734 -25
    endloop
  endfacet
  facet normal -0.469589 0.882885 0
    outer loop
      vertex -8.31602 36.6363 -25
      vertex -6.93018 37.3734 -35
      vertex -8.31602 36.6363 -35
    endloop
  endfacet
  facet normal 0.659406 0.751787 -0
    outer loop
      vertex 197.485 40.781 -35
      vertex 196.305 41.816 -25
      vertex 197.485 40.781 -25
    endloop
  endfacet
  facet normal 0.659406 0.751787 0
    outer loop
      vertex 196.305 41.816 -25
      vertex 197.485 40.781 -35
      vertex 196.305 41.816 -35
    endloop
  endfacet
  facet normal 0.195075 0 0.980788
    outer loop
      vertex -1.06116 10 -3.9603
      vertex -0.535157 -6 -4.06492
      vertex -0.535157 10 -4.06492
    endloop
  endfacet
  facet normal 0.195075 0 0.980788
    outer loop
      vertex -0.535157 -6 -4.06492
      vertex -1.06116 10 -3.9603
      vertex -1.06116 -6 -3.9603
    endloop
  endfacet
  facet normal 0.997858 -0 0.0654105
    outer loop
      vertex -4.1 -6 0
      vertex -4.06492 10 -0.535157
      vertex -4.1 10 0
    endloop
  endfacet
  facet normal 0.997858 0 0.0654105
    outer loop
      vertex -4.06492 10 -0.535157
      vertex -4.1 -6 0
      vertex -4.06492 -6 -0.535157
    endloop
  endfacet
  facet normal 0.659341 0 -0.751844
    outer loop
      vertex -2.89914 -6 2.89914
      vertex -2.49592 10 3.25275
      vertex -2.49592 -6 3.25275
    endloop
  endfacet
  facet normal 0.659341 0 -0.751844
    outer loop
      vertex -2.49592 10 3.25275
      vertex -2.89914 -6 2.89914
      vertex -2.89914 10 2.89914
    endloop
  endfacet
  facet normal 0.980788 -0 0.195075
    outer loop
      vertex -4.06492 -6 -0.535157
      vertex -3.9603 10 -1.06116
      vertex -4.06492 10 -0.535157
    endloop
  endfacet
  facet normal 0.980788 0 0.195075
    outer loop
      vertex -3.9603 10 -1.06116
      vertex -4.06492 -6 -0.535157
      vertex -3.9603 -6 -1.06116
    endloop
  endfacet
  facet normal 0.946929 -0 0.321442
    outer loop
      vertex -3.9603 -6 -1.06116
      vertex -3.78791 10 -1.569
      vertex -3.9603 10 -1.06116
    endloop
  endfacet
  facet normal 0.946929 0 0.321442
    outer loop
      vertex -3.78791 10 -1.569
      vertex -3.9603 -6 -1.06116
      vertex -3.78791 -6 -1.569
    endloop
  endfacet
  facet normal -0.980788 0 -0.195075
    outer loop
      vertex 4.06492 -6 0.535157
      vertex 3.9603 10 1.06116
      vertex 4.06492 10 0.535157
    endloop
  endfacet
  facet normal -0.980788 -0 -0.195075
    outer loop
      vertex 3.9603 10 1.06116
      vertex 4.06492 -6 0.535157
      vertex 3.9603 -6 1.06116
    endloop
  endfacet
  facet normal 0.980788 0 -0.195075
    outer loop
      vertex -3.9603 -6 1.06116
      vertex -4.06492 10 0.535157
      vertex -3.9603 10 1.06116
    endloop
  endfacet
  facet normal 0.980788 0 -0.195075
    outer loop
      vertex -4.06492 10 0.535157
      vertex -3.9603 -6 1.06116
      vertex -4.06492 -6 0.535157
    endloop
  endfacet
  facet normal 0.0654105 0 -0.997858
    outer loop
      vertex -0.535157 -6 4.06492
      vertex 0 10 4.1
      vertex 0 -6 4.1
    endloop
  endfacet
  facet normal 0.0654105 0 -0.997858
    outer loop
      vertex 0 10 4.1
      vertex -0.535157 -6 4.06492
      vertex -0.535157 10 4.06492
    endloop
  endfacet
  facet normal 0.659341 0 0.751844
    outer loop
      vertex -2.89914 10 -2.89914
      vertex -2.49592 -6 -3.25275
      vertex -2.49592 10 -3.25275
    endloop
  endfacet
  facet normal 0.659341 0 0.751844
    outer loop
      vertex -2.49592 -6 -3.25275
      vertex -2.89914 10 -2.89914
      vertex -2.89914 -6 -2.89914
    endloop
  endfacet
  facet normal 0.0654105 0 0.997858
    outer loop
      vertex -0.535157 10 -4.06492
      vertex 0 -6 -4.1
      vertex 0 10 -4.1
    endloop
  endfacet
  facet normal 0.0654105 0 0.997858
    outer loop
      vertex 0 -6 -4.1
      vertex -0.535157 10 -4.06492
      vertex -0.535157 -6 -4.06492
    endloop
  endfacet
  facet normal 0.946929 0 -0.321442
    outer loop
      vertex -3.78791 -6 1.569
      vertex -3.9603 10 1.06116
      vertex -3.78791 10 1.569
    endloop
  endfacet
  facet normal 0.946929 0 -0.321442
    outer loop
      vertex -3.9603 10 1.06116
      vertex -3.78791 -6 1.569
      vertex -3.9603 -6 1.06116
    endloop
  endfacet
  facet normal 0.997858 0 -0.0654105
    outer loop
      vertex -4.06492 -6 0.535157
      vertex -4.1 10 0
      vertex -4.06492 10 0.535157
    endloop
  endfacet
  facet normal 0.997858 0 -0.0654105
    outer loop
      vertex -4.1 10 0
      vertex -4.06492 -6 0.535157
      vertex -4.1 -6 0
    endloop
  endfacet
  facet normal 0.896868 0 -0.442299
    outer loop
      vertex -3.5507 -6 2.05
      vertex -3.78791 10 1.569
      vertex -3.5507 10 2.05
    endloop
  endfacet
  facet normal 0.896868 0 -0.442299
    outer loop
      vertex -3.78791 10 1.569
      vertex -3.5507 -6 2.05
      vertex -3.78791 -6 1.569
    endloop
  endfacet
  facet normal -0.751844 0 -0.659341
    outer loop
      vertex 3.25275 -6 2.49592
      vertex 2.89914 10 2.89914
      vertex 3.25275 10 2.49592
    endloop
  endfacet
  facet normal -0.751844 -0 -0.659341
    outer loop
      vertex 2.89914 10 2.89914
      vertex 3.25275 -6 2.49592
      vertex 2.89914 -6 2.89914
    endloop
  endfacet
  facet normal -0.0654105 0 0.997858
    outer loop
      vertex 0 10 -4.1
      vertex 0.535157 -6 -4.06492
      vertex 0.535157 10 -4.06492
    endloop
  endfacet
  facet normal -0.0654105 0 0.997858
    outer loop
      vertex 0.535157 -6 -4.06492
      vertex 0 10 -4.1
      vertex 0 -6 -4.1
    endloop
  endfacet
  facet normal -0.195075 0 0.980788
    outer loop
      vertex 0.535157 10 -4.06492
      vertex 1.06116 -6 -3.9603
      vertex 1.06116 10 -3.9603
    endloop
  endfacet
  facet normal -0.195075 0 0.980788
    outer loop
      vertex 1.06116 -6 -3.9603
      vertex 0.535157 10 -4.06492
      vertex 0.535157 -6 -4.06492
    endloop
  endfacet
  facet normal -0.946929 0 -0.321442
    outer loop
      vertex 3.9603 -6 1.06116
      vertex 3.78791 10 1.569
      vertex 3.9603 10 1.06116
    endloop
  endfacet
  facet normal -0.946929 -0 -0.321442
    outer loop
      vertex 3.78791 10 1.569
      vertex 3.9603 -6 1.06116
      vertex 3.78791 -6 1.569
    endloop
  endfacet
  facet normal -0.980788 0 0.195075
    outer loop
      vertex 3.9603 -6 -1.06116
      vertex 4.06492 10 -0.535157
      vertex 3.9603 10 -1.06116
    endloop
  endfacet
  facet normal -0.980788 0 0.195075
    outer loop
      vertex 4.06492 10 -0.535157
      vertex 3.9603 -6 -1.06116
      vertex 4.06492 -6 -0.535157
    endloop
  endfacet
  facet normal -0.997858 0 0.0654105
    outer loop
      vertex 4.06492 -6 -0.535157
      vertex 4.1 10 0
      vertex 4.06492 10 -0.535157
    endloop
  endfacet
  facet normal -0.997858 0 0.0654105
    outer loop
      vertex 4.1 10 0
      vertex 4.06492 -6 -0.535157
      vertex 4.1 -6 0
    endloop
  endfacet
  facet normal -0.195075 0 -0.980788
    outer loop
      vertex 0.535157 -6 4.06492
      vertex 1.06116 10 3.9603
      vertex 1.06116 -6 3.9603
    endloop
  endfacet
  facet normal -0.195075 0 -0.980788
    outer loop
      vertex 1.06116 10 3.9603
      vertex 0.535157 -6 4.06492
      vertex 0.535157 10 4.06492
    endloop
  endfacet
  facet normal -0.321442 0 -0.946929
    outer loop
      vertex 1.06116 -6 3.9603
      vertex 1.569 10 3.78791
      vertex 1.569 -6 3.78791
    endloop
  endfacet
  facet normal -0.321442 0 -0.946929
    outer loop
      vertex 1.569 10 3.78791
      vertex 1.06116 -6 3.9603
      vertex 1.06116 10 3.9603
    endloop
  endfacet
  facet normal -0.896868 0 -0.442299
    outer loop
      vertex 3.78791 -6 1.569
      vertex 3.5507 10 2.05
      vertex 3.78791 10 1.569
    endloop
  endfacet
  facet normal -0.896868 -0 -0.442299
    outer loop
      vertex 3.5507 10 2.05
      vertex 3.78791 -6 1.569
      vertex 3.5507 -6 2.05
    endloop
  endfacet
  facet normal 0.555565 0 0.831473
    outer loop
      vertex -2.49592 10 -3.25275
      vertex -2.05 -6 -3.5507
      vertex -2.05 10 -3.5507
    endloop
  endfacet
  facet normal 0.555565 0 0.831473
    outer loop
      vertex -2.05 -6 -3.5507
      vertex -2.49592 10 -3.25275
      vertex -2.49592 -6 -3.25275
    endloop
  endfacet
  facet normal 0.555565 0 -0.831473
    outer loop
      vertex -2.49592 -6 3.25275
      vertex -2.05 10 3.5507
      vertex -2.05 -6 3.5507
    endloop
  endfacet
  facet normal 0.555565 0 -0.831473
    outer loop
      vertex -2.05 10 3.5507
      vertex -2.49592 -6 3.25275
      vertex -2.49592 10 3.25275
    endloop
  endfacet
  facet normal -0.659341 0 -0.751844
    outer loop
      vertex 2.49592 -6 3.25275
      vertex 2.89914 10 2.89914
      vertex 2.89914 -6 2.89914
    endloop
  endfacet
  facet normal -0.659341 0 -0.751844
    outer loop
      vertex 2.89914 10 2.89914
      vertex 2.49592 -6 3.25275
      vertex 2.49592 10 3.25275
    endloop
  endfacet
  facet normal -0.831473 0 -0.555565
    outer loop
      vertex 3.5507 -6 2.05
      vertex 3.25275 10 2.49592
      vertex 3.5507 10 2.05
    endloop
  endfacet
  facet normal -0.831473 -0 -0.555565
    outer loop
      vertex 3.25275 10 2.49592
      vertex 3.5507 -6 2.05
      vertex 3.25275 -6 2.49592
    endloop
  endfacet
  facet normal -0.997858 0 -0.0654105
    outer loop
      vertex 4.1 -6 0
      vertex 4.06492 10 0.535157
      vertex 4.1 10 0
    endloop
  endfacet
  facet normal -0.997858 -0 -0.0654105
    outer loop
      vertex 4.06492 10 0.535157
      vertex 4.1 -6 0
      vertex 4.06492 -6 0.535157
    endloop
  endfacet
  facet normal -0.831473 0 0.555565
    outer loop
      vertex 3.25275 -6 -2.49592
      vertex 3.5507 10 -2.05
      vertex 3.25275 10 -2.49592
    endloop
  endfacet
  facet normal -0.831473 0 0.555565
    outer loop
      vertex 3.5507 10 -2.05
      vertex 3.25275 -6 -2.49592
      vertex 3.5507 -6 -2.05
    endloop
  endfacet
  facet normal 0.442299 0 -0.896868
    outer loop
      vertex -2.05 -6 3.5507
      vertex -1.569 10 3.78791
      vertex -1.569 -6 3.78791
    endloop
  endfacet
  facet normal 0.442299 0 -0.896868
    outer loop
      vertex -1.569 10 3.78791
      vertex -2.05 -6 3.5507
      vertex -2.05 10 3.5507
    endloop
  endfacet
  facet normal -0.659341 0 0.751844
    outer loop
      vertex 2.49592 10 -3.25275
      vertex 2.89914 -6 -2.89914
      vertex 2.89914 10 -2.89914
    endloop
  endfacet
  facet normal -0.659341 0 0.751844
    outer loop
      vertex 2.89914 -6 -2.89914
      vertex 2.49592 10 -3.25275
      vertex 2.49592 -6 -3.25275
    endloop
  endfacet
  facet normal 0.195075 0 -0.980788
    outer loop
      vertex -1.06116 -6 3.9603
      vertex -0.535157 10 4.06492
      vertex -0.535157 -6 4.06492
    endloop
  endfacet
  facet normal 0.195075 0 -0.980788
    outer loop
      vertex -0.535157 10 4.06492
      vertex -1.06116 -6 3.9603
      vertex -1.06116 10 3.9603
    endloop
  endfacet
  facet normal -0.321442 0 0.946929
    outer loop
      vertex 1.06116 10 -3.9603
      vertex 1.569 -6 -3.78791
      vertex 1.569 10 -3.78791
    endloop
  endfacet
  facet normal -0.321442 0 0.946929
    outer loop
      vertex 1.569 -6 -3.78791
      vertex 1.06116 10 -3.9603
      vertex 1.06116 -6 -3.9603
    endloop
  endfacet
  facet normal -0.555565 0 -0.831473
    outer loop
      vertex 2.05 -6 3.5507
      vertex 2.49592 10 3.25275
      vertex 2.49592 -6 3.25275
    endloop
  endfacet
  facet normal -0.555565 0 -0.831473
    outer loop
      vertex 2.49592 10 3.25275
      vertex 2.05 -6 3.5507
      vertex 2.05 10 3.5507
    endloop
  endfacet
  facet normal -0.555565 0 0.831473
    outer loop
      vertex 2.05 10 -3.5507
      vertex 2.49592 -6 -3.25275
      vertex 2.49592 10 -3.25275
    endloop
  endfacet
  facet normal -0.555565 0 0.831473
    outer loop
      vertex 2.49592 -6 -3.25275
      vertex 2.05 10 -3.5507
      vertex 2.05 -6 -3.5507
    endloop
  endfacet
  facet normal -0.442299 0 -0.896868
    outer loop
      vertex 1.569 -6 3.78791
      vertex 2.05 10 3.5507
      vertex 2.05 -6 3.5507
    endloop
  endfacet
  facet normal -0.442299 0 -0.896868
    outer loop
      vertex 2.05 10 3.5507
      vertex 1.569 -6 3.78791
      vertex 1.569 10 3.78791
    endloop
  endfacet
  facet normal 0.751844 0 -0.659341
    outer loop
      vertex -2.89914 -6 2.89914
      vertex -3.25275 10 2.49592
      vertex -2.89914 10 2.89914
    endloop
  endfacet
  facet normal 0.751844 0 -0.659341
    outer loop
      vertex -3.25275 10 2.49592
      vertex -2.89914 -6 2.89914
      vertex -3.25275 -6 2.49592
    endloop
  endfacet
  facet normal -0.0654105 0 -0.997858
    outer loop
      vertex 0 -6 4.1
      vertex 0.535157 10 4.06492
      vertex 0.535157 -6 4.06492
    endloop
  endfacet
  facet normal -0.0654105 0 -0.997858
    outer loop
      vertex 0.535157 10 4.06492
      vertex 0 -6 4.1
      vertex 0 10 4.1
    endloop
  endfacet
  facet normal -0.751844 0 0.659341
    outer loop
      vertex 2.89914 -6 -2.89914
      vertex 3.25275 10 -2.49592
      vertex 2.89914 10 -2.89914
    endloop
  endfacet
  facet normal -0.751844 0 0.659341
    outer loop
      vertex 3.25275 10 -2.49592
      vertex 2.89914 -6 -2.89914
      vertex 3.25275 -6 -2.49592
    endloop
  endfacet
  facet normal -0.896868 0 0.442299
    outer loop
      vertex 3.5507 -6 -2.05
      vertex 3.78791 10 -1.569
      vertex 3.5507 10 -2.05
    endloop
  endfacet
  facet normal -0.896868 0 0.442299
    outer loop
      vertex 3.78791 10 -1.569
      vertex 3.5507 -6 -2.05
      vertex 3.78791 -6 -1.569
    endloop
  endfacet
  facet normal 0.321442 0 -0.946929
    outer loop
      vertex -1.569 -6 3.78791
      vertex -1.06116 10 3.9603
      vertex -1.06116 -6 3.9603
    endloop
  endfacet
  facet normal 0.321442 0 -0.946929
    outer loop
      vertex -1.06116 10 3.9603
      vertex -1.569 -6 3.78791
      vertex -1.569 10 3.78791
    endloop
  endfacet
  facet normal 0.321442 0 0.946929
    outer loop
      vertex -1.569 10 -3.78791
      vertex -1.06116 -6 -3.9603
      vertex -1.06116 10 -3.9603
    endloop
  endfacet
  facet normal 0.321442 0 0.946929
    outer loop
      vertex -1.06116 -6 -3.9603
      vertex -1.569 10 -3.78791
      vertex -1.569 -6 -3.78791
    endloop
  endfacet
  facet normal 0.442299 0 0.896868
    outer loop
      vertex -2.05 10 -3.5507
      vertex -1.569 -6 -3.78791
      vertex -1.569 10 -3.78791
    endloop
  endfacet
  facet normal 0.442299 0 0.896868
    outer loop
      vertex -1.569 -6 -3.78791
      vertex -2.05 10 -3.5507
      vertex -2.05 -6 -3.5507
    endloop
  endfacet
  facet normal -0.442299 0 0.896868
    outer loop
      vertex 1.569 10 -3.78791
      vertex 2.05 -6 -3.5507
      vertex 2.05 10 -3.5507
    endloop
  endfacet
  facet normal -0.442299 0 0.896868
    outer loop
      vertex 2.05 -6 -3.5507
      vertex 1.569 10 -3.78791
      vertex 1.569 -6 -3.78791
    endloop
  endfacet
  facet normal 0.831473 0 -0.555565
    outer loop
      vertex -3.25275 -6 2.49592
      vertex -3.5507 10 2.05
      vertex -3.25275 10 2.49592
    endloop
  endfacet
  facet normal 0.831473 0 -0.555565
    outer loop
      vertex -3.5507 10 2.05
      vertex -3.25275 -6 2.49592
      vertex -3.5507 -6 2.05
    endloop
  endfacet
  facet normal 0.896868 -0 0.442299
    outer loop
      vertex -3.78791 -6 -1.569
      vertex -3.5507 10 -2.05
      vertex -3.78791 10 -1.569
    endloop
  endfacet
  facet normal 0.896868 0 0.442299
    outer loop
      vertex -3.5507 10 -2.05
      vertex -3.78791 -6 -1.569
      vertex -3.5507 -6 -2.05
    endloop
  endfacet
  facet normal -0.946929 0 0.321442
    outer loop
      vertex 3.78791 -6 -1.569
      vertex 3.9603 10 -1.06116
      vertex 3.78791 10 -1.569
    endloop
  endfacet
  facet normal -0.946929 0 0.321442
    outer loop
      vertex 3.9603 10 -1.06116
      vertex 3.78791 -6 -1.569
      vertex 3.9603 -6 -1.06116
    endloop
  endfacet
  facet normal 0.751844 -0 0.659341
    outer loop
      vertex -3.25275 -6 -2.49592
      vertex -2.89914 10 -2.89914
      vertex -3.25275 10 -2.49592
    endloop
  endfacet
  facet normal 0.751844 0 0.659341
    outer loop
      vertex -2.89914 10 -2.89914
      vertex -3.25275 -6 -2.49592
      vertex -2.89914 -6 -2.89914
    endloop
  endfacet
  facet normal 0.831473 -0 0.555565
    outer loop
      vertex -3.5507 -6 -2.05
      vertex -3.25275 10 -2.49592
      vertex -3.5507 10 -2.05
    endloop
  endfacet
  facet normal 0.831473 0 0.555565
    outer loop
      vertex -3.25275 10 -2.49592
      vertex -3.5507 -6 -2.05
      vertex -3.25275 -6 -2.49592
    endloop
  endfacet
  facet normal 0.997868 -0 0.0652619
    outer loop
      vertex 182.9 -6 0
      vertex 182.935 10 -0.535157
      vertex 182.9 10 0
    endloop
  endfacet
  facet normal 0.997868 0 0.0652619
    outer loop
      vertex 182.935 10 -0.535157
      vertex 182.9 -6 0
      vertex 182.935 -6 -0.535157
    endloop
  endfacet
  facet normal -0.442299 0 -0.896868
    outer loop
      vertex 188.569 -6 3.78791
      vertex 189.05 10 3.5507
      vertex 189.05 -6 3.5507
    endloop
  endfacet
  facet normal -0.442299 0 -0.896868
    outer loop
      vertex 189.05 10 3.5507
      vertex 188.569 -6 3.78791
      vertex 188.569 10 3.78791
    endloop
  endfacet
  facet normal 0.659545 0 -0.751666
    outer loop
      vertex 184.101 -6 2.89914
      vertex 184.504 10 3.25275
      vertex 184.504 -6 3.25275
    endloop
  endfacet
  facet normal 0.659545 0 -0.751666
    outer loop
      vertex 184.504 10 3.25275
      vertex 184.101 -6 2.89914
      vertex 184.101 10 2.89914
    endloop
  endfacet
  facet normal 0.980653 -0 0.195757
    outer loop
      vertex 182.935 -6 -0.535157
      vertex 183.04 10 -1.06116
      vertex 182.935 10 -0.535157
    endloop
  endfacet
  facet normal 0.980653 0 0.195757
    outer loop
      vertex 183.04 10 -1.06116
      vertex 182.935 -6 -0.535157
      vertex 183.04 -6 -1.06116
    endloop
  endfacet
  facet normal -0.83143 0 -0.555629
    outer loop
      vertex 190.551 -6 2.05
      vertex 190.253 10 2.49592
      vertex 190.551 10 2.05
    endloop
  endfacet
  facet normal -0.83143 -0 -0.555629
    outer loop
      vertex 190.253 10 2.49592
      vertex 190.551 -6 2.05
      vertex 190.253 -6 2.49592
    endloop
  endfacet
  facet normal 0.897023 0 -0.441984
    outer loop
      vertex 183.449 -6 2.05
      vertex 183.212 10 1.569
      vertex 183.449 10 2.05
    endloop
  endfacet
  facet normal 0.897023 0 -0.441984
    outer loop
      vertex 183.212 10 1.569
      vertex 183.449 -6 2.05
      vertex 183.212 -6 1.569
    endloop
  endfacet
  facet normal -0.980653 0 -0.195757
    outer loop
      vertex 191.065 -6 0.535157
      vertex 190.96 10 1.06116
      vertex 191.065 10 0.535157
    endloop
  endfacet
  facet normal -0.980653 -0 -0.195757
    outer loop
      vertex 190.96 10 1.06116
      vertex 191.065 -6 0.535157
      vertex 190.96 -6 1.06116
    endloop
  endfacet
  facet normal 0.94715 -0 0.32079
    outer loop
      vertex 183.04 -6 -1.06116
      vertex 183.212 10 -1.569
      vertex 183.04 10 -1.06116
    endloop
  endfacet
  facet normal 0.94715 0 0.32079
    outer loop
      vertex 183.212 10 -1.569
      vertex 183.04 -6 -1.06116
      vertex 183.212 -6 -1.569
    endloop
  endfacet
  facet normal -0.659545 0 0.751666
    outer loop
      vertex 189.496 10 -3.25275
      vertex 189.899 -6 -2.89914
      vertex 189.899 10 -2.89914
    endloop
  endfacet
  facet normal -0.659545 0 0.751666
    outer loop
      vertex 189.899 -6 -2.89914
      vertex 189.496 10 -3.25275
      vertex 189.496 -6 -3.25275
    endloop
  endfacet
  facet normal 0.997868 0 -0.0652619
    outer loop
      vertex 182.935 -6 0.535157
      vertex 182.9 10 0
      vertex 182.935 10 0.535157
    endloop
  endfacet
  facet normal 0.997868 0 -0.0652619
    outer loop
      vertex 182.9 10 0
      vertex 182.935 -6 0.535157
      vertex 182.9 -6 0
    endloop
  endfacet
  facet normal 0.442299 0 0.896868
    outer loop
      vertex 184.95 10 -3.5507
      vertex 185.431 -6 -3.78791
      vertex 185.431 10 -3.78791
    endloop
  endfacet
  facet normal 0.442299 0 0.896868
    outer loop
      vertex 185.431 -6 -3.78791
      vertex 184.95 10 -3.5507
      vertex 184.95 -6 -3.5507
    endloop
  endfacet
  facet normal -0.0654296 0 -0.997857
    outer loop
      vertex 187 -6 4.1
      vertex 187.535 10 4.06492
      vertex 187.535 -6 4.06492
    endloop
  endfacet
  facet normal -0.0654296 0 -0.997857
    outer loop
      vertex 187.535 10 4.06492
      vertex 187 -6 4.1
      vertex 187 10 4.1
    endloop
  endfacet
  facet normal 0.94715 0 -0.32079
    outer loop
      vertex 183.212 -6 1.569
      vertex 183.04 10 1.06116
      vertex 183.212 10 1.569
    endloop
  endfacet
  facet normal 0.94715 0 -0.32079
    outer loop
      vertex 183.04 10 1.06116
      vertex 183.212 -6 1.569
      vertex 183.04 -6 1.06116
    endloop
  endfacet
  facet normal 0.195076 0 -0.980788
    outer loop
      vertex 185.939 -6 3.9603
      vertex 186.465 10 4.06492
      vertex 186.465 -6 4.06492
    endloop
  endfacet
  facet normal 0.195076 0 -0.980788
    outer loop
      vertex 186.465 10 4.06492
      vertex 185.939 -6 3.9603
      vertex 185.939 10 3.9603
    endloop
  endfacet
  facet normal 0.980653 0 -0.195757
    outer loop
      vertex 183.04 -6 1.06116
      vertex 182.935 10 0.535157
      vertex 183.04 10 1.06116
    endloop
  endfacet
  facet normal 0.980653 0 -0.195757
    outer loop
      vertex 182.935 10 0.535157
      vertex 183.04 -6 1.06116
      vertex 182.935 -6 0.535157
    endloop
  endfacet
  facet normal 0.321351 0 0.94696
    outer loop
      vertex 185.431 10 -3.78791
      vertex 185.939 -6 -3.9603
      vertex 185.939 10 -3.9603
    endloop
  endfacet
  facet normal 0.321351 0 0.94696
    outer loop
      vertex 185.939 -6 -3.9603
      vertex 185.431 10 -3.78791
      vertex 185.431 -6 -3.78791
    endloop
  endfacet
  facet normal -0.94715 0 0.32079
    outer loop
      vertex 190.788 -6 -1.569
      vertex 190.96 10 -1.06116
      vertex 190.788 10 -1.569
    endloop
  endfacet
  facet normal -0.94715 0 0.32079
    outer loop
      vertex 190.96 10 -1.06116
      vertex 190.788 -6 -1.569
      vertex 190.96 -6 -1.06116
    endloop
  endfacet
  facet normal -0.751483 0 -0.659752
    outer loop
      vertex 190.253 -6 2.49592
      vertex 189.899 10 2.89914
      vertex 190.253 10 2.49592
    endloop
  endfacet
  facet normal -0.751483 -0 -0.659752
    outer loop
      vertex 189.899 10 2.89914
      vertex 190.253 -6 2.49592
      vertex 189.899 -6 2.89914
    endloop
  endfacet
  facet normal -0.897023 0 0.441984
    outer loop
      vertex 190.551 -6 -2.05
      vertex 190.788 10 -1.569
      vertex 190.551 10 -2.05
    endloop
  endfacet
  facet normal -0.897023 0 0.441984
    outer loop
      vertex 190.788 10 -1.569
      vertex 190.551 -6 -2.05
      vertex 190.788 -6 -1.569
    endloop
  endfacet
  facet normal 0.555496 0 -0.831519
    outer loop
      vertex 184.504 -6 3.25275
      vertex 184.95 10 3.5507
      vertex 184.95 -6 3.5507
    endloop
  endfacet
  facet normal 0.555496 0 -0.831519
    outer loop
      vertex 184.95 10 3.5507
      vertex 184.504 -6 3.25275
      vertex 184.504 10 3.25275
    endloop
  endfacet
  facet normal 0.659545 0 0.751666
    outer loop
      vertex 184.101 10 -2.89914
      vertex 184.504 -6 -3.25275
      vertex 184.504 10 -3.25275
    endloop
  endfacet
  facet normal 0.659545 0 0.751666
    outer loop
      vertex 184.504 -6 -3.25275
      vertex 184.101 10 -2.89914
      vertex 184.101 -6 -2.89914
    endloop
  endfacet
  facet normal -0.94715 0 -0.32079
    outer loop
      vertex 190.96 -6 1.06116
      vertex 190.788 10 1.569
      vertex 190.96 10 1.06116
    endloop
  endfacet
  facet normal -0.94715 -0 -0.32079
    outer loop
      vertex 190.788 10 1.569
      vertex 190.96 -6 1.06116
      vertex 190.788 -6 1.569
    endloop
  endfacet
  facet normal -0.997868 0 0.0652619
    outer loop
      vertex 191.065 -6 -0.535157
      vertex 191.1 10 0
      vertex 191.065 10 -0.535157
    endloop
  endfacet
  facet normal -0.997868 0 0.0652619
    outer loop
      vertex 191.1 10 0
      vertex 191.065 -6 -0.535157
      vertex 191.1 -6 0
    endloop
  endfacet
  facet normal -0.195076 0 -0.980788
    outer loop
      vertex 187.535 -6 4.06492
      vertex 188.061 10 3.9603
      vertex 188.061 -6 3.9603
    endloop
  endfacet
  facet normal -0.195076 0 -0.980788
    outer loop
      vertex 188.061 10 3.9603
      vertex 187.535 -6 4.06492
      vertex 187.535 10 4.06492
    endloop
  endfacet
  facet normal -0.997868 0 -0.0652619
    outer loop
      vertex 191.1 -6 0
      vertex 191.065 10 0.535157
      vertex 191.1 10 0
    endloop
  endfacet
  facet normal -0.997868 -0 -0.0652619
    outer loop
      vertex 191.065 10 0.535157
      vertex 191.1 -6 0
      vertex 191.065 -6 0.535157
    endloop
  endfacet
  facet normal -0.897023 0 -0.441984
    outer loop
      vertex 190.788 -6 1.569
      vertex 190.551 10 2.05
      vertex 190.788 10 1.569
    endloop
  endfacet
  facet normal -0.897023 -0 -0.441984
    outer loop
      vertex 190.551 10 2.05
      vertex 190.788 -6 1.569
      vertex 190.551 -6 2.05
    endloop
  endfacet
  facet normal 0.195076 0 0.980788
    outer loop
      vertex 185.939 10 -3.9603
      vertex 186.465 -6 -4.06492
      vertex 186.465 10 -4.06492
    endloop
  endfacet
  facet normal 0.195076 0 0.980788
    outer loop
      vertex 186.465 -6 -4.06492
      vertex 185.939 10 -3.9603
      vertex 185.939 -6 -3.9603
    endloop
  endfacet
  facet normal -0.659545 0 -0.751666
    outer loop
      vertex 189.496 -6 3.25275
      vertex 189.899 10 2.89914
      vertex 189.899 -6 2.89914
    endloop
  endfacet
  facet normal -0.659545 0 -0.751666
    outer loop
      vertex 189.899 10 2.89914
      vertex 189.496 -6 3.25275
      vertex 189.496 10 3.25275
    endloop
  endfacet
  facet normal 0.0654296 0 -0.997857
    outer loop
      vertex 186.465 -6 4.06492
      vertex 187 10 4.1
      vertex 187 -6 4.1
    endloop
  endfacet
  facet normal 0.0654296 0 -0.997857
    outer loop
      vertex 187 10 4.1
      vertex 186.465 -6 4.06492
      vertex 186.465 10 4.06492
    endloop
  endfacet
  facet normal -0.980653 0 0.195757
    outer loop
      vertex 190.96 -6 -1.06116
      vertex 191.065 10 -0.535157
      vertex 190.96 10 -1.06116
    endloop
  endfacet
  facet normal -0.980653 0 0.195757
    outer loop
      vertex 191.065 10 -0.535157
      vertex 190.96 -6 -1.06116
      vertex 191.065 -6 -0.535157
    endloop
  endfacet
  facet normal -0.555496 0 0.831519
    outer loop
      vertex 189.05 10 -3.5507
      vertex 189.496 -6 -3.25275
      vertex 189.496 10 -3.25275
    endloop
  endfacet
  facet normal -0.555496 0 0.831519
    outer loop
      vertex 189.496 -6 -3.25275
      vertex 189.05 10 -3.5507
      vertex 189.05 -6 -3.5507
    endloop
  endfacet
  facet normal 0.321351 0 -0.94696
    outer loop
      vertex 185.431 -6 3.78791
      vertex 185.939 10 3.9603
      vertex 185.939 -6 3.9603
    endloop
  endfacet
  facet normal 0.321351 0 -0.94696
    outer loop
      vertex 185.939 10 3.9603
      vertex 185.431 -6 3.78791
      vertex 185.431 10 3.78791
    endloop
  endfacet
  facet normal 0.897023 -0 0.441984
    outer loop
      vertex 183.212 -6 -1.569
      vertex 183.449 10 -2.05
      vertex 183.212 10 -1.569
    endloop
  endfacet
  facet normal 0.897023 0 0.441984
    outer loop
      vertex 183.449 10 -2.05
      vertex 183.212 -6 -1.569
      vertex 183.449 -6 -2.05
    endloop
  endfacet
  facet normal 0.751483 0 -0.659752
    outer loop
      vertex 184.101 -6 2.89914
      vertex 183.747 10 2.49592
      vertex 184.101 10 2.89914
    endloop
  endfacet
  facet normal 0.751483 0 -0.659752
    outer loop
      vertex 183.747 10 2.49592
      vertex 184.101 -6 2.89914
      vertex 183.747 -6 2.49592
    endloop
  endfacet
  facet normal -0.442299 0 0.896868
    outer loop
      vertex 188.569 10 -3.78791
      vertex 189.05 -6 -3.5507
      vertex 189.05 10 -3.5507
    endloop
  endfacet
  facet normal -0.442299 0 0.896868
    outer loop
      vertex 189.05 -6 -3.5507
      vertex 188.569 10 -3.78791
      vertex 188.569 -6 -3.78791
    endloop
  endfacet
  facet normal -0.321351 0 -0.94696
    outer loop
      vertex 188.061 -6 3.9603
      vertex 188.569 10 3.78791
      vertex 188.569 -6 3.78791
    endloop
  endfacet
  facet normal -0.321351 0 -0.94696
    outer loop
      vertex 188.569 10 3.78791
      vertex 188.061 -6 3.9603
      vertex 188.061 10 3.9603
    endloop
  endfacet
  facet normal -0.321351 0 0.94696
    outer loop
      vertex 188.061 10 -3.9603
      vertex 188.569 -6 -3.78791
      vertex 188.569 10 -3.78791
    endloop
  endfacet
  facet normal -0.321351 0 0.94696
    outer loop
      vertex 188.569 -6 -3.78791
      vertex 188.061 10 -3.9603
      vertex 188.061 -6 -3.9603
    endloop
  endfacet
  facet normal 0.751483 -0 0.659752
    outer loop
      vertex 183.747 -6 -2.49592
      vertex 184.101 10 -2.89914
      vertex 183.747 10 -2.49592
    endloop
  endfacet
  facet normal 0.751483 0 0.659752
    outer loop
      vertex 184.101 10 -2.89914
      vertex 183.747 -6 -2.49592
      vertex 184.101 -6 -2.89914
    endloop
  endfacet
  facet normal 0.83143 -0 0.555629
    outer loop
      vertex 183.449 -6 -2.05
      vertex 183.747 10 -2.49592
      vertex 183.449 10 -2.05
    endloop
  endfacet
  facet normal 0.83143 0 0.555629
    outer loop
      vertex 183.747 10 -2.49592
      vertex 183.449 -6 -2.05
      vertex 183.747 -6 -2.49592
    endloop
  endfacet
  facet normal 0.442299 0 -0.896868
    outer loop
      vertex 184.95 -6 3.5507
      vertex 185.431 10 3.78791
      vertex 185.431 -6 3.78791
    endloop
  endfacet
  facet normal 0.442299 0 -0.896868
    outer loop
      vertex 185.431 10 3.78791
      vertex 184.95 -6 3.5507
      vertex 184.95 10 3.5507
    endloop
  endfacet
  facet normal -0.555496 0 -0.831519
    outer loop
      vertex 189.05 -6 3.5507
      vertex 189.496 10 3.25275
      vertex 189.496 -6 3.25275
    endloop
  endfacet
  facet normal -0.555496 0 -0.831519
    outer loop
      vertex 189.496 10 3.25275
      vertex 189.05 -6 3.5507
      vertex 189.05 10 3.5507
    endloop
  endfacet
  facet normal 0.555496 0 0.831519
    outer loop
      vertex 184.504 10 -3.25275
      vertex 184.95 -6 -3.5507
      vertex 184.95 10 -3.5507
    endloop
  endfacet
  facet normal 0.555496 0 0.831519
    outer loop
      vertex 184.95 -6 -3.5507
      vertex 184.504 10 -3.25275
      vertex 184.504 -6 -3.25275
    endloop
  endfacet
  facet normal -0.83143 0 0.555629
    outer loop
      vertex 190.253 -6 -2.49592
      vertex 190.551 10 -2.05
      vertex 190.253 10 -2.49592
    endloop
  endfacet
  facet normal -0.83143 0 0.555629
    outer loop
      vertex 190.551 10 -2.05
      vertex 190.253 -6 -2.49592
      vertex 190.551 -6 -2.05
    endloop
  endfacet
  facet normal -0.0654296 0 0.997857
    outer loop
      vertex 187 10 -4.1
      vertex 187.535 -6 -4.06492
      vertex 187.535 10 -4.06492
    endloop
  endfacet
  facet normal -0.0654296 0 0.997857
    outer loop
      vertex 187.535 -6 -4.06492
      vertex 187 10 -4.1
      vertex 187 -6 -4.1
    endloop
  endfacet
  facet normal -0.195076 0 0.980788
    outer loop
      vertex 187.535 10 -4.06492
      vertex 188.061 -6 -3.9603
      vertex 188.061 10 -3.9603
    endloop
  endfacet
  facet normal -0.195076 0 0.980788
    outer loop
      vertex 188.061 -6 -3.9603
      vertex 187.535 10 -4.06492
      vertex 187.535 -6 -4.06492
    endloop
  endfacet
  facet normal 0.83143 0 -0.555629
    outer loop
      vertex 183.747 -6 2.49592
      vertex 183.449 10 2.05
      vertex 183.747 10 2.49592
    endloop
  endfacet
  facet normal 0.83143 0 -0.555629
    outer loop
      vertex 183.449 10 2.05
      vertex 183.747 -6 2.49592
      vertex 183.449 -6 2.05
    endloop
  endfacet
  facet normal -0.751483 0 0.659752
    outer loop
      vertex 189.899 -6 -2.89914
      vertex 190.253 10 -2.49592
      vertex 189.899 10 -2.89914
    endloop
  endfacet
  facet normal -0.751483 0 0.659752
    outer loop
      vertex 190.253 10 -2.49592
      vertex 189.899 -6 -2.89914
      vertex 190.253 -6 -2.49592
    endloop
  endfacet
  facet normal 0.0654296 0 0.997857
    outer loop
      vertex 186.465 10 -4.06492
      vertex 187 -6 -4.1
      vertex 187 10 -4.1
    endloop
  endfacet
  facet normal 0.0654296 0 0.997857
    outer loop
      vertex 187 -6 -4.1
      vertex 186.465 10 -4.06492
      vertex 186.465 -6 -4.06492
    endloop
  endfacet
  facet normal 0.321529 0.9469 -0
    outer loop
      vertex 48.68 19.1085 -35
      vertex 48.0483 19.323 -25
      vertex 48.68 19.1085 -25
    endloop
  endfacet
  facet normal 0.321529 0.9469 0
    outer loop
      vertex 48.0483 19.323 -25
      vertex 48.68 19.1085 -35
      vertex 48.0483 19.323 -35
    endloop
  endfacet
  facet normal 0.659427 -0.751768 0
    outer loop
      vertex 46.3938 29.641 -35
      vertex 46.8953 30.0809 -25
      vertex 46.3938 29.641 -25
    endloop
  endfacet
  facet normal 0.659427 -0.751768 0
    outer loop
      vertex 46.8953 30.0809 -25
      vertex 46.3938 29.641 -35
      vertex 46.8953 30.0809 -35
    endloop
  endfacet
  facet normal 0.658917 0.752215 -0
    outer loop
      vertex 46.8953 19.9887 -35
      vertex 46.8824 20 -25
      vertex 46.8953 19.9887 -25
    endloop
  endfacet
  facet normal 0.659354 0.751833 9.95571e-07
    outer loop
      vertex 46.8824 20 -25
      vertex 46.8953 19.9887 -35
      vertex 46.3938 20.4285 -25
    endloop
  endfacet
  facet normal 0.659343 0.751843 0
    outer loop
      vertex 46.3938 20.4285 -25
      vertex 46.8953 19.9887 -35
      vertex 46.3938 20.4285 -35
    endloop
  endfacet
  facet normal 0.83145 -0.555599 0
    outer loop
      vertex 45.5833 28.5848 -25
      vertex 45.9539 29.1394 -35
      vertex 45.9539 29.1394 -25
    endloop
  endfacet
  facet normal 0.83145 -0.555599 0
    outer loop
      vertex 45.9539 29.1394 -35
      vertex 45.5833 28.5848 -25
      vertex 45.5833 28.5848 -35
    endloop
  endfacet
  facet normal 0.946945 0.321395 0
    outer loop
      vertex 45.2882 22.0831 -25
      vertex 45.0738 22.7148 -35
      vertex 45.0738 22.7148 -25
    endloop
  endfacet
  facet normal 0.946945 0.321395 0
    outer loop
      vertex 45.0738 22.7148 -35
      vertex 45.2882 22.0831 -25
      vertex 45.2882 22.0831 -35
    endloop
  endfacet
  facet normal 0.44223 -0.896902 0
    outer loop
      vertex 47.45 30.4515 -35
      vertex 48.0483 30.7465 -25
      vertex 47.45 30.4515 -25
    endloop
  endfacet
  facet normal 0.44223 -0.896902 0
    outer loop
      vertex 48.0483 30.7465 -25
      vertex 47.45 30.4515 -35
      vertex 48.0483 30.7465 -35
    endloop
  endfacet
  facet normal -0.997861 -0.0653647 0
    outer loop
      vertex 55.1 26.0348 -35
      vertex 55.0564 26.7004 -25
      vertex 55.0564 26.7004 -35
    endloop
  endfacet
  facet normal -0.997861 -0.0653647 0
    outer loop
      vertex 55.0564 26.7004 -25
      vertex 55.1 26.0348 -35
      vertex 55.1 26.0348 -25
    endloop
  endfacet
  facet normal -1 0 0
    outer loop
      vertex 55.1 24.0348 -35
      vertex 55.1 26.0348 -25
      vertex 55.1 26.0348 -35
    endloop
  endfacet
  facet normal -1 -0 0
    outer loop
      vertex 55.1 26.0348 -25
      vertex 55.1 24.0348 -35
      vertex 55.1 24.0348 -25
    endloop
  endfacet
  facet normal 0.98077 -0.195165 0
    outer loop
      vertex 44.9436 26.7004 -25
      vertex 45.0738 27.3547 -35
      vertex 45.0738 27.3547 -25
    endloop
  endfacet
  facet normal 0.98077 -0.195165 0
    outer loop
      vertex 45.0738 27.3547 -35
      vertex 44.9436 26.7004 -25
      vertex 44.9436 26.7004 -35
    endloop
  endfacet
  facet normal -0.195021 0.980799 0
    outer loop
      vertex 51.32 19.1085 -35
      vertex 50.6657 18.9784 -25
      vertex 51.32 19.1085 -25
    endloop
  endfacet
  facet normal -0.195021 0.980799 0
    outer loop
      vertex 50.6657 18.9784 -25
      vertex 51.32 19.1085 -35
      vertex 50.6657 18.9784 -35
    endloop
  endfacet
  facet normal 0.0655042 -0.997852 0
    outer loop
      vertex 49.3343 31.0911 -35
      vertex 50 31.1348 -25
      vertex 49.3343 31.0911 -25
    endloop
  endfacet
  facet normal 0.0655042 -0.997852 0
    outer loop
      vertex 50 31.1348 -25
      vertex 49.3343 31.0911 -35
      vertex 50 31.1348 -35
    endloop
  endfacet
  facet normal 1 -0 0
    outer loop
      vertex 44.9 24.0348 -25
      vertex 44.9 26.0348 -35
      vertex 44.9 26.0348 -25
    endloop
  endfacet
  facet normal 1 0 0
    outer loop
      vertex 44.9 26.0348 -35
      vertex 44.9 24.0348 -25
      vertex 44.9 24.0348 -35
    endloop
  endfacet
  facet normal 0.896872 -0.442291 0
    outer loop
      vertex 45.2882 27.9864 -25
      vertex 45.5833 28.5848 -35
      vertex 45.5833 28.5848 -25
    endloop
  endfacet
  facet normal 0.896872 -0.442291 0
    outer loop
      vertex 45.5833 28.5848 -35
      vertex 45.2882 27.9864 -25
      vertex 45.2882 27.9864 -35
    endloop
  endfacet
  facet normal 0.321529 -0.9469 0
    outer loop
      vertex 48.0483 30.7465 -35
      vertex 48.68 30.961 -25
      vertex 48.0483 30.7465 -25
    endloop
  endfacet
  facet normal 0.321529 -0.9469 0
    outer loop
      vertex 48.68 30.961 -25
      vertex 48.0483 30.7465 -35
      vertex 48.68 30.961 -35
    endloop
  endfacet
  facet normal -0.751833 0.659353 0
    outer loop
      vertex 53.6062 20.4285 -35
      vertex 54.0461 20.9301 -25
      vertex 54.0461 20.9301 -35
    endloop
  endfacet
  facet normal -0.751833 0.659353 0
    outer loop
      vertex 54.0461 20.9301 -25
      vertex 53.6062 20.4285 -35
      vertex 53.6062 20.4285 -25
    endloop
  endfacet
  facet normal -0.321529 -0.9469 0
    outer loop
      vertex 51.32 30.961 -35
      vertex 51.9517 30.7465 -25
      vertex 51.32 30.961 -25
    endloop
  endfacet
  facet normal -0.321529 -0.9469 -0
    outer loop
      vertex 51.9517 30.7465 -25
      vertex 51.32 30.961 -35
      vertex 51.9517 30.7465 -35
    endloop
  endfacet
  facet normal 0.751833 0.659353 0
    outer loop
      vertex 46.3938 20.4285 -25
      vertex 45.9539 20.9301 -35
      vertex 45.9539 20.9301 -25
    endloop
  endfacet
  facet normal 0.751833 0.659353 0
    outer loop
      vertex 45.9539 20.9301 -35
      vertex 46.3938 20.4285 -25
      vertex 46.3938 20.4285 -35
    endloop
  endfacet
  facet normal -0.44223 0.896902 0
    outer loop
      vertex 52.55 19.618 -35
      vertex 51.9517 19.323 -25
      vertex 52.55 19.618 -25
    endloop
  endfacet
  facet normal -0.44223 0.896902 0
    outer loop
      vertex 51.9517 19.323 -25
      vertex 52.55 19.618 -35
      vertex 51.9517 19.323 -35
    endloop
  endfacet
  facet normal -0.831496 0.55553 0
    outer loop
      vertex 54.0461 20.9301 -35
      vertex 54.4167 21.4848 -25
      vertex 54.4167 21.4848 -35
    endloop
  endfacet
  facet normal -0.831496 0.55553 0
    outer loop
      vertex 54.4167 21.4848 -25
      vertex 54.0461 20.9301 -35
      vertex 54.0461 20.9301 -25
    endloop
  endfacet
  facet normal -0.946945 0.321395 0
    outer loop
      vertex 54.7118 22.0831 -35
      vertex 54.9262 22.7148 -25
      vertex 54.9262 22.7148 -35
    endloop
  endfacet
  facet normal -0.946945 0.321395 0
    outer loop
      vertex 54.9262 22.7148 -25
      vertex 54.7118 22.0831 -35
      vertex 54.7118 22.0831 -25
    endloop
  endfacet
  facet normal -0.896842 0.44235 0
    outer loop
      vertex 54.4167 21.4848 -35
      vertex 54.7118 22.0831 -25
      vertex 54.7118 22.0831 -35
    endloop
  endfacet
  facet normal -0.896842 0.44235 0
    outer loop
      vertex 54.7118 22.0831 -25
      vertex 54.4167 21.4848 -35
      vertex 54.4167 21.4848 -25
    endloop
  endfacet
  facet normal -0.321529 0.9469 0
    outer loop
      vertex 51.9517 19.323 -35
      vertex 51.32 19.1085 -25
      vertex 51.9517 19.323 -25
    endloop
  endfacet
  facet normal -0.321529 0.9469 0
    outer loop
      vertex 51.32 19.1085 -25
      vertex 51.9517 19.323 -35
      vertex 51.32 19.1085 -35
    endloop
  endfacet
  facet normal 0.195021 0.980799 -0
    outer loop
      vertex 49.3343 18.9784 -35
      vertex 48.68 19.1085 -25
      vertex 49.3343 18.9784 -25
    endloop
  endfacet
  facet normal 0.195021 0.980799 0
    outer loop
      vertex 48.68 19.1085 -25
      vertex 49.3343 18.9784 -35
      vertex 48.68 19.1085 -35
    endloop
  endfacet
  facet normal -0.997862 0.0653549 0
    outer loop
      vertex 55.0564 23.3691 -35
      vertex 55.1 24.0348 -25
      vertex 55.1 24.0348 -35
    endloop
  endfacet
  facet normal -0.997862 0.0653549 0
    outer loop
      vertex 55.1 24.0348 -25
      vertex 55.0564 23.3691 -35
      vertex 55.0564 23.3691 -25
    endloop
  endfacet
  facet normal -0.659427 -0.751768 0
    outer loop
      vertex 53.1047 30.0809 -35
      vertex 53.6062 29.641 -25
      vertex 53.1047 30.0809 -25
    endloop
  endfacet
  facet normal -0.659427 -0.751768 -0
    outer loop
      vertex 53.6062 29.641 -25
      vertex 53.1047 30.0809 -35
      vertex 53.6062 29.641 -35
    endloop
  endfacet
  facet normal 0.997862 0.0653549 0
    outer loop
      vertex 44.9436 23.3691 -25
      vertex 44.9 24.0348 -35
      vertex 44.9 24.0348 -25
    endloop
  endfacet
  facet normal 0.997862 0.0653549 0
    outer loop
      vertex 44.9 24.0348 -35
      vertex 44.9436 23.3691 -25
      vertex 44.9436 23.3691 -35
    endloop
  endfacet
  facet normal 0.98077 0.195165 0
    outer loop
      vertex 45.0738 22.7148 -25
      vertex 44.9436 23.3691 -35
      vertex 44.9436 23.3691 -25
    endloop
  endfacet
  facet normal 0.98077 0.195165 0
    outer loop
      vertex 44.9436 23.3691 -35
      vertex 45.0738 22.7148 -25
      vertex 45.0738 22.7148 -35
    endloop
  endfacet
  facet normal -0.659354 0.751833 0
    outer loop
      vertex 53.6062 20.4285 -35
      vertex 53.1176 20 -25
      vertex 53.6062 20.4285 -25
    endloop
  endfacet
  facet normal -0.659343 0.751843 9.69974e-07
    outer loop
      vertex 53.1047 19.9887 -35
      vertex 53.1176 20 -25
      vertex 53.6062 20.4285 -35
    endloop
  endfacet
  facet normal -0.658917 0.752215 0
    outer loop
      vertex 53.1176 20 -25
      vertex 53.1047 19.9887 -35
      vertex 53.1047 19.9887 -25
    endloop
  endfacet
  facet normal -0.896872 -0.442291 0
    outer loop
      vertex 54.7118 27.9864 -35
      vertex 54.4167 28.5848 -25
      vertex 54.4167 28.5848 -35
    endloop
  endfacet
  facet normal -0.896872 -0.442291 0
    outer loop
      vertex 54.4167 28.5848 -25
      vertex 54.7118 27.9864 -35
      vertex 54.7118 27.9864 -25
    endloop
  endfacet
  facet normal -0.0653549 0.997862 0
    outer loop
      vertex 50.6657 18.9784 -35
      vertex 50 18.9348 -25
      vertex 50.6657 18.9784 -25
    endloop
  endfacet
  facet normal -0.0653549 0.997862 0
    outer loop
      vertex 50 18.9348 -25
      vertex 50.6657 18.9784 -35
      vertex 50 18.9348 -35
    endloop
  endfacet
  facet normal 0.946945 -0.321395 0
    outer loop
      vertex 45.0738 27.3547 -25
      vertex 45.2882 27.9864 -35
      vertex 45.2882 27.9864 -25
    endloop
  endfacet
  facet normal 0.946945 -0.321395 0
    outer loop
      vertex 45.2882 27.9864 -35
      vertex 45.0738 27.3547 -25
      vertex 45.0738 27.3547 -35
    endloop
  endfacet
  facet normal -0.555634 0.831427 0
    outer loop
      vertex 53.1047 19.9887 -35
      vertex 52.55 19.618 -25
      vertex 53.1047 19.9887 -25
    endloop
  endfacet
  facet normal -0.555634 0.831427 0
    outer loop
      vertex 52.55 19.618 -25
      vertex 53.1047 19.9887 -35
      vertex 52.55 19.618 -35
    endloop
  endfacet
  facet normal 0.751833 -0.659353 0
    outer loop
      vertex 45.9539 29.1394 -25
      vertex 46.3938 29.641 -35
      vertex 46.3938 29.641 -25
    endloop
  endfacet
  facet normal 0.751833 -0.659353 0
    outer loop
      vertex 46.3938 29.641 -35
      vertex 45.9539 29.1394 -25
      vertex 45.9539 29.1394 -35
    endloop
  endfacet
  facet normal 0.555634 0.831427 -0
    outer loop
      vertex 47.45 19.618 -35
      vertex 46.8953 19.9887 -25
      vertex 47.45 19.618 -25
    endloop
  endfacet
  facet normal 0.555634 0.831427 0
    outer loop
      vertex 46.8953 19.9887 -25
      vertex 47.45 19.618 -35
      vertex 46.8953 19.9887 -35
    endloop
  endfacet
  facet normal 0.195021 -0.980799 0
    outer loop
      vertex 48.68 30.961 -35
      vertex 49.3343 31.0911 -25
      vertex 48.68 30.961 -25
    endloop
  endfacet
  facet normal 0.195021 -0.980799 0
    outer loop
      vertex 49.3343 31.0911 -25
      vertex 48.68 30.961 -35
      vertex 49.3343 31.0911 -35
    endloop
  endfacet
  facet normal -0.98077 0.195165 0
    outer loop
      vertex 54.9262 22.7148 -35
      vertex 55.0564 23.3691 -25
      vertex 55.0564 23.3691 -35
    endloop
  endfacet
  facet normal -0.98077 0.195165 0
    outer loop
      vertex 55.0564 23.3691 -25
      vertex 54.9262 22.7148 -35
      vertex 54.9262 22.7148 -25
    endloop
  endfacet
  facet normal -0.44223 -0.896902 0
    outer loop
      vertex 51.9517 30.7465 -35
      vertex 52.55 30.4515 -25
      vertex 51.9517 30.7465 -25
    endloop
  endfacet
  facet normal -0.44223 -0.896902 -0
    outer loop
      vertex 52.55 30.4515 -25
      vertex 51.9517 30.7465 -35
      vertex 52.55 30.4515 -35
    endloop
  endfacet
  facet normal -0.946945 -0.321395 0
    outer loop
      vertex 54.9262 27.3547 -35
      vertex 54.7118 27.9864 -25
      vertex 54.7118 27.9864 -35
    endloop
  endfacet
  facet normal -0.946945 -0.321395 0
    outer loop
      vertex 54.7118 27.9864 -25
      vertex 54.9262 27.3547 -35
      vertex 54.9262 27.3547 -25
    endloop
  endfacet
  facet normal 0.44223 0.896902 -0
    outer loop
      vertex 48.0483 19.323 -35
      vertex 47.45 19.618 -25
      vertex 48.0483 19.323 -25
    endloop
  endfacet
  facet normal 0.44223 0.896902 0
    outer loop
      vertex 47.45 19.618 -25
      vertex 48.0483 19.323 -35
      vertex 47.45 19.618 -35
    endloop
  endfacet
  facet normal -0.83145 -0.555599 0
    outer loop
      vertex 54.4167 28.5848 -35
      vertex 54.0461 29.1394 -25
      vertex 54.0461 29.1394 -35
    endloop
  endfacet
  facet normal -0.83145 -0.555599 0
    outer loop
      vertex 54.0461 29.1394 -25
      vertex 54.4167 28.5848 -35
      vertex 54.4167 28.5848 -25
    endloop
  endfacet
  facet normal -0.751833 -0.659353 0
    outer loop
      vertex 54.0461 29.1394 -35
      vertex 53.6062 29.641 -25
      vertex 53.6062 29.641 -35
    endloop
  endfacet
  facet normal -0.751833 -0.659353 0
    outer loop
      vertex 53.6062 29.641 -25
      vertex 54.0461 29.1394 -35
      vertex 54.0461 29.1394 -25
    endloop
  endfacet
  facet normal -0.98077 -0.195165 0
    outer loop
      vertex 55.0564 26.7004 -35
      vertex 54.9262 27.3547 -25
      vertex 54.9262 27.3547 -35
    endloop
  endfacet
  facet normal -0.98077 -0.195165 0
    outer loop
      vertex 54.9262 27.3547 -25
      vertex 55.0564 26.7004 -35
      vertex 55.0564 26.7004 -25
    endloop
  endfacet
  facet normal 0.55553 -0.831496 0
    outer loop
      vertex 46.8953 30.0809 -35
      vertex 47.45 30.4515 -25
      vertex 46.8953 30.0809 -25
    endloop
  endfacet
  facet normal 0.55553 -0.831496 0
    outer loop
      vertex 47.45 30.4515 -25
      vertex 46.8953 30.0809 -35
      vertex 47.45 30.4515 -35
    endloop
  endfacet
  facet normal -0.0655042 -0.997852 0
    outer loop
      vertex 50 31.1348 -35
      vertex 50.6657 31.0911 -25
      vertex 50 31.1348 -25
    endloop
  endfacet
  facet normal -0.0655042 -0.997852 -0
    outer loop
      vertex 50.6657 31.0911 -25
      vertex 50 31.1348 -35
      vertex 50.6657 31.0911 -35
    endloop
  endfacet
  facet normal 0.831496 0.55553 0
    outer loop
      vertex 45.9539 20.9301 -25
      vertex 45.5833 21.4848 -35
      vertex 45.5833 21.4848 -25
    endloop
  endfacet
  facet normal 0.831496 0.55553 0
    outer loop
      vertex 45.5833 21.4848 -35
      vertex 45.9539 20.9301 -25
      vertex 45.9539 20.9301 -35
    endloop
  endfacet
  facet normal 0.997861 -0.0653647 0
    outer loop
      vertex 44.9 26.0348 -25
      vertex 44.9436 26.7004 -35
      vertex 44.9436 26.7004 -25
    endloop
  endfacet
  facet normal 0.997861 -0.0653647 0
    outer loop
      vertex 44.9436 26.7004 -35
      vertex 44.9 26.0348 -25
      vertex 44.9 26.0348 -35
    endloop
  endfacet
  facet normal -0.195021 -0.980799 0
    outer loop
      vertex 50.6657 31.0911 -35
      vertex 51.32 30.961 -25
      vertex 50.6657 31.0911 -25
    endloop
  endfacet
  facet normal -0.195021 -0.980799 -0
    outer loop
      vertex 51.32 30.961 -25
      vertex 50.6657 31.0911 -35
      vertex 51.32 30.961 -35
    endloop
  endfacet
  facet normal 0.896842 0.44235 0
    outer loop
      vertex 45.5833 21.4848 -25
      vertex 45.2882 22.0831 -35
      vertex 45.2882 22.0831 -25
    endloop
  endfacet
  facet normal 0.896842 0.44235 0
    outer loop
      vertex 45.2882 22.0831 -35
      vertex 45.5833 21.4848 -25
      vertex 45.5833 21.4848 -35
    endloop
  endfacet
  facet normal 0.0653549 0.997862 -0
    outer loop
      vertex 50 18.9348 -35
      vertex 49.3343 18.9784 -25
      vertex 50 18.9348 -25
    endloop
  endfacet
  facet normal 0.0653549 0.997862 0
    outer loop
      vertex 49.3343 18.9784 -25
      vertex 50 18.9348 -35
      vertex 49.3343 18.9784 -35
    endloop
  endfacet
  facet normal -0.55553 -0.831496 0
    outer loop
      vertex 52.55 30.4515 -35
      vertex 53.1047 30.0809 -25
      vertex 52.55 30.4515 -25
    endloop
  endfacet
  facet normal -0.55553 -0.831496 -0
    outer loop
      vertex 53.1047 30.0809 -25
      vertex 52.55 30.4515 -35
      vertex 53.1047 30.0809 -35
    endloop
  endfacet
  facet normal 0.321392 0.946946 -0
    outer loop
      vertex 154.68 22.3622 -35
      vertex 154.048 22.5767 -25
      vertex 154.68 22.3622 -25
    endloop
  endfacet
  facet normal 0.321392 0.946946 0
    outer loop
      vertex 154.048 22.5767 -25
      vertex 154.68 22.3622 -35
      vertex 154.048 22.5767 -35
    endloop
  endfacet
  facet normal 0.659714 -0.751516 0
    outer loop
      vertex 152.394 32.8947 -35
      vertex 152.895 33.3345 -25
      vertex 152.394 32.8947 -25
    endloop
  endfacet
  facet normal 0.659714 -0.751516 0
    outer loop
      vertex 152.895 33.3345 -25
      vertex 152.394 32.8947 -35
      vertex 152.895 33.3345 -35
    endloop
  endfacet
  facet normal 0.659799 0.751442 -0
    outer loop
      vertex 152.895 23.2423 -35
      vertex 152.394 23.6822 -25
      vertex 152.895 23.2423 -25
    endloop
  endfacet
  facet normal 0.659799 0.751442 0
    outer loop
      vertex 152.394 23.6822 -25
      vertex 152.895 23.2423 -35
      vertex 152.394 23.6822 -35
    endloop
  endfacet
  facet normal 0.831219 -0.555944 0
    outer loop
      vertex 151.583 31.8384 -25
      vertex 151.954 32.3931 -35
      vertex 151.954 32.3931 -25
    endloop
  endfacet
  facet normal 0.831219 -0.555944 0
    outer loop
      vertex 151.954 32.3931 -35
      vertex 151.583 31.8384 -25
      vertex 151.583 31.8384 -35
    endloop
  endfacet
  facet normal 0.947128 0.320857 0
    outer loop
      vertex 151.288 25.3368 -25
      vertex 151.074 25.9685 -35
      vertex 151.074 25.9685 -25
    endloop
  endfacet
  facet normal 0.947128 0.320857 0
    outer loop
      vertex 151.074 25.9685 -35
      vertex 151.288 25.3368 -25
      vertex 151.288 25.3368 -35
    endloop
  endfacet
  facet normal 0.442408 -0.896814 0
    outer loop
      vertex 153.45 33.7052 -35
      vertex 154.048 34.0002 -25
      vertex 153.45 33.7052 -25
    endloop
  endfacet
  facet normal 0.442408 -0.896814 0
    outer loop
      vertex 154.048 34.0002 -25
      vertex 153.45 33.7052 -35
      vertex 154.048 34.0002 -35
    endloop
  endfacet
  facet normal -0.997823 -0.0659519 0
    outer loop
      vertex 161.1 29.2884 -35
      vertex 161.056 29.9541 -25
      vertex 161.056 29.9541 -35
    endloop
  endfacet
  facet normal -0.997823 -0.0659519 0
    outer loop
      vertex 161.056 29.9541 -25
      vertex 161.1 29.2884 -35
      vertex 161.1 29.2884 -25
    endloop
  endfacet
  facet normal -1 0 0
    outer loop
      vertex 161.1 27.2884 -35
      vertex 161.1 29.2884 -25
      vertex 161.1 29.2884 -35
    endloop
  endfacet
  facet normal -1 -0 0
    outer loop
      vertex 161.1 29.2884 -25
      vertex 161.1 27.2884 -35
      vertex 161.1 27.2884 -25
    endloop
  endfacet
  facet normal 0.980828 -0.194876 0
    outer loop
      vertex 150.944 29.9541 -25
      vertex 151.074 30.6084 -35
      vertex 151.074 30.6084 -25
    endloop
  endfacet
  facet normal 0.980828 -0.194876 0
    outer loop
      vertex 151.074 30.6084 -35
      vertex 150.944 29.9541 -25
      vertex 150.944 29.9541 -35
    endloop
  endfacet
  facet normal -0.195107 0.980782 0
    outer loop
      vertex 157.32 22.3622 -35
      vertex 156.666 22.2321 -25
      vertex 157.32 22.3622 -25
    endloop
  endfacet
  facet normal -0.195107 0.980782 0
    outer loop
      vertex 156.666 22.2321 -25
      vertex 157.32 22.3622 -35
      vertex 156.666 22.2321 -35
    endloop
  endfacet
  facet normal 0.0653256 -0.997864 0
    outer loop
      vertex 155.334 34.3448 -35
      vertex 156 34.3884 -25
      vertex 155.334 34.3448 -25
    endloop
  endfacet
  facet normal 0.0653256 -0.997864 0
    outer loop
      vertex 156 34.3884 -25
      vertex 155.334 34.3448 -35
      vertex 156 34.3884 -35
    endloop
  endfacet
  facet normal 1 -0 0
    outer loop
      vertex 150.9 27.2884 -25
      vertex 150.9 29.2884 -35
      vertex 150.9 29.2884 -25
    endloop
  endfacet
  facet normal 1 0 0
    outer loop
      vertex 150.9 29.2884 -35
      vertex 150.9 27.2884 -25
      vertex 150.9 27.2884 -35
    endloop
  endfacet
  facet normal 0.896902 -0.44223 0
    outer loop
      vertex 151.288 31.2401 -25
      vertex 151.583 31.8384 -35
      vertex 151.583 31.8384 -25
    endloop
  endfacet
  facet normal 0.896902 -0.44223 0
    outer loop
      vertex 151.583 31.8384 -35
      vertex 151.288 31.2401 -25
      vertex 151.288 31.2401 -35
    endloop
  endfacet
  facet normal 0.321392 -0.946946 0
    outer loop
      vertex 154.048 34.0002 -35
      vertex 154.68 34.2147 -25
      vertex 154.048 34.0002 -25
    endloop
  endfacet
  facet normal 0.321392 -0.946946 0
    outer loop
      vertex 154.68 34.2147 -25
      vertex 154.048 34.0002 -35
      vertex 154.68 34.2147 -35
    endloop
  endfacet
  facet normal -0.751759 0.659438 0
    outer loop
      vertex 159.606 23.6822 -35
      vertex 160.046 24.1838 -25
      vertex 160.046 24.1838 -35
    endloop
  endfacet
  facet normal -0.751759 0.659438 0
    outer loop
      vertex 160.046 24.1838 -25
      vertex 159.606 23.6822 -35
      vertex 159.606 23.6822 -25
    endloop
  endfacet
  facet normal -0.321392 -0.946946 0
    outer loop
      vertex 157.32 34.2147 -35
      vertex 157.952 34.0002 -25
      vertex 157.32 34.2147 -25
    endloop
  endfacet
  facet normal -0.321392 -0.946946 -0
    outer loop
      vertex 157.952 34.0002 -25
      vertex 157.32 34.2147 -35
      vertex 157.952 34.0002 -35
    endloop
  endfacet
  facet normal 0.751759 0.659438 0
    outer loop
      vertex 152.394 23.6822 -25
      vertex 151.954 24.1838 -35
      vertex 151.954 24.1838 -25
    endloop
  endfacet
  facet normal 0.751759 0.659438 0
    outer loop
      vertex 151.954 24.1838 -35
      vertex 152.394 23.6822 -25
      vertex 152.394 23.6822 -35
    endloop
  endfacet
  facet normal -0.442408 0.896814 0
    outer loop
      vertex 158.55 22.8717 -35
      vertex 157.952 22.5767 -25
      vertex 158.55 22.8717 -25
    endloop
  endfacet
  facet normal -0.442408 0.896814 0
    outer loop
      vertex 157.952 22.5767 -25
      vertex 158.55 22.8717 -35
      vertex 157.952 22.5767 -35
    endloop
  endfacet
  facet normal -0.831173 0.556014 0
    outer loop
      vertex 160.046 24.1838 -35
      vertex 160.417 24.7384 -25
      vertex 160.417 24.7384 -35
    endloop
  endfacet
  facet normal -0.831173 0.556014 0
    outer loop
      vertex 160.417 24.7384 -25
      vertex 160.046 24.1838 -35
      vertex 160.046 24.1838 -25
    endloop
  endfacet
  facet normal -0.947128 0.320857 0
    outer loop
      vertex 160.712 25.3368 -35
      vertex 160.926 25.9685 -25
      vertex 160.926 25.9685 -35
    endloop
  endfacet
  facet normal -0.947128 0.320857 0
    outer loop
      vertex 160.926 25.9685 -25
      vertex 160.712 25.3368 -35
      vertex 160.712 25.3368 -25
    endloop
  endfacet
  facet normal -0.896931 0.44217 0
    outer loop
      vertex 160.417 24.7384 -35
      vertex 160.712 25.3368 -25
      vertex 160.712 25.3368 -35
    endloop
  endfacet
  facet normal -0.896931 0.44217 0
    outer loop
      vertex 160.712 25.3368 -25
      vertex 160.417 24.7384 -35
      vertex 160.417 24.7384 -25
    endloop
  endfacet
  facet normal -0.321392 0.946946 0
    outer loop
      vertex 157.952 22.5767 -35
      vertex 157.32 22.3622 -25
      vertex 157.952 22.5767 -25
    endloop
  endfacet
  facet normal -0.321392 0.946946 0
    outer loop
      vertex 157.32 22.3622 -25
      vertex 157.952 22.5767 -35
      vertex 157.32 22.3622 -35
    endloop
  endfacet
  facet normal 0.195107 0.980782 -0
    outer loop
      vertex 155.334 22.2321 -35
      vertex 154.68 22.3622 -25
      vertex 155.334 22.2321 -25
    endloop
  endfacet
  facet normal 0.195107 0.980782 0
    outer loop
      vertex 154.68 22.3622 -25
      vertex 155.334 22.2321 -35
      vertex 154.68 22.3622 -35
    endloop
  endfacet
  facet normal -0.997822 0.0659618 0
    outer loop
      vertex 161.056 26.6228 -35
      vertex 161.1 27.2884 -25
      vertex 161.1 27.2884 -35
    endloop
  endfacet
  facet normal -0.997822 0.0659618 0
    outer loop
      vertex 161.1 27.2884 -25
      vertex 161.056 26.6228 -35
      vertex 161.056 26.6228 -25
    endloop
  endfacet
  facet normal -0.659714 -0.751516 0
    outer loop
      vertex 159.105 33.3345 -35
      vertex 159.606 32.8947 -25
      vertex 159.105 33.3345 -25
    endloop
  endfacet
  facet normal -0.659714 -0.751516 -0
    outer loop
      vertex 159.606 32.8947 -25
      vertex 159.105 33.3345 -35
      vertex 159.606 32.8947 -35
    endloop
  endfacet
  facet normal 0.997822 0.0659618 0
    outer loop
      vertex 150.944 26.6228 -25
      vertex 150.9 27.2884 -35
      vertex 150.9 27.2884 -25
    endloop
  endfacet
  facet normal 0.997822 0.0659618 0
    outer loop
      vertex 150.9 27.2884 -35
      vertex 150.944 26.6228 -25
      vertex 150.944 26.6228 -35
    endloop
  endfacet
  facet normal 0.980828 0.194876 0
    outer loop
      vertex 151.074 25.9685 -25
      vertex 150.944 26.6228 -35
      vertex 150.944 26.6228 -25
    endloop
  endfacet
  facet normal 0.980828 0.194876 0
    outer loop
      vertex 150.944 26.6228 -35
      vertex 151.074 25.9685 -25
      vertex 151.074 25.9685 -35
    endloop
  endfacet
  facet normal -0.659799 0.751442 0
    outer loop
      vertex 159.606 23.6822 -35
      vertex 159.105 23.2423 -25
      vertex 159.606 23.6822 -25
    endloop
  endfacet
  facet normal -0.659799 0.751442 0
    outer loop
      vertex 159.105 23.2423 -25
      vertex 159.606 23.6822 -35
      vertex 159.105 23.2423 -35
    endloop
  endfacet
  facet normal -0.896902 -0.44223 0
    outer loop
      vertex 160.712 31.2401 -35
      vertex 160.417 31.8384 -25
      vertex 160.417 31.8384 -35
    endloop
  endfacet
  facet normal -0.896902 -0.44223 0
    outer loop
      vertex 160.417 31.8384 -25
      vertex 160.712 31.2401 -35
      vertex 160.712 31.2401 -25
    endloop
  endfacet
  facet normal -0.0654748 0.997854 0
    outer loop
      vertex 156.666 22.2321 -35
      vertex 156 22.1884 -25
      vertex 156.666 22.2321 -25
    endloop
  endfacet
  facet normal -0.0654748 0.997854 0
    outer loop
      vertex 156 22.1884 -25
      vertex 156.666 22.2321 -35
      vertex 156 22.1884 -35
    endloop
  endfacet
  facet normal 0.947128 -0.320857 0
    outer loop
      vertex 151.074 30.6084 -25
      vertex 151.288 31.2401 -35
      vertex 151.288 31.2401 -25
    endloop
  endfacet
  facet normal 0.947128 -0.320857 0
    outer loop
      vertex 151.288 31.2401 -35
      vertex 151.074 30.6084 -25
      vertex 151.074 30.6084 -35
    endloop
  endfacet
  facet normal -0.555322 0.831635 0
    outer loop
      vertex 159.105 23.2423 -35
      vertex 158.55 22.8717 -25
      vertex 159.105 23.2423 -25
    endloop
  endfacet
  facet normal -0.555322 0.831635 0
    outer loop
      vertex 158.55 22.8717 -25
      vertex 159.105 23.2423 -35
      vertex 158.55 22.8717 -35
    endloop
  endfacet
  facet normal 0.751759 -0.659438 0
    outer loop
      vertex 151.954 32.3931 -25
      vertex 152.394 32.8947 -35
      vertex 152.394 32.8947 -25
    endloop
  endfacet
  facet normal 0.751759 -0.659438 0
    outer loop
      vertex 152.394 32.8947 -35
      vertex 151.954 32.3931 -25
      vertex 151.954 32.3931 -35
    endloop
  endfacet
  facet normal 0.555322 0.831635 -0
    outer loop
      vertex 153.45 22.8717 -35
      vertex 152.895 23.2423 -25
      vertex 153.45 22.8717 -25
    endloop
  endfacet
  facet normal 0.555322 0.831635 0
    outer loop
      vertex 152.895 23.2423 -25
      vertex 153.45 22.8717 -35
      vertex 152.895 23.2423 -35
    endloop
  endfacet
  facet normal 0.195107 -0.980782 0
    outer loop
      vertex 154.68 34.2147 -35
      vertex 155.334 34.3448 -25
      vertex 154.68 34.2147 -25
    endloop
  endfacet
  facet normal 0.195107 -0.980782 0
    outer loop
      vertex 155.334 34.3448 -25
      vertex 154.68 34.2147 -35
      vertex 155.334 34.3448 -35
    endloop
  endfacet
  facet normal -0.980828 0.194876 0
    outer loop
      vertex 160.926 25.9685 -35
      vertex 161.056 26.6228 -25
      vertex 161.056 26.6228 -35
    endloop
  endfacet
  facet normal -0.980828 0.194876 0
    outer loop
      vertex 161.056 26.6228 -25
      vertex 160.926 25.9685 -35
      vertex 160.926 25.9685 -25
    endloop
  endfacet
  facet normal -0.442408 -0.896814 0
    outer loop
      vertex 157.952 34.0002 -35
      vertex 158.55 33.7052 -25
      vertex 157.952 34.0002 -25
    endloop
  endfacet
  facet normal -0.442408 -0.896814 -0
    outer loop
      vertex 158.55 33.7052 -25
      vertex 157.952 34.0002 -35
      vertex 158.55 33.7052 -35
    endloop
  endfacet
  facet normal -0.947128 -0.320857 0
    outer loop
      vertex 160.926 30.6084 -35
      vertex 160.712 31.2401 -25
      vertex 160.712 31.2401 -35
    endloop
  endfacet
  facet normal -0.947128 -0.320857 0
    outer loop
      vertex 160.712 31.2401 -25
      vertex 160.926 30.6084 -35
      vertex 160.926 30.6084 -25
    endloop
  endfacet
  facet normal 0.442408 0.896814 -0
    outer loop
      vertex 154.048 22.5767 -35
      vertex 153.45 22.8717 -25
      vertex 154.048 22.5767 -25
    endloop
  endfacet
  facet normal 0.442408 0.896814 0
    outer loop
      vertex 153.45 22.8717 -25
      vertex 154.048 22.5767 -35
      vertex 153.45 22.8717 -35
    endloop
  endfacet
  facet normal -0.831219 -0.555944 0
    outer loop
      vertex 160.417 31.8384 -35
      vertex 160.046 32.3931 -25
      vertex 160.046 32.3931 -35
    endloop
  endfacet
  facet normal -0.831219 -0.555944 0
    outer loop
      vertex 160.046 32.3931 -25
      vertex 160.417 31.8384 -35
      vertex 160.417 31.8384 -25
    endloop
  endfacet
  facet normal -0.751759 -0.659438 0
    outer loop
      vertex 160.046 32.3931 -35
      vertex 159.606 32.8947 -25
      vertex 159.606 32.8947 -35
    endloop
  endfacet
  facet normal -0.751759 -0.659438 0
    outer loop
      vertex 159.606 32.8947 -25
      vertex 160.046 32.3931 -35
      vertex 160.046 32.3931 -25
    endloop
  endfacet
  facet normal -0.980828 -0.194876 0
    outer loop
      vertex 161.056 29.9541 -35
      vertex 160.926 30.6084 -25
      vertex 160.926 30.6084 -35
    endloop
  endfacet
  facet normal -0.980828 -0.194876 0
    outer loop
      vertex 160.926 30.6084 -25
      vertex 161.056 29.9541 -35
      vertex 161.056 29.9541 -25
    endloop
  endfacet
  facet normal 0.555426 -0.831566 0
    outer loop
      vertex 152.895 33.3345 -35
      vertex 153.45 33.7052 -25
      vertex 152.895 33.3345 -25
    endloop
  endfacet
  facet normal 0.555426 -0.831566 0
    outer loop
      vertex 153.45 33.7052 -25
      vertex 152.895 33.3345 -35
      vertex 153.45 33.7052 -35
    endloop
  endfacet
  facet normal -0.0653256 -0.997864 0
    outer loop
      vertex 156 34.3884 -35
      vertex 156.666 34.3448 -25
      vertex 156 34.3884 -25
    endloop
  endfacet
  facet normal -0.0653256 -0.997864 -0
    outer loop
      vertex 156.666 34.3448 -25
      vertex 156 34.3884 -35
      vertex 156.666 34.3448 -35
    endloop
  endfacet
  facet normal 0.831173 0.556014 0
    outer loop
      vertex 151.954 24.1838 -25
      vertex 151.583 24.7384 -35
      vertex 151.583 24.7384 -25
    endloop
  endfacet
  facet normal 0.831173 0.556014 0
    outer loop
      vertex 151.583 24.7384 -35
      vertex 151.954 24.1838 -25
      vertex 151.954 24.1838 -35
    endloop
  endfacet
  facet normal 0.997823 -0.0659519 0
    outer loop
      vertex 150.9 29.2884 -25
      vertex 150.944 29.9541 -35
      vertex 150.944 29.9541 -25
    endloop
  endfacet
  facet normal 0.997823 -0.0659519 0
    outer loop
      vertex 150.944 29.9541 -35
      vertex 150.9 29.2884 -25
      vertex 150.9 29.2884 -35
    endloop
  endfacet
  facet normal -0.195107 -0.980782 0
    outer loop
      vertex 156.666 34.3448 -35
      vertex 157.32 34.2147 -25
      vertex 156.666 34.3448 -25
    endloop
  endfacet
  facet normal -0.195107 -0.980782 -0
    outer loop
      vertex 157.32 34.2147 -25
      vertex 156.666 34.3448 -35
      vertex 157.32 34.2147 -35
    endloop
  endfacet
  facet normal 0.896931 0.44217 0
    outer loop
      vertex 151.583 24.7384 -25
      vertex 151.288 25.3368 -35
      vertex 151.288 25.3368 -25
    endloop
  endfacet
  facet normal 0.896931 0.44217 0
    outer loop
      vertex 151.288 25.3368 -35
      vertex 151.583 24.7384 -25
      vertex 151.583 24.7384 -35
    endloop
  endfacet
  facet normal 0.0654748 0.997854 -0
    outer loop
      vertex 156 22.1884 -35
      vertex 155.334 22.2321 -25
      vertex 156 22.1884 -25
    endloop
  endfacet
  facet normal 0.0654748 0.997854 0
    outer loop
      vertex 155.334 22.2321 -25
      vertex 156 22.1884 -35
      vertex 155.334 22.2321 -35
    endloop
  endfacet
  facet normal -0.555426 -0.831566 0
    outer loop
      vertex 158.55 33.7052 -35
      vertex 159.105 33.3345 -25
      vertex 158.55 33.7052 -25
    endloop
  endfacet
  facet normal -0.555426 -0.831566 -0
    outer loop
      vertex 159.105 33.3345 -25
      vertex 158.55 33.7052 -35
      vertex 159.105 33.3345 -35
    endloop
  endfacet
  facet normal -0.866026 0 0.5
    outer loop
      vertex 24.0774 30.2348 -35
      vertex 29.8509 20 -25
      vertex 29.8509 30.412 -25
    endloop
  endfacet
  facet normal -0.866026 0 0.5
    outer loop
      vertex 24.0774 19 -35
      vertex 29.8509 20 -25
      vertex 24.0774 30.2348 -35
    endloop
  endfacet
  facet normal -0.866026 1.41319e-05 0.499999
    outer loop
      vertex 29.8509 20 -25
      vertex 24.0774 19 -35
      vertex 29.8887 19 -24.9345
    endloop
  endfacet
  facet normal 0.866026 0 -0.5
    outer loop
      vertex 22.9226 20 -25
      vertex 17.1491 30.0222 -35
      vertex 22.9226 30.1994 -25
    endloop
  endfacet
  facet normal 0.866022 7.19068e-05 -0.500005
    outer loop
      vertex 17.1491 19 -35
      vertex 22.9226 20 -25
      vertex 22.9605 19 -24.9345
    endloop
  endfacet
  facet normal 0.866026 0 -0.5
    outer loop
      vertex 22.9226 20 -25
      vertex 17.1491 19 -35
      vertex 17.1491 30.0222 -35
    endloop
  endfacet
  facet normal -0.866022 0 0.500006
    outer loop
      vertex 77.0773 31.8617 -35
      vertex 82.8509 20 -25
      vertex 82.8509 32.0389 -25
    endloop
  endfacet
  facet normal -0.866022 0 0.500006
    outer loop
      vertex 77.0773 19 -35
      vertex 82.8509 20 -25
      vertex 77.0773 31.8617 -35
    endloop
  endfacet
  facet normal -0.866022 1.46954e-05 0.500005
    outer loop
      vertex 82.8509 20 -25
      vertex 77.0773 19 -35
      vertex 82.8887 19 -24.9345
    endloop
  endfacet
  facet normal 0.866026 0 -0.5
    outer loop
      vertex 75.9226 20 -25
      vertex 70.1491 31.649 -35
      vertex 75.9226 31.8262 -25
    endloop
  endfacet
  facet normal 0.866022 7.19068e-05 -0.500005
    outer loop
      vertex 70.1491 19 -35
      vertex 75.9226 20 -25
      vertex 75.9605 19 -24.9345
    endloop
  endfacet
  facet normal 0.866026 0 -0.5
    outer loop
      vertex 75.9226 20 -25
      vertex 70.1491 19 -35
      vertex 70.1491 31.649 -35
    endloop
  endfacet
  facet normal -0.866007 0 0.500032
    outer loop
      vertex 103.577 32.6751 -35
      vertex 109.351 20 -25
      vertex 109.351 32.8523 -25
    endloop
  endfacet
  facet normal -0.866007 0 0.500032
    outer loop
      vertex 103.577 19 -35
      vertex 109.351 20 -25
      vertex 103.577 32.6751 -35
    endloop
  endfacet
  facet normal -0.866 -0.000155124 0.500044
    outer loop
      vertex 109.351 20 -25
      vertex 103.577 19 -35
      vertex 109.389 19 -24.9345
    endloop
  endfacet
  facet normal 0.866011 0 -0.500026
    outer loop
      vertex 102.423 20 -25
      vertex 96.6491 32.4624 -35
      vertex 102.423 32.6396 -25
    endloop
  endfacet
  facet normal 0.866041 -0.000704711 -0.499973
    outer loop
      vertex 96.6491 19 -35
      vertex 102.423 20 -25
      vertex 102.46 19 -24.9345
    endloop
  endfacet
  facet normal 0.866011 0 -0.500026
    outer loop
      vertex 102.423 20 -25
      vertex 96.6491 19 -35
      vertex 96.6491 32.4624 -35
    endloop
  endfacet
  facet normal -0.866007 0 0.500032
    outer loop
      vertex 130.077 33.4885 -35
      vertex 135.851 20 -25
      vertex 135.851 33.6657 -25
    endloop
  endfacet
  facet normal -0.866007 0 0.500032
    outer loop
      vertex 130.077 19 -35
      vertex 135.851 20 -25
      vertex 130.077 33.4885 -35
    endloop
  endfacet
  facet normal -0.866 -0.000155124 0.500044
    outer loop
      vertex 135.851 20 -25
      vertex 130.077 19 -35
      vertex 135.889 19 -24.9345
    endloop
  endfacet
  facet normal 0.866007 0 -0.500032
    outer loop
      vertex 128.923 20 -25
      vertex 123.149 33.2758 -35
      vertex 128.923 33.4531 -25
    endloop
  endfacet
  facet normal 0.866037 -0.000705271 -0.499979
    outer loop
      vertex 123.149 19 -35
      vertex 128.923 20 -25
      vertex 128.96 19 -24.9345
    endloop
  endfacet
  facet normal 0.866007 0 -0.500032
    outer loop
      vertex 128.923 20 -25
      vertex 123.149 19 -35
      vertex 123.149 33.2758 -35
    endloop
  endfacet
  facet normal 0 1 -0
    outer loop
      vertex 24.0774 19 -35
      vertex 22.9605 19 -24.9345
      vertex 29.8887 19 -24.9345
    endloop
  endfacet
  facet normal 0 1 0
    outer loop
      vertex 22.9605 19 -24.9345
      vertex 24.0774 19 -35
      vertex 17.1491 19 -35
    endloop
  endfacet
  facet normal 0 1 -0
    outer loop
      vertex 77.0773 19 -35
      vertex 75.9605 19 -24.9345
      vertex 82.8887 19 -24.9345
    endloop
  endfacet
  facet normal 0 1 0
    outer loop
      vertex 75.9605 19 -24.9345
      vertex 77.0773 19 -35
      vertex 70.1491 19 -35
    endloop
  endfacet
  facet normal 0 1 -0
    outer loop
      vertex 103.577 19 -35
      vertex 102.46 19 -24.9345
      vertex 109.389 19 -24.9345
    endloop
  endfacet
  facet normal 0 1 0
    outer loop
      vertex 102.46 19 -24.9345
      vertex 103.577 19 -35
      vertex 96.6491 19 -35
    endloop
  endfacet
  facet normal 0 1 -0
    outer loop
      vertex 130.077 19 -35
      vertex 128.96 19 -24.9345
      vertex 135.889 19 -24.9345
    endloop
  endfacet
  facet normal 0 1 0
    outer loop
      vertex 128.96 19 -24.9345
      vertex 130.077 19 -35
      vertex 123.149 19 -35
    endloop
  endfacet
  facet normal 0.0306713 -0.99953 3.58736e-06
    outer loop
      vertex 24.0774 30.2348 -35
      vertex 22.9226 30.1994 -25
      vertex 17.1491 30.0222 -35
    endloop
  endfacet
  facet normal 0.0306713 -0.99953 3.58736e-06
    outer loop
      vertex 22.9226 30.1994 -25
      vertex 24.0774 30.2348 -35
      vertex 29.8509 30.412 -25
    endloop
  endfacet
  facet normal 0.0306862 -0.999529 -4.99765e-06
    outer loop
      vertex 77.0773 31.8617 -35
      vertex 75.9226 31.8262 -25
      vertex 70.1491 31.649 -35
    endloop
  endfacet
  facet normal 0.0306857 -0.999529 -5.04879e-06
    outer loop
      vertex 75.9226 31.8262 -25
      vertex 77.0773 31.8617 -35
      vertex 82.8509 32.0389 -25
    endloop
  endfacet
  facet normal 0.0306875 -0.999529 -6.99233e-06
    outer loop
      vertex 103.577 32.6751 -35
      vertex 102.423 32.6396 -25
      vertex 96.6491 32.4624 -35
    endloop
  endfacet
  facet normal 0.030687 -0.999529 -7.04345e-06
    outer loop
      vertex 102.423 32.6396 -25
      vertex 103.577 32.6751 -35
      vertex 109.351 32.8523 -25
    endloop
  endfacet
  facet normal 0.030687 -0.999529 2.95184e-06
    outer loop
      vertex 130.077 33.4885 -35
      vertex 128.923 33.4531 -25
      vertex 123.149 33.2758 -35
    endloop
  endfacet
  facet normal 0.0306726 -0.999529 1.28692e-06
    outer loop
      vertex 128.923 33.4531 -25
      vertex 130.077 33.4885 -35
      vertex 135.851 33.6657 -25
    endloop
  endfacet
  facet normal -0.896853 0 0.442328
    outer loop
      vertex 30.8301 0 -15.5
      vertex 31.0767 10 -15
      vertex 30.8301 10.0328 -15.5
    endloop
  endfacet
  facet normal -0.89686 8.50075e-07 0.442314
    outer loop
      vertex 31.1194 0 -14.9134
      vertex 31.0767 10 -15
      vertex 30.8301 0 -15.5
    endloop
  endfacet
  facet normal -0.896899 0 0.442235
    outer loop
      vertex 31.0767 10 -15
      vertex 31.1194 0 -14.9134
      vertex 31.1194 10 -14.9134
    endloop
  endfacet
  facet normal -0.321407 0 0.946941
    outer loop
      vertex 27.7941 0 -17.8296
      vertex 28.4134 10.3513 -17.6194
      vertex 27.7941 10.4227 -17.8296
    endloop
  endfacet
  facet normal -0.321407 0 0.946941
    outer loop
      vertex 28.4134 10.3513 -17.6194
      vertex 27.7941 0 -17.8296
      vertex 28.4134 0 -17.6194
    endloop
  endfacet
  facet normal -0.195087 0 0.980786
    outer loop
      vertex 27.1526 0 -17.9572
      vertex 27.7941 10.4227 -17.8296
      vertex 27.1526 10.466 -17.9572
    endloop
  endfacet
  facet normal -0.195087 0 0.980786
    outer loop
      vertex 27.7941 10.4227 -17.8296
      vertex 27.1526 0 -17.9572
      vertex 27.7941 0 -17.8296
    endloop
  endfacet
  facet normal -0.0654432 0 0.997856
    outer loop
      vertex 26.5 0 -18
      vertex 27.1526 10.466 -17.9572
      vertex 26.5 10.4805 -18
    endloop
  endfacet
  facet normal -0.0654432 0 0.997856
    outer loop
      vertex 27.1526 10.466 -17.9572
      vertex 26.5 0 -18
      vertex 27.1526 0 -17.9572
    endloop
  endfacet
  facet normal 0.0654432 0 0.997856
    outer loop
      vertex 19.8474 10.466 -17.9572
      vertex 20.5 0 -18
      vertex 20.5 10.4805 -18
    endloop
  endfacet
  facet normal 0.0654432 0 0.997856
    outer loop
      vertex 20.5 0 -18
      vertex 19.8474 10.466 -17.9572
      vertex 19.8474 0 -17.9572
    endloop
  endfacet
  facet normal -0 0 1
    outer loop
      vertex 20.5 10.4805 -18
      vertex 26.5 0 -18
      vertex 26.5 10.4805 -18
    endloop
  endfacet
  facet normal 0 0 1
    outer loop
      vertex 26.5 0 -18
      vertex 20.5 10.4805 -18
      vertex 20.5 0 -18
    endloop
  endfacet
  facet normal 0.321461 0 -0.946923
    outer loop
      vertex 18.5866 0 5.6194
      vertex 19.2059 10 5.82964
      vertex 19.2059 0 5.82964
    endloop
  endfacet
  facet normal 0.321461 0 -0.946923
    outer loop
      vertex 19.2059 10 5.82964
      vertex 18.5866 0 5.6194
      vertex 18.5866 10 5.6194
    endloop
  endfacet
  facet normal 0.0653976 0 -0.997859
    outer loop
      vertex 19.8474 0 5.95723
      vertex 20.5 10 6
      vertex 20.5 0 6
    endloop
  endfacet
  facet normal 0.0653976 0 -0.997859
    outer loop
      vertex 20.5 10 6
      vertex 19.8474 0 5.95723
      vertex 19.8474 10 5.95723
    endloop
  endfacet
  facet normal 0.946944 0 -0.321397
    outer loop
      vertex 15.8806 0 2.91342
      vertex 15.6704 10 2.2941
      vertex 15.8806 10 2.91342
    endloop
  endfacet
  facet normal 0.946944 0 -0.321397
    outer loop
      vertex 15.6704 10 2.2941
      vertex 15.8806 0 2.91342
      vertex 15.6704 0 2.2941
    endloop
  endfacet
  facet normal 0.321407 0 0.946941
    outer loop
      vertex 18.5866 10.3513 -17.6194
      vertex 19.2059 0 -17.8296
      vertex 19.2059 10.4227 -17.8296
    endloop
  endfacet
  facet normal 0.321407 0 0.946941
    outer loop
      vertex 19.2059 0 -17.8296
      vertex 18.5866 10.3513 -17.6194
      vertex 18.5866 0 -17.6194
    endloop
  endfacet
  facet normal 0.831509 0 0.555512
    outer loop
      vertex 16.5332 0 -16.0438
      vertex 16.1699 10.0328 -15.5
      vertex 16.1699 0 -15.5
    endloop
  endfacet
  facet normal 0.831509 0 0.555512
    outer loop
      vertex 16.1699 10.0328 -15.5
      vertex 16.5332 0 -16.0438
      vertex 16.5332 10.0684 -16.0438
    endloop
  endfacet
  facet normal 0.659364 0 -0.751824
    outer loop
      vertex 16.9645 0 4.53554
      vertex 17.4562 10 4.96677
      vertex 17.4562 0 4.96677
    endloop
  endfacet
  facet normal 0.659364 0 -0.751824
    outer loop
      vertex 17.4562 10 4.96677
      vertex 16.9645 0 4.53554
      vertex 16.9645 10 4.53554
    endloop
  endfacet
  facet normal -0.751791 0 -0.659401
    outer loop
      vertex 30.4668 0 4.04381
      vertex 30.0355 10 4.53554
      vertex 30.4668 10 4.04381
    endloop
  endfacet
  facet normal -0.751791 -0 -0.659401
    outer loop
      vertex 30.0355 10 4.53554
      vertex 30.4668 0 4.04381
      vertex 30.0355 0 4.53554
    endloop
  endfacet
  facet normal 0.896854 0 -0.442327
    outer loop
      vertex 16.1699 0 3.5
      vertex 15.8806 10 2.91342
      vertex 16.1699 10 3.5
    endloop
  endfacet
  facet normal 0.896854 0 -0.442327
    outer loop
      vertex 15.8806 10 2.91342
      vertex 16.1699 0 3.5
      vertex 15.8806 0 2.91342
    endloop
  endfacet
  facet normal 0.896899 0 0.442235
    outer loop
      vertex 15.8806 10 -14.9134
      vertex 15.8806 0 -14.9134
      vertex 15.9233 10 -15
    endloop
  endfacet
  facet normal 0.89686 8.50075e-07 0.442314
    outer loop
      vertex 16.1699 0 -15.5
      vertex 15.9233 10 -15
      vertex 15.8806 0 -14.9134
    endloop
  endfacet
  facet normal 0.896853 0 0.442328
    outer loop
      vertex 15.9233 10 -15
      vertex 16.1699 0 -15.5
      vertex 16.1699 10.0328 -15.5
    endloop
  endfacet
  facet normal 0.44229 0 -0.896872
    outer loop
      vertex 18 0 5.33012
      vertex 18.5866 10 5.6194
      vertex 18.5866 0 5.6194
    endloop
  endfacet
  facet normal 0.44229 0 -0.896872
    outer loop
      vertex 18.5866 10 5.6194
      vertex 18 0 5.33012
      vertex 18 10 5.33012
    endloop
  endfacet
  facet normal -0.195072 0 -0.980789
    outer loop
      vertex 27.1526 0 5.95723
      vertex 27.7941 10 5.82964
      vertex 27.7941 0 5.82964
    endloop
  endfacet
  facet normal -0.195072 0 -0.980789
    outer loop
      vertex 27.7941 10 5.82964
      vertex 27.1526 0 5.95723
      vertex 27.1526 10 5.95723
    endloop
  endfacet
  facet normal 0 0 -1
    outer loop
      vertex 20.5 0 6
      vertex 26.5 10 6
      vertex 26.5 0 6
    endloop
  endfacet
  facet normal -0 0 -1
    outer loop
      vertex 26.5 10 6
      vertex 20.5 0 6
      vertex 20.5 10 6
    endloop
  endfacet
  facet normal 0.980786 -0 0.195087
    outer loop
      vertex 15.5428 0 -13.6526
      vertex 15.6704 10 -14.2941
      vertex 15.5428 10 -13.6526
    endloop
  endfacet
  facet normal 0.980786 0 0.195087
    outer loop
      vertex 15.6704 10 -14.2941
      vertex 15.5428 0 -13.6526
      vertex 15.6704 0 -14.2941
    endloop
  endfacet
  facet normal -0.980784 0 -0.195096
    outer loop
      vertex 31.4572 0 1.65263
      vertex 31.3296 10 2.2941
      vertex 31.4572 10 1.65263
    endloop
  endfacet
  facet normal -0.980784 -0 -0.195096
    outer loop
      vertex 31.3296 10 2.2941
      vertex 31.4572 0 1.65263
      vertex 31.3296 0 2.2941
    endloop
  endfacet
  facet normal 0.946941 -0 0.321407
    outer loop
      vertex 15.6704 0 -14.2941
      vertex 15.8806 10 -14.9134
      vertex 15.6704 10 -14.2941
    endloop
  endfacet
  facet normal 0.946941 0 0.321407
    outer loop
      vertex 15.8806 10 -14.9134
      vertex 15.6704 0 -14.2941
      vertex 15.8806 0 -14.9134
    endloop
  endfacet
  facet normal -0.831514 0 -0.555504
    outer loop
      vertex 30.8301 0 3.5
      vertex 30.4668 10 4.04381
      vertex 30.8301 10 3.5
    endloop
  endfacet
  facet normal -0.831514 -0 -0.555504
    outer loop
      vertex 30.4668 10 4.04381
      vertex 30.8301 0 3.5
      vertex 30.4668 0 4.04381
    endloop
  endfacet
  facet normal 0.997856 -0 0.0654432
    outer loop
      vertex 15.5 0 -13
      vertex 15.5428 10 -13.6526
      vertex 15.5 10 -13
    endloop
  endfacet
  facet normal 0.997856 0 0.0654432
    outer loop
      vertex 15.5428 10 -13.6526
      vertex 15.5 0 -13
      vertex 15.5428 0 -13.6526
    endloop
  endfacet
  facet normal 0.980784 0 -0.195096
    outer loop
      vertex 15.6704 0 2.2941
      vertex 15.5428 10 1.65263
      vertex 15.6704 10 2.2941
    endloop
  endfacet
  facet normal 0.980784 0 -0.195096
    outer loop
      vertex 15.5428 10 1.65263
      vertex 15.6704 0 2.2941
      vertex 15.5428 0 1.65263
    endloop
  endfacet
  facet normal 0.831514 0 -0.555504
    outer loop
      vertex 16.5332 0 4.04381
      vertex 16.1699 10 3.5
      vertex 16.5332 10 4.04381
    endloop
  endfacet
  facet normal 0.831514 0 -0.555504
    outer loop
      vertex 16.1699 10 3.5
      vertex 16.5332 0 4.04381
      vertex 16.1699 0 3.5
    endloop
  endfacet
  facet normal 0.555564 0 -0.831474
    outer loop
      vertex 17.4562 0 4.96677
      vertex 18 10 5.33012
      vertex 18 0 5.33012
    endloop
  endfacet
  facet normal 0.555564 0 -0.831474
    outer loop
      vertex 18 10 5.33012
      vertex 17.4562 0 4.96677
      vertex 17.4562 10 4.96677
    endloop
  endfacet
  facet normal 0.659424 0 0.751771
    outer loop
      vertex 16.9645 10.1314 -16.5355
      vertex 17.4562 0 -16.9668
      vertex 17.4562 10.2171 -16.9668
    endloop
  endfacet
  facet normal 0.659424 0 0.751771
    outer loop
      vertex 17.4562 0 -16.9668
      vertex 16.9645 10.1314 -16.5355
      vertex 16.9645 0 -16.5355
    endloop
  endfacet
  facet normal 0.195087 0 0.980786
    outer loop
      vertex 19.2059 10.4227 -17.8296
      vertex 19.8474 0 -17.9572
      vertex 19.8474 10.466 -17.9572
    endloop
  endfacet
  facet normal 0.195087 0 0.980786
    outer loop
      vertex 19.8474 0 -17.9572
      vertex 19.2059 10.4227 -17.8296
      vertex 19.2059 0 -17.8296
    endloop
  endfacet
  facet normal -0.946944 0 -0.321397
    outer loop
      vertex 31.3296 0 2.2941
      vertex 31.1194 10 2.91342
      vertex 31.3296 10 2.2941
    endloop
  endfacet
  facet normal -0.946944 -0 -0.321397
    outer loop
      vertex 31.1194 10 2.91342
      vertex 31.3296 0 2.2941
      vertex 31.1194 0 2.91342
    endloop
  endfacet
  facet normal 0.195072 0 -0.980789
    outer loop
      vertex 19.2059 0 5.82964
      vertex 19.8474 10 5.95723
      vertex 19.8474 0 5.95723
    endloop
  endfacet
  facet normal 0.195072 0 -0.980789
    outer loop
      vertex 19.8474 10 5.95723
      vertex 19.2059 0 5.82964
      vertex 19.2059 10 5.82964
    endloop
  endfacet
  facet normal -0.659364 0 -0.751824
    outer loop
      vertex 29.5438 0 4.96677
      vertex 30.0355 10 4.53554
      vertex 30.0355 0 4.53554
    endloop
  endfacet
  facet normal -0.659364 0 -0.751824
    outer loop
      vertex 30.0355 10 4.53554
      vertex 29.5438 0 4.96677
      vertex 29.5438 10 4.96677
    endloop
  endfacet
  facet normal 1 -0 0
    outer loop
      vertex 15.5 0 1
      vertex 15.5 10 -13
      vertex 15.5 10 1
    endloop
  endfacet
  facet normal 1 0 0
    outer loop
      vertex 15.5 10 -13
      vertex 15.5 0 1
      vertex 15.5 0 -13
    endloop
  endfacet
  facet normal 0.997856 0 -0.0654402
    outer loop
      vertex 15.5428 0 1.65263
      vertex 15.5 10 1
      vertex 15.5428 10 1.65263
    endloop
  endfacet
  facet normal 0.997856 0 -0.0654402
    outer loop
      vertex 15.5 10 1
      vertex 15.5428 0 1.65263
      vertex 15.5 0 1
    endloop
  endfacet
  facet normal -0.44229 0 -0.896872
    outer loop
      vertex 28.4134 0 5.6194
      vertex 29 10 5.33012
      vertex 29 0 5.33012
    endloop
  endfacet
  facet normal -0.44229 0 -0.896872
    outer loop
      vertex 29 10 5.33012
      vertex 28.4134 0 5.6194
      vertex 28.4134 10 5.6194
    endloop
  endfacet
  facet normal -1 0 0
    outer loop
      vertex 31.5 0 -13
      vertex 31.5 10 1
      vertex 31.5 10 -13
    endloop
  endfacet
  facet normal -1 -0 0
    outer loop
      vertex 31.5 10 1
      vertex 31.5 0 -13
      vertex 31.5 0 1
    endloop
  endfacet
  facet normal -0.831509 0 0.555512
    outer loop
      vertex 30.4668 0 -16.0438
      vertex 30.8301 10.0328 -15.5
      vertex 30.4668 10.0684 -16.0438
    endloop
  endfacet
  facet normal -0.831509 0 0.555512
    outer loop
      vertex 30.8301 10.0328 -15.5
      vertex 30.4668 0 -16.0438
      vertex 30.8301 0 -15.5
    endloop
  endfacet
  facet normal -0.997856 0 0.0654432
    outer loop
      vertex 31.4572 0 -13.6526
      vertex 31.5 10 -13
      vertex 31.4572 10 -13.6526
    endloop
  endfacet
  facet normal -0.997856 0 0.0654432
    outer loop
      vertex 31.5 10 -13
      vertex 31.4572 0 -13.6526
      vertex 31.5 0 -13
    endloop
  endfacet
  facet normal -0.946941 0 0.321407
    outer loop
      vertex 31.1194 0 -14.9134
      vertex 31.3296 10 -14.2941
      vertex 31.1194 10 -14.9134
    endloop
  endfacet
  facet normal -0.946941 0 0.321407
    outer loop
      vertex 31.3296 10 -14.2941
      vertex 31.1194 0 -14.9134
      vertex 31.3296 0 -14.2941
    endloop
  endfacet
  facet normal 0.751791 0 -0.659401
    outer loop
      vertex 16.9645 0 4.53554
      vertex 16.5332 10 4.04381
      vertex 16.9645 10 4.53554
    endloop
  endfacet
  facet normal 0.751791 0 -0.659401
    outer loop
      vertex 16.5332 10 4.04381
      vertex 16.9645 0 4.53554
      vertex 16.5332 0 4.04381
    endloop
  endfacet
  facet normal -0.997856 0 -0.0654402
    outer loop
      vertex 31.5 0 1
      vertex 31.4572 10 1.65263
      vertex 31.5 10 1
    endloop
  endfacet
  facet normal -0.997856 -0 -0.0654402
    outer loop
      vertex 31.4572 10 1.65263
      vertex 31.5 0 1
      vertex 31.4572 0 1.65263
    endloop
  endfacet
  facet normal 0.751771 0 0.659424
    outer loop
      vertex 16.9645 0 -16.5355
      vertex 16.5332 10.0684 -16.0438
      vertex 16.5332 0 -16.0438
    endloop
  endfacet
  facet normal 0.751881 1.08569e-05 0.659299
    outer loop
      vertex 16.5332 10.0684 -16.0438
      vertex 16.9645 0 -16.5355
      vertex 16.7625 10.0856 -16.3053
    endloop
  endfacet
  facet normal 0.751646 0 0.659567
    outer loop
      vertex 16.7625 10.0856 -16.3053
      vertex 16.9645 0 -16.5355
      vertex 16.9645 10.1314 -16.5355
    endloop
  endfacet
  facet normal 0.555512 0 0.831509
    outer loop
      vertex 17.4562 10.2171 -16.9668
      vertex 18 0 -17.3301
      vertex 18 10.2894 -17.3301
    endloop
  endfacet
  facet normal 0.555512 0 0.831509
    outer loop
      vertex 18 0 -17.3301
      vertex 17.4562 10.2171 -16.9668
      vertex 17.4562 0 -16.9668
    endloop
  endfacet
  facet normal 0.442105 0 0.896963
    outer loop
      vertex 18.5233 10.3407 -17.5882
      vertex 18.5866 0 -17.6194
      vertex 18.5866 10.3513 -17.6194
    endloop
  endfacet
  facet normal 0.44234 1.78391e-06 0.896848
    outer loop
      vertex 18 10.2894 -17.3301
      vertex 18.5866 0 -17.6194
      vertex 18.5233 10.3407 -17.5882
    endloop
  endfacet
  facet normal 0.442314 0 0.89686
    outer loop
      vertex 18.5866 0 -17.6194
      vertex 18 10.2894 -17.3301
      vertex 18 0 -17.3301
    endloop
  endfacet
  facet normal -0.321461 0 -0.946923
    outer loop
      vertex 27.7941 0 5.82964
      vertex 28.4134 10 5.6194
      vertex 28.4134 0 5.6194
    endloop
  endfacet
  facet normal -0.321461 0 -0.946923
    outer loop
      vertex 28.4134 10 5.6194
      vertex 27.7941 0 5.82964
      vertex 27.7941 10 5.82964
    endloop
  endfacet
  facet normal -0.0653976 0 -0.997859
    outer loop
      vertex 26.5 0 6
      vertex 27.1526 10 5.95723
      vertex 27.1526 0 5.95723
    endloop
  endfacet
  facet normal -0.0653976 0 -0.997859
    outer loop
      vertex 27.1526 10 5.95723
      vertex 26.5 0 6
      vertex 26.5 10 6
    endloop
  endfacet
  facet normal -0.555512 0 0.831509
    outer loop
      vertex 29 0 -17.3301
      vertex 29.5438 10.2171 -16.9668
      vertex 29 10.2894 -17.3301
    endloop
  endfacet
  facet normal -0.555512 0 0.831509
    outer loop
      vertex 29.5438 10.2171 -16.9668
      vertex 29 0 -17.3301
      vertex 29.5438 0 -16.9668
    endloop
  endfacet
  facet normal -0.896854 0 -0.442327
    outer loop
      vertex 31.1194 0 2.91342
      vertex 30.8301 10 3.5
      vertex 31.1194 10 2.91342
    endloop
  endfacet
  facet normal -0.896854 -0 -0.442327
    outer loop
      vertex 30.8301 10 3.5
      vertex 31.1194 0 2.91342
      vertex 30.8301 0 3.5
    endloop
  endfacet
  facet normal -0.659424 0 0.751771
    outer loop
      vertex 29.5438 0 -16.9668
      vertex 30.0355 10.1314 -16.5355
      vertex 29.5438 10.2171 -16.9668
    endloop
  endfacet
  facet normal -0.659424 0 0.751771
    outer loop
      vertex 30.0355 10.1314 -16.5355
      vertex 29.5438 0 -16.9668
      vertex 30.0355 0 -16.5355
    endloop
  endfacet
  facet normal -0.555564 0 -0.831474
    outer loop
      vertex 29 0 5.33012
      vertex 29.5438 10 4.96677
      vertex 29.5438 0 4.96677
    endloop
  endfacet
  facet normal -0.555564 0 -0.831474
    outer loop
      vertex 29.5438 10 4.96677
      vertex 29 0 5.33012
      vertex 29 10 5.33012
    endloop
  endfacet
  facet normal -0.980786 0 0.195087
    outer loop
      vertex 31.3296 0 -14.2941
      vertex 31.4572 10 -13.6526
      vertex 31.3296 10 -14.2941
    endloop
  endfacet
  facet normal -0.980786 0 0.195087
    outer loop
      vertex 31.4572 10 -13.6526
      vertex 31.3296 0 -14.2941
      vertex 31.4572 0 -13.6526
    endloop
  endfacet
  facet normal -0.751646 0 0.659567
    outer loop
      vertex 30.0355 0 -16.5355
      vertex 30.2375 10.0856 -16.3053
      vertex 30.0355 10.1314 -16.5355
    endloop
  endfacet
  facet normal -0.751881 1.08569e-05 0.659299
    outer loop
      vertex 30.0355 0 -16.5355
      vertex 30.4668 10.0684 -16.0438
      vertex 30.2375 10.0856 -16.3053
    endloop
  endfacet
  facet normal -0.751771 0 0.659424
    outer loop
      vertex 30.4668 10.0684 -16.0438
      vertex 30.0355 0 -16.5355
      vertex 30.4668 0 -16.0438
    endloop
  endfacet
  facet normal -0.44234 1.78391e-06 0.896848
    outer loop
      vertex 28.4134 0 -17.6194
      vertex 29 10.2894 -17.3301
      vertex 28.4767 10.3407 -17.5882
    endloop
  endfacet
  facet normal -0.442105 0 0.896963
    outer loop
      vertex 28.4134 0 -17.6194
      vertex 28.4767 10.3407 -17.5882
      vertex 28.4134 10.3513 -17.6194
    endloop
  endfacet
  facet normal -0.442314 0 0.89686
    outer loop
      vertex 29 10.2894 -17.3301
      vertex 28.4134 0 -17.6194
      vertex 29 0 -17.3301
    endloop
  endfacet
  facet normal -0.896853 0 0.442328
    outer loop
      vertex 57.3301 0 -15.5
      vertex 57.5767 10 -15
      vertex 57.3301 10.0328 -15.5
    endloop
  endfacet
  facet normal -0.89686 8.50075e-07 0.442314
    outer loop
      vertex 57.6194 0 -14.9134
      vertex 57.5767 10 -15
      vertex 57.3301 0 -15.5
    endloop
  endfacet
  facet normal -0.896899 0 0.442235
    outer loop
      vertex 57.5767 10 -15
      vertex 57.6194 0 -14.9134
      vertex 57.6194 10 -14.9134
    endloop
  endfacet
  facet normal -0.321407 0 0.946941
    outer loop
      vertex 54.2941 0 -17.8296
      vertex 54.9134 10.3513 -17.6194
      vertex 54.2941 10.4227 -17.8296
    endloop
  endfacet
  facet normal -0.321407 0 0.946941
    outer loop
      vertex 54.9134 10.3513 -17.6194
      vertex 54.2941 0 -17.8296
      vertex 54.9134 0 -17.6194
    endloop
  endfacet
  facet normal -0.195087 0 0.980786
    outer loop
      vertex 53.6526 0 -17.9572
      vertex 54.2941 10.4227 -17.8296
      vertex 53.6526 10.466 -17.9572
    endloop
  endfacet
  facet normal -0.195087 0 0.980786
    outer loop
      vertex 54.2941 10.4227 -17.8296
      vertex 53.6526 0 -17.9572
      vertex 54.2941 0 -17.8296
    endloop
  endfacet
  facet normal -0.0654432 0 0.997856
    outer loop
      vertex 53 0 -18
      vertex 53.6526 10.466 -17.9572
      vertex 53 10.4805 -18
    endloop
  endfacet
  facet normal -0.0654432 0 0.997856
    outer loop
      vertex 53.6526 10.466 -17.9572
      vertex 53 0 -18
      vertex 53.6526 0 -17.9572
    endloop
  endfacet
  facet normal 0.0654432 0 0.997856
    outer loop
      vertex 46.3474 10.466 -17.9572
      vertex 47 0 -18
      vertex 47 10.4805 -18
    endloop
  endfacet
  facet normal 0.0654432 0 0.997856
    outer loop
      vertex 47 0 -18
      vertex 46.3474 10.466 -17.9572
      vertex 46.3474 0 -17.9572
    endloop
  endfacet
  facet normal -0 0 1
    outer loop
      vertex 47 10.4805 -18
      vertex 53 0 -18
      vertex 53 10.4805 -18
    endloop
  endfacet
  facet normal 0 0 1
    outer loop
      vertex 53 0 -18
      vertex 47 10.4805 -18
      vertex 47 0 -18
    endloop
  endfacet
  facet normal 0.321461 0 -0.946923
    outer loop
      vertex 45.0866 0 5.6194
      vertex 45.7059 10 5.82964
      vertex 45.7059 0 5.82964
    endloop
  endfacet
  facet normal 0.321461 0 -0.946923
    outer loop
      vertex 45.7059 10 5.82964
      vertex 45.0866 0 5.6194
      vertex 45.0866 10 5.6194
    endloop
  endfacet
  facet normal 0.0653976 0 -0.997859
    outer loop
      vertex 46.3474 0 5.95723
      vertex 47 10 6
      vertex 47 0 6
    endloop
  endfacet
  facet normal 0.0653976 0 -0.997859
    outer loop
      vertex 47 10 6
      vertex 46.3474 0 5.95723
      vertex 46.3474 10 5.95723
    endloop
  endfacet
  facet normal 0.946944 0 -0.321397
    outer loop
      vertex 42.3806 0 2.91342
      vertex 42.1704 10 2.2941
      vertex 42.3806 10 2.91342
    endloop
  endfacet
  facet normal 0.946944 0 -0.321397
    outer loop
      vertex 42.1704 10 2.2941
      vertex 42.3806 0 2.91342
      vertex 42.1704 0 2.2941
    endloop
  endfacet
  facet normal 0.321407 0 0.946941
    outer loop
      vertex 45.0866 10.3513 -17.6194
      vertex 45.7059 0 -17.8296
      vertex 45.7059 10.4227 -17.8296
    endloop
  endfacet
  facet normal 0.321407 0 0.946941
    outer loop
      vertex 45.7059 0 -17.8296
      vertex 45.0866 10.3513 -17.6194
      vertex 45.0866 0 -17.6194
    endloop
  endfacet
  facet normal 0.831509 0 0.555512
    outer loop
      vertex 43.0332 0 -16.0438
      vertex 42.6699 10.0328 -15.5
      vertex 42.6699 0 -15.5
    endloop
  endfacet
  facet normal 0.831509 0 0.555512
    outer loop
      vertex 42.6699 10.0328 -15.5
      vertex 43.0332 0 -16.0438
      vertex 43.0332 10.0684 -16.0438
    endloop
  endfacet
  facet normal 0.659364 0 -0.751824
    outer loop
      vertex 43.4645 0 4.53554
      vertex 43.9562 10 4.96677
      vertex 43.9562 0 4.96677
    endloop
  endfacet
  facet normal 0.659364 0 -0.751824
    outer loop
      vertex 43.9562 10 4.96677
      vertex 43.4645 0 4.53554
      vertex 43.4645 10 4.53554
    endloop
  endfacet
  facet normal -0.751791 0 -0.659401
    outer loop
      vertex 56.9668 0 4.04381
      vertex 56.5355 10 4.53554
      vertex 56.9668 10 4.04381
    endloop
  endfacet
  facet normal -0.751791 -0 -0.659401
    outer loop
      vertex 56.5355 10 4.53554
      vertex 56.9668 0 4.04381
      vertex 56.5355 0 4.53554
    endloop
  endfacet
  facet normal 0.896854 0 -0.442327
    outer loop
      vertex 42.6699 0 3.5
      vertex 42.3806 10 2.91342
      vertex 42.6699 10 3.5
    endloop
  endfacet
  facet normal 0.896854 0 -0.442327
    outer loop
      vertex 42.3806 10 2.91342
      vertex 42.6699 0 3.5
      vertex 42.3806 0 2.91342
    endloop
  endfacet
  facet normal 0.896899 0 0.442235
    outer loop
      vertex 42.3806 10 -14.9134
      vertex 42.3806 0 -14.9134
      vertex 42.4233 10 -15
    endloop
  endfacet
  facet normal 0.89686 8.50075e-07 0.442314
    outer loop
      vertex 42.6699 0 -15.5
      vertex 42.4233 10 -15
      vertex 42.3806 0 -14.9134
    endloop
  endfacet
  facet normal 0.896853 0 0.442328
    outer loop
      vertex 42.4233 10 -15
      vertex 42.6699 0 -15.5
      vertex 42.6699 10.0328 -15.5
    endloop
  endfacet
  facet normal 0.44229 0 -0.896872
    outer loop
      vertex 44.5 0 5.33012
      vertex 45.0866 10 5.6194
      vertex 45.0866 0 5.6194
    endloop
  endfacet
  facet normal 0.44229 0 -0.896872
    outer loop
      vertex 45.0866 10 5.6194
      vertex 44.5 0 5.33012
      vertex 44.5 10 5.33012
    endloop
  endfacet
  facet normal -0.195072 0 -0.980789
    outer loop
      vertex 53.6526 0 5.95723
      vertex 54.2941 10 5.82964
      vertex 54.2941 0 5.82964
    endloop
  endfacet
  facet normal -0.195072 0 -0.980789
    outer loop
      vertex 54.2941 10 5.82964
      vertex 53.6526 0 5.95723
      vertex 53.6526 10 5.95723
    endloop
  endfacet
  facet normal 0 0 -1
    outer loop
      vertex 47 0 6
      vertex 53 10 6
      vertex 53 0 6
    endloop
  endfacet
  facet normal -0 0 -1
    outer loop
      vertex 53 10 6
      vertex 47 0 6
      vertex 47 10 6
    endloop
  endfacet
  facet normal 0.980786 -0 0.195087
    outer loop
      vertex 42.0428 0 -13.6526
      vertex 42.1704 10 -14.2941
      vertex 42.0428 10 -13.6526
    endloop
  endfacet
  facet normal 0.980786 0 0.195087
    outer loop
      vertex 42.1704 10 -14.2941
      vertex 42.0428 0 -13.6526
      vertex 42.1704 0 -14.2941
    endloop
  endfacet
  facet normal -0.980784 0 -0.195096
    outer loop
      vertex 57.9572 0 1.65263
      vertex 57.8296 10 2.2941
      vertex 57.9572 10 1.65263
    endloop
  endfacet
  facet normal -0.980784 -0 -0.195096
    outer loop
      vertex 57.8296 10 2.2941
      vertex 57.9572 0 1.65263
      vertex 57.8296 0 2.2941
    endloop
  endfacet
  facet normal 0.946941 -0 0.321407
    outer loop
      vertex 42.1704 0 -14.2941
      vertex 42.3806 10 -14.9134
      vertex 42.1704 10 -14.2941
    endloop
  endfacet
  facet normal 0.946941 0 0.321407
    outer loop
      vertex 42.3806 10 -14.9134
      vertex 42.1704 0 -14.2941
      vertex 42.3806 0 -14.9134
    endloop
  endfacet
  facet normal -0.831514 0 -0.555504
    outer loop
      vertex 57.3301 0 3.5
      vertex 56.9668 10 4.04381
      vertex 57.3301 10 3.5
    endloop
  endfacet
  facet normal -0.831514 -0 -0.555504
    outer loop
      vertex 56.9668 10 4.04381
      vertex 57.3301 0 3.5
      vertex 56.9668 0 4.04381
    endloop
  endfacet
  facet normal 0.997856 -0 0.0654432
    outer loop
      vertex 42 0 -13
      vertex 42.0428 10 -13.6526
      vertex 42 10 -13
    endloop
  endfacet
  facet normal 0.997856 0 0.0654432
    outer loop
      vertex 42.0428 10 -13.6526
      vertex 42 0 -13
      vertex 42.0428 0 -13.6526
    endloop
  endfacet
  facet normal 0.980784 0 -0.195096
    outer loop
      vertex 42.1704 0 2.2941
      vertex 42.0428 10 1.65263
      vertex 42.1704 10 2.2941
    endloop
  endfacet
  facet normal 0.980784 0 -0.195096
    outer loop
      vertex 42.0428 10 1.65263
      vertex 42.1704 0 2.2941
      vertex 42.0428 0 1.65263
    endloop
  endfacet
  facet normal 0.831514 0 -0.555504
    outer loop
      vertex 43.0332 0 4.04381
      vertex 42.6699 10 3.5
      vertex 43.0332 10 4.04381
    endloop
  endfacet
  facet normal 0.831514 0 -0.555504
    outer loop
      vertex 42.6699 10 3.5
      vertex 43.0332 0 4.04381
      vertex 42.6699 0 3.5
    endloop
  endfacet
  facet normal 0.555564 0 -0.831474
    outer loop
      vertex 43.9562 0 4.96677
      vertex 44.5 10 5.33012
      vertex 44.5 0 5.33012
    endloop
  endfacet
  facet normal 0.555564 0 -0.831474
    outer loop
      vertex 44.5 10 5.33012
      vertex 43.9562 0 4.96677
      vertex 43.9562 10 4.96677
    endloop
  endfacet
  facet normal 0.659424 0 0.751771
    outer loop
      vertex 43.4645 10.1314 -16.5355
      vertex 43.9562 0 -16.9668
      vertex 43.9562 10.2171 -16.9668
    endloop
  endfacet
  facet normal 0.659424 0 0.751771
    outer loop
      vertex 43.9562 0 -16.9668
      vertex 43.4645 10.1314 -16.5355
      vertex 43.4645 0 -16.5355
    endloop
  endfacet
  facet normal 0.195087 0 0.980786
    outer loop
      vertex 45.7059 10.4227 -17.8296
      vertex 46.3474 0 -17.9572
      vertex 46.3474 10.466 -17.9572
    endloop
  endfacet
  facet normal 0.195087 0 0.980786
    outer loop
      vertex 46.3474 0 -17.9572
      vertex 45.7059 10.4227 -17.8296
      vertex 45.7059 0 -17.8296
    endloop
  endfacet
  facet normal -0.946944 0 -0.321397
    outer loop
      vertex 57.8296 0 2.2941
      vertex 57.6194 10 2.91342
      vertex 57.8296 10 2.2941
    endloop
  endfacet
  facet normal -0.946944 -0 -0.321397
    outer loop
      vertex 57.6194 10 2.91342
      vertex 57.8296 0 2.2941
      vertex 57.6194 0 2.91342
    endloop
  endfacet
  facet normal 0.195072 0 -0.980789
    outer loop
      vertex 45.7059 0 5.82964
      vertex 46.3474 10 5.95723
      vertex 46.3474 0 5.95723
    endloop
  endfacet
  facet normal 0.195072 0 -0.980789
    outer loop
      vertex 46.3474 10 5.95723
      vertex 45.7059 0 5.82964
      vertex 45.7059 10 5.82964
    endloop
  endfacet
  facet normal -0.659364 0 -0.751824
    outer loop
      vertex 56.0438 0 4.96677
      vertex 56.5355 10 4.53554
      vertex 56.5355 0 4.53554
    endloop
  endfacet
  facet normal -0.659364 0 -0.751824
    outer loop
      vertex 56.5355 10 4.53554
      vertex 56.0438 0 4.96677
      vertex 56.0438 10 4.96677
    endloop
  endfacet
  facet normal 1 -0 0
    outer loop
      vertex 42 0 1
      vertex 42 10 -13
      vertex 42 10 1
    endloop
  endfacet
  facet normal 1 0 0
    outer loop
      vertex 42 10 -13
      vertex 42 0 1
      vertex 42 0 -13
    endloop
  endfacet
  facet normal 0.997856 0 -0.0654402
    outer loop
      vertex 42.0428 0 1.65263
      vertex 42 10 1
      vertex 42.0428 10 1.65263
    endloop
  endfacet
  facet normal 0.997856 0 -0.0654402
    outer loop
      vertex 42 10 1
      vertex 42.0428 0 1.65263
      vertex 42 0 1
    endloop
  endfacet
  facet normal -0.44229 0 -0.896872
    outer loop
      vertex 54.9134 0 5.6194
      vertex 55.5 10 5.33012
      vertex 55.5 0 5.33012
    endloop
  endfacet
  facet normal -0.44229 0 -0.896872
    outer loop
      vertex 55.5 10 5.33012
      vertex 54.9134 0 5.6194
      vertex 54.9134 10 5.6194
    endloop
  endfacet
  facet normal -1 0 0
    outer loop
      vertex 58 0 -13
      vertex 58 10 1
      vertex 58 10 -13
    endloop
  endfacet
  facet normal -1 -0 0
    outer loop
      vertex 58 10 1
      vertex 58 0 -13
      vertex 58 0 1
    endloop
  endfacet
  facet normal -0.997856 0 0.0654432
    outer loop
      vertex 57.9572 0 -13.6526
      vertex 58 10 -13
      vertex 57.9572 10 -13.6526
    endloop
  endfacet
  facet normal -0.997856 0 0.0654432
    outer loop
      vertex 58 10 -13
      vertex 57.9572 0 -13.6526
      vertex 58 0 -13
    endloop
  endfacet
  facet normal -0.946941 0 0.321407
    outer loop
      vertex 57.6194 0 -14.9134
      vertex 57.8296 10 -14.2941
      vertex 57.6194 10 -14.9134
    endloop
  endfacet
  facet normal -0.946941 0 0.321407
    outer loop
      vertex 57.8296 10 -14.2941
      vertex 57.6194 0 -14.9134
      vertex 57.8296 0 -14.2941
    endloop
  endfacet
  facet normal -0.831509 0 0.555512
    outer loop
      vertex 56.9668 0 -16.0438
      vertex 57.3301 10.0328 -15.5
      vertex 56.9668 10.0684 -16.0438
    endloop
  endfacet
  facet normal -0.831509 0 0.555512
    outer loop
      vertex 57.3301 10.0328 -15.5
      vertex 56.9668 0 -16.0438
      vertex 57.3301 0 -15.5
    endloop
  endfacet
  facet normal -0.44234 1.78391e-06 0.896848
    outer loop
      vertex 54.9134 0 -17.6194
      vertex 55.5 10.2894 -17.3301
      vertex 54.9767 10.3407 -17.5882
    endloop
  endfacet
  facet normal -0.442105 0 0.896963
    outer loop
      vertex 54.9134 0 -17.6194
      vertex 54.9767 10.3407 -17.5882
      vertex 54.9134 10.3513 -17.6194
    endloop
  endfacet
  facet normal -0.442314 0 0.89686
    outer loop
      vertex 55.5 10.2894 -17.3301
      vertex 54.9134 0 -17.6194
      vertex 55.5 0 -17.3301
    endloop
  endfacet
  facet normal 0.751791 0 -0.659401
    outer loop
      vertex 43.4645 0 4.53554
      vertex 43.0332 10 4.04381
      vertex 43.4645 10 4.53554
    endloop
  endfacet
  facet normal 0.751791 0 -0.659401
    outer loop
      vertex 43.0332 10 4.04381
      vertex 43.4645 0 4.53554
      vertex 43.0332 0 4.04381
    endloop
  endfacet
  facet normal -0.997856 0 -0.0654402
    outer loop
      vertex 58 0 1
      vertex 57.9572 10 1.65263
      vertex 58 10 1
    endloop
  endfacet
  facet normal -0.997856 -0 -0.0654402
    outer loop
      vertex 57.9572 10 1.65263
      vertex 58 0 1
      vertex 57.9572 0 1.65263
    endloop
  endfacet
  facet normal 0.751771 0 0.659424
    outer loop
      vertex 43.4645 0 -16.5355
      vertex 43.0332 10.0684 -16.0438
      vertex 43.0332 0 -16.0438
    endloop
  endfacet
  facet normal 0.751881 1.08569e-05 0.659299
    outer loop
      vertex 43.0332 10.0684 -16.0438
      vertex 43.4645 0 -16.5355
      vertex 43.2625 10.0856 -16.3053
    endloop
  endfacet
  facet normal 0.751646 0 0.659567
    outer loop
      vertex 43.2625 10.0856 -16.3053
      vertex 43.4645 0 -16.5355
      vertex 43.4645 10.1314 -16.5355
    endloop
  endfacet
  facet normal 0.555512 0 0.831509
    outer loop
      vertex 43.9562 10.2171 -16.9668
      vertex 44.5 0 -17.3301
      vertex 44.5 10.2894 -17.3301
    endloop
  endfacet
  facet normal 0.555512 0 0.831509
    outer loop
      vertex 44.5 0 -17.3301
      vertex 43.9562 10.2171 -16.9668
      vertex 43.9562 0 -16.9668
    endloop
  endfacet
  facet normal 0.442105 0 0.896963
    outer loop
      vertex 45.0233 10.3407 -17.5882
      vertex 45.0866 0 -17.6194
      vertex 45.0866 10.3513 -17.6194
    endloop
  endfacet
  facet normal 0.44234 1.78391e-06 0.896848
    outer loop
      vertex 44.5 10.2894 -17.3301
      vertex 45.0866 0 -17.6194
      vertex 45.0233 10.3407 -17.5882
    endloop
  endfacet
  facet normal 0.442314 0 0.89686
    outer loop
      vertex 45.0866 0 -17.6194
      vertex 44.5 10.2894 -17.3301
      vertex 44.5 0 -17.3301
    endloop
  endfacet
  facet normal -0.321461 0 -0.946923
    outer loop
      vertex 54.2941 0 5.82964
      vertex 54.9134 10 5.6194
      vertex 54.9134 0 5.6194
    endloop
  endfacet
  facet normal -0.321461 0 -0.946923
    outer loop
      vertex 54.9134 10 5.6194
      vertex 54.2941 0 5.82964
      vertex 54.2941 10 5.82964
    endloop
  endfacet
  facet normal -0.0653976 0 -0.997859
    outer loop
      vertex 53 0 6
      vertex 53.6526 10 5.95723
      vertex 53.6526 0 5.95723
    endloop
  endfacet
  facet normal -0.0653976 0 -0.997859
    outer loop
      vertex 53.6526 10 5.95723
      vertex 53 0 6
      vertex 53 10 6
    endloop
  endfacet
  facet normal -0.555512 0 0.831509
    outer loop
      vertex 55.5 0 -17.3301
      vertex 56.0438 10.2171 -16.9668
      vertex 55.5 10.2894 -17.3301
    endloop
  endfacet
  facet normal -0.555512 0 0.831509
    outer loop
      vertex 56.0438 10.2171 -16.9668
      vertex 55.5 0 -17.3301
      vertex 56.0438 0 -16.9668
    endloop
  endfacet
  facet normal -0.896854 0 -0.442327
    outer loop
      vertex 57.6194 0 2.91342
      vertex 57.3301 10 3.5
      vertex 57.6194 10 2.91342
    endloop
  endfacet
  facet normal -0.896854 -0 -0.442327
    outer loop
      vertex 57.3301 10 3.5
      vertex 57.6194 0 2.91342
      vertex 57.3301 0 3.5
    endloop
  endfacet
  facet normal -0.659424 0 0.751771
    outer loop
      vertex 56.0438 0 -16.9668
      vertex 56.5355 10.1314 -16.5355
      vertex 56.0438 10.2171 -16.9668
    endloop
  endfacet
  facet normal -0.659424 0 0.751771
    outer loop
      vertex 56.5355 10.1314 -16.5355
      vertex 56.0438 0 -16.9668
      vertex 56.5355 0 -16.5355
    endloop
  endfacet
  facet normal -0.555564 0 -0.831474
    outer loop
      vertex 55.5 0 5.33012
      vertex 56.0438 10 4.96677
      vertex 56.0438 0 4.96677
    endloop
  endfacet
  facet normal -0.555564 0 -0.831474
    outer loop
      vertex 56.0438 10 4.96677
      vertex 55.5 0 5.33012
      vertex 55.5 10 5.33012
    endloop
  endfacet
  facet normal -0.980786 0 0.195087
    outer loop
      vertex 57.8296 0 -14.2941
      vertex 57.9572 10 -13.6526
      vertex 57.8296 10 -14.2941
    endloop
  endfacet
  facet normal -0.980786 0 0.195087
    outer loop
      vertex 57.9572 10 -13.6526
      vertex 57.8296 0 -14.2941
      vertex 57.9572 0 -13.6526
    endloop
  endfacet
  facet normal -0.751646 0 0.659567
    outer loop
      vertex 56.5355 0 -16.5355
      vertex 56.7375 10.0856 -16.3053
      vertex 56.5355 10.1314 -16.5355
    endloop
  endfacet
  facet normal -0.751881 1.08569e-05 0.659299
    outer loop
      vertex 56.5355 0 -16.5355
      vertex 56.9668 10.0684 -16.0438
      vertex 56.7375 10.0856 -16.3053
    endloop
  endfacet
  facet normal -0.751771 0 0.659424
    outer loop
      vertex 56.9668 10.0684 -16.0438
      vertex 56.5355 0 -16.5355
      vertex 56.9668 0 -16.0438
    endloop
  endfacet
  facet normal -0.896853 0 0.442328
    outer loop
      vertex 83.8301 0 -15.5
      vertex 84.0767 10 -15
      vertex 83.8301 10.0328 -15.5
    endloop
  endfacet
  facet normal -0.89686 8.50075e-07 0.442314
    outer loop
      vertex 84.1194 0 -14.9134
      vertex 84.0767 10 -15
      vertex 83.8301 0 -15.5
    endloop
  endfacet
  facet normal -0.896899 0 0.442235
    outer loop
      vertex 84.0767 10 -15
      vertex 84.1194 0 -14.9134
      vertex 84.1194 10 -14.9134
    endloop
  endfacet
  facet normal -0.321407 0 0.946941
    outer loop
      vertex 80.7941 0 -17.8296
      vertex 81.4134 10.3513 -17.6194
      vertex 80.7941 10.4227 -17.8296
    endloop
  endfacet
  facet normal -0.321407 0 0.946941
    outer loop
      vertex 81.4134 10.3513 -17.6194
      vertex 80.7941 0 -17.8296
      vertex 81.4134 0 -17.6194
    endloop
  endfacet
  facet normal -0.195087 0 0.980786
    outer loop
      vertex 80.1526 0 -17.9572
      vertex 80.7941 10.4227 -17.8296
      vertex 80.1526 10.466 -17.9572
    endloop
  endfacet
  facet normal -0.195087 0 0.980786
    outer loop
      vertex 80.7941 10.4227 -17.8296
      vertex 80.1526 0 -17.9572
      vertex 80.7941 0 -17.8296
    endloop
  endfacet
  facet normal -0.0654432 0 0.997856
    outer loop
      vertex 79.5 0 -18
      vertex 80.1526 10.466 -17.9572
      vertex 79.5 10.4805 -18
    endloop
  endfacet
  facet normal -0.0654432 0 0.997856
    outer loop
      vertex 80.1526 10.466 -17.9572
      vertex 79.5 0 -18
      vertex 80.1526 0 -17.9572
    endloop
  endfacet
  facet normal 0.0654432 0 0.997856
    outer loop
      vertex 72.8474 10.466 -17.9572
      vertex 73.5 0 -18
      vertex 73.5 10.4805 -18
    endloop
  endfacet
  facet normal 0.0654432 0 0.997856
    outer loop
      vertex 73.5 0 -18
      vertex 72.8474 10.466 -17.9572
      vertex 72.8474 0 -17.9572
    endloop
  endfacet
  facet normal -0 0 1
    outer loop
      vertex 73.5 10.4805 -18
      vertex 79.5 0 -18
      vertex 79.5 10.4805 -18
    endloop
  endfacet
  facet normal 0 0 1
    outer loop
      vertex 79.5 0 -18
      vertex 73.5 10.4805 -18
      vertex 73.5 0 -18
    endloop
  endfacet
  facet normal 0.321461 0 -0.946923
    outer loop
      vertex 71.5866 0 5.6194
      vertex 72.2059 10 5.82964
      vertex 72.2059 0 5.82964
    endloop
  endfacet
  facet normal 0.321461 0 -0.946923
    outer loop
      vertex 72.2059 10 5.82964
      vertex 71.5866 0 5.6194
      vertex 71.5866 10 5.6194
    endloop
  endfacet
  facet normal 0.0653976 0 -0.997859
    outer loop
      vertex 72.8474 0 5.95723
      vertex 73.5 10 6
      vertex 73.5 0 6
    endloop
  endfacet
  facet normal 0.0653976 0 -0.997859
    outer loop
      vertex 73.5 10 6
      vertex 72.8474 0 5.95723
      vertex 72.8474 10 5.95723
    endloop
  endfacet
  facet normal 0.946944 0 -0.321397
    outer loop
      vertex 68.8806 0 2.91342
      vertex 68.6704 10 2.2941
      vertex 68.8806 10 2.91342
    endloop
  endfacet
  facet normal 0.946944 0 -0.321397
    outer loop
      vertex 68.6704 10 2.2941
      vertex 68.8806 0 2.91342
      vertex 68.6704 0 2.2941
    endloop
  endfacet
  facet normal 0.321407 0 0.946941
    outer loop
      vertex 71.5866 10.3513 -17.6194
      vertex 72.2059 0 -17.8296
      vertex 72.2059 10.4227 -17.8296
    endloop
  endfacet
  facet normal 0.321407 0 0.946941
    outer loop
      vertex 72.2059 0 -17.8296
      vertex 71.5866 10.3513 -17.6194
      vertex 71.5866 0 -17.6194
    endloop
  endfacet
  facet normal 0.659364 0 -0.751824
    outer loop
      vertex 69.9645 0 4.53554
      vertex 70.4562 10 4.96677
      vertex 70.4562 0 4.96677
    endloop
  endfacet
  facet normal 0.659364 0 -0.751824
    outer loop
      vertex 70.4562 10 4.96677
      vertex 69.9645 0 4.53554
      vertex 69.9645 10 4.53554
    endloop
  endfacet
  facet normal -0.751791 0 -0.659401
    outer loop
      vertex 83.4668 0 4.04381
      vertex 83.0355 10 4.53554
      vertex 83.4668 10 4.04381
    endloop
  endfacet
  facet normal -0.751791 -0 -0.659401
    outer loop
      vertex 83.0355 10 4.53554
      vertex 83.4668 0 4.04381
      vertex 83.0355 0 4.53554
    endloop
  endfacet
  facet normal 0.896854 0 -0.442327
    outer loop
      vertex 69.1699 0 3.5
      vertex 68.8806 10 2.91342
      vertex 69.1699 10 3.5
    endloop
  endfacet
  facet normal 0.896854 0 -0.442327
    outer loop
      vertex 68.8806 10 2.91342
      vertex 69.1699 0 3.5
      vertex 68.8806 0 2.91342
    endloop
  endfacet
  facet normal 0.896899 0 0.442235
    outer loop
      vertex 68.8806 10 -14.9134
      vertex 68.8806 0 -14.9134
      vertex 68.9233 10 -15
    endloop
  endfacet
  facet normal 0.89686 8.50075e-07 0.442314
    outer loop
      vertex 69.1699 0 -15.5
      vertex 68.9233 10 -15
      vertex 68.8806 0 -14.9134
    endloop
  endfacet
  facet normal 0.896853 0 0.442328
    outer loop
      vertex 68.9233 10 -15
      vertex 69.1699 0 -15.5
      vertex 69.1699 10.0328 -15.5
    endloop
  endfacet
  facet normal 0.44229 0 -0.896872
    outer loop
      vertex 71 0 5.33012
      vertex 71.5866 10 5.6194
      vertex 71.5866 0 5.6194
    endloop
  endfacet
  facet normal 0.44229 0 -0.896872
    outer loop
      vertex 71.5866 10 5.6194
      vertex 71 0 5.33012
      vertex 71 10 5.33012
    endloop
  endfacet
  facet normal -0.195072 0 -0.980789
    outer loop
      vertex 80.1526 0 5.95723
      vertex 80.7941 10 5.82964
      vertex 80.7941 0 5.82964
    endloop
  endfacet
  facet normal -0.195072 0 -0.980789
    outer loop
      vertex 80.7941 10 5.82964
      vertex 80.1526 0 5.95723
      vertex 80.1526 10 5.95723
    endloop
  endfacet
  facet normal 0 0 -1
    outer loop
      vertex 73.5 0 6
      vertex 79.5 10 6
      vertex 79.5 0 6
    endloop
  endfacet
  facet normal -0 0 -1
    outer loop
      vertex 79.5 10 6
      vertex 73.5 0 6
      vertex 73.5 10 6
    endloop
  endfacet
  facet normal 0.980786 -0 0.195087
    outer loop
      vertex 68.5428 0 -13.6526
      vertex 68.6704 10 -14.2941
      vertex 68.5428 10 -13.6526
    endloop
  endfacet
  facet normal 0.980786 0 0.195087
    outer loop
      vertex 68.6704 10 -14.2941
      vertex 68.5428 0 -13.6526
      vertex 68.6704 0 -14.2941
    endloop
  endfacet
  facet normal -0.980784 0 -0.195096
    outer loop
      vertex 84.4572 0 1.65263
      vertex 84.3296 10 2.2941
      vertex 84.4572 10 1.65263
    endloop
  endfacet
  facet normal -0.980784 -0 -0.195096
    outer loop
      vertex 84.3296 10 2.2941
      vertex 84.4572 0 1.65263
      vertex 84.3296 0 2.2941
    endloop
  endfacet
  facet normal 0.946941 -0 0.321407
    outer loop
      vertex 68.6704 0 -14.2941
      vertex 68.8806 10 -14.9134
      vertex 68.6704 10 -14.2941
    endloop
  endfacet
  facet normal 0.946941 0 0.321407
    outer loop
      vertex 68.8806 10 -14.9134
      vertex 68.6704 0 -14.2941
      vertex 68.8806 0 -14.9134
    endloop
  endfacet
  facet normal -0.831514 0 -0.555504
    outer loop
      vertex 83.8301 0 3.5
      vertex 83.4668 10 4.04381
      vertex 83.8301 10 3.5
    endloop
  endfacet
  facet normal -0.831514 -0 -0.555504
    outer loop
      vertex 83.4668 10 4.04381
      vertex 83.8301 0 3.5
      vertex 83.4668 0 4.04381
    endloop
  endfacet
  facet normal 0.997856 -0 0.0654432
    outer loop
      vertex 68.5 0 -13
      vertex 68.5428 10 -13.6526
      vertex 68.5 10 -13
    endloop
  endfacet
  facet normal 0.997856 0 0.0654432
    outer loop
      vertex 68.5428 10 -13.6526
      vertex 68.5 0 -13
      vertex 68.5428 0 -13.6526
    endloop
  endfacet
  facet normal 0.980784 0 -0.195096
    outer loop
      vertex 68.6704 0 2.2941
      vertex 68.5428 10 1.65263
      vertex 68.6704 10 2.2941
    endloop
  endfacet
  facet normal 0.980784 0 -0.195096
    outer loop
      vertex 68.5428 10 1.65263
      vertex 68.6704 0 2.2941
      vertex 68.5428 0 1.65263
    endloop
  endfacet
  facet normal 0.831514 0 -0.555504
    outer loop
      vertex 69.5332 0 4.04381
      vertex 69.1699 10 3.5
      vertex 69.5332 10 4.04381
    endloop
  endfacet
  facet normal 0.831514 0 -0.555504
    outer loop
      vertex 69.1699 10 3.5
      vertex 69.5332 0 4.04381
      vertex 69.1699 0 3.5
    endloop
  endfacet
  facet normal 0.555564 0 -0.831474
    outer loop
      vertex 70.4562 0 4.96677
      vertex 71 10 5.33012
      vertex 71 0 5.33012
    endloop
  endfacet
  facet normal 0.555564 0 -0.831474
    outer loop
      vertex 71 10 5.33012
      vertex 70.4562 0 4.96677
      vertex 70.4562 10 4.96677
    endloop
  endfacet
  facet normal 0.659424 0 0.751771
    outer loop
      vertex 69.9645 10.1314 -16.5355
      vertex 70.4562 0 -16.9668
      vertex 70.4562 10.2171 -16.9668
    endloop
  endfacet
  facet normal 0.659424 0 0.751771
    outer loop
      vertex 70.4562 0 -16.9668
      vertex 69.9645 10.1314 -16.5355
      vertex 69.9645 0 -16.5355
    endloop
  endfacet
  facet normal 0.195087 0 0.980786
    outer loop
      vertex 72.2059 10.4227 -17.8296
      vertex 72.8474 0 -17.9572
      vertex 72.8474 10.466 -17.9572
    endloop
  endfacet
  facet normal 0.195087 0 0.980786
    outer loop
      vertex 72.8474 0 -17.9572
      vertex 72.2059 10.4227 -17.8296
      vertex 72.2059 0 -17.8296
    endloop
  endfacet
  facet normal -0.946944 0 -0.321397
    outer loop
      vertex 84.3296 0 2.2941
      vertex 84.1194 10 2.91342
      vertex 84.3296 10 2.2941
    endloop
  endfacet
  facet normal -0.946944 -0 -0.321397
    outer loop
      vertex 84.1194 10 2.91342
      vertex 84.3296 0 2.2941
      vertex 84.1194 0 2.91342
    endloop
  endfacet
  facet normal 0.195072 0 -0.980789
    outer loop
      vertex 72.2059 0 5.82964
      vertex 72.8474 10 5.95723
      vertex 72.8474 0 5.95723
    endloop
  endfacet
  facet normal 0.195072 0 -0.980789
    outer loop
      vertex 72.8474 10 5.95723
      vertex 72.2059 0 5.82964
      vertex 72.2059 10 5.82964
    endloop
  endfacet
  facet normal -0.659364 0 -0.751824
    outer loop
      vertex 82.5438 0 4.96677
      vertex 83.0355 10 4.53554
      vertex 83.0355 0 4.53554
    endloop
  endfacet
  facet normal -0.659364 0 -0.751824
    outer loop
      vertex 83.0355 10 4.53554
      vertex 82.5438 0 4.96677
      vertex 82.5438 10 4.96677
    endloop
  endfacet
  facet normal 1 -0 0
    outer loop
      vertex 68.5 0 1
      vertex 68.5 10 -13
      vertex 68.5 10 1
    endloop
  endfacet
  facet normal 1 0 0
    outer loop
      vertex 68.5 10 -13
      vertex 68.5 0 1
      vertex 68.5 0 -13
    endloop
  endfacet
  facet normal 0.997856 0 -0.0654402
    outer loop
      vertex 68.5428 0 1.65263
      vertex 68.5 10 1
      vertex 68.5428 10 1.65263
    endloop
  endfacet
  facet normal 0.997856 0 -0.0654402
    outer loop
      vertex 68.5 10 1
      vertex 68.5428 0 1.65263
      vertex 68.5 0 1
    endloop
  endfacet
  facet normal -0.44229 0 -0.896872
    outer loop
      vertex 81.4134 0 5.6194
      vertex 82 10 5.33012
      vertex 82 0 5.33012
    endloop
  endfacet
  facet normal -0.44229 0 -0.896872
    outer loop
      vertex 82 10 5.33012
      vertex 81.4134 0 5.6194
      vertex 81.4134 10 5.6194
    endloop
  endfacet
  facet normal -1 0 0
    outer loop
      vertex 84.5 0 -13
      vertex 84.5 10 1
      vertex 84.5 10 -13
    endloop
  endfacet
  facet normal -1 -0 0
    outer loop
      vertex 84.5 10 1
      vertex 84.5 0 -13
      vertex 84.5 0 1
    endloop
  endfacet
  facet normal -0.831509 0 0.555512
    outer loop
      vertex 83.4668 0 -16.0438
      vertex 83.8301 10.0328 -15.5
      vertex 83.4668 10.0684 -16.0438
    endloop
  endfacet
  facet normal -0.831509 0 0.555512
    outer loop
      vertex 83.8301 10.0328 -15.5
      vertex 83.4668 0 -16.0438
      vertex 83.8301 0 -15.5
    endloop
  endfacet
  facet normal -0.997856 0 0.0654432
    outer loop
      vertex 84.4572 0 -13.6526
      vertex 84.5 10 -13
      vertex 84.4572 10 -13.6526
    endloop
  endfacet
  facet normal -0.997856 0 0.0654432
    outer loop
      vertex 84.5 10 -13
      vertex 84.4572 0 -13.6526
      vertex 84.5 0 -13
    endloop
  endfacet
  facet normal -0.946941 0 0.321407
    outer loop
      vertex 84.1194 0 -14.9134
      vertex 84.3296 10 -14.2941
      vertex 84.1194 10 -14.9134
    endloop
  endfacet
  facet normal -0.946941 0 0.321407
    outer loop
      vertex 84.3296 10 -14.2941
      vertex 84.1194 0 -14.9134
      vertex 84.3296 0 -14.2941
    endloop
  endfacet
  facet normal -0.44234 1.78391e-06 0.896848
    outer loop
      vertex 81.4134 0 -17.6194
      vertex 82 10.2894 -17.3301
      vertex 81.4767 10.3407 -17.5882
    endloop
  endfacet
  facet normal -0.442105 0 0.896963
    outer loop
      vertex 81.4134 0 -17.6194
      vertex 81.4767 10.3407 -17.5882
      vertex 81.4134 10.3513 -17.6194
    endloop
  endfacet
  facet normal -0.442314 0 0.89686
    outer loop
      vertex 82 10.2894 -17.3301
      vertex 81.4134 0 -17.6194
      vertex 82 0 -17.3301
    endloop
  endfacet
  facet normal 0.751791 0 -0.659401
    outer loop
      vertex 69.9645 0 4.53554
      vertex 69.5332 10 4.04381
      vertex 69.9645 10 4.53554
    endloop
  endfacet
  facet normal 0.751791 0 -0.659401
    outer loop
      vertex 69.5332 10 4.04381
      vertex 69.9645 0 4.53554
      vertex 69.5332 0 4.04381
    endloop
  endfacet
  facet normal -0.997856 0 -0.0654402
    outer loop
      vertex 84.5 0 1
      vertex 84.4572 10 1.65263
      vertex 84.5 10 1
    endloop
  endfacet
  facet normal -0.997856 -0 -0.0654402
    outer loop
      vertex 84.4572 10 1.65263
      vertex 84.5 0 1
      vertex 84.4572 0 1.65263
    endloop
  endfacet
  facet normal 0.751771 0 0.659424
    outer loop
      vertex 69.9645 0 -16.5355
      vertex 69.5332 10.0684 -16.0438
      vertex 69.5332 0 -16.0438
    endloop
  endfacet
  facet normal 0.751881 1.08569e-05 0.659299
    outer loop
      vertex 69.5332 10.0684 -16.0438
      vertex 69.9645 0 -16.5355
      vertex 69.7625 10.0856 -16.3053
    endloop
  endfacet
  facet normal 0.751646 0 0.659567
    outer loop
      vertex 69.7625 10.0856 -16.3053
      vertex 69.9645 0 -16.5355
      vertex 69.9645 10.1314 -16.5355
    endloop
  endfacet
  facet normal 0.831509 0 0.555512
    outer loop
      vertex 69.5332 0 -16.0438
      vertex 69.1699 10.0328 -15.5
      vertex 69.1699 0 -15.5
    endloop
  endfacet
  facet normal 0.831509 0 0.555512
    outer loop
      vertex 69.1699 10.0328 -15.5
      vertex 69.5332 0 -16.0438
      vertex 69.5332 10.0684 -16.0438
    endloop
  endfacet
  facet normal 0.555512 0 0.831509
    outer loop
      vertex 70.4562 10.2171 -16.9668
      vertex 71 0 -17.3301
      vertex 71 10.2894 -17.3301
    endloop
  endfacet
  facet normal 0.555512 0 0.831509
    outer loop
      vertex 71 0 -17.3301
      vertex 70.4562 10.2171 -16.9668
      vertex 70.4562 0 -16.9668
    endloop
  endfacet
  facet normal 0.442105 0 0.896963
    outer loop
      vertex 71.5233 10.3407 -17.5882
      vertex 71.5866 0 -17.6194
      vertex 71.5866 10.3513 -17.6194
    endloop
  endfacet
  facet normal 0.44234 1.78391e-06 0.896848
    outer loop
      vertex 71 10.2894 -17.3301
      vertex 71.5866 0 -17.6194
      vertex 71.5233 10.3407 -17.5882
    endloop
  endfacet
  facet normal 0.442314 0 0.89686
    outer loop
      vertex 71.5866 0 -17.6194
      vertex 71 10.2894 -17.3301
      vertex 71 0 -17.3301
    endloop
  endfacet
  facet normal -0.321461 0 -0.946923
    outer loop
      vertex 80.7941 0 5.82964
      vertex 81.4134 10 5.6194
      vertex 81.4134 0 5.6194
    endloop
  endfacet
  facet normal -0.321461 0 -0.946923
    outer loop
      vertex 81.4134 10 5.6194
      vertex 80.7941 0 5.82964
      vertex 80.7941 10 5.82964
    endloop
  endfacet
  facet normal -0.0653976 0 -0.997859
    outer loop
      vertex 79.5 0 6
      vertex 80.1526 10 5.95723
      vertex 80.1526 0 5.95723
    endloop
  endfacet
  facet normal -0.0653976 0 -0.997859
    outer loop
      vertex 80.1526 10 5.95723
      vertex 79.5 0 6
      vertex 79.5 10 6
    endloop
  endfacet
  facet normal -0.555512 0 0.831509
    outer loop
      vertex 82 0 -17.3301
      vertex 82.5438 10.2171 -16.9668
      vertex 82 10.2894 -17.3301
    endloop
  endfacet
  facet normal -0.555512 0 0.831509
    outer loop
      vertex 82.5438 10.2171 -16.9668
      vertex 82 0 -17.3301
      vertex 82.5438 0 -16.9668
    endloop
  endfacet
  facet normal -0.896854 0 -0.442327
    outer loop
      vertex 84.1194 0 2.91342
      vertex 83.8301 10 3.5
      vertex 84.1194 10 2.91342
    endloop
  endfacet
  facet normal -0.896854 -0 -0.442327
    outer loop
      vertex 83.8301 10 3.5
      vertex 84.1194 0 2.91342
      vertex 83.8301 0 3.5
    endloop
  endfacet
  facet normal -0.659424 0 0.751771
    outer loop
      vertex 82.5438 0 -16.9668
      vertex 83.0355 10.1314 -16.5355
      vertex 82.5438 10.2171 -16.9668
    endloop
  endfacet
  facet normal -0.659424 0 0.751771
    outer loop
      vertex 83.0355 10.1314 -16.5355
      vertex 82.5438 0 -16.9668
      vertex 83.0355 0 -16.5355
    endloop
  endfacet
  facet normal -0.555564 0 -0.831474
    outer loop
      vertex 82 0 5.33012
      vertex 82.5438 10 4.96677
      vertex 82.5438 0 4.96677
    endloop
  endfacet
  facet normal -0.555564 0 -0.831474
    outer loop
      vertex 82.5438 10 4.96677
      vertex 82 0 5.33012
      vertex 82 10 5.33012
    endloop
  endfacet
  facet normal -0.980786 0 0.195087
    outer loop
      vertex 84.3296 0 -14.2941
      vertex 84.4572 10 -13.6526
      vertex 84.3296 10 -14.2941
    endloop
  endfacet
  facet normal -0.980786 0 0.195087
    outer loop
      vertex 84.4572 10 -13.6526
      vertex 84.3296 0 -14.2941
      vertex 84.4572 0 -13.6526
    endloop
  endfacet
  facet normal -0.751646 0 0.659567
    outer loop
      vertex 83.0355 0 -16.5355
      vertex 83.2375 10.0856 -16.3053
      vertex 83.0355 10.1314 -16.5355
    endloop
  endfacet
  facet normal -0.751881 1.08569e-05 0.659299
    outer loop
      vertex 83.0355 0 -16.5355
      vertex 83.4668 10.0684 -16.0438
      vertex 83.2375 10.0856 -16.3053
    endloop
  endfacet
  facet normal -0.751771 0 0.659424
    outer loop
      vertex 83.4668 10.0684 -16.0438
      vertex 83.0355 0 -16.5355
      vertex 83.4668 0 -16.0438
    endloop
  endfacet
  facet normal -0.896569 0 0.442905
    outer loop
      vertex 110.33 0 -15.5
      vertex 110.577 10 -15
      vertex 110.33 10.0328 -15.5
    endloop
  endfacet
  facet normal -0.897042 5.96703e-05 0.441945
    outer loop
      vertex 110.619 0 -14.9134
      vertex 110.577 10 -15
      vertex 110.33 0 -15.5
    endloop
  endfacet
  facet normal -0.899765 0 0.436375
    outer loop
      vertex 110.577 10 -15
      vertex 110.619 0 -14.9134
      vertex 110.619 10 -14.9134
    endloop
  endfacet
  facet normal -0.321546 0 0.946894
    outer loop
      vertex 107.294 0 -17.8296
      vertex 107.913 10.3513 -17.6194
      vertex 107.294 10.4227 -17.8296
    endloop
  endfacet
  facet normal -0.321546 0 0.946894
    outer loop
      vertex 107.913 10.3513 -17.6194
      vertex 107.294 0 -17.8296
      vertex 107.913 0 -17.6194
    endloop
  endfacet
  facet normal -0.195233 0 0.980757
    outer loop
      vertex 106.653 0 -17.9572
      vertex 107.294 10.4227 -17.8296
      vertex 106.653 10.466 -17.9572
    endloop
  endfacet
  facet normal -0.195233 0 0.980757
    outer loop
      vertex 107.294 10.4227 -17.8296
      vertex 106.653 0 -17.9572
      vertex 107.294 0 -17.8296
    endloop
  endfacet
  facet normal -0.0654033 0 0.997859
    outer loop
      vertex 106 0 -18
      vertex 106.653 10.466 -17.9572
      vertex 106 10.4805 -18
    endloop
  endfacet
  facet normal -0.0654033 0 0.997859
    outer loop
      vertex 106.653 10.466 -17.9572
      vertex 106 0 -18
      vertex 106.653 0 -17.9572
    endloop
  endfacet
  facet normal 0.0654432 0 0.997856
    outer loop
      vertex 99.3474 10.466 -17.9572
      vertex 100 0 -18
      vertex 100 10.4805 -18
    endloop
  endfacet
  facet normal 0.0654432 0 0.997856
    outer loop
      vertex 100 0 -18
      vertex 99.3474 10.466 -17.9572
      vertex 99.3474 0 -17.9572
    endloop
  endfacet
  facet normal -0 0 1
    outer loop
      vertex 100 10.4805 -18
      vertex 106 0 -18
      vertex 106 10.4805 -18
    endloop
  endfacet
  facet normal 0 0 1
    outer loop
      vertex 106 0 -18
      vertex 100 10.4805 -18
      vertex 100 0 -18
    endloop
  endfacet
  facet normal 0.321461 0 -0.946923
    outer loop
      vertex 98.0866 0 5.6194
      vertex 98.7059 10 5.82964
      vertex 98.7059 0 5.82964
    endloop
  endfacet
  facet normal 0.321461 0 -0.946923
    outer loop
      vertex 98.7059 10 5.82964
      vertex 98.0866 0 5.6194
      vertex 98.0866 10 5.6194
    endloop
  endfacet
  facet normal 0.0653976 0 -0.997859
    outer loop
      vertex 99.3474 0 5.95723
      vertex 100 10 6
      vertex 100 0 6
    endloop
  endfacet
  facet normal 0.0653976 0 -0.997859
    outer loop
      vertex 100 10 6
      vertex 99.3474 0 5.95723
      vertex 99.3474 10 5.95723
    endloop
  endfacet
  facet normal 0.946944 0 -0.321397
    outer loop
      vertex 95.3806 0 2.91342
      vertex 95.1704 10 2.2941
      vertex 95.3806 10 2.91342
    endloop
  endfacet
  facet normal 0.946944 0 -0.321397
    outer loop
      vertex 95.1704 10 2.2941
      vertex 95.3806 0 2.91342
      vertex 95.1704 0 2.2941
    endloop
  endfacet
  facet normal 0.321407 0 0.946941
    outer loop
      vertex 98.0866 10.3513 -17.6194
      vertex 98.7059 0 -17.8296
      vertex 98.7059 10.4227 -17.8296
    endloop
  endfacet
  facet normal 0.321407 0 0.946941
    outer loop
      vertex 98.7059 0 -17.8296
      vertex 98.0866 10.3513 -17.6194
      vertex 98.0866 0 -17.6194
    endloop
  endfacet
  facet normal 0.659364 0 -0.751824
    outer loop
      vertex 96.4645 0 4.53554
      vertex 96.9562 10 4.96677
      vertex 96.9562 0 4.96677
    endloop
  endfacet
  facet normal 0.659364 0 -0.751824
    outer loop
      vertex 96.9562 10 4.96677
      vertex 96.4645 0 4.53554
      vertex 96.4645 10 4.53554
    endloop
  endfacet
  facet normal -0.752018 0 -0.659142
    outer loop
      vertex 109.967 0 4.04381
      vertex 109.536 10 4.53554
      vertex 109.967 10 4.04381
    endloop
  endfacet
  facet normal -0.752018 -0 -0.659142
    outer loop
      vertex 109.536 10 4.53554
      vertex 109.967 0 4.04381
      vertex 109.536 0 4.53554
    endloop
  endfacet
  facet normal 0.896854 0 -0.442327
    outer loop
      vertex 95.6699 0 3.5
      vertex 95.3806 10 2.91342
      vertex 95.6699 10 3.5
    endloop
  endfacet
  facet normal 0.896854 0 -0.442327
    outer loop
      vertex 95.3806 10 2.91342
      vertex 95.6699 0 3.5
      vertex 95.3806 0 2.91342
    endloop
  endfacet
  facet normal 0.896899 0 0.442235
    outer loop
      vertex 95.3806 10 -14.9134
      vertex 95.3806 0 -14.9134
      vertex 95.4233 10 -15
    endloop
  endfacet
  facet normal 0.89686 8.50075e-07 0.442314
    outer loop
      vertex 95.6699 0 -15.5
      vertex 95.4233 10 -15
      vertex 95.3806 0 -14.9134
    endloop
  endfacet
  facet normal 0.896853 0 0.442328
    outer loop
      vertex 95.4233 10 -15
      vertex 95.6699 0 -15.5
      vertex 95.6699 10.0328 -15.5
    endloop
  endfacet
  facet normal 0.44229 0 -0.896872
    outer loop
      vertex 97.5 0 5.33012
      vertex 98.0866 10 5.6194
      vertex 98.0866 0 5.6194
    endloop
  endfacet
  facet normal 0.44229 0 -0.896872
    outer loop
      vertex 98.0866 10 5.6194
      vertex 97.5 0 5.33012
      vertex 97.5 10 5.33012
    endloop
  endfacet
  facet normal -0.195219 0 -0.98076
    outer loop
      vertex 106.653 0 5.95723
      vertex 107.294 10 5.82964
      vertex 107.294 0 5.82964
    endloop
  endfacet
  facet normal -0.195219 0 -0.98076
    outer loop
      vertex 107.294 10 5.82964
      vertex 106.653 0 5.95723
      vertex 106.653 10 5.95723
    endloop
  endfacet
  facet normal 0 0 -1
    outer loop
      vertex 100 0 6
      vertex 106 10 6
      vertex 106 0 6
    endloop
  endfacet
  facet normal -0 0 -1
    outer loop
      vertex 106 10 6
      vertex 100 0 6
      vertex 100 10 6
    endloop
  endfacet
  facet normal 0.980786 -0 0.195087
    outer loop
      vertex 95.0428 0 -13.6526
      vertex 95.1704 10 -14.2941
      vertex 95.0428 10 -13.6526
    endloop
  endfacet
  facet normal 0.980786 0 0.195087
    outer loop
      vertex 95.1704 10 -14.2941
      vertex 95.0428 0 -13.6526
      vertex 95.1704 0 -14.2941
    endloop
  endfacet
  facet normal -0.980959 0 -0.194213
    outer loop
      vertex 110.957 0 1.65263
      vertex 110.83 10 2.2941
      vertex 110.957 10 1.65263
    endloop
  endfacet
  facet normal -0.980959 -0 -0.194213
    outer loop
      vertex 110.83 10 2.2941
      vertex 110.957 0 1.65263
      vertex 110.83 0 2.2941
    endloop
  endfacet
  facet normal 0.946941 -0 0.321407
    outer loop
      vertex 95.1704 0 -14.2941
      vertex 95.3806 10 -14.9134
      vertex 95.1704 10 -14.2941
    endloop
  endfacet
  facet normal 0.946941 0 0.321407
    outer loop
      vertex 95.3806 10 -14.9134
      vertex 95.1704 0 -14.2941
      vertex 95.3806 0 -14.9134
    endloop
  endfacet
  facet normal -0.831725 0 -0.555187
    outer loop
      vertex 110.33 0 3.5
      vertex 109.967 10 4.04381
      vertex 110.33 10 3.5
    endloop
  endfacet
  facet normal -0.831725 -0 -0.555187
    outer loop
      vertex 109.967 10 4.04381
      vertex 110.33 0 3.5
      vertex 109.967 0 4.04381
    endloop
  endfacet
  facet normal 0.997856 -0 0.0654432
    outer loop
      vertex 95 0 -13
      vertex 95.0428 10 -13.6526
      vertex 95 10 -13
    endloop
  endfacet
  facet normal 0.997856 0 0.0654432
    outer loop
      vertex 95.0428 10 -13.6526
      vertex 95 0 -13
      vertex 95.0428 0 -13.6526
    endloop
  endfacet
  facet normal 0.980784 0 -0.195096
    outer loop
      vertex 95.1704 0 2.2941
      vertex 95.0428 10 1.65263
      vertex 95.1704 10 2.2941
    endloop
  endfacet
  facet normal 0.980784 0 -0.195096
    outer loop
      vertex 95.0428 10 1.65263
      vertex 95.1704 0 2.2941
      vertex 95.0428 0 1.65263
    endloop
  endfacet
  facet normal 0.831514 0 -0.555504
    outer loop
      vertex 96.0332 0 4.04381
      vertex 95.6699 10 3.5
      vertex 96.0332 10 4.04381
    endloop
  endfacet
  facet normal 0.831514 0 -0.555504
    outer loop
      vertex 95.6699 10 3.5
      vertex 96.0332 0 4.04381
      vertex 95.6699 0 3.5
    endloop
  endfacet
  facet normal 0.555564 0 -0.831474
    outer loop
      vertex 96.9562 0 4.96677
      vertex 97.5 10 5.33012
      vertex 97.5 0 5.33012
    endloop
  endfacet
  facet normal 0.555564 0 -0.831474
    outer loop
      vertex 97.5 10 5.33012
      vertex 96.9562 0 4.96677
      vertex 96.9562 10 4.96677
    endloop
  endfacet
  facet normal 0.659424 0 0.751771
    outer loop
      vertex 96.4645 10.1314 -16.5355
      vertex 96.9562 0 -16.9668
      vertex 96.9562 10.2171 -16.9668
    endloop
  endfacet
  facet normal 0.659424 0 0.751771
    outer loop
      vertex 96.9562 0 -16.9668
      vertex 96.4645 10.1314 -16.5355
      vertex 96.4645 0 -16.5355
    endloop
  endfacet
  facet normal 0.195087 0 0.980786
    outer loop
      vertex 98.7059 10.4227 -17.8296
      vertex 99.3474 0 -17.9572
      vertex 99.3474 10.466 -17.9572
    endloop
  endfacet
  facet normal 0.195087 0 0.980786
    outer loop
      vertex 99.3474 0 -17.9572
      vertex 98.7059 10.4227 -17.8296
      vertex 98.7059 0 -17.8296
    endloop
  endfacet
  facet normal -0.946572 0 -0.322493
    outer loop
      vertex 110.83 0 2.2941
      vertex 110.619 10 2.91342
      vertex 110.83 10 2.2941
    endloop
  endfacet
  facet normal -0.946572 -0 -0.322493
    outer loop
      vertex 110.619 10 2.91342
      vertex 110.83 0 2.2941
      vertex 110.619 0 2.91342
    endloop
  endfacet
  facet normal 0.195072 0 -0.980789
    outer loop
      vertex 98.7059 0 5.82964
      vertex 99.3474 10 5.95723
      vertex 99.3474 0 5.95723
    endloop
  endfacet
  facet normal 0.195072 0 -0.980789
    outer loop
      vertex 99.3474 10 5.95723
      vertex 98.7059 0 5.82964
      vertex 98.7059 10 5.82964
    endloop
  endfacet
  facet normal -0.659136 0 -0.752023
    outer loop
      vertex 109.044 0 4.96677
      vertex 109.536 10 4.53554
      vertex 109.536 0 4.53554
    endloop
  endfacet
  facet normal -0.659136 0 -0.752023
    outer loop
      vertex 109.536 10 4.53554
      vertex 109.044 0 4.96677
      vertex 109.044 10 4.96677
    endloop
  endfacet
  facet normal 1 -0 0
    outer loop
      vertex 95 0 1
      vertex 95 10 -13
      vertex 95 10 1
    endloop
  endfacet
  facet normal 1 0 0
    outer loop
      vertex 95 10 -13
      vertex 95 0 1
      vertex 95 0 -13
    endloop
  endfacet
  facet normal 0.997856 0 -0.0654402
    outer loop
      vertex 95.0428 0 1.65263
      vertex 95 10 1
      vertex 95.0428 10 1.65263
    endloop
  endfacet
  facet normal 0.997856 0 -0.0654402
    outer loop
      vertex 95 10 1
      vertex 95.0428 0 1.65263
      vertex 95 0 1
    endloop
  endfacet
  facet normal -0.442047 0 -0.896992
    outer loop
      vertex 107.913 0 5.6194
      vertex 108.5 10 5.33012
      vertex 108.5 0 5.33012
    endloop
  endfacet
  facet normal -0.442047 0 -0.896992
    outer loop
      vertex 108.5 10 5.33012
      vertex 107.913 0 5.6194
      vertex 107.913 10 5.6194
    endloop
  endfacet
  facet normal -1 0 0
    outer loop
      vertex 111 0 -13
      vertex 111 10 1
      vertex 111 10 -13
    endloop
  endfacet
  facet normal -1 -0 0
    outer loop
      vertex 111 10 1
      vertex 111 0 -13
      vertex 111 0 1
    endloop
  endfacet
  facet normal -0.831721 0 0.555194
    outer loop
      vertex 109.967 0 -16.0438
      vertex 110.33 10.0328 -15.5
      vertex 109.967 10.0684 -16.0438
    endloop
  endfacet
  facet normal -0.831721 0 0.555194
    outer loop
      vertex 110.33 10.0328 -15.5
      vertex 109.967 0 -16.0438
      vertex 110.33 0 -15.5
    endloop
  endfacet
  facet normal -0.997836 0 0.0657477
    outer loop
      vertex 110.957 0 -13.6526
      vertex 111 10 -13
      vertex 110.957 10 -13.6526
    endloop
  endfacet
  facet normal -0.997836 0 0.0657477
    outer loop
      vertex 111 10 -13
      vertex 110.957 0 -13.6526
      vertex 111 0 -13
    endloop
  endfacet
  facet normal -0.946569 0 0.322503
    outer loop
      vertex 110.619 0 -14.9134
      vertex 110.83 10 -14.2941
      vertex 110.619 10 -14.9134
    endloop
  endfacet
  facet normal -0.946569 0 0.322503
    outer loop
      vertex 110.83 10 -14.2941
      vertex 110.619 0 -14.9134
      vertex 110.83 0 -14.2941
    endloop
  endfacet
  facet normal -0.442541 3.32751e-05 0.896748
    outer loop
      vertex 107.913 0 -17.6194
      vertex 108.5 10.2894 -17.3301
      vertex 107.977 10.3407 -17.5882
    endloop
  endfacet
  facet normal -0.438202 0 0.898876
    outer loop
      vertex 107.913 0 -17.6194
      vertex 107.977 10.3407 -17.5882
      vertex 107.913 10.3513 -17.6194
    endloop
  endfacet
  facet normal -0.442072 0 0.89698
    outer loop
      vertex 108.5 10.2894 -17.3301
      vertex 107.913 0 -17.6194
      vertex 108.5 0 -17.3301
    endloop
  endfacet
  facet normal 0.751791 0 -0.659401
    outer loop
      vertex 96.4645 0 4.53554
      vertex 96.0332 10 4.04381
      vertex 96.4645 10 4.53554
    endloop
  endfacet
  facet normal 0.751791 0 -0.659401
    outer loop
      vertex 96.0332 10 4.04381
      vertex 96.4645 0 4.53554
      vertex 96.0332 0 4.04381
    endloop
  endfacet
  facet normal -0.997836 0 -0.0657447
    outer loop
      vertex 111 0 1
      vertex 110.957 10 1.65263
      vertex 111 10 1
    endloop
  endfacet
  facet normal -0.997836 -0 -0.0657447
    outer loop
      vertex 110.957 10 1.65263
      vertex 111 0 1
      vertex 110.957 0 1.65263
    endloop
  endfacet
  facet normal 0.751771 0 0.659424
    outer loop
      vertex 96.4645 0 -16.5355
      vertex 96.0332 10.0684 -16.0438
      vertex 96.0332 0 -16.0438
    endloop
  endfacet
  facet normal 0.751881 1.08569e-05 0.659299
    outer loop
      vertex 96.0332 10.0684 -16.0438
      vertex 96.4645 0 -16.5355
      vertex 96.2625 10.0856 -16.3053
    endloop
  endfacet
  facet normal 0.751646 0 0.659567
    outer loop
      vertex 96.2625 10.0856 -16.3053
      vertex 96.4645 0 -16.5355
      vertex 96.4645 10.1314 -16.5355
    endloop
  endfacet
  facet normal 0.831509 0 0.555512
    outer loop
      vertex 96.0332 0 -16.0438
      vertex 95.6699 10.0328 -15.5
      vertex 95.6699 0 -15.5
    endloop
  endfacet
  facet normal 0.831509 0 0.555512
    outer loop
      vertex 95.6699 10.0328 -15.5
      vertex 96.0332 0 -16.0438
      vertex 96.0332 10.0684 -16.0438
    endloop
  endfacet
  facet normal 0.555512 0 0.831509
    outer loop
      vertex 96.9562 10.2171 -16.9668
      vertex 97.5 0 -17.3301
      vertex 97.5 10.2894 -17.3301
    endloop
  endfacet
  facet normal 0.555512 0 0.831509
    outer loop
      vertex 97.5 0 -17.3301
      vertex 96.9562 10.2171 -16.9668
      vertex 96.9562 0 -16.9668
    endloop
  endfacet
  facet normal 0.442105 0 0.896963
    outer loop
      vertex 98.0233 10.3407 -17.5882
      vertex 98.0866 0 -17.6194
      vertex 98.0866 10.3513 -17.6194
    endloop
  endfacet
  facet normal 0.44234 1.78391e-06 0.896848
    outer loop
      vertex 97.5 10.2894 -17.3301
      vertex 98.0866 0 -17.6194
      vertex 98.0233 10.3407 -17.5882
    endloop
  endfacet
  facet normal 0.442314 0 0.89686
    outer loop
      vertex 98.0866 0 -17.6194
      vertex 97.5 10.2894 -17.3301
      vertex 97.5 0 -17.3301
    endloop
  endfacet
  facet normal -0.321601 0 -0.946875
    outer loop
      vertex 107.294 0 5.82964
      vertex 107.913 10 5.6194
      vertex 107.913 0 5.6194
    endloop
  endfacet
  facet normal -0.321601 0 -0.946875
    outer loop
      vertex 107.913 10 5.6194
      vertex 107.294 0 5.82964
      vertex 107.294 10 5.82964
    endloop
  endfacet
  facet normal -0.0653577 0 -0.997862
    outer loop
      vertex 106 0 6
      vertex 106.653 10 5.95723
      vertex 106.653 0 5.95723
    endloop
  endfacet
  facet normal -0.0653577 0 -0.997862
    outer loop
      vertex 106.653 10 5.95723
      vertex 106 0 6
      vertex 106 10 6
    endloop
  endfacet
  facet normal -0.55537 0 0.831603
    outer loop
      vertex 108.5 0 -17.3301
      vertex 109.044 10.2171 -16.9668
      vertex 108.5 10.2894 -17.3301
    endloop
  endfacet
  facet normal -0.55537 0 0.831603
    outer loop
      vertex 109.044 10.2171 -16.9668
      vertex 108.5 0 -17.3301
      vertex 109.044 0 -16.9668
    endloop
  endfacet
  facet normal -0.897036 0 -0.441957
    outer loop
      vertex 110.619 0 2.91342
      vertex 110.33 10 3.5
      vertex 110.619 10 2.91342
    endloop
  endfacet
  facet normal -0.897036 -0 -0.441957
    outer loop
      vertex 110.33 10 3.5
      vertex 110.619 0 2.91342
      vertex 110.33 0 3.5
    endloop
  endfacet
  facet normal -0.659197 0 0.75197
    outer loop
      vertex 109.044 0 -16.9668
      vertex 109.536 10.1314 -16.5355
      vertex 109.044 10.2171 -16.9668
    endloop
  endfacet
  facet normal -0.659197 0 0.75197
    outer loop
      vertex 109.536 10.1314 -16.5355
      vertex 109.044 0 -16.9668
      vertex 109.536 0 -16.5355
    endloop
  endfacet
  facet normal -0.555423 0 -0.831568
    outer loop
      vertex 108.5 0 5.33012
      vertex 109.044 10 4.96677
      vertex 109.044 0 4.96677
    endloop
  endfacet
  facet normal -0.555423 0 -0.831568
    outer loop
      vertex 109.044 10 4.96677
      vertex 108.5 0 5.33012
      vertex 108.5 10 5.33012
    endloop
  endfacet
  facet normal -0.980961 0 0.194204
    outer loop
      vertex 110.83 0 -14.2941
      vertex 110.957 10 -13.6526
      vertex 110.83 10 -14.2941
    endloop
  endfacet
  facet normal -0.980961 0 0.194204
    outer loop
      vertex 110.957 10 -13.6526
      vertex 110.83 0 -14.2941
      vertex 110.957 0 -13.6526
    endloop
  endfacet
  facet normal -0.753265 0 0.657717
    outer loop
      vertex 109.536 0 -16.5355
      vertex 109.737 10.0856 -16.3053
      vertex 109.536 10.1314 -16.5355
    endloop
  endfacet
  facet normal -0.750888 -0.000109307 0.66043
    outer loop
      vertex 109.536 0 -16.5355
      vertex 109.967 10.0684 -16.0438
      vertex 109.737 10.0856 -16.3053
    endloop
  endfacet
  facet normal -0.751998 0 0.659165
    outer loop
      vertex 109.967 10.0684 -16.0438
      vertex 109.536 0 -16.5355
      vertex 109.967 0 -16.0438
    endloop
  endfacet
  facet normal -0.896569 0 0.442905
    outer loop
      vertex 136.83 0 -15.5
      vertex 137.077 10 -15
      vertex 136.83 10.0328 -15.5
    endloop
  endfacet
  facet normal -0.897042 5.96703e-05 0.441945
    outer loop
      vertex 137.119 0 -14.9134
      vertex 137.077 10 -15
      vertex 136.83 0 -15.5
    endloop
  endfacet
  facet normal -0.899765 0 0.436375
    outer loop
      vertex 137.077 10 -15
      vertex 137.119 0 -14.9134
      vertex 137.119 10 -14.9134
    endloop
  endfacet
  facet normal -0.321546 0 0.946894
    outer loop
      vertex 133.794 0 -17.8296
      vertex 134.413 10.3513 -17.6194
      vertex 133.794 10.4227 -17.8296
    endloop
  endfacet
  facet normal -0.321546 0 0.946894
    outer loop
      vertex 134.413 10.3513 -17.6194
      vertex 133.794 0 -17.8296
      vertex 134.413 0 -17.6194
    endloop
  endfacet
  facet normal -0.195233 0 0.980757
    outer loop
      vertex 133.153 0 -17.9572
      vertex 133.794 10.4227 -17.8296
      vertex 133.153 10.466 -17.9572
    endloop
  endfacet
  facet normal -0.195233 0 0.980757
    outer loop
      vertex 133.794 10.4227 -17.8296
      vertex 133.153 0 -17.9572
      vertex 133.794 0 -17.8296
    endloop
  endfacet
  facet normal -0.0654033 0 0.997859
    outer loop
      vertex 132.5 0 -18
      vertex 133.153 10.466 -17.9572
      vertex 132.5 10.4805 -18
    endloop
  endfacet
  facet normal -0.0654033 0 0.997859
    outer loop
      vertex 133.153 10.466 -17.9572
      vertex 132.5 0 -18
      vertex 133.153 0 -17.9572
    endloop
  endfacet
  facet normal 0.0654033 0 0.997859
    outer loop
      vertex 125.847 10.466 -17.9572
      vertex 126.5 0 -18
      vertex 126.5 10.4805 -18
    endloop
  endfacet
  facet normal 0.0654033 0 0.997859
    outer loop
      vertex 126.5 0 -18
      vertex 125.847 10.466 -17.9572
      vertex 125.847 0 -17.9572
    endloop
  endfacet
  facet normal -0 0 1
    outer loop
      vertex 126.5 10.4805 -18
      vertex 132.5 0 -18
      vertex 132.5 10.4805 -18
    endloop
  endfacet
  facet normal 0 0 1
    outer loop
      vertex 132.5 0 -18
      vertex 126.5 10.4805 -18
      vertex 126.5 0 -18
    endloop
  endfacet
  facet normal 0.321601 0 -0.946875
    outer loop
      vertex 124.587 0 5.6194
      vertex 125.206 10 5.82964
      vertex 125.206 0 5.82964
    endloop
  endfacet
  facet normal 0.321601 0 -0.946875
    outer loop
      vertex 125.206 10 5.82964
      vertex 124.587 0 5.6194
      vertex 124.587 10 5.6194
    endloop
  endfacet
  facet normal 0.0653577 0 -0.997862
    outer loop
      vertex 125.847 0 5.95723
      vertex 126.5 10 6
      vertex 126.5 0 6
    endloop
  endfacet
  facet normal 0.0653577 0 -0.997862
    outer loop
      vertex 126.5 10 6
      vertex 125.847 0 5.95723
      vertex 125.847 10 5.95723
    endloop
  endfacet
  facet normal 0.946572 0 -0.322493
    outer loop
      vertex 121.881 0 2.91342
      vertex 121.67 10 2.2941
      vertex 121.881 10 2.91342
    endloop
  endfacet
  facet normal 0.946572 0 -0.322493
    outer loop
      vertex 121.67 10 2.2941
      vertex 121.881 0 2.91342
      vertex 121.67 0 2.2941
    endloop
  endfacet
  facet normal 0.321546 0 0.946894
    outer loop
      vertex 124.587 10.3513 -17.6194
      vertex 125.206 0 -17.8296
      vertex 125.206 10.4227 -17.8296
    endloop
  endfacet
  facet normal 0.321546 0 0.946894
    outer loop
      vertex 125.206 0 -17.8296
      vertex 124.587 10.3513 -17.6194
      vertex 124.587 0 -17.6194
    endloop
  endfacet
  facet normal 0.831721 0 0.555194
    outer loop
      vertex 122.533 0 -16.0438
      vertex 122.17 10.0328 -15.5
      vertex 122.17 0 -15.5
    endloop
  endfacet
  facet normal 0.831721 0 0.555194
    outer loop
      vertex 122.17 10.0328 -15.5
      vertex 122.533 0 -16.0438
      vertex 122.533 10.0684 -16.0438
    endloop
  endfacet
  facet normal 0.659136 0 -0.752023
    outer loop
      vertex 122.964 0 4.53554
      vertex 123.456 10 4.96677
      vertex 123.456 0 4.96677
    endloop
  endfacet
  facet normal 0.659136 0 -0.752023
    outer loop
      vertex 123.456 10 4.96677
      vertex 122.964 0 4.53554
      vertex 122.964 10 4.53554
    endloop
  endfacet
  facet normal 0.897036 0 -0.441957
    outer loop
      vertex 122.17 0 3.5
      vertex 121.881 10 2.91342
      vertex 122.17 10 3.5
    endloop
  endfacet
  facet normal 0.897036 0 -0.441957
    outer loop
      vertex 121.881 10 2.91342
      vertex 122.17 0 3.5
      vertex 121.881 0 2.91342
    endloop
  endfacet
  facet normal 0.899765 0 0.436375
    outer loop
      vertex 121.881 10 -14.9134
      vertex 121.881 0 -14.9134
      vertex 121.923 10 -15
    endloop
  endfacet
  facet normal 0.897042 5.96703e-05 0.441945
    outer loop
      vertex 122.17 0 -15.5
      vertex 121.923 10 -15
      vertex 121.881 0 -14.9134
    endloop
  endfacet
  facet normal 0.896569 0 0.442905
    outer loop
      vertex 121.923 10 -15
      vertex 122.17 0 -15.5
      vertex 122.17 10.0328 -15.5
    endloop
  endfacet
  facet normal 0.442047 0 -0.896992
    outer loop
      vertex 124 0 5.33012
      vertex 124.587 10 5.6194
      vertex 124.587 0 5.6194
    endloop
  endfacet
  facet normal 0.442047 0 -0.896992
    outer loop
      vertex 124.587 10 5.6194
      vertex 124 0 5.33012
      vertex 124 10 5.33012
    endloop
  endfacet
  facet normal -0.195219 0 -0.98076
    outer loop
      vertex 133.153 0 5.95723
      vertex 133.794 10 5.82964
      vertex 133.794 0 5.82964
    endloop
  endfacet
  facet normal -0.195219 0 -0.98076
    outer loop
      vertex 133.794 10 5.82964
      vertex 133.153 0 5.95723
      vertex 133.153 10 5.95723
    endloop
  endfacet
  facet normal 0 0 -1
    outer loop
      vertex 126.5 0 6
      vertex 132.5 10 6
      vertex 132.5 0 6
    endloop
  endfacet
  facet normal -0 0 -1
    outer loop
      vertex 132.5 10 6
      vertex 126.5 0 6
      vertex 126.5 10 6
    endloop
  endfacet
  facet normal 0.980961 -0 0.194204
    outer loop
      vertex 121.543 0 -13.6526
      vertex 121.67 10 -14.2941
      vertex 121.543 10 -13.6526
    endloop
  endfacet
  facet normal 0.980961 0 0.194204
    outer loop
      vertex 121.67 10 -14.2941
      vertex 121.543 0 -13.6526
      vertex 121.67 0 -14.2941
    endloop
  endfacet
  facet normal -0.980959 0 -0.194213
    outer loop
      vertex 137.457 0 1.65263
      vertex 137.33 10 2.2941
      vertex 137.457 10 1.65263
    endloop
  endfacet
  facet normal -0.980959 -0 -0.194213
    outer loop
      vertex 137.33 10 2.2941
      vertex 137.457 0 1.65263
      vertex 137.33 0 2.2941
    endloop
  endfacet
  facet normal 0.946569 -0 0.322503
    outer loop
      vertex 121.67 0 -14.2941
      vertex 121.881 10 -14.9134
      vertex 121.67 10 -14.2941
    endloop
  endfacet
  facet normal 0.946569 0 0.322503
    outer loop
      vertex 121.881 10 -14.9134
      vertex 121.67 0 -14.2941
      vertex 121.881 0 -14.9134
    endloop
  endfacet
  facet normal -0.831725 0 -0.555187
    outer loop
      vertex 136.83 0 3.5
      vertex 136.467 10 4.04381
      vertex 136.83 10 3.5
    endloop
  endfacet
  facet normal -0.831725 -0 -0.555187
    outer loop
      vertex 136.467 10 4.04381
      vertex 136.83 0 3.5
      vertex 136.467 0 4.04381
    endloop
  endfacet
  facet normal 0.997836 -0 0.0657477
    outer loop
      vertex 121.5 0 -13
      vertex 121.543 10 -13.6526
      vertex 121.5 10 -13
    endloop
  endfacet
  facet normal 0.997836 0 0.0657477
    outer loop
      vertex 121.543 10 -13.6526
      vertex 121.5 0 -13
      vertex 121.543 0 -13.6526
    endloop
  endfacet
  facet normal 0.980959 0 -0.194213
    outer loop
      vertex 121.67 0 2.2941
      vertex 121.543 10 1.65263
      vertex 121.67 10 2.2941
    endloop
  endfacet
  facet normal 0.980959 0 -0.194213
    outer loop
      vertex 121.543 10 1.65263
      vertex 121.67 0 2.2941
      vertex 121.543 0 1.65263
    endloop
  endfacet
  facet normal 0.831725 0 -0.555187
    outer loop
      vertex 122.533 0 4.04381
      vertex 122.17 10 3.5
      vertex 122.533 10 4.04381
    endloop
  endfacet
  facet normal 0.831725 0 -0.555187
    outer loop
      vertex 122.17 10 3.5
      vertex 122.533 0 4.04381
      vertex 122.17 0 3.5
    endloop
  endfacet
  facet normal 0.555423 0 -0.831568
    outer loop
      vertex 123.456 0 4.96677
      vertex 124 10 5.33012
      vertex 124 0 5.33012
    endloop
  endfacet
  facet normal 0.555423 0 -0.831568
    outer loop
      vertex 124 10 5.33012
      vertex 123.456 0 4.96677
      vertex 123.456 10 4.96677
    endloop
  endfacet
  facet normal 0.659197 0 0.75197
    outer loop
      vertex 122.964 10.1314 -16.5355
      vertex 123.456 0 -16.9668
      vertex 123.456 10.2171 -16.9668
    endloop
  endfacet
  facet normal 0.659197 0 0.75197
    outer loop
      vertex 123.456 0 -16.9668
      vertex 122.964 10.1314 -16.5355
      vertex 122.964 0 -16.5355
    endloop
  endfacet
  facet normal 0.195233 0 0.980757
    outer loop
      vertex 125.206 10.4227 -17.8296
      vertex 125.847 0 -17.9572
      vertex 125.847 10.466 -17.9572
    endloop
  endfacet
  facet normal 0.195233 0 0.980757
    outer loop
      vertex 125.847 0 -17.9572
      vertex 125.206 10.4227 -17.8296
      vertex 125.206 0 -17.8296
    endloop
  endfacet
  facet normal -0.946572 0 -0.322493
    outer loop
      vertex 137.33 0 2.2941
      vertex 137.119 10 2.91342
      vertex 137.33 10 2.2941
    endloop
  endfacet
  facet normal -0.946572 -0 -0.322493
    outer loop
      vertex 137.119 10 2.91342
      vertex 137.33 0 2.2941
      vertex 137.119 0 2.91342
    endloop
  endfacet
  facet normal 0.195219 0 -0.98076
    outer loop
      vertex 125.206 0 5.82964
      vertex 125.847 10 5.95723
      vertex 125.847 0 5.95723
    endloop
  endfacet
  facet normal 0.195219 0 -0.98076
    outer loop
      vertex 125.847 10 5.95723
      vertex 125.206 0 5.82964
      vertex 125.206 10 5.82964
    endloop
  endfacet
  facet normal -0.659136 0 -0.752023
    outer loop
      vertex 135.544 0 4.96677
      vertex 136.036 10 4.53554
      vertex 136.036 0 4.53554
    endloop
  endfacet
  facet normal -0.659136 0 -0.752023
    outer loop
      vertex 136.036 10 4.53554
      vertex 135.544 0 4.96677
      vertex 135.544 10 4.96677
    endloop
  endfacet
  facet normal 1 -0 0
    outer loop
      vertex 121.5 0 1
      vertex 121.5 10 -13
      vertex 121.5 10 1
    endloop
  endfacet
  facet normal 1 0 0
    outer loop
      vertex 121.5 10 -13
      vertex 121.5 0 1
      vertex 121.5 0 -13
    endloop
  endfacet
  facet normal 0.997836 0 -0.0657447
    outer loop
      vertex 121.543 0 1.65263
      vertex 121.5 10 1
      vertex 121.543 10 1.65263
    endloop
  endfacet
  facet normal 0.997836 0 -0.0657447
    outer loop
      vertex 121.5 10 1
      vertex 121.543 0 1.65263
      vertex 121.5 0 1
    endloop
  endfacet
  facet normal -0.442047 0 -0.896992
    outer loop
      vertex 134.413 0 5.6194
      vertex 135 10 5.33012
      vertex 135 0 5.33012
    endloop
  endfacet
  facet normal -0.442047 0 -0.896992
    outer loop
      vertex 135 10 5.33012
      vertex 134.413 0 5.6194
      vertex 134.413 10 5.6194
    endloop
  endfacet
  facet normal -1 0 0
    outer loop
      vertex 137.5 0 -13
      vertex 137.5 10 1
      vertex 137.5 10 -13
    endloop
  endfacet
  facet normal -1 -0 0
    outer loop
      vertex 137.5 10 1
      vertex 137.5 0 -13
      vertex 137.5 0 1
    endloop
  endfacet
  facet normal -0.831721 0 0.555194
    outer loop
      vertex 136.467 0 -16.0438
      vertex 136.83 10.0328 -15.5
      vertex 136.467 10.0684 -16.0438
    endloop
  endfacet
  facet normal -0.831721 0 0.555194
    outer loop
      vertex 136.83 10.0328 -15.5
      vertex 136.467 0 -16.0438
      vertex 136.83 0 -15.5
    endloop
  endfacet
  facet normal -0.997836 0 0.0657477
    outer loop
      vertex 137.457 0 -13.6526
      vertex 137.5 10 -13
      vertex 137.457 10 -13.6526
    endloop
  endfacet
  facet normal -0.997836 0 0.0657477
    outer loop
      vertex 137.5 10 -13
      vertex 137.457 0 -13.6526
      vertex 137.5 0 -13
    endloop
  endfacet
  facet normal -0.946569 0 0.322503
    outer loop
      vertex 137.119 0 -14.9134
      vertex 137.33 10 -14.2941
      vertex 137.119 10 -14.9134
    endloop
  endfacet
  facet normal -0.946569 0 0.322503
    outer loop
      vertex 137.33 10 -14.2941
      vertex 137.119 0 -14.9134
      vertex 137.33 0 -14.2941
    endloop
  endfacet
  facet normal -0.442541 3.32751e-05 0.896748
    outer loop
      vertex 134.413 0 -17.6194
      vertex 135 10.2894 -17.3301
      vertex 134.477 10.3407 -17.5882
    endloop
  endfacet
  facet normal -0.438202 0 0.898876
    outer loop
      vertex 134.413 0 -17.6194
      vertex 134.477 10.3407 -17.5882
      vertex 134.413 10.3513 -17.6194
    endloop
  endfacet
  facet normal -0.442072 0 0.89698
    outer loop
      vertex 135 10.2894 -17.3301
      vertex 134.413 0 -17.6194
      vertex 135 0 -17.3301
    endloop
  endfacet
  facet normal 0.752018 0 -0.659142
    outer loop
      vertex 122.964 0 4.53554
      vertex 122.533 10 4.04381
      vertex 122.964 10 4.53554
    endloop
  endfacet
  facet normal 0.752018 0 -0.659142
    outer loop
      vertex 122.533 10 4.04381
      vertex 122.964 0 4.53554
      vertex 122.533 0 4.04381
    endloop
  endfacet
  facet normal -0.997836 0 -0.0657447
    outer loop
      vertex 137.5 0 1
      vertex 137.457 10 1.65263
      vertex 137.5 10 1
    endloop
  endfacet
  facet normal -0.997836 -0 -0.0657447
    outer loop
      vertex 137.457 10 1.65263
      vertex 137.5 0 1
      vertex 137.457 0 1.65263
    endloop
  endfacet
  facet normal 0.751998 0 0.659165
    outer loop
      vertex 122.964 0 -16.5355
      vertex 122.533 10.0684 -16.0438
      vertex 122.533 0 -16.0438
    endloop
  endfacet
  facet normal 0.750888 -0.000109307 0.66043
    outer loop
      vertex 122.533 10.0684 -16.0438
      vertex 122.964 0 -16.5355
      vertex 122.763 10.0856 -16.3053
    endloop
  endfacet
  facet normal 0.753265 0 0.657717
    outer loop
      vertex 122.763 10.0856 -16.3053
      vertex 122.964 0 -16.5355
      vertex 122.964 10.1314 -16.5355
    endloop
  endfacet
  facet normal 0.55537 0 0.831603
    outer loop
      vertex 123.456 10.2171 -16.9668
      vertex 124 0 -17.3301
      vertex 124 10.2894 -17.3301
    endloop
  endfacet
  facet normal 0.55537 0 0.831603
    outer loop
      vertex 124 0 -17.3301
      vertex 123.456 10.2171 -16.9668
      vertex 123.456 0 -16.9668
    endloop
  endfacet
  facet normal 0.438202 0 0.898876
    outer loop
      vertex 124.523 10.3407 -17.5882
      vertex 124.587 0 -17.6194
      vertex 124.587 10.3513 -17.6194
    endloop
  endfacet
  facet normal 0.442541 3.32751e-05 0.896748
    outer loop
      vertex 124 10.2894 -17.3301
      vertex 124.587 0 -17.6194
      vertex 124.523 10.3407 -17.5882
    endloop
  endfacet
  facet normal 0.442072 0 0.89698
    outer loop
      vertex 124.587 0 -17.6194
      vertex 124 10.2894 -17.3301
      vertex 124 0 -17.3301
    endloop
  endfacet
  facet normal -0.752018 0 -0.659142
    outer loop
      vertex 136.467 0 4.04381
      vertex 136.036 10 4.53554
      vertex 136.467 10 4.04381
    endloop
  endfacet
  facet normal -0.752018 -0 -0.659142
    outer loop
      vertex 136.036 10 4.53554
      vertex 136.467 0 4.04381
      vertex 136.036 0 4.53554
    endloop
  endfacet
  facet normal -0.321601 0 -0.946875
    outer loop
      vertex 133.794 0 5.82964
      vertex 134.413 10 5.6194
      vertex 134.413 0 5.6194
    endloop
  endfacet
  facet normal -0.321601 0 -0.946875
    outer loop
      vertex 134.413 10 5.6194
      vertex 133.794 0 5.82964
      vertex 133.794 10 5.82964
    endloop
  endfacet
  facet normal -0.0653577 0 -0.997862
    outer loop
      vertex 132.5 0 6
      vertex 133.153 10 5.95723
      vertex 133.153 0 5.95723
    endloop
  endfacet
  facet normal -0.0653577 0 -0.997862
    outer loop
      vertex 133.153 10 5.95723
      vertex 132.5 0 6
      vertex 132.5 10 6
    endloop
  endfacet
  facet normal -0.55537 0 0.831603
    outer loop
      vertex 135 0 -17.3301
      vertex 135.544 10.2171 -16.9668
      vertex 135 10.2894 -17.3301
    endloop
  endfacet
  facet normal -0.55537 0 0.831603
    outer loop
      vertex 135.544 10.2171 -16.9668
      vertex 135 0 -17.3301
      vertex 135.544 0 -16.9668
    endloop
  endfacet
  facet normal -0.897036 0 -0.441957
    outer loop
      vertex 137.119 0 2.91342
      vertex 136.83 10 3.5
      vertex 137.119 10 2.91342
    endloop
  endfacet
  facet normal -0.897036 -0 -0.441957
    outer loop
      vertex 136.83 10 3.5
      vertex 137.119 0 2.91342
      vertex 136.83 0 3.5
    endloop
  endfacet
  facet normal -0.659197 0 0.75197
    outer loop
      vertex 135.544 0 -16.9668
      vertex 136.036 10.1314 -16.5355
      vertex 135.544 10.2171 -16.9668
    endloop
  endfacet
  facet normal -0.659197 0 0.75197
    outer loop
      vertex 136.036 10.1314 -16.5355
      vertex 135.544 0 -16.9668
      vertex 136.036 0 -16.5355
    endloop
  endfacet
  facet normal -0.555423 0 -0.831568
    outer loop
      vertex 135 0 5.33012
      vertex 135.544 10 4.96677
      vertex 135.544 0 4.96677
    endloop
  endfacet
  facet normal -0.555423 0 -0.831568
    outer loop
      vertex 135.544 10 4.96677
      vertex 135 0 5.33012
      vertex 135 10 5.33012
    endloop
  endfacet
  facet normal -0.980961 0 0.194204
    outer loop
      vertex 137.33 0 -14.2941
      vertex 137.457 10 -13.6526
      vertex 137.33 10 -14.2941
    endloop
  endfacet
  facet normal -0.980961 0 0.194204
    outer loop
      vertex 137.457 10 -13.6526
      vertex 137.33 0 -14.2941
      vertex 137.457 0 -13.6526
    endloop
  endfacet
  facet normal -0.753265 0 0.657717
    outer loop
      vertex 136.036 0 -16.5355
      vertex 136.237 10.0856 -16.3053
      vertex 136.036 10.1314 -16.5355
    endloop
  endfacet
  facet normal -0.750888 -0.000109307 0.66043
    outer loop
      vertex 136.036 0 -16.5355
      vertex 136.467 10.0684 -16.0438
      vertex 136.237 10.0856 -16.3053
    endloop
  endfacet
  facet normal -0.751998 0 0.659165
    outer loop
      vertex 136.467 10.0684 -16.0438
      vertex 136.036 0 -16.5355
      vertex 136.467 0 -16.0438
    endloop
  endfacet
  facet normal -0.896569 0 0.442905
    outer loop
      vertex 163.33 0 -15.5
      vertex 163.577 10 -15
      vertex 163.33 10.0328 -15.5
    endloop
  endfacet
  facet normal -0.897042 5.96703e-05 0.441945
    outer loop
      vertex 163.619 0 -14.9134
      vertex 163.577 10 -15
      vertex 163.33 0 -15.5
    endloop
  endfacet
  facet normal -0.899765 0 0.436375
    outer loop
      vertex 163.577 10 -15
      vertex 163.619 0 -14.9134
      vertex 163.619 10 -14.9134
    endloop
  endfacet
  facet normal -0.321546 0 0.946894
    outer loop
      vertex 160.294 0 -17.8296
      vertex 160.913 10.3513 -17.6194
      vertex 160.294 10.4227 -17.8296
    endloop
  endfacet
  facet normal -0.321546 0 0.946894
    outer loop
      vertex 160.913 10.3513 -17.6194
      vertex 160.294 0 -17.8296
      vertex 160.913 0 -17.6194
    endloop
  endfacet
  facet normal -0.195233 0 0.980757
    outer loop
      vertex 159.653 0 -17.9572
      vertex 160.294 10.4227 -17.8296
      vertex 159.653 10.466 -17.9572
    endloop
  endfacet
  facet normal -0.195233 0 0.980757
    outer loop
      vertex 160.294 10.4227 -17.8296
      vertex 159.653 0 -17.9572
      vertex 160.294 0 -17.8296
    endloop
  endfacet
  facet normal -0.0654033 0 0.997859
    outer loop
      vertex 159 0 -18
      vertex 159.653 10.466 -17.9572
      vertex 159 10.4805 -18
    endloop
  endfacet
  facet normal -0.0654033 0 0.997859
    outer loop
      vertex 159.653 10.466 -17.9572
      vertex 159 0 -18
      vertex 159.653 0 -17.9572
    endloop
  endfacet
  facet normal 0.0654033 0 0.997859
    outer loop
      vertex 152.347 10.466 -17.9572
      vertex 153 0 -18
      vertex 153 10.4805 -18
    endloop
  endfacet
  facet normal 0.0654033 0 0.997859
    outer loop
      vertex 153 0 -18
      vertex 152.347 10.466 -17.9572
      vertex 152.347 0 -17.9572
    endloop
  endfacet
  facet normal -0 0 1
    outer loop
      vertex 153 10.4805 -18
      vertex 159 0 -18
      vertex 159 10.4805 -18
    endloop
  endfacet
  facet normal 0 0 1
    outer loop
      vertex 159 0 -18
      vertex 153 10.4805 -18
      vertex 153 0 -18
    endloop
  endfacet
  facet normal 0.321601 0 -0.946875
    outer loop
      vertex 151.087 0 5.6194
      vertex 151.706 10 5.82964
      vertex 151.706 0 5.82964
    endloop
  endfacet
  facet normal 0.321601 0 -0.946875
    outer loop
      vertex 151.706 10 5.82964
      vertex 151.087 0 5.6194
      vertex 151.087 10 5.6194
    endloop
  endfacet
  facet normal 0.0653577 0 -0.997862
    outer loop
      vertex 152.347 0 5.95723
      vertex 153 10 6
      vertex 153 0 6
    endloop
  endfacet
  facet normal 0.0653577 0 -0.997862
    outer loop
      vertex 153 10 6
      vertex 152.347 0 5.95723
      vertex 152.347 10 5.95723
    endloop
  endfacet
  facet normal 0.946572 0 -0.322493
    outer loop
      vertex 148.381 0 2.91342
      vertex 148.17 10 2.2941
      vertex 148.381 10 2.91342
    endloop
  endfacet
  facet normal 0.946572 0 -0.322493
    outer loop
      vertex 148.17 10 2.2941
      vertex 148.381 0 2.91342
      vertex 148.17 0 2.2941
    endloop
  endfacet
  facet normal 0.321546 0 0.946894
    outer loop
      vertex 151.087 10.3513 -17.6194
      vertex 151.706 0 -17.8296
      vertex 151.706 10.4227 -17.8296
    endloop
  endfacet
  facet normal 0.321546 0 0.946894
    outer loop
      vertex 151.706 0 -17.8296
      vertex 151.087 10.3513 -17.6194
      vertex 151.087 0 -17.6194
    endloop
  endfacet
  facet normal 0.831721 0 0.555194
    outer loop
      vertex 149.033 0 -16.0438
      vertex 148.67 10.0328 -15.5
      vertex 148.67 0 -15.5
    endloop
  endfacet
  facet normal 0.831721 0 0.555194
    outer loop
      vertex 148.67 10.0328 -15.5
      vertex 149.033 0 -16.0438
      vertex 149.033 10.0684 -16.0438
    endloop
  endfacet
  facet normal 0.659136 0 -0.752023
    outer loop
      vertex 149.464 0 4.53554
      vertex 149.956 10 4.96677
      vertex 149.956 0 4.96677
    endloop
  endfacet
  facet normal 0.659136 0 -0.752023
    outer loop
      vertex 149.956 10 4.96677
      vertex 149.464 0 4.53554
      vertex 149.464 10 4.53554
    endloop
  endfacet
  facet normal -0.752018 0 -0.659142
    outer loop
      vertex 162.967 0 4.04381
      vertex 162.536 10 4.53554
      vertex 162.967 10 4.04381
    endloop
  endfacet
  facet normal -0.752018 -0 -0.659142
    outer loop
      vertex 162.536 10 4.53554
      vertex 162.967 0 4.04381
      vertex 162.536 0 4.53554
    endloop
  endfacet
  facet normal 0.897036 0 -0.441957
    outer loop
      vertex 148.67 0 3.5
      vertex 148.381 10 2.91342
      vertex 148.67 10 3.5
    endloop
  endfacet
  facet normal 0.897036 0 -0.441957
    outer loop
      vertex 148.381 10 2.91342
      vertex 148.67 0 3.5
      vertex 148.381 0 2.91342
    endloop
  endfacet
  facet normal 0.899765 0 0.436375
    outer loop
      vertex 148.381 10 -14.9134
      vertex 148.381 0 -14.9134
      vertex 148.423 10 -15
    endloop
  endfacet
  facet normal 0.897042 5.96703e-05 0.441945
    outer loop
      vertex 148.67 0 -15.5
      vertex 148.423 10 -15
      vertex 148.381 0 -14.9134
    endloop
  endfacet
  facet normal 0.896569 0 0.442905
    outer loop
      vertex 148.423 10 -15
      vertex 148.67 0 -15.5
      vertex 148.67 10.0328 -15.5
    endloop
  endfacet
  facet normal 0.442047 0 -0.896992
    outer loop
      vertex 150.5 0 5.33012
      vertex 151.087 10 5.6194
      vertex 151.087 0 5.6194
    endloop
  endfacet
  facet normal 0.442047 0 -0.896992
    outer loop
      vertex 151.087 10 5.6194
      vertex 150.5 0 5.33012
      vertex 150.5 10 5.33012
    endloop
  endfacet
  facet normal -0.195219 0 -0.98076
    outer loop
      vertex 159.653 0 5.95723
      vertex 160.294 10 5.82964
      vertex 160.294 0 5.82964
    endloop
  endfacet
  facet normal -0.195219 0 -0.98076
    outer loop
      vertex 160.294 10 5.82964
      vertex 159.653 0 5.95723
      vertex 159.653 10 5.95723
    endloop
  endfacet
  facet normal 0 0 -1
    outer loop
      vertex 153 0 6
      vertex 159 10 6
      vertex 159 0 6
    endloop
  endfacet
  facet normal -0 0 -1
    outer loop
      vertex 159 10 6
      vertex 153 0 6
      vertex 153 10 6
    endloop
  endfacet
  facet normal 0.980961 -0 0.194204
    outer loop
      vertex 148.043 0 -13.6526
      vertex 148.17 10 -14.2941
      vertex 148.043 10 -13.6526
    endloop
  endfacet
  facet normal 0.980961 0 0.194204
    outer loop
      vertex 148.17 10 -14.2941
      vertex 148.043 0 -13.6526
      vertex 148.17 0 -14.2941
    endloop
  endfacet
  facet normal -0.980959 0 -0.194213
    outer loop
      vertex 163.957 0 1.65263
      vertex 163.83 10 2.2941
      vertex 163.957 10 1.65263
    endloop
  endfacet
  facet normal -0.980959 -0 -0.194213
    outer loop
      vertex 163.83 10 2.2941
      vertex 163.957 0 1.65263
      vertex 163.83 0 2.2941
    endloop
  endfacet
  facet normal 0.946569 -0 0.322503
    outer loop
      vertex 148.17 0 -14.2941
      vertex 148.381 10 -14.9134
      vertex 148.17 10 -14.2941
    endloop
  endfacet
  facet normal 0.946569 0 0.322503
    outer loop
      vertex 148.381 10 -14.9134
      vertex 148.17 0 -14.2941
      vertex 148.381 0 -14.9134
    endloop
  endfacet
  facet normal -0.831725 0 -0.555187
    outer loop
      vertex 163.33 0 3.5
      vertex 162.967 10 4.04381
      vertex 163.33 10 3.5
    endloop
  endfacet
  facet normal -0.831725 -0 -0.555187
    outer loop
      vertex 162.967 10 4.04381
      vertex 163.33 0 3.5
      vertex 162.967 0 4.04381
    endloop
  endfacet
  facet normal 0.997836 -0 0.0657477
    outer loop
      vertex 148 0 -13
      vertex 148.043 10 -13.6526
      vertex 148 10 -13
    endloop
  endfacet
  facet normal 0.997836 0 0.0657477
    outer loop
      vertex 148.043 10 -13.6526
      vertex 148 0 -13
      vertex 148.043 0 -13.6526
    endloop
  endfacet
  facet normal 0.980959 0 -0.194213
    outer loop
      vertex 148.17 0 2.2941
      vertex 148.043 10 1.65263
      vertex 148.17 10 2.2941
    endloop
  endfacet
  facet normal 0.980959 0 -0.194213
    outer loop
      vertex 148.043 10 1.65263
      vertex 148.17 0 2.2941
      vertex 148.043 0 1.65263
    endloop
  endfacet
  facet normal 0.831725 0 -0.555187
    outer loop
      vertex 149.033 0 4.04381
      vertex 148.67 10 3.5
      vertex 149.033 10 4.04381
    endloop
  endfacet
  facet normal 0.831725 0 -0.555187
    outer loop
      vertex 148.67 10 3.5
      vertex 149.033 0 4.04381
      vertex 148.67 0 3.5
    endloop
  endfacet
  facet normal 0.555423 0 -0.831568
    outer loop
      vertex 149.956 0 4.96677
      vertex 150.5 10 5.33012
      vertex 150.5 0 5.33012
    endloop
  endfacet
  facet normal 0.555423 0 -0.831568
    outer loop
      vertex 150.5 10 5.33012
      vertex 149.956 0 4.96677
      vertex 149.956 10 4.96677
    endloop
  endfacet
  facet normal 0.659197 0 0.75197
    outer loop
      vertex 149.464 10.1314 -16.5355
      vertex 149.956 0 -16.9668
      vertex 149.956 10.2171 -16.9668
    endloop
  endfacet
  facet normal 0.659197 0 0.75197
    outer loop
      vertex 149.956 0 -16.9668
      vertex 149.464 10.1314 -16.5355
      vertex 149.464 0 -16.5355
    endloop
  endfacet
  facet normal 0.195233 0 0.980757
    outer loop
      vertex 151.706 10.4227 -17.8296
      vertex 152.347 0 -17.9572
      vertex 152.347 10.466 -17.9572
    endloop
  endfacet
  facet normal 0.195233 0 0.980757
    outer loop
      vertex 152.347 0 -17.9572
      vertex 151.706 10.4227 -17.8296
      vertex 151.706 0 -17.8296
    endloop
  endfacet
  facet normal -0.946572 0 -0.322493
    outer loop
      vertex 163.83 0 2.2941
      vertex 163.619 10 2.91342
      vertex 163.83 10 2.2941
    endloop
  endfacet
  facet normal -0.946572 -0 -0.322493
    outer loop
      vertex 163.619 10 2.91342
      vertex 163.83 0 2.2941
      vertex 163.619 0 2.91342
    endloop
  endfacet
  facet normal 0.195219 0 -0.98076
    outer loop
      vertex 151.706 0 5.82964
      vertex 152.347 10 5.95723
      vertex 152.347 0 5.95723
    endloop
  endfacet
  facet normal 0.195219 0 -0.98076
    outer loop
      vertex 152.347 10 5.95723
      vertex 151.706 0 5.82964
      vertex 151.706 10 5.82964
    endloop
  endfacet
  facet normal -0.659136 0 -0.752023
    outer loop
      vertex 162.044 0 4.96677
      vertex 162.536 10 4.53554
      vertex 162.536 0 4.53554
    endloop
  endfacet
  facet normal -0.659136 0 -0.752023
    outer loop
      vertex 162.536 10 4.53554
      vertex 162.044 0 4.96677
      vertex 162.044 10 4.96677
    endloop
  endfacet
  facet normal 1 -0 0
    outer loop
      vertex 148 0 1
      vertex 148 10 -13
      vertex 148 10 1
    endloop
  endfacet
  facet normal 1 0 0
    outer loop
      vertex 148 10 -13
      vertex 148 0 1
      vertex 148 0 -13
    endloop
  endfacet
  facet normal 0.997836 0 -0.0657447
    outer loop
      vertex 148.043 0 1.65263
      vertex 148 10 1
      vertex 148.043 10 1.65263
    endloop
  endfacet
  facet normal 0.997836 0 -0.0657447
    outer loop
      vertex 148 10 1
      vertex 148.043 0 1.65263
      vertex 148 0 1
    endloop
  endfacet
  facet normal -0.442047 0 -0.896992
    outer loop
      vertex 160.913 0 5.6194
      vertex 161.5 10 5.33012
      vertex 161.5 0 5.33012
    endloop
  endfacet
  facet normal -0.442047 0 -0.896992
    outer loop
      vertex 161.5 10 5.33012
      vertex 160.913 0 5.6194
      vertex 160.913 10 5.6194
    endloop
  endfacet
  facet normal -1 0 0
    outer loop
      vertex 164 0 -13
      vertex 164 10 1
      vertex 164 10 -13
    endloop
  endfacet
  facet normal -1 -0 0
    outer loop
      vertex 164 10 1
      vertex 164 0 -13
      vertex 164 0 1
    endloop
  endfacet
  facet normal -0.831721 0 0.555194
    outer loop
      vertex 162.967 0 -16.0438
      vertex 163.33 10.0328 -15.5
      vertex 162.967 10.0684 -16.0438
    endloop
  endfacet
  facet normal -0.831721 0 0.555194
    outer loop
      vertex 163.33 10.0328 -15.5
      vertex 162.967 0 -16.0438
      vertex 163.33 0 -15.5
    endloop
  endfacet
  facet normal -0.997836 0 0.0657477
    outer loop
      vertex 163.957 0 -13.6526
      vertex 164 10 -13
      vertex 163.957 10 -13.6526
    endloop
  endfacet
  facet normal -0.997836 0 0.0657477
    outer loop
      vertex 164 10 -13
      vertex 163.957 0 -13.6526
      vertex 164 0 -13
    endloop
  endfacet
  facet normal -0.946569 0 0.322503
    outer loop
      vertex 163.619 0 -14.9134
      vertex 163.83 10 -14.2941
      vertex 163.619 10 -14.9134
    endloop
  endfacet
  facet normal -0.946569 0 0.322503
    outer loop
      vertex 163.83 10 -14.2941
      vertex 163.619 0 -14.9134
      vertex 163.83 0 -14.2941
    endloop
  endfacet
  facet normal -0.442541 3.32751e-05 0.896748
    outer loop
      vertex 160.913 0 -17.6194
      vertex 161.5 10.2894 -17.3301
      vertex 160.977 10.3407 -17.5882
    endloop
  endfacet
  facet normal -0.438202 0 0.898876
    outer loop
      vertex 160.913 0 -17.6194
      vertex 160.977 10.3407 -17.5882
      vertex 160.913 10.3513 -17.6194
    endloop
  endfacet
  facet normal -0.442072 0 0.89698
    outer loop
      vertex 161.5 10.2894 -17.3301
      vertex 160.913 0 -17.6194
      vertex 161.5 0 -17.3301
    endloop
  endfacet
  facet normal 0.752018 0 -0.659142
    outer loop
      vertex 149.464 0 4.53554
      vertex 149.033 10 4.04381
      vertex 149.464 10 4.53554
    endloop
  endfacet
  facet normal 0.752018 0 -0.659142
    outer loop
      vertex 149.033 10 4.04381
      vertex 149.464 0 4.53554
      vertex 149.033 0 4.04381
    endloop
  endfacet
  facet normal -0.997836 0 -0.0657447
    outer loop
      vertex 164 0 1
      vertex 163.957 10 1.65263
      vertex 164 10 1
    endloop
  endfacet
  facet normal -0.997836 -0 -0.0657447
    outer loop
      vertex 163.957 10 1.65263
      vertex 164 0 1
      vertex 163.957 0 1.65263
    endloop
  endfacet
  facet normal 0.751998 0 0.659165
    outer loop
      vertex 149.464 0 -16.5355
      vertex 149.033 10.0684 -16.0438
      vertex 149.033 0 -16.0438
    endloop
  endfacet
  facet normal 0.750888 -0.000109307 0.66043
    outer loop
      vertex 149.033 10.0684 -16.0438
      vertex 149.464 0 -16.5355
      vertex 149.263 10.0856 -16.3053
    endloop
  endfacet
  facet normal 0.753265 0 0.657717
    outer loop
      vertex 149.263 10.0856 -16.3053
      vertex 149.464 0 -16.5355
      vertex 149.464 10.1314 -16.5355
    endloop
  endfacet
  facet normal 0.55537 0 0.831603
    outer loop
      vertex 149.956 10.2171 -16.9668
      vertex 150.5 0 -17.3301
      vertex 150.5 10.2894 -17.3301
    endloop
  endfacet
  facet normal 0.55537 0 0.831603
    outer loop
      vertex 150.5 0 -17.3301
      vertex 149.956 10.2171 -16.9668
      vertex 149.956 0 -16.9668
    endloop
  endfacet
  facet normal 0.438202 0 0.898876
    outer loop
      vertex 151.023 10.3407 -17.5882
      vertex 151.087 0 -17.6194
      vertex 151.087 10.3513 -17.6194
    endloop
  endfacet
  facet normal 0.442541 3.32751e-05 0.896748
    outer loop
      vertex 150.5 10.2894 -17.3301
      vertex 151.087 0 -17.6194
      vertex 151.023 10.3407 -17.5882
    endloop
  endfacet
  facet normal 0.442072 0 0.89698
    outer loop
      vertex 151.087 0 -17.6194
      vertex 150.5 10.2894 -17.3301
      vertex 150.5 0 -17.3301
    endloop
  endfacet
  facet normal -0.321601 0 -0.946875
    outer loop
      vertex 160.294 0 5.82964
      vertex 160.913 10 5.6194
      vertex 160.913 0 5.6194
    endloop
  endfacet
  facet normal -0.321601 0 -0.946875
    outer loop
      vertex 160.913 10 5.6194
      vertex 160.294 0 5.82964
      vertex 160.294 10 5.82964
    endloop
  endfacet
  facet normal -0.0653577 0 -0.997862
    outer loop
      vertex 159 0 6
      vertex 159.653 10 5.95723
      vertex 159.653 0 5.95723
    endloop
  endfacet
  facet normal -0.0653577 0 -0.997862
    outer loop
      vertex 159.653 10 5.95723
      vertex 159 0 6
      vertex 159 10 6
    endloop
  endfacet
  facet normal -0.55537 0 0.831603
    outer loop
      vertex 161.5 0 -17.3301
      vertex 162.044 10.2171 -16.9668
      vertex 161.5 10.2894 -17.3301
    endloop
  endfacet
  facet normal -0.55537 0 0.831603
    outer loop
      vertex 162.044 10.2171 -16.9668
      vertex 161.5 0 -17.3301
      vertex 162.044 0 -16.9668
    endloop
  endfacet
  facet normal -0.897036 0 -0.441957
    outer loop
      vertex 163.619 0 2.91342
      vertex 163.33 10 3.5
      vertex 163.619 10 2.91342
    endloop
  endfacet
  facet normal -0.897036 -0 -0.441957
    outer loop
      vertex 163.33 10 3.5
      vertex 163.619 0 2.91342
      vertex 163.33 0 3.5
    endloop
  endfacet
  facet normal -0.659197 0 0.75197
    outer loop
      vertex 162.044 0 -16.9668
      vertex 162.536 10.1314 -16.5355
      vertex 162.044 10.2171 -16.9668
    endloop
  endfacet
  facet normal -0.659197 0 0.75197
    outer loop
      vertex 162.536 10.1314 -16.5355
      vertex 162.044 0 -16.9668
      vertex 162.536 0 -16.5355
    endloop
  endfacet
  facet normal -0.555423 0 -0.831568
    outer loop
      vertex 161.5 0 5.33012
      vertex 162.044 10 4.96677
      vertex 162.044 0 4.96677
    endloop
  endfacet
  facet normal -0.555423 0 -0.831568
    outer loop
      vertex 162.044 10 4.96677
      vertex 161.5 0 5.33012
      vertex 161.5 10 5.33012
    endloop
  endfacet
  facet normal -0.980961 0 0.194204
    outer loop
      vertex 163.83 0 -14.2941
      vertex 163.957 10 -13.6526
      vertex 163.83 10 -14.2941
    endloop
  endfacet
  facet normal -0.980961 0 0.194204
    outer loop
      vertex 163.957 10 -13.6526
      vertex 163.83 0 -14.2941
      vertex 163.957 0 -13.6526
    endloop
  endfacet
  facet normal -0.753265 0 0.657717
    outer loop
      vertex 162.536 0 -16.5355
      vertex 162.737 10.0856 -16.3053
      vertex 162.536 10.1314 -16.5355
    endloop
  endfacet
  facet normal -0.750888 -0.000109307 0.66043
    outer loop
      vertex 162.536 0 -16.5355
      vertex 162.967 10.0684 -16.0438
      vertex 162.737 10.0856 -16.3053
    endloop
  endfacet
  facet normal -0.751998 0 0.659165
    outer loop
      vertex 162.967 10.0684 -16.0438
      vertex 162.536 0 -16.5355
      vertex 162.967 0 -16.0438
    endloop
  endfacet
endsolid OpenSCAD_Model
