solid OpenSCAD_Model
  facet normal -0.99786 -0.0653824 0
    outer loop
      vertex -10.4102 -1.37052 0
      vertex -10.5 0 4
      vertex -10.5 0 0
    endloop
  endfacet
  facet normal -0.99786 -0.0653824 0
    outer loop
      vertex -10.5 0 4
      vertex -10.4102 -1.37052 0
      vertex -10.4102 -1.37052 4
    endloop
  endfacet
  facet normal -0.896875 0.442285 0
    outer loop
      vertex -9.70073 4.01818 0
      vertex -9.09327 5.25 4
      vertex -9.09327 5.25 0
    endloop
  endfacet
  facet normal -0.896875 0.442285 0
    outer loop
      vertex -9.09327 5.25 4
      vertex -9.70073 4.01818 0
      vertex -9.70073 4.01818 4
    endloop
  endfacet
  facet normal -0.980778 0.195125 0
    outer loop
      vertex -10.4102 1.37052 0
      vertex -10.1422 2.7176 4
      vertex -10.1422 2.7176 0
    endloop
  endfacet
  facet normal -0.980778 0.195125 0
    outer loop
      vertex -10.1422 2.7176 4
      vertex -10.4102 1.37052 0
      vertex -10.4102 1.37052 4
    endloop
  endfacet
  facet normal 0 0 -1
    outer loop
      vertex -9.70073 -4.01818 0
      vertex -2.49447 -1.03325 0
      vertex -9.09327 -5.25 0
    endloop
  endfacet
  facet normal -0 0 -1
    outer loop
      vertex -2.49447 -1.03325 0
      vertex -9.70073 -4.01818 0
      vertex -2.608 -0.698811 0
    endloop
  endfacet
  facet normal 0 0 -1
    outer loop
      vertex -10.1422 -2.7176 0
      vertex -2.608 -0.698811 0
      vertex -9.70073 -4.01818 0
    endloop
  endfacet
  facet normal 0 0 -1
    outer loop
      vertex -2.7 0 0
      vertex -6.39199 8.33021 0
      vertex -6 8.59213 0
    endloop
  endfacet
  facet normal 0 -0 -1
    outer loop
      vertex -7.42462 7.42462 0
      vertex -2.7 0 0
      vertex -8.33021 6.39199 0
    endloop
  endfacet
  facet normal 0 -0 -1
    outer loop
      vertex -6.39199 8.33021 0
      vertex -2.7 0 0
      vertex -7.42462 7.42462 0
    endloop
  endfacet
  facet normal -0 0 -1
    outer loop
      vertex -2.608 -0.698811 0
      vertex -10.1422 -2.7176 0
      vertex -2.6769 -0.35242 0
    endloop
  endfacet
  facet normal 0 0 -1
    outer loop
      vertex -2.7 0 0
      vertex -9.09327 5.25 0
      vertex -8.33021 6.39199 0
    endloop
  endfacet
  facet normal 0 0 -1
    outer loop
      vertex -10.4102 -1.37052 0
      vertex -2.6769 -0.35242 0
      vertex -10.1422 -2.7176 0
    endloop
  endfacet
  facet normal 0 0 -1
    outer loop
      vertex -2.7 0 0
      vertex -9.70073 4.01818 0
      vertex -9.09327 5.25 0
    endloop
  endfacet
  facet normal -0 0 -1
    outer loop
      vertex -2.6769 -0.35242 0
      vertex -10.4102 -1.37052 0
      vertex -2.7 0 0
    endloop
  endfacet
  facet normal 0 0 -1
    outer loop
      vertex -2.7 0 0
      vertex -10.1422 2.7176 0
      vertex -9.70073 4.01818 0
    endloop
  endfacet
  facet normal 0 0 -1
    outer loop
      vertex -10.5 0 0
      vertex -2.7 0 0
      vertex -10.4102 -1.37052 0
    endloop
  endfacet
  facet normal 0 0 -1
    outer loop
      vertex -2.7 0 0
      vertex -10.4102 1.37052 0
      vertex -10.1422 2.7176 0
    endloop
  endfacet
  facet normal 0 0 -1
    outer loop
      vertex -2.7 0 0
      vertex -10.5 0 0
      vertex -10.4102 1.37052 0
    endloop
  endfacet
  facet normal 0 0 -1
    outer loop
      vertex -6 8.59213 0
      vertex -2.49447 1.03325 0
      vertex -2.608 0.698811 0
    endloop
  endfacet
  facet normal 0 0 -1
    outer loop
      vertex -6 8.59213 0
      vertex -2.608 0.698811 0
      vertex -2.6769 0.35242 0
    endloop
  endfacet
  facet normal 0 0 -1
    outer loop
      vertex -6 8.59213 0
      vertex -2.6769 0.35242 0
      vertex -2.7 0 0
    endloop
  endfacet
  facet normal 0 0 -1
    outer loop
      vertex -9.09327 -5.25 0
      vertex -2.33827 -1.35 0
      vertex -8.33021 -6.39199 0
    endloop
  endfacet
  facet normal -0 0 -1
    outer loop
      vertex -2.33827 -1.35 0
      vertex -9.09327 -5.25 0
      vertex -2.49447 -1.03325 0
    endloop
  endfacet
  facet normal 0 0 -1
    outer loop
      vertex -2.49447 1.03325 0
      vertex -6 8.59213 0
      vertex -2.5 17 0
    endloop
  endfacet
  facet normal -0 0 -1
    outer loop
      vertex -2.5 17 0
      vertex -6 8.59213 0
      vertex -6 17 0
    endloop
  endfacet
  facet normal 0 0 -1
    outer loop
      vertex 209 -22 0
      vertex 198.8 0 0
      vertex 209 22 0
    endloop
  endfacet
  facet normal 0 0 -1
    outer loop
      vertex 209 -22 0
      vertex 198.776 -0.365473 0
      vertex 198.8 0 0
    endloop
  endfacet
  facet normal 0 0 -1
    outer loop
      vertex 209 -22 0
      vertex 198.705 -0.724693 0
      vertex 198.776 -0.365473 0
    endloop
  endfacet
  facet normal 0 0 -1
    outer loop
      vertex 209 -22 0
      vertex 198.587 -1.07151 0
      vertex 198.705 -0.724693 0
    endloop
  endfacet
  facet normal 0 0 -1
    outer loop
      vertex 209 -22 0
      vertex 198.425 -1.4 0
      vertex 198.587 -1.07151 0
    endloop
  endfacet
  facet normal 0 0 -1
    outer loop
      vertex 209 -22 0
      vertex 198.221 -1.70453 0
      vertex 198.425 -1.4 0
    endloop
  endfacet
  facet normal 0 0 -1
    outer loop
      vertex 209 -22 0
      vertex 197.98 -1.9799 0
      vertex 198.221 -1.70453 0
    endloop
  endfacet
  facet normal 0 0 -1
    outer loop
      vertex 209 -22 0
      vertex 197.705 -2.22139 0
      vertex 197.98 -1.9799 0
    endloop
  endfacet
  facet normal 0 0 -1
    outer loop
      vertex 209 -22 0
      vertex 197.4 -2.42487 0
      vertex 197.705 -2.22139 0
    endloop
  endfacet
  facet normal 0 0 -1
    outer loop
      vertex 209 -22 0
      vertex 197.072 -2.58686 0
      vertex 197.4 -2.42487 0
    endloop
  endfacet
  facet normal 0 0 -1
    outer loop
      vertex 209 -22 0
      vertex 196.725 -2.70459 0
      vertex 197.072 -2.58686 0
    endloop
  endfacet
  facet normal 0 0 -1
    outer loop
      vertex 209 -22 0
      vertex 196.365 -2.77604 0
      vertex 196.725 -2.70459 0
    endloop
  endfacet
  facet normal 0 0 -1
    outer loop
      vertex 209 -22 0
      vertex 196 -2.8 0
      vertex 196.365 -2.77604 0
    endloop
  endfacet
  facet normal 0 0 -1
    outer loop
      vertex 209 -22 0
      vertex 178 -2.8 0
      vertex 196 -2.8 0
    endloop
  endfacet
  facet normal 0 0 -1
    outer loop
      vertex 209 -22 0
      vertex 177.635 -2.77604 0
      vertex 178 -2.8 0
    endloop
  endfacet
  facet normal 0 0 -1
    outer loop
      vertex 209 -22 0
      vertex 177.275 -2.70459 0
      vertex 177.635 -2.77604 0
    endloop
  endfacet
  facet normal 0 0 -1
    outer loop
      vertex 132.256 -10.7767 0
      vertex 177.275 -2.70459 0
      vertex 209 -22 0
    endloop
  endfacet
  facet normal -0 0 -1
    outer loop
      vertex 177.275 -2.70459 0
      vertex 132.256 -10.7767 0
      vertex 176.928 -2.58686 0
    endloop
  endfacet
  facet normal -0 0 -1
    outer loop
      vertex 175.224 -0.365473 0
      vertex 133.625 -8 0
      vertex 175.2 0 0
    endloop
  endfacet
  facet normal -0 0 -1
    outer loop
      vertex 175.295 -0.724693 0
      vertex 133.625 -8 0
      vertex 175.224 -0.365473 0
    endloop
  endfacet
  facet normal -0 0 -1
    outer loop
      vertex 175.413 -1.07151 0
      vertex 133.625 -8 0
      vertex 175.295 -0.724693 0
    endloop
  endfacet
  facet normal 0 0 -1
    outer loop
      vertex 133.595 -8.45684 0
      vertex 175.413 -1.07151 0
      vertex 175.575 -1.4 0
    endloop
  endfacet
  facet normal 0 0 -1
    outer loop
      vertex 133.506 -8.90587 0
      vertex 175.575 -1.4 0
      vertex 175.779 -1.70453 0
    endloop
  endfacet
  facet normal 0 0 -1
    outer loop
      vertex 133.359 -9.33939 0
      vertex 175.779 -1.70453 0
      vertex 176.02 -1.9799 0
    endloop
  endfacet
  facet normal 0 0 -1
    outer loop
      vertex 133.156 -9.75 0
      vertex 176.02 -1.9799 0
      vertex 176.295 -2.22139 0
    endloop
  endfacet
  facet normal 0 0 -1
    outer loop
      vertex 132.902 -10.1307 0
      vertex 176.295 -2.22139 0
      vertex 176.6 -2.42487 0
    endloop
  endfacet
  facet normal 0 -0 -1
    outer loop
      vertex 132.6 -10.4749 0
      vertex 176.928 -2.58686 0
      vertex 132.256 -10.7767 0
    endloop
  endfacet
  facet normal 0 0 -1
    outer loop
      vertex 175.413 -1.07151 0
      vertex 133.595 -8.45684 0
      vertex 133.625 -8 0
    endloop
  endfacet
  facet normal 0 0 -1
    outer loop
      vertex 175.575 -1.4 0
      vertex 133.506 -8.90587 0
      vertex 133.595 -8.45684 0
    endloop
  endfacet
  facet normal 0 0 -1
    outer loop
      vertex 175.779 -1.70453 0
      vertex 133.359 -9.33939 0
      vertex 133.506 -8.90587 0
    endloop
  endfacet
  facet normal 0 0 -1
    outer loop
      vertex 176.02 -1.9799 0
      vertex 133.156 -9.75 0
      vertex 133.359 -9.33939 0
    endloop
  endfacet
  facet normal 0 0 -1
    outer loop
      vertex 176.295 -2.22139 0
      vertex 132.902 -10.1307 0
      vertex 133.156 -9.75 0
    endloop
  endfacet
  facet normal 0 0 -1
    outer loop
      vertex 176.6 -2.42487 0
      vertex 132.6 -10.4749 0
      vertex 132.902 -10.1307 0
    endloop
  endfacet
  facet normal -0 0 -1
    outer loop
      vertex 176.928 -2.58686 0
      vertex 132.6 -10.4749 0
      vertex 176.6 -2.42487 0
    endloop
  endfacet
  facet normal 0 0 -1
    outer loop
      vertex 209 -22 0
      vertex 131.875 -11.0311 0
      vertex 132.256 -10.7767 0
    endloop
  endfacet
  facet normal 0 0 -1
    outer loop
      vertex 209 -22 0
      vertex 131.464 -11.2336 0
      vertex 131.875 -11.0311 0
    endloop
  endfacet
  facet normal 0 0 -1
    outer loop
      vertex 209 -22 0
      vertex 131.031 -11.3807 0
      vertex 131.464 -11.2336 0
    endloop
  endfacet
  facet normal 0 0 -1
    outer loop
      vertex 209 -22 0
      vertex 130.582 -11.4701 0
      vertex 131.031 -11.3807 0
    endloop
  endfacet
  facet normal 0 0 -1
    outer loop
      vertex 209 -22 0
      vertex 130.125 -11.5 0
      vertex 130.582 -11.4701 0
    endloop
  endfacet
  facet normal 0 0 -1
    outer loop
      vertex 92.25 -11.5 0
      vertex 130.125 -11.5 0
      vertex 209 -22 0
    endloop
  endfacet
  facet normal 0 0 -1
    outer loop
      vertex 126.625 -8 0
      vertex 95.75 -8 0
      vertex 126.625 8 0
    endloop
  endfacet
  facet normal 0 0 -1
    outer loop
      vertex 126.655 -8.45684 0
      vertex 95.75 -8 0
      vertex 126.625 -8 0
    endloop
  endfacet
  facet normal 0 0 -1
    outer loop
      vertex 95.7201 -8.45684 0
      vertex 126.655 -8.45684 0
      vertex 126.744 -8.90587 0
    endloop
  endfacet
  facet normal 0 0 -1
    outer loop
      vertex 95.6307 -8.90587 0
      vertex 126.744 -8.90587 0
      vertex 126.891 -9.33939 0
    endloop
  endfacet
  facet normal 0 0 -1
    outer loop
      vertex 95.4836 -9.33939 0
      vertex 126.891 -9.33939 0
      vertex 127.094 -9.75 0
    endloop
  endfacet
  facet normal 0 0 -1
    outer loop
      vertex 95.2811 -9.75 0
      vertex 127.094 -9.75 0
      vertex 127.348 -10.1307 0
    endloop
  endfacet
  facet normal 0 0 -1
    outer loop
      vertex 95.0267 -10.1307 0
      vertex 127.348 -10.1307 0
      vertex 127.65 -10.4749 0
    endloop
  endfacet
  facet normal 0 0 -1
    outer loop
      vertex 94.7249 -10.4749 0
      vertex 127.65 -10.4749 0
      vertex 127.994 -10.7767 0
    endloop
  endfacet
  facet normal 0 0 -1
    outer loop
      vertex 94.3807 -10.7767 0
      vertex 127.994 -10.7767 0
      vertex 128.375 -11.0311 0
    endloop
  endfacet
  facet normal 0 0 -1
    outer loop
      vertex 94 -11.0311 0
      vertex 128.375 -11.0311 0
      vertex 128.786 -11.2336 0
    endloop
  endfacet
  facet normal 0 0 -1
    outer loop
      vertex 93.5894 -11.2336 0
      vertex 128.786 -11.2336 0
      vertex 129.219 -11.3807 0
    endloop
  endfacet
  facet normal 0 0 -1
    outer loop
      vertex 93.1559 -11.3807 0
      vertex 129.219 -11.3807 0
      vertex 129.668 -11.4701 0
    endloop
  endfacet
  facet normal 0 0 -1
    outer loop
      vertex 130.125 -11.5 0
      vertex 92.25 -11.5 0
      vertex 129.668 -11.4701 0
    endloop
  endfacet
  facet normal 0 0 -1
    outer loop
      vertex 126.655 -8.45684 0
      vertex 95.7201 -8.45684 0
      vertex 95.75 -8 0
    endloop
  endfacet
  facet normal 0 0 -1
    outer loop
      vertex 126.744 -8.90587 0
      vertex 95.6307 -8.90587 0
      vertex 95.7201 -8.45684 0
    endloop
  endfacet
  facet normal 0 0 -1
    outer loop
      vertex 126.891 -9.33939 0
      vertex 95.4836 -9.33939 0
      vertex 95.6307 -8.90587 0
    endloop
  endfacet
  facet normal 0 0 -1
    outer loop
      vertex 127.094 -9.75 0
      vertex 95.2811 -9.75 0
      vertex 95.4836 -9.33939 0
    endloop
  endfacet
  facet normal 0 0 -1
    outer loop
      vertex 127.348 -10.1307 0
      vertex 95.0267 -10.1307 0
      vertex 95.2811 -9.75 0
    endloop
  endfacet
  facet normal 0 0 -1
    outer loop
      vertex 127.65 -10.4749 0
      vertex 94.7249 -10.4749 0
      vertex 95.0267 -10.1307 0
    endloop
  endfacet
  facet normal 0 0 -1
    outer loop
      vertex 127.994 -10.7767 0
      vertex 94.3807 -10.7767 0
      vertex 94.7249 -10.4749 0
    endloop
  endfacet
  facet normal 0 0 -1
    outer loop
      vertex 128.375 -11.0311 0
      vertex 94 -11.0311 0
      vertex 94.3807 -10.7767 0
    endloop
  endfacet
  facet normal 0 0 -1
    outer loop
      vertex 128.786 -11.2336 0
      vertex 93.5894 -11.2336 0
      vertex 94 -11.0311 0
    endloop
  endfacet
  facet normal 0 0 -1
    outer loop
      vertex 129.219 -11.3807 0
      vertex 93.1559 -11.3807 0
      vertex 93.5894 -11.2336 0
    endloop
  endfacet
  facet normal 0 0 -1
    outer loop
      vertex 129.668 -11.4701 0
      vertex 92.7068 -11.4701 0
      vertex 93.1559 -11.3807 0
    endloop
  endfacet
  facet normal -0 0 -1
    outer loop
      vertex 129.668 -11.4701 0
      vertex 92.25 -11.5 0
      vertex 92.7068 -11.4701 0
    endloop
  endfacet
  facet normal 0 0 -1
    outer loop
      vertex -6 -22 0
      vertex 92.25 -11.5 0
      vertex 209 -22 0
    endloop
  endfacet
  facet normal 0 0 -1
    outer loop
      vertex 88.75 -8 0
      vertex 57.875 -8 0
      vertex 88.75 8 0
    endloop
  endfacet
  facet normal 0 0 -1
    outer loop
      vertex 88.7799 -8.45684 0
      vertex 57.875 -8 0
      vertex 88.75 -8 0
    endloop
  endfacet
  facet normal 0 0 -1
    outer loop
      vertex 57.8451 -8.45684 0
      vertex 88.7799 -8.45684 0
      vertex 88.8693 -8.90587 0
    endloop
  endfacet
  facet normal 0 0 -1
    outer loop
      vertex 57.7557 -8.90587 0
      vertex 88.8693 -8.90587 0
      vertex 89.0164 -9.33939 0
    endloop
  endfacet
  facet normal 0 0 -1
    outer loop
      vertex 57.6086 -9.33939 0
      vertex 89.0164 -9.33939 0
      vertex 89.2189 -9.75 0
    endloop
  endfacet
  facet normal 0 0 -1
    outer loop
      vertex 57.4061 -9.75 0
      vertex 89.2189 -9.75 0
      vertex 89.4733 -10.1307 0
    endloop
  endfacet
  facet normal 0 0 -1
    outer loop
      vertex 57.1517 -10.1307 0
      vertex 89.4733 -10.1307 0
      vertex 89.7751 -10.4749 0
    endloop
  endfacet
  facet normal 0 0 -1
    outer loop
      vertex 56.8499 -10.4749 0
      vertex 89.7751 -10.4749 0
      vertex 90.1193 -10.7767 0
    endloop
  endfacet
  facet normal 0 0 -1
    outer loop
      vertex 56.5057 -10.7767 0
      vertex 90.1193 -10.7767 0
      vertex 90.5 -11.0311 0
    endloop
  endfacet
  facet normal 0 0 -1
    outer loop
      vertex 56.125 -11.0311 0
      vertex 90.5 -11.0311 0
      vertex 90.9106 -11.2336 0
    endloop
  endfacet
  facet normal 0 0 -1
    outer loop
      vertex 55.7144 -11.2336 0
      vertex 90.9106 -11.2336 0
      vertex 91.3441 -11.3807 0
    endloop
  endfacet
  facet normal 0 0 -1
    outer loop
      vertex 55.2809 -11.3807 0
      vertex 91.3441 -11.3807 0
      vertex 91.7932 -11.4701 0
    endloop
  endfacet
  facet normal 0 0 -1
    outer loop
      vertex 88.7799 -8.45684 0
      vertex 57.8451 -8.45684 0
      vertex 57.875 -8 0
    endloop
  endfacet
  facet normal -0 0 -1
    outer loop
      vertex 92.25 -11.5 0
      vertex -6 -22 0
      vertex 91.7932 -11.4701 0
    endloop
  endfacet
  facet normal 0 0 -1
    outer loop
      vertex 88.8693 -8.90587 0
      vertex 57.7557 -8.90587 0
      vertex 57.8451 -8.45684 0
    endloop
  endfacet
  facet normal 0 0 -1
    outer loop
      vertex 89.0164 -9.33939 0
      vertex 57.6086 -9.33939 0
      vertex 57.7557 -8.90587 0
    endloop
  endfacet
  facet normal 0 0 -1
    outer loop
      vertex 89.2189 -9.75 0
      vertex 57.4061 -9.75 0
      vertex 57.6086 -9.33939 0
    endloop
  endfacet
  facet normal 0 0 -1
    outer loop
      vertex 89.4733 -10.1307 0
      vertex 57.1517 -10.1307 0
      vertex 57.4061 -9.75 0
    endloop
  endfacet
  facet normal 0 0 -1
    outer loop
      vertex 89.7751 -10.4749 0
      vertex 56.8499 -10.4749 0
      vertex 57.1517 -10.1307 0
    endloop
  endfacet
  facet normal 0 0 -1
    outer loop
      vertex 90.1193 -10.7767 0
      vertex 56.5057 -10.7767 0
      vertex 56.8499 -10.4749 0
    endloop
  endfacet
  facet normal 0 0 -1
    outer loop
      vertex 90.5 -11.0311 0
      vertex 56.125 -11.0311 0
      vertex 56.5057 -10.7767 0
    endloop
  endfacet
  facet normal 0 0 -1
    outer loop
      vertex 90.9106 -11.2336 0
      vertex 55.7144 -11.2336 0
      vertex 56.125 -11.0311 0
    endloop
  endfacet
  facet normal 0 0 -1
    outer loop
      vertex 91.3441 -11.3807 0
      vertex 55.2809 -11.3807 0
      vertex 55.7144 -11.2336 0
    endloop
  endfacet
  facet normal 0 0 -1
    outer loop
      vertex 91.7932 -11.4701 0
      vertex 54.8318 -11.4701 0
      vertex 55.2809 -11.3807 0
    endloop
  endfacet
  facet normal -0 0 -1
    outer loop
      vertex 91.7932 -11.4701 0
      vertex -6 -22 0
      vertex 54.8318 -11.4701 0
    endloop
  endfacet
  facet normal 0 0 -1
    outer loop
      vertex 54.8318 -11.4701 0
      vertex -6 -22 0
      vertex 54.375 -11.5 0
    endloop
  endfacet
  facet normal 0 0 -1
    outer loop
      vertex 50.875 -8 0
      vertex 20 -8 0
      vertex 50.875 8 0
    endloop
  endfacet
  facet normal 0 0 -1
    outer loop
      vertex 50.9049 -8.45684 0
      vertex 20 -8 0
      vertex 50.875 -8 0
    endloop
  endfacet
  facet normal 0 0 -1
    outer loop
      vertex 19.9701 -8.45684 0
      vertex 50.9049 -8.45684 0
      vertex 50.9943 -8.90587 0
    endloop
  endfacet
  facet normal 0 0 -1
    outer loop
      vertex 19.8807 -8.90587 0
      vertex 50.9943 -8.90587 0
      vertex 51.1414 -9.33939 0
    endloop
  endfacet
  facet normal 0 0 -1
    outer loop
      vertex 19.7336 -9.33939 0
      vertex 51.1414 -9.33939 0
      vertex 51.3439 -9.75 0
    endloop
  endfacet
  facet normal 0 0 -1
    outer loop
      vertex 19.5311 -9.75 0
      vertex 51.3439 -9.75 0
      vertex 51.5983 -10.1307 0
    endloop
  endfacet
  facet normal 0 0 -1
    outer loop
      vertex 19.2767 -10.1307 0
      vertex 51.5983 -10.1307 0
      vertex 51.9001 -10.4749 0
    endloop
  endfacet
  facet normal 0 0 -1
    outer loop
      vertex 18.9749 -10.4749 0
      vertex 51.9001 -10.4749 0
      vertex 52.2443 -10.7767 0
    endloop
  endfacet
  facet normal 0 0 -1
    outer loop
      vertex 18.6307 -10.7767 0
      vertex 52.2443 -10.7767 0
      vertex 52.625 -11.0311 0
    endloop
  endfacet
  facet normal 0 0 -1
    outer loop
      vertex 18.25 -11.0311 0
      vertex 52.625 -11.0311 0
      vertex 53.0356 -11.2336 0
    endloop
  endfacet
  facet normal 0 0 -1
    outer loop
      vertex 17.8394 -11.2336 0
      vertex 53.0356 -11.2336 0
      vertex 53.4691 -11.3807 0
    endloop
  endfacet
  facet normal 0 0 -1
    outer loop
      vertex -6 -22 0
      vertex 53.4691 -11.3807 0
      vertex 53.9182 -11.4701 0
    endloop
  endfacet
  facet normal 0 0 -1
    outer loop
      vertex 50.9049 -8.45684 0
      vertex 19.9701 -8.45684 0
      vertex 20 -8 0
    endloop
  endfacet
  facet normal 0 0 -1
    outer loop
      vertex 50.9943 -8.90587 0
      vertex 19.8807 -8.90587 0
      vertex 19.9701 -8.45684 0
    endloop
  endfacet
  facet normal 0 0 -1
    outer loop
      vertex 51.1414 -9.33939 0
      vertex 19.7336 -9.33939 0
      vertex 19.8807 -8.90587 0
    endloop
  endfacet
  facet normal -0 0 -1
    outer loop
      vertex 54.375 -11.5 0
      vertex -6 -22 0
      vertex 53.9182 -11.4701 0
    endloop
  endfacet
  facet normal 0 0 -1
    outer loop
      vertex 51.3439 -9.75 0
      vertex 19.5311 -9.75 0
      vertex 19.7336 -9.33939 0
    endloop
  endfacet
  facet normal 0 0 -1
    outer loop
      vertex 51.5983 -10.1307 0
      vertex 19.2767 -10.1307 0
      vertex 19.5311 -9.75 0
    endloop
  endfacet
  facet normal 0 0 -1
    outer loop
      vertex 51.9001 -10.4749 0
      vertex 18.9749 -10.4749 0
      vertex 19.2767 -10.1307 0
    endloop
  endfacet
  facet normal 0 0 -1
    outer loop
      vertex 52.2443 -10.7767 0
      vertex 18.6307 -10.7767 0
      vertex 18.9749 -10.4749 0
    endloop
  endfacet
  facet normal 0 0 -1
    outer loop
      vertex 52.625 -11.0311 0
      vertex 18.25 -11.0311 0
      vertex 18.6307 -10.7767 0
    endloop
  endfacet
  facet normal 0 0 -1
    outer loop
      vertex 53.0356 -11.2336 0
      vertex 17.8394 -11.2336 0
      vertex 18.25 -11.0311 0
    endloop
  endfacet
  facet normal -0 0 -1
    outer loop
      vertex 53.4691 -11.3807 0
      vertex -6 -22 0
      vertex 17.4059 -11.3807 0
    endloop
  endfacet
  facet normal 0 0 -1
    outer loop
      vertex 53.4691 -11.3807 0
      vertex 17.4059 -11.3807 0
      vertex 17.8394 -11.2336 0
    endloop
  endfacet
  facet normal 0 0 -1
    outer loop
      vertex 17.4059 -11.3807 0
      vertex -6 -22 0
      vertex 16.9568 -11.4701 0
    endloop
  endfacet
  facet normal 0 0 -1
    outer loop
      vertex 13 -8 0
      vertex 2.7 0 0
      vertex 13 8 0
    endloop
  endfacet
  facet normal 0 0 -1
    outer loop
      vertex 1.35 -2.33827 0
      vertex 13 -8 0
      vertex 13.0299 -8.45684 0
    endloop
  endfacet
  facet normal 0 0 -1
    outer loop
      vertex 1.03325 -2.49447 0
      vertex 13.0299 -8.45684 0
      vertex 13.1193 -8.90587 0
    endloop
  endfacet
  facet normal 0 0 -1
    outer loop
      vertex 0.698811 -2.608 0
      vertex 13.1193 -8.90587 0
      vertex 13.2664 -9.33939 0
    endloop
  endfacet
  facet normal 0 0 -1
    outer loop
      vertex -6 -8.59213 0
      vertex 13.4689 -9.75 0
      vertex -6 -22 0
    endloop
  endfacet
  facet normal 0 0 -1
    outer loop
      vertex -6 -22 0
      vertex 13.4689 -9.75 0
      vertex 13.7233 -10.1307 0
    endloop
  endfacet
  facet normal 0 0 -1
    outer loop
      vertex -6 -22 0
      vertex 13.7233 -10.1307 0
      vertex 14.0251 -10.4749 0
    endloop
  endfacet
  facet normal 0 0 -1
    outer loop
      vertex 13 -8 0
      vertex 2.6769 -0.35242 0
      vertex 2.7 0 0
    endloop
  endfacet
  facet normal 0 0 -1
    outer loop
      vertex 13 -8 0
      vertex 2.608 -0.698811 0
      vertex 2.6769 -0.35242 0
    endloop
  endfacet
  facet normal 0 0 -1
    outer loop
      vertex -6 -22 0
      vertex 14.0251 -10.4749 0
      vertex 14.3693 -10.7767 0
    endloop
  endfacet
  facet normal 0 0 -1
    outer loop
      vertex 13 -8 0
      vertex 2.49447 -1.03325 0
      vertex 2.608 -0.698811 0
    endloop
  endfacet
  facet normal 0 0 -1
    outer loop
      vertex 13 -8 0
      vertex 2.33827 -1.35 0
      vertex 2.49447 -1.03325 0
    endloop
  endfacet
  facet normal 0 0 -1
    outer loop
      vertex 13 -8 0
      vertex 2.14205 -1.64366 0
      vertex 2.33827 -1.35 0
    endloop
  endfacet
  facet normal 0 0 -1
    outer loop
      vertex 13 -8 0
      vertex 1.90919 -1.90919 0
      vertex 2.14205 -1.64366 0
    endloop
  endfacet
  facet normal 0 0 -1
    outer loop
      vertex 13 -8 0
      vertex 1.64366 -2.14205 0
      vertex 1.90919 -1.90919 0
    endloop
  endfacet
  facet normal 0 0 -1
    outer loop
      vertex 13 -8 0
      vertex 1.35 -2.33827 0
      vertex 1.64366 -2.14205 0
    endloop
  endfacet
  facet normal 0 0 -1
    outer loop
      vertex -6 -22 0
      vertex 14.3693 -10.7767 0
      vertex 14.75 -11.0311 0
    endloop
  endfacet
  facet normal 0 0 -1
    outer loop
      vertex 13.0299 -8.45684 0
      vertex 1.03325 -2.49447 0
      vertex 1.35 -2.33827 0
    endloop
  endfacet
  facet normal 0 0 -1
    outer loop
      vertex 13.1193 -8.90587 0
      vertex 0.698811 -2.608 0
      vertex 1.03325 -2.49447 0
    endloop
  endfacet
  facet normal 0 0 -1
    outer loop
      vertex 13.4689 -9.75 0
      vertex -6 -8.59213 0
      vertex 13.2664 -9.33939 0
    endloop
  endfacet
  facet normal 0 0 -1
    outer loop
      vertex -6 -8.59213 0
      vertex 0.698811 -2.608 0
      vertex 13.2664 -9.33939 0
    endloop
  endfacet
  facet normal 0 0 -1
    outer loop
      vertex 0.698811 -2.608 0
      vertex -6 -8.59213 0
      vertex 0.35242 -2.6769 0
    endloop
  endfacet
  facet normal 0 0 -1
    outer loop
      vertex 0.35242 -2.6769 0
      vertex -6 -8.59213 0
      vertex 0 -2.7 0
    endloop
  endfacet
  facet normal -0 0 -1
    outer loop
      vertex 0 -2.7 0
      vertex -6 -8.59213 0
      vertex -0.35242 -2.6769 0
    endloop
  endfacet
  facet normal -0 0 -1
    outer loop
      vertex -0.35242 -2.6769 0
      vertex -6 -8.59213 0
      vertex -0.698811 -2.608 0
    endloop
  endfacet
  facet normal -0 0 -1
    outer loop
      vertex -2.14205 -1.64366 0
      vertex -8.33021 -6.39199 0
      vertex -2.33827 -1.35 0
    endloop
  endfacet
  facet normal 0 0 -1
    outer loop
      vertex -8.33021 -6.39199 0
      vertex -2.14205 -1.64366 0
      vertex -7.42462 -7.42462 0
    endloop
  endfacet
  facet normal -0 0 -1
    outer loop
      vertex -1.90919 -1.90919 0
      vertex -7.42462 -7.42462 0
      vertex -2.14205 -1.64366 0
    endloop
  endfacet
  facet normal 0 0 -1
    outer loop
      vertex -7.42462 -7.42462 0
      vertex -1.90919 -1.90919 0
      vertex -6.39199 -8.33021 0
    endloop
  endfacet
  facet normal -0 0 -1
    outer loop
      vertex -1.64366 -2.14205 0
      vertex -6.39199 -8.33021 0
      vertex -1.90919 -1.90919 0
    endloop
  endfacet
  facet normal 0 0 -1
    outer loop
      vertex -6.39199 -8.33021 0
      vertex -1.64366 -2.14205 0
      vertex -6 -8.59213 0
    endloop
  endfacet
  facet normal -0 0 -1
    outer loop
      vertex -1.35 -2.33827 0
      vertex -6 -8.59213 0
      vertex -1.64366 -2.14205 0
    endloop
  endfacet
  facet normal -0 0 -1
    outer loop
      vertex -1.03325 -2.49447 0
      vertex -6 -8.59213 0
      vertex -1.35 -2.33827 0
    endloop
  endfacet
  facet normal -0 0 -1
    outer loop
      vertex -0.698811 -2.608 0
      vertex -6 -8.59213 0
      vertex -1.03325 -2.49447 0
    endloop
  endfacet
  facet normal -0 0 -1
    outer loop
      vertex 15.1606 -11.2336 0
      vertex -6 -22 0
      vertex 14.75 -11.0311 0
    endloop
  endfacet
  facet normal -0 0 -1
    outer loop
      vertex 15.5941 -11.3807 0
      vertex -6 -22 0
      vertex 15.1606 -11.2336 0
    endloop
  endfacet
  facet normal -0 0 -1
    outer loop
      vertex 16.0432 -11.4701 0
      vertex -6 -22 0
      vertex 15.5941 -11.3807 0
    endloop
  endfacet
  facet normal -0 0 -1
    outer loop
      vertex 16.5 -11.5 0
      vertex -6 -22 0
      vertex 16.0432 -11.4701 0
    endloop
  endfacet
  facet normal 0 0 -1
    outer loop
      vertex 16.9568 -11.4701 0
      vertex -6 -22 0
      vertex 16.5 -11.5 0
    endloop
  endfacet
  facet normal 0 0 -1
    outer loop
      vertex 198.776 0.365473 0
      vertex 209 22 0
      vertex 198.8 0 0
    endloop
  endfacet
  facet normal 0 0 -1
    outer loop
      vertex 198.705 0.724693 0
      vertex 209 22 0
      vertex 198.776 0.365473 0
    endloop
  endfacet
  facet normal 0 0 -1
    outer loop
      vertex 198.587 1.07151 0
      vertex 209 22 0
      vertex 198.705 0.724693 0
    endloop
  endfacet
  facet normal 0 0 -1
    outer loop
      vertex 198.425 1.4 0
      vertex 209 22 0
      vertex 198.587 1.07151 0
    endloop
  endfacet
  facet normal 0 0 -1
    outer loop
      vertex 198.221 1.70453 0
      vertex 209 22 0
      vertex 198.425 1.4 0
    endloop
  endfacet
  facet normal 0 0 -1
    outer loop
      vertex 197.98 1.9799 0
      vertex 209 22 0
      vertex 198.221 1.70453 0
    endloop
  endfacet
  facet normal 0 0 -1
    outer loop
      vertex 197.705 2.22139 0
      vertex 209 22 0
      vertex 197.98 1.9799 0
    endloop
  endfacet
  facet normal 0 0 -1
    outer loop
      vertex 197.4 2.42487 0
      vertex 209 22 0
      vertex 197.705 2.22139 0
    endloop
  endfacet
  facet normal 0 0 -1
    outer loop
      vertex 197.072 2.58686 0
      vertex 209 22 0
      vertex 197.4 2.42487 0
    endloop
  endfacet
  facet normal 0 0 -1
    outer loop
      vertex 196.725 2.70459 0
      vertex 209 22 0
      vertex 197.072 2.58686 0
    endloop
  endfacet
  facet normal 0 0 -1
    outer loop
      vertex 196.365 2.77604 0
      vertex 209 22 0
      vertex 196.725 2.70459 0
    endloop
  endfacet
  facet normal 0 0 -1
    outer loop
      vertex 196 2.8 0
      vertex 209 22 0
      vertex 196.365 2.77604 0
    endloop
  endfacet
  facet normal 0 0 -1
    outer loop
      vertex 178 2.8 0
      vertex 209 22 0
      vertex 196 2.8 0
    endloop
  endfacet
  facet normal 0 0 -1
    outer loop
      vertex 177.635 2.77604 0
      vertex 209 22 0
      vertex 178 2.8 0
    endloop
  endfacet
  facet normal 0 0 -1
    outer loop
      vertex 177.275 2.70459 0
      vertex 209 22 0
      vertex 177.635 2.77604 0
    endloop
  endfacet
  facet normal 0 0 -1
    outer loop
      vertex 132.256 10.7767 0
      vertex 177.275 2.70459 0
      vertex 176.928 2.58686 0
    endloop
  endfacet
  facet normal 0 0 -1
    outer loop
      vertex 132.6 10.4749 0
      vertex 176.928 2.58686 0
      vertex 176.6 2.42487 0
    endloop
  endfacet
  facet normal 0 0 -1
    outer loop
      vertex 133.625 8 0
      vertex 175.2 0 0
      vertex 133.625 -8 0
    endloop
  endfacet
  facet normal 0 0 -1
    outer loop
      vertex 175.2 0 0
      vertex 133.625 8 0
      vertex 175.224 0.365473 0
    endloop
  endfacet
  facet normal 0 0 -1
    outer loop
      vertex 175.224 0.365473 0
      vertex 133.625 8 0
      vertex 175.295 0.724693 0
    endloop
  endfacet
  facet normal 0 0 -1
    outer loop
      vertex 175.295 0.724693 0
      vertex 133.625 8 0
      vertex 175.413 1.07151 0
    endloop
  endfacet
  facet normal 0 0 -1
    outer loop
      vertex 133.595 8.45684 0
      vertex 175.413 1.07151 0
      vertex 133.625 8 0
    endloop
  endfacet
  facet normal 0 0 -1
    outer loop
      vertex 175.413 1.07151 0
      vertex 133.595 8.45684 0
      vertex 175.575 1.4 0
    endloop
  endfacet
  facet normal 0 0 -1
    outer loop
      vertex 133.506 8.90587 0
      vertex 175.575 1.4 0
      vertex 133.595 8.45684 0
    endloop
  endfacet
  facet normal 0 0 -1
    outer loop
      vertex 175.575 1.4 0
      vertex 133.506 8.90587 0
      vertex 175.779 1.70453 0
    endloop
  endfacet
  facet normal 0 0 -1
    outer loop
      vertex 133.359 9.33939 0
      vertex 175.779 1.70453 0
      vertex 133.506 8.90587 0
    endloop
  endfacet
  facet normal 0 0 -1
    outer loop
      vertex 175.779 1.70453 0
      vertex 133.359 9.33939 0
      vertex 176.02 1.9799 0
    endloop
  endfacet
  facet normal 0 0 -1
    outer loop
      vertex 133.156 9.75 0
      vertex 176.02 1.9799 0
      vertex 133.359 9.33939 0
    endloop
  endfacet
  facet normal 0 0 -1
    outer loop
      vertex 176.02 1.9799 0
      vertex 133.156 9.75 0
      vertex 176.295 2.22139 0
    endloop
  endfacet
  facet normal 0 0 -1
    outer loop
      vertex 132.902 10.1307 0
      vertex 176.295 2.22139 0
      vertex 133.156 9.75 0
    endloop
  endfacet
  facet normal 0 0 -1
    outer loop
      vertex 176.295 2.22139 0
      vertex 132.902 10.1307 0
      vertex 176.6 2.42487 0
    endloop
  endfacet
  facet normal 0 0 -1
    outer loop
      vertex 132.6 10.4749 0
      vertex 176.6 2.42487 0
      vertex 132.902 10.1307 0
    endloop
  endfacet
  facet normal 0 0 -1
    outer loop
      vertex 176.928 2.58686 0
      vertex 132.6 10.4749 0
      vertex 132.256 10.7767 0
    endloop
  endfacet
  facet normal 0 0 -1
    outer loop
      vertex 177.275 2.70459 0
      vertex 132.256 10.7767 0
      vertex 209 22 0
    endloop
  endfacet
  facet normal 0 0 -1
    outer loop
      vertex 131.875 11.0311 0
      vertex 209 22 0
      vertex 132.256 10.7767 0
    endloop
  endfacet
  facet normal 0 0 -1
    outer loop
      vertex 131.464 11.2336 0
      vertex 209 22 0
      vertex 131.875 11.0311 0
    endloop
  endfacet
  facet normal 0 0 -1
    outer loop
      vertex 131.031 11.3807 0
      vertex 209 22 0
      vertex 131.464 11.2336 0
    endloop
  endfacet
  facet normal 0 0 -1
    outer loop
      vertex 130.582 11.4701 0
      vertex 209 22 0
      vertex 131.031 11.3807 0
    endloop
  endfacet
  facet normal 0 0 -1
    outer loop
      vertex 130.125 11.5 0
      vertex 209 22 0
      vertex 130.582 11.4701 0
    endloop
  endfacet
  facet normal 0 0 -1
    outer loop
      vertex 92.25 11.5 0
      vertex 130.125 11.5 0
      vertex 129.668 11.4701 0
    endloop
  endfacet
  facet normal 0 0 -1
    outer loop
      vertex 95.75 8 0
      vertex 126.625 8 0
      vertex 95.75 -8 0
    endloop
  endfacet
  facet normal 0 0 -1
    outer loop
      vertex 126.625 8 0
      vertex 95.75 8 0
      vertex 126.655 8.45684 0
    endloop
  endfacet
  facet normal 0 0 -1
    outer loop
      vertex 95.7201 8.45684 0
      vertex 126.655 8.45684 0
      vertex 95.75 8 0
    endloop
  endfacet
  facet normal 0 0 -1
    outer loop
      vertex 126.655 8.45684 0
      vertex 95.7201 8.45684 0
      vertex 126.744 8.90587 0
    endloop
  endfacet
  facet normal 0 0 -1
    outer loop
      vertex 95.6307 8.90587 0
      vertex 126.744 8.90587 0
      vertex 95.7201 8.45684 0
    endloop
  endfacet
  facet normal 0 0 -1
    outer loop
      vertex 126.744 8.90587 0
      vertex 95.6307 8.90587 0
      vertex 126.891 9.33939 0
    endloop
  endfacet
  facet normal 0 0 -1
    outer loop
      vertex 95.4836 9.33939 0
      vertex 126.891 9.33939 0
      vertex 95.6307 8.90587 0
    endloop
  endfacet
  facet normal 0 0 -1
    outer loop
      vertex 126.891 9.33939 0
      vertex 95.4836 9.33939 0
      vertex 127.094 9.75 0
    endloop
  endfacet
  facet normal 0 0 -1
    outer loop
      vertex 95.2811 9.75 0
      vertex 127.094 9.75 0
      vertex 95.4836 9.33939 0
    endloop
  endfacet
  facet normal 0 0 -1
    outer loop
      vertex 127.094 9.75 0
      vertex 95.2811 9.75 0
      vertex 127.348 10.1307 0
    endloop
  endfacet
  facet normal 0 0 -1
    outer loop
      vertex 95.0267 10.1307 0
      vertex 127.348 10.1307 0
      vertex 95.2811 9.75 0
    endloop
  endfacet
  facet normal 0 0 -1
    outer loop
      vertex 127.348 10.1307 0
      vertex 95.0267 10.1307 0
      vertex 127.65 10.4749 0
    endloop
  endfacet
  facet normal 0 0 -1
    outer loop
      vertex 94.7249 10.4749 0
      vertex 127.65 10.4749 0
      vertex 95.0267 10.1307 0
    endloop
  endfacet
  facet normal 0 0 -1
    outer loop
      vertex 127.65 10.4749 0
      vertex 94.7249 10.4749 0
      vertex 127.994 10.7767 0
    endloop
  endfacet
  facet normal 0 0 -1
    outer loop
      vertex 94.3807 10.7767 0
      vertex 127.994 10.7767 0
      vertex 94.7249 10.4749 0
    endloop
  endfacet
  facet normal 0 0 -1
    outer loop
      vertex 127.994 10.7767 0
      vertex 94.3807 10.7767 0
      vertex 128.375 11.0311 0
    endloop
  endfacet
  facet normal 0 0 -1
    outer loop
      vertex 94 11.0311 0
      vertex 128.375 11.0311 0
      vertex 94.3807 10.7767 0
    endloop
  endfacet
  facet normal 0 0 -1
    outer loop
      vertex 128.375 11.0311 0
      vertex 94 11.0311 0
      vertex 128.786 11.2336 0
    endloop
  endfacet
  facet normal 0 0 -1
    outer loop
      vertex 93.5894 11.2336 0
      vertex 128.786 11.2336 0
      vertex 94 11.0311 0
    endloop
  endfacet
  facet normal 0 0 -1
    outer loop
      vertex 128.786 11.2336 0
      vertex 93.5894 11.2336 0
      vertex 129.219 11.3807 0
    endloop
  endfacet
  facet normal 0 0 -1
    outer loop
      vertex 93.1559 11.3807 0
      vertex 129.219 11.3807 0
      vertex 93.5894 11.2336 0
    endloop
  endfacet
  facet normal 0 0 -1
    outer loop
      vertex 129.219 11.3807 0
      vertex 93.1559 11.3807 0
      vertex 129.668 11.4701 0
    endloop
  endfacet
  facet normal 0 0 -1
    outer loop
      vertex 92.7068 11.4701 0
      vertex 129.668 11.4701 0
      vertex 93.1559 11.3807 0
    endloop
  endfacet
  facet normal 0 0 -1
    outer loop
      vertex 92.25 11.5 0
      vertex 129.668 11.4701 0
      vertex 92.7068 11.4701 0
    endloop
  endfacet
  facet normal 0 0 -1
    outer loop
      vertex 130.125 11.5 0
      vertex 92.25 11.5 0
      vertex 209 22 0
    endloop
  endfacet
  facet normal 0 0 -1
    outer loop
      vertex -2.5 22 0
      vertex 92.25 11.5 0
      vertex 91.7932 11.4701 0
    endloop
  endfacet
  facet normal 0 0 -1
    outer loop
      vertex 57.875 8 0
      vertex 88.75 8 0
      vertex 57.875 -8 0
    endloop
  endfacet
  facet normal 0 0 -1
    outer loop
      vertex 88.75 8 0
      vertex 57.875 8 0
      vertex 88.7799 8.45684 0
    endloop
  endfacet
  facet normal 0 0 -1
    outer loop
      vertex 57.8451 8.45684 0
      vertex 88.7799 8.45684 0
      vertex 57.875 8 0
    endloop
  endfacet
  facet normal 0 0 -1
    outer loop
      vertex 88.7799 8.45684 0
      vertex 57.8451 8.45684 0
      vertex 88.8693 8.90587 0
    endloop
  endfacet
  facet normal 0 0 -1
    outer loop
      vertex 57.7557 8.90587 0
      vertex 88.8693 8.90587 0
      vertex 57.8451 8.45684 0
    endloop
  endfacet
  facet normal 0 0 -1
    outer loop
      vertex 88.8693 8.90587 0
      vertex 57.7557 8.90587 0
      vertex 89.0164 9.33939 0
    endloop
  endfacet
  facet normal 0 0 -1
    outer loop
      vertex 57.6086 9.33939 0
      vertex 89.0164 9.33939 0
      vertex 57.7557 8.90587 0
    endloop
  endfacet
  facet normal 0 0 -1
    outer loop
      vertex 89.0164 9.33939 0
      vertex 57.6086 9.33939 0
      vertex 89.2189 9.75 0
    endloop
  endfacet
  facet normal 0 0 -1
    outer loop
      vertex 57.4061 9.75 0
      vertex 89.2189 9.75 0
      vertex 57.6086 9.33939 0
    endloop
  endfacet
  facet normal 0 0 -1
    outer loop
      vertex 89.2189 9.75 0
      vertex 57.4061 9.75 0
      vertex 89.4733 10.1307 0
    endloop
  endfacet
  facet normal 0 0 -1
    outer loop
      vertex 57.1517 10.1307 0
      vertex 89.4733 10.1307 0
      vertex 57.4061 9.75 0
    endloop
  endfacet
  facet normal 0 0 -1
    outer loop
      vertex 89.4733 10.1307 0
      vertex 57.1517 10.1307 0
      vertex 89.7751 10.4749 0
    endloop
  endfacet
  facet normal 0 0 -1
    outer loop
      vertex 56.8499 10.4749 0
      vertex 89.7751 10.4749 0
      vertex 57.1517 10.1307 0
    endloop
  endfacet
  facet normal 0 0 -1
    outer loop
      vertex 89.7751 10.4749 0
      vertex 56.8499 10.4749 0
      vertex 90.1193 10.7767 0
    endloop
  endfacet
  facet normal 0 0 -1
    outer loop
      vertex 56.5057 10.7767 0
      vertex 90.1193 10.7767 0
      vertex 56.8499 10.4749 0
    endloop
  endfacet
  facet normal 0 0 -1
    outer loop
      vertex 90.1193 10.7767 0
      vertex 56.5057 10.7767 0
      vertex 90.5 11.0311 0
    endloop
  endfacet
  facet normal 0 0 -1
    outer loop
      vertex 56.125 11.0311 0
      vertex 90.5 11.0311 0
      vertex 56.5057 10.7767 0
    endloop
  endfacet
  facet normal 0 0 -1
    outer loop
      vertex 90.5 11.0311 0
      vertex 56.125 11.0311 0
      vertex 90.9106 11.2336 0
    endloop
  endfacet
  facet normal 0 0 -1
    outer loop
      vertex 55.7144 11.2336 0
      vertex 90.9106 11.2336 0
      vertex 56.125 11.0311 0
    endloop
  endfacet
  facet normal 0 0 -1
    outer loop
      vertex 90.9106 11.2336 0
      vertex 55.7144 11.2336 0
      vertex 91.3441 11.3807 0
    endloop
  endfacet
  facet normal 0 0 -1
    outer loop
      vertex 55.2809 11.3807 0
      vertex 91.3441 11.3807 0
      vertex 55.7144 11.2336 0
    endloop
  endfacet
  facet normal 0 0 -1
    outer loop
      vertex 91.3441 11.3807 0
      vertex 55.2809 11.3807 0
      vertex 91.7932 11.4701 0
    endloop
  endfacet
  facet normal 0 0 -1
    outer loop
      vertex 54.8318 11.4701 0
      vertex 91.7932 11.4701 0
      vertex 55.2809 11.3807 0
    endloop
  endfacet
  facet normal 0 0 -1
    outer loop
      vertex -2.5 22 0
      vertex 91.7932 11.4701 0
      vertex 54.8318 11.4701 0
    endloop
  endfacet
  facet normal 0 0 -1
    outer loop
      vertex -2.5 22 0
      vertex 54.8318 11.4701 0
      vertex 54.375 11.5 0
    endloop
  endfacet
  facet normal 0 0 -1
    outer loop
      vertex -2.5 22 0
      vertex 54.375 11.5 0
      vertex 53.9182 11.4701 0
    endloop
  endfacet
  facet normal 0 0 -1
    outer loop
      vertex 20 8 0
      vertex 50.875 8 0
      vertex 20 -8 0
    endloop
  endfacet
  facet normal 0 0 -1
    outer loop
      vertex 50.875 8 0
      vertex 20 8 0
      vertex 50.9049 8.45684 0
    endloop
  endfacet
  facet normal 0 0 -1
    outer loop
      vertex 19.9701 8.45684 0
      vertex 50.9049 8.45684 0
      vertex 20 8 0
    endloop
  endfacet
  facet normal 0 0 -1
    outer loop
      vertex 50.9049 8.45684 0
      vertex 19.9701 8.45684 0
      vertex 50.9943 8.90587 0
    endloop
  endfacet
  facet normal 0 0 -1
    outer loop
      vertex 19.8807 8.90587 0
      vertex 50.9943 8.90587 0
      vertex 19.9701 8.45684 0
    endloop
  endfacet
  facet normal 0 0 -1
    outer loop
      vertex 50.9943 8.90587 0
      vertex 19.8807 8.90587 0
      vertex 51.1414 9.33939 0
    endloop
  endfacet
  facet normal 0 0 -1
    outer loop
      vertex 19.7336 9.33939 0
      vertex 51.1414 9.33939 0
      vertex 19.8807 8.90587 0
    endloop
  endfacet
  facet normal 0 0 -1
    outer loop
      vertex 51.1414 9.33939 0
      vertex 19.7336 9.33939 0
      vertex 51.3439 9.75 0
    endloop
  endfacet
  facet normal 0 0 -1
    outer loop
      vertex 19.5311 9.75 0
      vertex 51.3439 9.75 0
      vertex 19.7336 9.33939 0
    endloop
  endfacet
  facet normal 0 0 -1
    outer loop
      vertex 51.3439 9.75 0
      vertex 19.5311 9.75 0
      vertex 51.5983 10.1307 0
    endloop
  endfacet
  facet normal 0 0 -1
    outer loop
      vertex 19.2767 10.1307 0
      vertex 51.5983 10.1307 0
      vertex 19.5311 9.75 0
    endloop
  endfacet
  facet normal 0 0 -1
    outer loop
      vertex 51.5983 10.1307 0
      vertex 19.2767 10.1307 0
      vertex 51.9001 10.4749 0
    endloop
  endfacet
  facet normal 0 0 -1
    outer loop
      vertex 18.9749 10.4749 0
      vertex 51.9001 10.4749 0
      vertex 19.2767 10.1307 0
    endloop
  endfacet
  facet normal 0 0 -1
    outer loop
      vertex 51.9001 10.4749 0
      vertex 18.9749 10.4749 0
      vertex 52.2443 10.7767 0
    endloop
  endfacet
  facet normal 0 0 -1
    outer loop
      vertex 18.6307 10.7767 0
      vertex 52.2443 10.7767 0
      vertex 18.9749 10.4749 0
    endloop
  endfacet
  facet normal 0 0 -1
    outer loop
      vertex 52.2443 10.7767 0
      vertex 18.6307 10.7767 0
      vertex 52.625 11.0311 0
    endloop
  endfacet
  facet normal 0 0 -1
    outer loop
      vertex 18.25 11.0311 0
      vertex 52.625 11.0311 0
      vertex 18.6307 10.7767 0
    endloop
  endfacet
  facet normal 0 0 -1
    outer loop
      vertex 52.625 11.0311 0
      vertex 18.25 11.0311 0
      vertex 53.0356 11.2336 0
    endloop
  endfacet
  facet normal 0 0 -1
    outer loop
      vertex 17.8394 11.2336 0
      vertex 53.0356 11.2336 0
      vertex 18.25 11.0311 0
    endloop
  endfacet
  facet normal 0 0 -1
    outer loop
      vertex 53.0356 11.2336 0
      vertex 17.8394 11.2336 0
      vertex 53.4691 11.3807 0
    endloop
  endfacet
  facet normal 0 0 -1
    outer loop
      vertex 17.4059 11.3807 0
      vertex 53.4691 11.3807 0
      vertex 17.8394 11.2336 0
    endloop
  endfacet
  facet normal 0 0 -1
    outer loop
      vertex -2.5 22 0
      vertex 53.4691 11.3807 0
      vertex 17.4059 11.3807 0
    endloop
  endfacet
  facet normal 0 0 -1
    outer loop
      vertex 53.4691 11.3807 0
      vertex -2.5 22 0
      vertex 53.9182 11.4701 0
    endloop
  endfacet
  facet normal 0 0 -1
    outer loop
      vertex -2.5 22 0
      vertex 17.4059 11.3807 0
      vertex 16.9568 11.4701 0
    endloop
  endfacet
  facet normal 0 0 -1
    outer loop
      vertex -2.5 22 0
      vertex 16.9568 11.4701 0
      vertex 16.5 11.5 0
    endloop
  endfacet
  facet normal 0 0 -1
    outer loop
      vertex 2.6769 0.35242 0
      vertex 13 8 0
      vertex 2.7 0 0
    endloop
  endfacet
  facet normal 0 0 -1
    outer loop
      vertex 2.608 0.698811 0
      vertex 13 8 0
      vertex 2.6769 0.35242 0
    endloop
  endfacet
  facet normal 0 0 -1
    outer loop
      vertex 2.49447 1.03325 0
      vertex 13 8 0
      vertex 2.608 0.698811 0
    endloop
  endfacet
  facet normal 0 0 -1
    outer loop
      vertex 2.33827 1.35 0
      vertex 13 8 0
      vertex 2.49447 1.03325 0
    endloop
  endfacet
  facet normal 0 0 -1
    outer loop
      vertex 2.14205 1.64366 0
      vertex 13 8 0
      vertex 2.33827 1.35 0
    endloop
  endfacet
  facet normal 0 0 -1
    outer loop
      vertex 1.90919 1.90919 0
      vertex 13 8 0
      vertex 2.14205 1.64366 0
    endloop
  endfacet
  facet normal 0 0 -1
    outer loop
      vertex 1.64366 2.14205 0
      vertex 13 8 0
      vertex 1.90919 1.90919 0
    endloop
  endfacet
  facet normal 0 0 -1
    outer loop
      vertex 1.35 2.33827 0
      vertex 13 8 0
      vertex 1.64366 2.14205 0
    endloop
  endfacet
  facet normal -0 0 -1
    outer loop
      vertex 13 8 0
      vertex 1.35 2.33827 0
      vertex 13.0299 8.45684 0
    endloop
  endfacet
  facet normal 0 0 -1
    outer loop
      vertex 1.03325 2.49447 0
      vertex 13.0299 8.45684 0
      vertex 1.35 2.33827 0
    endloop
  endfacet
  facet normal -0 0 -1
    outer loop
      vertex 13.0299 8.45684 0
      vertex 1.03325 2.49447 0
      vertex 13.1193 8.90587 0
    endloop
  endfacet
  facet normal 0 0 -1
    outer loop
      vertex -2.5 17 0
      vertex 13.1193 8.90587 0
      vertex 1.03325 2.49447 0
    endloop
  endfacet
  facet normal 0 0 -1
    outer loop
      vertex 13.1193 8.90587 0
      vertex -2.5 17 0
      vertex 13.2664 9.33939 0
    endloop
  endfacet
  facet normal 0 0 -1
    outer loop
      vertex 13.2664 9.33939 0
      vertex -2.5 17 0
      vertex 13.4689 9.75 0
    endloop
  endfacet
  facet normal 0 0 -1
    outer loop
      vertex 13.4689 9.75 0
      vertex -2.5 17 0
      vertex 13.7233 10.1307 0
    endloop
  endfacet
  facet normal 0 0 -1
    outer loop
      vertex 13.7233 10.1307 0
      vertex -2.5 17 0
      vertex 14.0251 10.4749 0
    endloop
  endfacet
  facet normal 0 0 -1
    outer loop
      vertex 14.0251 10.4749 0
      vertex -2.5 17 0
      vertex 14.3693 10.7767 0
    endloop
  endfacet
  facet normal 0 0 -1
    outer loop
      vertex -2.5 17 0
      vertex 1.03325 2.49447 0
      vertex 0.698811 2.608 0
    endloop
  endfacet
  facet normal 0 0 -1
    outer loop
      vertex -2.5 17 0
      vertex 0.698811 2.608 0
      vertex 0.35242 2.6769 0
    endloop
  endfacet
  facet normal 0 0 -1
    outer loop
      vertex -2.5 17 0
      vertex 0.35242 2.6769 0
      vertex 0 2.7 0
    endloop
  endfacet
  facet normal 0 0 -1
    outer loop
      vertex -2.5 17 0
      vertex 0 2.7 0
      vertex -0.35242 2.6769 0
    endloop
  endfacet
  facet normal 0 0 -1
    outer loop
      vertex -2.5 17 0
      vertex -0.35242 2.6769 0
      vertex -0.698811 2.608 0
    endloop
  endfacet
  facet normal 0 0 -1
    outer loop
      vertex -2.5 17 0
      vertex -0.698811 2.608 0
      vertex -1.03325 2.49447 0
    endloop
  endfacet
  facet normal 0 0 -1
    outer loop
      vertex -2.5 17 0
      vertex -1.03325 2.49447 0
      vertex -1.35 2.33827 0
    endloop
  endfacet
  facet normal 0 0 -1
    outer loop
      vertex -2.5 17 0
      vertex -2.33827 1.35 0
      vertex -2.49447 1.03325 0
    endloop
  endfacet
  facet normal 0 0 -1
    outer loop
      vertex -2.5 17 0
      vertex -2.14205 1.64366 0
      vertex -2.33827 1.35 0
    endloop
  endfacet
  facet normal 0 0 -1
    outer loop
      vertex -2.5 17 0
      vertex -1.90919 1.90919 0
      vertex -2.14205 1.64366 0
    endloop
  endfacet
  facet normal 0 0 -1
    outer loop
      vertex -2.5 17 0
      vertex -1.64366 2.14205 0
      vertex -1.90919 1.90919 0
    endloop
  endfacet
  facet normal 0 0 -1
    outer loop
      vertex -2.5 17 0
      vertex -1.35 2.33827 0
      vertex -1.64366 2.14205 0
    endloop
  endfacet
  facet normal 0 0 -1
    outer loop
      vertex -2.5 22 0
      vertex 14.3693 10.7767 0
      vertex -2.5 17 0
    endloop
  endfacet
  facet normal 0 0 -1
    outer loop
      vertex 14.3693 10.7767 0
      vertex -2.5 22 0
      vertex 14.75 11.0311 0
    endloop
  endfacet
  facet normal 0 0 -1
    outer loop
      vertex 14.75 11.0311 0
      vertex -2.5 22 0
      vertex 15.1606 11.2336 0
    endloop
  endfacet
  facet normal 0 0 -1
    outer loop
      vertex 15.1606 11.2336 0
      vertex -2.5 22 0
      vertex 15.5941 11.3807 0
    endloop
  endfacet
  facet normal 0 0 -1
    outer loop
      vertex 15.5941 11.3807 0
      vertex -2.5 22 0
      vertex 16.0432 11.4701 0
    endloop
  endfacet
  facet normal 0 0 -1
    outer loop
      vertex 16.0432 11.4701 0
      vertex -2.5 22 0
      vertex 16.5 11.5 0
    endloop
  endfacet
  facet normal 0 0 -1
    outer loop
      vertex 92.25 11.5 0
      vertex -2.5 22 0
      vertex 209 22 0
    endloop
  endfacet
  facet normal -0.946934 0.321428 0
    outer loop
      vertex -10.1422 2.7176 0
      vertex -9.70073 4.01818 4
      vertex -9.70073 4.01818 0
    endloop
  endfacet
  facet normal -0.946934 0.321428 0
    outer loop
      vertex -9.70073 4.01818 4
      vertex -10.1422 2.7176 0
      vertex -10.1422 2.7176 4
    endloop
  endfacet
  facet normal -0.659345 0.751841 0
    outer loop
      vertex -6.39199 8.33021 0
      vertex -7.42462 7.42462 4
      vertex -6.39199 8.33021 4
    endloop
  endfacet
  facet normal -0.659345 0.751841 0
    outer loop
      vertex -7.42462 7.42462 4
      vertex -6.39199 8.33021 0
      vertex -7.42462 7.42462 0
    endloop
  endfacet
  facet normal -0.946934 -0.321428 0
    outer loop
      vertex -9.70073 -4.01818 0
      vertex -10.1422 -2.7176 4
      vertex -10.1422 -2.7176 0
    endloop
  endfacet
  facet normal -0.946934 -0.321428 0
    outer loop
      vertex -10.1422 -2.7176 4
      vertex -9.70073 -4.01818 0
      vertex -9.70073 -4.01818 4
    endloop
  endfacet
  facet normal -0.555571 0.831469 0
    outer loop
      vertex -6 8.59213 0
      vertex -6.39199 8.33021 4
      vertex -6 8.59213 4
    endloop
  endfacet
  facet normal -0.555571 0.831469 0
    outer loop
      vertex -6.39199 8.33021 4
      vertex -6 8.59213 0
      vertex -6.39199 8.33021 0
    endloop
  endfacet
  facet normal -0.831467 -0.555574 0
    outer loop
      vertex -8.33021 -6.39199 0
      vertex -9.09327 -5.25 4
      vertex -9.09327 -5.25 0
    endloop
  endfacet
  facet normal -0.831467 -0.555574 0
    outer loop
      vertex -9.09327 -5.25 4
      vertex -8.33021 -6.39199 0
      vertex -8.33021 -6.39199 4
    endloop
  endfacet
  facet normal -0.659345 -0.751841 0
    outer loop
      vertex -7.42462 -7.42462 0
      vertex -6.39199 -8.33021 4
      vertex -7.42462 -7.42462 4
    endloop
  endfacet
  facet normal -0.659345 -0.751841 -0
    outer loop
      vertex -6.39199 -8.33021 4
      vertex -7.42462 -7.42462 0
      vertex -6.39199 -8.33021 0
    endloop
  endfacet
  facet normal -0.896875 -0.442285 0
    outer loop
      vertex -9.09327 -5.25 0
      vertex -9.70073 -4.01818 4
      vertex -9.70073 -4.01818 0
    endloop
  endfacet
  facet normal -0.896875 -0.442285 0
    outer loop
      vertex -9.70073 -4.01818 4
      vertex -9.09327 -5.25 0
      vertex -9.09327 -5.25 4
    endloop
  endfacet
  facet normal -0.980778 -0.195125 0
    outer loop
      vertex -10.1422 -2.7176 0
      vertex -10.4102 -1.37052 4
      vertex -10.4102 -1.37052 0
    endloop
  endfacet
  facet normal -0.980778 -0.195125 0
    outer loop
      vertex -10.4102 -1.37052 4
      vertex -10.1422 -2.7176 0
      vertex -10.1422 -2.7176 4
    endloop
  endfacet
  facet normal -0 0 1
    outer loop
      vertex -9.70073 4.01818 4
      vertex -2.49447 1.03325 4
      vertex -9.09327 5.25 4
    endloop
  endfacet
  facet normal 0 0 1
    outer loop
      vertex -2.49447 1.03325 4
      vertex -9.70073 4.01818 4
      vertex -2.608 0.698811 4
    endloop
  endfacet
  facet normal -0 0 1
    outer loop
      vertex -10.1422 2.7176 4
      vertex -2.608 0.698811 4
      vertex -9.70073 4.01818 4
    endloop
  endfacet
  facet normal 0 0 1
    outer loop
      vertex -2.7 0 4
      vertex -6.39199 -8.33021 4
      vertex -6 -8.59213 4
    endloop
  endfacet
  facet normal 0 -0 1
    outer loop
      vertex -7.42462 -7.42462 4
      vertex -2.7 0 4
      vertex -8.33021 -6.39199 4
    endloop
  endfacet
  facet normal 0 -0 1
    outer loop
      vertex -6.39199 -8.33021 4
      vertex -2.7 0 4
      vertex -7.42462 -7.42462 4
    endloop
  endfacet
  facet normal 0 0 1
    outer loop
      vertex -2.608 0.698811 4
      vertex -10.1422 2.7176 4
      vertex -2.6769 0.35242 4
    endloop
  endfacet
  facet normal 0 0 1
    outer loop
      vertex -2.7 0 4
      vertex -9.09327 -5.25 4
      vertex -8.33021 -6.39199 4
    endloop
  endfacet
  facet normal -0 0 1
    outer loop
      vertex -10.4102 1.37052 4
      vertex -2.6769 0.35242 4
      vertex -10.1422 2.7176 4
    endloop
  endfacet
  facet normal 0 0 1
    outer loop
      vertex -2.7 0 4
      vertex -9.70073 -4.01818 4
      vertex -9.09327 -5.25 4
    endloop
  endfacet
  facet normal 0 0 1
    outer loop
      vertex -2.6769 0.35242 4
      vertex -10.4102 1.37052 4
      vertex -2.7 0 4
    endloop
  endfacet
  facet normal 0 0 1
    outer loop
      vertex -2.7 0 4
      vertex -10.1422 -2.7176 4
      vertex -9.70073 -4.01818 4
    endloop
  endfacet
  facet normal 0 0 1
    outer loop
      vertex -10.5 0 4
      vertex -2.7 0 4
      vertex -10.4102 1.37052 4
    endloop
  endfacet
  facet normal 0 0 1
    outer loop
      vertex -2.7 0 4
      vertex -10.4102 -1.37052 4
      vertex -10.1422 -2.7176 4
    endloop
  endfacet
  facet normal 0 0 1
    outer loop
      vertex -2.7 0 4
      vertex -10.5 0 4
      vertex -10.4102 -1.37052 4
    endloop
  endfacet
  facet normal -0 0 1
    outer loop
      vertex 108.536 18.4141 4
      vertex 111.31 16.8815 4
      vertex 111.513 18.4141 4
    endloop
  endfacet
  facet normal 0 0 1
    outer loop
      vertex 111.31 16.8815 4
      vertex 108.536 18.4141 4
      vertex 108.536 16.8815 4
    endloop
  endfacet
  facet normal 0 0 1
    outer loop
      vertex 111.31 16.8815 4
      vertex 113.806 18.943 4
      vertex 111.513 18.4141 4
    endloop
  endfacet
  facet normal 0 0 1
    outer loop
      vertex 111.31 16.3594 4
      vertex 113.806 18.943 4
      vertex 111.31 16.8815 4
    endloop
  endfacet
  facet normal 0 0 1
    outer loop
      vertex 113.806 18.943 4
      vertex 111.31 16.3594 4
      vertex 111.652 14.6946 4
    endloop
  endfacet
  facet normal 0 0 1
    outer loop
      vertex 108.536 14.6946 4
      vertex 111.31 16.3594 4
      vertex 108.536 16.3594 4
    endloop
  endfacet
  facet normal 0 0 1
    outer loop
      vertex 111.31 16.3594 4
      vertex 108.536 14.6946 4
      vertex 111.652 14.6946 4
    endloop
  endfacet
  facet normal -0 0 1
    outer loop
      vertex 106.847 17.0866 4
      vertex 107.889 14.1656 4
      vertex 106.905 17.321 4
    endloop
  endfacet
  facet normal -0 0 1
    outer loop
      vertex 106.75 16.8735 4
      vertex 107.889 14.1656 4
      vertex 106.847 17.0866 4
    endloop
  endfacet
  facet normal -0 0 1
    outer loop
      vertex 106.614 16.6815 4
      vertex 107.889 14.1656 4
      vertex 106.75 16.8735 4
    endloop
  endfacet
  facet normal -0 0 1
    outer loop
      vertex 106.444 16.5168 4
      vertex 107.889 14.1656 4
      vertex 106.614 16.6815 4
    endloop
  endfacet
  facet normal 0 0 1
    outer loop
      vertex 107.889 14.1656 4
      vertex 106.444 16.5168 4
      vertex 107.114 14.1656 4
    endloop
  endfacet
  facet normal -0 0 1
    outer loop
      vertex 106.245 16.3857 4
      vertex 107.114 14.1656 4
      vertex 106.444 16.5168 4
    endloop
  endfacet
  facet normal -0 0 1
    outer loop
      vertex 106.016 16.2879 4
      vertex 107.114 14.1656 4
      vertex 106.245 16.3857 4
    endloop
  endfacet
  facet normal 0 0 1
    outer loop
      vertex 107.114 14.1656 4
      vertex 106.016 16.2879 4
      vertex 105.758 16.2237 4
    endloop
  endfacet
  facet normal 0 0 1
    outer loop
      vertex 138.655 14.1656 4
      vertex 133.595 8.45684 4
      vertex 133.625 8 4
    endloop
  endfacet
  facet normal 0 0 1
    outer loop
      vertex 132.902 10.1307 4
      vertex 136.577 14.1656 4
      vertex 133.515 14.1656 4
    endloop
  endfacet
  facet normal 0 0 1
    outer loop
      vertex 138.011 14.1656 4
      vertex 133.506 8.90587 4
      vertex 133.595 8.45684 4
    endloop
  endfacet
  facet normal 0 0 1
    outer loop
      vertex 138.011 18.4141 4
      vertex 136.577 14.6946 4
      vertex 138.011 14.1656 4
    endloop
  endfacet
  facet normal -0 0 1
    outer loop
      vertex 136.37 18.4141 4
      vertex 136.577 14.6946 4
      vertex 138.011 18.4141 4
    endloop
  endfacet
  facet normal 0 0 1
    outer loop
      vertex 134.163 14.6946 4
      vertex 136.37 18.4141 4
      vertex 134.163 18.943 4
    endloop
  endfacet
  facet normal 0 0 1
    outer loop
      vertex 136.37 18.4141 4
      vertex 134.163 14.6946 4
      vertex 136.577 14.6946 4
    endloop
  endfacet
  facet normal -0 0 1
    outer loop
      vertex 148.233 18.4141 4
      vertex 151.007 16.8815 4
      vertex 151.21 18.4141 4
    endloop
  endfacet
  facet normal 0 0 1
    outer loop
      vertex 151.007 16.8815 4
      vertex 148.233 18.4141 4
      vertex 148.233 16.8815 4
    endloop
  endfacet
  facet normal 0 0 1
    outer loop
      vertex 155.208 14.1656 4
      vertex 152.668 17.9055 4
      vertex 152.685 17.3393 4
    endloop
  endfacet
  facet normal -0 -0 1
    outer loop
      vertex 152.668 17.9055 4
      vertex 155.208 14.1656 4
      vertex 152.651 18.2344 4
    endloop
  endfacet
  facet normal 0 0 1
    outer loop
      vertex 155.427 15.1565 4
      vertex 152.861 18.943 4
      vertex 155.445 14.8471 4
    endloop
  endfacet
  facet normal 0 0 1
    outer loop
      vertex 155.415 15.4202 4
      vertex 152.861 18.943 4
      vertex 155.427 15.1565 4
    endloop
  endfacet
  facet normal 0 0 1
    outer loop
      vertex 155.407 15.638 4
      vertex 152.861 18.943 4
      vertex 155.415 15.4202 4
    endloop
  endfacet
  facet normal 0 0 1
    outer loop
      vertex 152.861 18.943 4
      vertex 155.407 15.638 4
      vertex 155.404 15.8101 4
    endloop
  endfacet
  facet normal 0 0 1
    outer loop
      vertex 151.007 16.8815 4
      vertex 152.109 18.943 4
      vertex 151.21 18.4141 4
    endloop
  endfacet
  facet normal 0 0 1
    outer loop
      vertex 151.007 16.3594 4
      vertex 152.109 18.943 4
      vertex 151.007 16.8815 4
    endloop
  endfacet
  facet normal 0 0 1
    outer loop
      vertex 152.109 18.943 4
      vertex 151.007 16.3594 4
      vertex 151.349 14.6946 4
    endloop
  endfacet
  facet normal 0 0 1
    outer loop
      vertex 148.233 14.6946 4
      vertex 151.007 16.3594 4
      vertex 148.233 16.3594 4
    endloop
  endfacet
  facet normal 0 0 1
    outer loop
      vertex 151.007 16.3594 4
      vertex 148.233 14.6946 4
      vertex 151.349 14.6946 4
    endloop
  endfacet
  facet normal 0 0 1
    outer loop
      vertex 146.824 17.8309 4
      vertex 146.34 15.6236 4
      vertex 146.869 15.3591 4
    endloop
  endfacet
  facet normal -0 0 1
    outer loop
      vertex 146.211 17.6275 4
      vertex 146.34 15.6236 4
      vertex 146.824 17.8309 4
    endloop
  endfacet
  facet normal 0 0 1
    outer loop
      vertex 145.484 18.3613 4
      vertex 146.211 17.6275 4
      vertex 146.115 17.8237 4
    endloop
  endfacet
  facet normal 0 0 1
    outer loop
      vertex 146.211 17.6275 4
      vertex 143.129 16.5764 4
      vertex 146.34 15.6236 4
    endloop
  endfacet
  facet normal 0 0 1
    outer loop
      vertex 145.677 18.2649 4
      vertex 146.115 17.8237 4
      vertex 145.994 17.9953 4
    endloop
  endfacet
  facet normal 0 0 1
    outer loop
      vertex 145.677 18.2649 4
      vertex 145.994 17.9953 4
      vertex 145.848 18.1424 4
    endloop
  endfacet
  facet normal -0 -0 1
    outer loop
      vertex 143.157 16.1588 4
      vertex 146.34 15.6236 4
      vertex 143.129 16.5764 4
    endloop
  endfacet
  facet normal 0 0 1
    outer loop
      vertex 146.115 17.8237 4
      vertex 145.677 18.2649 4
      vertex 145.484 18.3613 4
    endloop
  endfacet
  facet normal 0 0 1
    outer loop
      vertex 146.211 17.6275 4
      vertex 145.484 18.3613 4
      vertex 145.275 18.4302 4
    endloop
  endfacet
  facet normal -0 -0 1
    outer loop
      vertex 143.244 15.7842 4
      vertex 146.34 15.6236 4
      vertex 143.157 16.1588 4
    endloop
  endfacet
  facet normal 0 0 1
    outer loop
      vertex 146.211 17.6275 4
      vertex 145.275 18.4302 4
      vertex 145.048 18.4715 4
    endloop
  endfacet
  facet normal 0 0 1
    outer loop
      vertex 146.211 17.6275 4
      vertex 145.048 18.4715 4
      vertex 144.804 18.4853 4
    endloop
  endfacet
  facet normal 0 0 1
    outer loop
      vertex 146.34 15.6236 4
      vertex 143.244 15.7842 4
      vertex 146.056 15.1889 4
    endloop
  endfacet
  facet normal 0 0 1
    outer loop
      vertex 143.239 17.3702 4
      vertex 146.211 17.6275 4
      vertex 144.804 18.4853 4
    endloop
  endfacet
  facet normal 0 -0 1
    outer loop
      vertex 144.831 14.6301 4
      vertex 146.056 15.1889 4
      vertex 143.244 15.7842 4
    endloop
  endfacet
  facet normal 0 0 1
    outer loop
      vertex 143.239 17.3702 4
      vertex 144.804 18.4853 4
      vertex 144.429 18.4534 4
    endloop
  endfacet
  facet normal 0 0 1
    outer loop
      vertex 146.056 15.1889 4
      vertex 144.831 14.6301 4
      vertex 145.71 14.8785 4
    endloop
  endfacet
  facet normal 0 0 1
    outer loop
      vertex 143.377 17.6962 4
      vertex 144.429 18.4534 4
      vertex 144.098 18.3577 4
    endloop
  endfacet
  facet normal 0 0 1
    outer loop
      vertex 145.71 14.8785 4
      vertex 144.831 14.6301 4
      vertex 145.301 14.6922 4
    endloop
  endfacet
  facet normal 0 0 1
    outer loop
      vertex 143.569 17.975 4
      vertex 144.098 18.3577 4
      vertex 143.812 18.1982 4
    endloop
  endfacet
  facet normal -0 -0 1
    outer loop
      vertex 143.387 15.4527 4
      vertex 144.831 14.6301 4
      vertex 143.244 15.7842 4
    endloop
  endfacet
  facet normal 0 0 1
    outer loop
      vertex 144.098 18.3577 4
      vertex 143.569 17.975 4
      vertex 143.377 17.6962 4
    endloop
  endfacet
  facet normal 0 0 1
    outer loop
      vertex 144.831 14.6301 4
      vertex 143.387 15.4527 4
      vertex 144.459 14.6635 4
    endloop
  endfacet
  facet normal 0 0 1
    outer loop
      vertex 144.429 18.4534 4
      vertex 143.377 17.6962 4
      vertex 143.239 17.3702 4
    endloop
  endfacet
  facet normal -0 -0 1
    outer loop
      vertex 143.588 15.1641 4
      vertex 144.459 14.6635 4
      vertex 143.387 15.4527 4
    endloop
  endfacet
  facet normal 0 0 1
    outer loop
      vertex 146.211 17.6275 4
      vertex 143.239 17.3702 4
      vertex 143.156 16.9969 4
    endloop
  endfacet
  facet normal 0 0 1
    outer loop
      vertex 144.459 14.6635 4
      vertex 143.588 15.1641 4
      vertex 144.128 14.7636 4
    endloop
  endfacet
  facet normal 0 0 1
    outer loop
      vertex 146.211 17.6275 4
      vertex 143.156 16.9969 4
      vertex 143.129 16.5764 4
    endloop
  endfacet
  facet normal 0 0 1
    outer loop
      vertex 144.128 14.7636 4
      vertex 143.588 15.1641 4
      vertex 143.838 14.9305 4
    endloop
  endfacet
  facet normal -0 0 1
    outer loop
      vertex 132.668 15.8737 4
      vertex 133.515 14.1656 4
      vertex 132.722 16.2134 4
    endloop
  endfacet
  facet normal -0 0 1
    outer loop
      vertex 132.579 15.5573 4
      vertex 133.515 14.1656 4
      vertex 132.668 15.8737 4
    endloop
  endfacet
  facet normal -0 0 1
    outer loop
      vertex 132.453 15.2642 4
      vertex 133.515 14.1656 4
      vertex 132.579 15.5573 4
    endloop
  endfacet
  facet normal -0 0 1
    outer loop
      vertex 132.294 14.9991 4
      vertex 133.515 14.1656 4
      vertex 132.453 15.2642 4
    endloop
  endfacet
  facet normal -0 0 1
    outer loop
      vertex 132.104 14.7666 4
      vertex 133.515 14.1656 4
      vertex 132.294 14.9991 4
    endloop
  endfacet
  facet normal 0 0 1
    outer loop
      vertex 133.515 14.1656 4
      vertex 132.6 10.4749 4
      vertex 132.902 10.1307 4
    endloop
  endfacet
  facet normal -0 0 1
    outer loop
      vertex 131.883 14.5668 4
      vertex 133.515 14.1656 4
      vertex 132.104 14.7666 4
    endloop
  endfacet
  facet normal 0 0 1
    outer loop
      vertex 133.515 14.1656 4
      vertex 132.256 10.7767 4
      vertex 132.6 10.4749 4
    endloop
  endfacet
  facet normal -0 0 1
    outer loop
      vertex 131.631 14.3996 4
      vertex 133.515 14.1656 4
      vertex 131.883 14.5668 4
    endloop
  endfacet
  facet normal 0 0 1
    outer loop
      vertex 133.515 14.1656 4
      vertex 131.875 11.0311 4
      vertex 132.256 10.7767 4
    endloop
  endfacet
  facet normal 0 0 1
    outer loop
      vertex 131.464 11.2336 4
      vertex 133.515 14.1656 4
      vertex 131.631 14.3996 4
    endloop
  endfacet
  facet normal 0 0 1
    outer loop
      vertex 133.515 14.1656 4
      vertex 131.464 11.2336 4
      vertex 131.875 11.0311 4
    endloop
  endfacet
  facet normal -0 0 1
    outer loop
      vertex 131.351 14.2676 4
      vertex 131.464 11.2336 4
      vertex 131.631 14.3996 4
    endloop
  endfacet
  facet normal 0 0 1
    outer loop
      vertex 131.031 11.3807 4
      vertex 131.351 14.2676 4
      vertex 131.047 14.1733 4
    endloop
  endfacet
  facet normal 0 0 1
    outer loop
      vertex 131.351 14.2676 4
      vertex 131.031 11.3807 4
      vertex 131.464 11.2336 4
    endloop
  endfacet
  facet normal -0 0 1
    outer loop
      vertex 130.719 14.1167 4
      vertex 131.031 11.3807 4
      vertex 131.047 14.1733 4
    endloop
  endfacet
  facet normal 0 0 1
    outer loop
      vertex 130.719 14.1167 4
      vertex 130.582 11.4701 4
      vertex 131.031 11.3807 4
    endloop
  endfacet
  facet normal -0 0 1
    outer loop
      vertex 130.366 14.0978 4
      vertex 130.582 11.4701 4
      vertex 130.719 14.1167 4
    endloop
  endfacet
  facet normal 0 0 1
    outer loop
      vertex 130.366 14.0978 4
      vertex 130.125 11.5 4
      vertex 130.582 11.4701 4
    endloop
  endfacet
  facet normal 0 0 1
    outer loop
      vertex 130.011 14.1165 4
      vertex 130.125 11.5 4
      vertex 130.366 14.0978 4
    endloop
  endfacet
  facet normal 0 0 1
    outer loop
      vertex 129.668 11.4701 4
      vertex 130.011 14.1165 4
      vertex 129.681 14.1724 4
    endloop
  endfacet
  facet normal 0 0 1
    outer loop
      vertex 130.011 14.1165 4
      vertex 129.668 11.4701 4
      vertex 130.125 11.5 4
    endloop
  endfacet
  facet normal 0 0 1
    outer loop
      vertex 129.219 11.3807 4
      vertex 129.681 14.1724 4
      vertex 129.376 14.2657 4
    endloop
  endfacet
  facet normal 0 0 1
    outer loop
      vertex 129.681 14.1724 4
      vertex 129.219 11.3807 4
      vertex 129.668 11.4701 4
    endloop
  endfacet
  facet normal 0 0 1
    outer loop
      vertex 129.097 14.3962 4
      vertex 129.219 11.3807 4
      vertex 129.376 14.2657 4
    endloop
  endfacet
  facet normal 0 0 1
    outer loop
      vertex 128.786 11.2336 4
      vertex 129.097 14.3962 4
      vertex 128.845 14.562 4
    endloop
  endfacet
  facet normal 0 0 1
    outer loop
      vertex 129.097 14.3962 4
      vertex 128.786 11.2336 4
      vertex 129.219 11.3807 4
    endloop
  endfacet
  facet normal -0 0 1
    outer loop
      vertex 127.152 14.7148 4
      vertex 128.845 14.562 4
      vertex 128.626 14.7611 4
    endloop
  endfacet
  facet normal 0 0 1
    outer loop
      vertex 127.152 14.7148 4
      vertex 128.626 14.7611 4
      vertex 128.438 14.9935 4
    endloop
  endfacet
  facet normal 0 0 1
    outer loop
      vertex 128.845 14.562 4
      vertex 126.948 14.5199 4
      vertex 128.786 11.2336 4
    endloop
  endfacet
  facet normal 0 0 1
    outer loop
      vertex 127.297 14.9451 4
      vertex 128.438 14.9935 4
      vertex 128.281 15.2591 4
    endloop
  endfacet
  facet normal 0 0 1
    outer loop
      vertex 127.384 15.2107 4
      vertex 128.281 15.2591 4
      vertex 128.158 15.5531 4
    endloop
  endfacet
  facet normal 0 0 1
    outer loop
      vertex 127.413 15.5117 4
      vertex 128.158 15.5531 4
      vertex 128.07 15.8707 4
    endloop
  endfacet
  facet normal -0 0 1
    outer loop
      vertex 127.336 15.9487 4
      vertex 128.07 15.8707 4
      vertex 128.017 16.2118 4
    endloop
  endfacet
  facet normal 0 0 1
    outer loop
      vertex 128.438 14.9935 4
      vertex 127.297 14.9451 4
      vertex 127.152 14.7148 4
    endloop
  endfacet
  facet normal 0 0 1
    outer loop
      vertex 127.239 16.1363 4
      vertex 128.017 16.2118 4
      vertex 128 16.5764 4
    endloop
  endfacet
  facet normal 0 0 1
    outer loop
      vertex 128.845 14.562 4
      vertex 127.152 14.7148 4
      vertex 126.948 14.5199 4
    endloop
  endfacet
  facet normal -0 0 1
    outer loop
      vertex 126.693 14.3649 4
      vertex 128.786 11.2336 4
      vertex 126.948 14.5199 4
    endloop
  endfacet
  facet normal 0 0 1
    outer loop
      vertex 128.786 11.2336 4
      vertex 126.693 14.3649 4
      vertex 128.375 11.0311 4
    endloop
  endfacet
  facet normal -0 0 1
    outer loop
      vertex 126.393 14.2542 4
      vertex 128.375 11.0311 4
      vertex 126.693 14.3649 4
    endloop
  endfacet
  facet normal 0 0 1
    outer loop
      vertex 128.375 11.0311 4
      vertex 126.393 14.2542 4
      vertex 127.994 10.7767 4
    endloop
  endfacet
  facet normal -0 0 1
    outer loop
      vertex 126.047 14.1878 4
      vertex 127.994 10.7767 4
      vertex 126.393 14.2542 4
    endloop
  endfacet
  facet normal 0 0 1
    outer loop
      vertex 127.994 10.7767 4
      vertex 126.047 14.1878 4
      vertex 127.65 10.4749 4
    endloop
  endfacet
  facet normal -0 0 1
    outer loop
      vertex 125.656 14.1656 4
      vertex 127.65 10.4749 4
      vertex 126.047 14.1878 4
    endloop
  endfacet
  facet normal 0 0 1
    outer loop
      vertex 127.65 10.4749 4
      vertex 125.656 14.1656 4
      vertex 127.348 10.1307 4
    endloop
  endfacet
  facet normal 0 0 1
    outer loop
      vertex 127.348 10.1307 4
      vertex 125.656 14.1656 4
      vertex 127.094 9.75 4
    endloop
  endfacet
  facet normal -0 0 1
    outer loop
      vertex 123.717 14.1656 4
      vertex 127.094 9.75 4
      vertex 125.656 14.1656 4
    endloop
  endfacet
  facet normal 0 0 1
    outer loop
      vertex 126.891 9.33939 4
      vertex 123.717 14.1656 4
      vertex 126.744 8.90587 4
    endloop
  endfacet
  facet normal 0 0 1
    outer loop
      vertex 127.094 9.75 4
      vertex 123.717 14.1656 4
      vertex 126.891 9.33939 4
    endloop
  endfacet
  facet normal -0 0 1
    outer loop
      vertex 127.001 17.2239 4
      vertex 128.039 17.1181 4
      vertex 127.075 17.3935 4
    endloop
  endfacet
  facet normal 0 0 1
    outer loop
      vertex 128.039 17.1181 4
      vertex 127.001 17.2239 4
      vertex 128 16.5764 4
    endloop
  endfacet
  facet normal -0 0 1
    outer loop
      vertex 126.897 17.0714 4
      vertex 128 16.5764 4
      vertex 127.001 17.2239 4
    endloop
  endfacet
  facet normal 0 0 1
    outer loop
      vertex 128 16.5764 4
      vertex 127.104 16.3034 4
      vertex 127.239 16.1363 4
    endloop
  endfacet
  facet normal 0 0 1
    outer loop
      vertex 128 16.5764 4
      vertex 126.897 17.0714 4
      vertex 127.104 16.3034 4
    endloop
  endfacet
  facet normal 0 0 1
    outer loop
      vertex 127.104 16.3034 4
      vertex 126.897 17.0714 4
      vertex 126.934 16.4448 4
    endloop
  endfacet
  facet normal -0 0 1
    outer loop
      vertex 126.767 16.9391 4
      vertex 126.934 16.4448 4
      vertex 126.897 17.0714 4
    endloop
  endfacet
  facet normal 0 0 1
    outer loop
      vertex 126.767 16.9391 4
      vertex 126.73 16.5556 4
      vertex 126.934 16.4448 4
    endloop
  endfacet
  facet normal -0 0 1
    outer loop
      vertex 126.611 16.8306 4
      vertex 126.73 16.5556 4
      vertex 126.767 16.9391 4
    endloop
  endfacet
  facet normal 0 0 1
    outer loop
      vertex 126.611 16.8306 4
      vertex 126.495 16.6356 4
      vertex 126.73 16.5556 4
    endloop
  endfacet
  facet normal -0 0 1
    outer loop
      vertex 126.431 16.7459 4
      vertex 126.495 16.6356 4
      vertex 126.611 16.8306 4
    endloop
  endfacet
  facet normal 0 0 1
    outer loop
      vertex 126.495 16.6356 4
      vertex 126.431 16.7459 4
      vertex 126.226 16.6849 4
    endloop
  endfacet
  facet normal 0 0 1
    outer loop
      vertex 158.234 18.4141 4
      vertex 156.593 18.4141 4
      vertex 158.234 14.1656 4
    endloop
  endfacet
  facet normal -0 0 1
    outer loop
      vertex 166.694 18.4141 4
      vertex 169.467 16.8815 4
      vertex 169.671 18.4141 4
    endloop
  endfacet
  facet normal 0 0 1
    outer loop
      vertex 169.467 16.8815 4
      vertex 166.694 18.4141 4
      vertex 166.694 16.8815 4
    endloop
  endfacet
  facet normal 0 0 1
    outer loop
      vertex 169.467 16.8815 4
      vertex 181.013 18.1082 4
      vertex 169.671 18.4141 4
    endloop
  endfacet
  facet normal 0 0 1
    outer loop
      vertex 181.013 18.1082 4
      vertex 169.467 16.8815 4
      vertex 169.81 14.6946 4
    endloop
  endfacet
  facet normal -0 0 1
    outer loop
      vertex 169.467 16.3594 4
      vertex 169.81 14.6946 4
      vertex 169.467 16.8815 4
    endloop
  endfacet
  facet normal 0 0 1
    outer loop
      vertex 166.694 14.6946 4
      vertex 169.467 16.3594 4
      vertex 166.694 16.3594 4
    endloop
  endfacet
  facet normal 0 0 1
    outer loop
      vertex 169.467 16.3594 4
      vertex 166.694 14.6946 4
      vertex 169.81 14.6946 4
    endloop
  endfacet
  facet normal -0 0 1
    outer loop
      vertex 165.004 17.0866 4
      vertex 166.046 14.1656 4
      vertex 165.063 17.321 4
    endloop
  endfacet
  facet normal -0 0 1
    outer loop
      vertex 164.907 16.8735 4
      vertex 166.046 14.1656 4
      vertex 165.004 17.0866 4
    endloop
  endfacet
  facet normal -0 0 1
    outer loop
      vertex 164.772 16.6815 4
      vertex 166.046 14.1656 4
      vertex 164.907 16.8735 4
    endloop
  endfacet
  facet normal -0 0 1
    outer loop
      vertex 164.602 16.5168 4
      vertex 166.046 14.1656 4
      vertex 164.772 16.6815 4
    endloop
  endfacet
  facet normal 0 0 1
    outer loop
      vertex 166.046 14.1656 4
      vertex 164.602 16.5168 4
      vertex 165.272 14.1656 4
    endloop
  endfacet
  facet normal -0 0 1
    outer loop
      vertex 164.403 16.3857 4
      vertex 165.272 14.1656 4
      vertex 164.602 16.5168 4
    endloop
  endfacet
  facet normal -0 0 1
    outer loop
      vertex 164.174 16.2879 4
      vertex 165.272 14.1656 4
      vertex 164.403 16.3857 4
    endloop
  endfacet
  facet normal 0 0 1
    outer loop
      vertex 165.272 14.1656 4
      vertex 164.174 16.2879 4
      vertex 163.916 16.2237 4
    endloop
  endfacet
  facet normal 0 0 1
    outer loop
      vertex 186.021 17.0846 4
      vertex 186.242 16.9974 4
      vertex 186.242 17.0137 4
    endloop
  endfacet
  facet normal 0 0 1
    outer loop
      vertex 186.021 17.0846 4
      vertex 186.003 16.9379 4
      vertex 186.242 16.9974 4
    endloop
  endfacet
  facet normal 0 0 1
    outer loop
      vertex 185.824 17.1876 4
      vertex 186.003 16.9379 4
      vertex 186.021 17.0846 4
    endloop
  endfacet
  facet normal 0 0 1
    outer loop
      vertex 185.824 17.1876 4
      vertex 185.787 16.8408 4
      vertex 186.003 16.9379 4
    endloop
  endfacet
  facet normal 0 0 1
    outer loop
      vertex 185.652 17.3227 4
      vertex 185.787 16.8408 4
      vertex 185.824 17.1876 4
    endloop
  endfacet
  facet normal 0 0 1
    outer loop
      vertex 185.652 17.3227 4
      vertex 185.592 16.706 4
      vertex 185.787 16.8408 4
    endloop
  endfacet
  facet normal 0 0 1
    outer loop
      vertex 185.504 17.4897 4
      vertex 185.592 16.706 4
      vertex 185.652 17.3227 4
    endloop
  endfacet
  facet normal 0 0 1
    outer loop
      vertex 185.504 17.4897 4
      vertex 185.421 16.5336 4
      vertex 185.592 16.706 4
    endloop
  endfacet
  facet normal 0 0 1
    outer loop
      vertex 185.386 17.6807 4
      vertex 185.421 16.5336 4
      vertex 185.504 17.4897 4
    endloop
  endfacet
  facet normal 0 0 1
    outer loop
      vertex 185.28 16.3312 4
      vertex 185.386 17.6807 4
      vertex 185.301 17.8874 4
    endloop
  endfacet
  facet normal 0 0 1
    outer loop
      vertex 185.386 17.6807 4
      vertex 185.28 16.3312 4
      vertex 185.421 16.5336 4
    endloop
  endfacet
  facet normal 0 0 1
    outer loop
      vertex 183.043 19.7316 4
      vertex 185.301 17.8874 4
      vertex 185.25 18.11 4
    endloop
  endfacet
  facet normal 0 0 1
    outer loop
      vertex 183.043 19.7316 4
      vertex 185.25 18.11 4
      vertex 185.233 18.3483 4
    endloop
  endfacet
  facet normal 0 0 1
    outer loop
      vertex 185.301 17.8874 4
      vertex 183.043 19.7316 4
      vertex 185.179 16.1064 4
    endloop
  endfacet
  facet normal -0 0 1
    outer loop
      vertex 180.846 13.9988 4
      vertex 184.6 12.8 4
      vertex 184.438 13.9988 4
    endloop
  endfacet
  facet normal 0 0 1
    outer loop
      vertex 184.6 12.8 4
      vertex 183.5 7 4
      vertex 184.5 7 4
    endloop
  endfacet
  facet normal 0 0 1
    outer loop
      vertex 183.5 7 4
      vertex 182.5 7 4
      vertex 183.5 4 4
    endloop
  endfacet
  facet normal 0 0 1
    outer loop
      vertex 184.6 12.8 4
      vertex 182.5 7 4
      vertex 183.5 7 4
    endloop
  endfacet
  facet normal 0 -0 1
    outer loop
      vertex 181.5 7 4
      vertex 184.6 12.8 4
      vertex 180.846 13.9988 4
    endloop
  endfacet
  facet normal 0 0 1
    outer loop
      vertex 180.5 7 4
      vertex 181.5 7 4
      vertex 180.846 13.9988 4
    endloop
  endfacet
  facet normal 0 0 1
    outer loop
      vertex 184.6 12.8 4
      vertex 181.5 7 4
      vertex 182.5 7 4
    endloop
  endfacet
  facet normal 0 0 1
    outer loop
      vertex 184.276 -8.41786 4
      vertex 184.13 -6.65342 4
      vertex 184.166 -8.20462 4
    endloop
  endfacet
  facet normal 0 0 1
    outer loop
      vertex 184.13 -6.65342 4
      vertex 184.012 -8.01771 4
      vertex 184.166 -8.20462 4
    endloop
  endfacet
  facet normal 0 0 1
    outer loop
      vertex 184.13 -6.65342 4
      vertex 183.821 -7.8657 4
      vertex 184.012 -8.01771 4
    endloop
  endfacet
  facet normal 0 0 1
    outer loop
      vertex 184.13 -6.65342 4
      vertex 183.6 -7.75712 4
      vertex 183.821 -7.8657 4
    endloop
  endfacet
  facet normal 0 0 1
    outer loop
      vertex 184.13 -6.65342 4
      vertex 183.349 -7.69197 4
      vertex 183.6 -7.75712 4
    endloop
  endfacet
  facet normal 0 0 1
    outer loop
      vertex 184.13 -6.65342 4
      vertex 183.068 -7.67025 4
      vertex 183.349 -7.69197 4
    endloop
  endfacet
  facet normal -0 0 1
    outer loop
      vertex 182.316 -6.65342 4
      vertex 183.068 -7.67025 4
      vertex 184.13 -6.65342 4
    endloop
  endfacet
  facet normal 0 0 1
    outer loop
      vertex 183.068 -7.67025 4
      vertex 182.316 -6.65342 4
      vertex 182.83 -7.68628 4
    endloop
  endfacet
  facet normal 0 0 1
    outer loop
      vertex 182.83 -7.68628 4
      vertex 182.316 -6.65342 4
      vertex 182.613 -7.73433 4
    endloop
  endfacet
  facet normal 0 0 1
    outer loop
      vertex 182.613 -7.73433 4
      vertex 182.316 -6.65342 4
      vertex 182.416 -7.81443 4
    endloop
  endfacet
  facet normal 0 0 1
    outer loop
      vertex 182.416 -7.81443 4
      vertex 182.316 -6.65342 4
      vertex 182.239 -7.92657 4
    endloop
  endfacet
  facet normal 0 0 1
    outer loop
      vertex 185.099 15.5897 4
      vertex 183.043 14.6213 4
      vertex 184.438 14.6213 4
    endloop
  endfacet
  facet normal 0 0 1
    outer loop
      vertex 183.151 -8.1035 4
      vertex 183.831 -8.93476 4
      vertex 183.816 -8.75445 4
    endloop
  endfacet
  facet normal 0 0 1
    outer loop
      vertex 183.831 -8.93476 4
      vertex 182.962 -8.08891 4
      vertex 183.816 -9.141 4
    endloop
  endfacet
  facet normal 0 0 1
    outer loop
      vertex 183.151 -8.1035 4
      vertex 183.816 -8.75445 4
      vertex 183.772 -8.5923 4
    endloop
  endfacet
  facet normal 0 0 1
    outer loop
      vertex 182.116 -9.27371 4
      vertex 183.816 -9.141 4
      vertex 182.962 -8.08891 4
    endloop
  endfacet
  facet normal 0 0 1
    outer loop
      vertex 183.32 -8.14729 4
      vertex 183.772 -8.5923 4
      vertex 183.699 -8.44828 4
    endloop
  endfacet
  facet normal 0 0 1
    outer loop
      vertex 183.831 -8.93476 4
      vertex 183.151 -8.1035 4
      vertex 182.962 -8.08891 4
    endloop
  endfacet
  facet normal 0 0 1
    outer loop
      vertex 183.32 -8.14729 4
      vertex 183.699 -8.44828 4
      vertex 183.596 -8.32244 4
    endloop
  endfacet
  facet normal 0 -0 1
    outer loop
      vertex 183.146 -9.8534 4
      vertex 183.816 -9.141 4
      vertex 182.951 -9.86897 4
    endloop
  endfacet
  facet normal 0 0 1
    outer loop
      vertex 183.32 -8.14729 4
      vertex 183.596 -8.32244 4
      vertex 183.468 -8.22029 4
    endloop
  endfacet
  facet normal 0 0 1
    outer loop
      vertex 183.772 -8.5923 4
      vertex 183.32 -8.14729 4
      vertex 183.151 -8.1035 4
    endloop
  endfacet
  facet normal 0 0 1
    outer loop
      vertex 183.816 -9.141 4
      vertex 183.146 -9.8534 4
      vertex 183.773 -9.32393 4
    endloop
  endfacet
  facet normal 0 0 1
    outer loop
      vertex 183.7 -9.48352 4
      vertex 183.319 -9.80668 4
      vertex 183.597 -9.61979 4
    endloop
  endfacet
  facet normal 0 0 1
    outer loop
      vertex 183.597 -9.61979 4
      vertex 183.319 -9.80668 4
      vertex 183.469 -9.7288 4
    endloop
  endfacet
  facet normal 0 -0 1
    outer loop
      vertex 183.319 -9.80668 4
      vertex 183.7 -9.48352 4
      vertex 183.146 -9.8534 4
    endloop
  endfacet
  facet normal 0 0 1
    outer loop
      vertex 183.773 -9.32393 4
      vertex 183.146 -9.8534 4
      vertex 183.7 -9.48352 4
    endloop
  endfacet
  facet normal 0 0 1
    outer loop
      vertex 182.116 -9.27371 4
      vertex 182.962 -8.08891 4
      vertex 182.86 -8.093 4
    endloop
  endfacet
  facet normal 0 0 1
    outer loop
      vertex 182.116 -9.27371 4
      vertex 182.86 -8.093 4
      vertex 182.761 -8.10528 4
    endloop
  endfacet
  facet normal 0 0 1
    outer loop
      vertex 182.116 -9.27371 4
      vertex 182.761 -8.10528 4
      vertex 182.666 -8.12576 4
    endloop
  endfacet
  facet normal 0 0 1
    outer loop
      vertex 183.816 -9.141 4
      vertex 182.116 -9.27371 4
      vertex 182.951 -9.86897 4
    endloop
  endfacet
  facet normal 0 0 1
    outer loop
      vertex 182.116 -9.27371 4
      vertex 182.666 -8.12576 4
      vertex 182.575 -8.15443 4
    endloop
  endfacet
  facet normal 0 0 1
    outer loop
      vertex 182.116 -9.27371 4
      vertex 182.575 -8.15443 4
      vertex 182.485 -8.19287 4
    endloop
  endfacet
  facet normal 0 0 1
    outer loop
      vertex 182.951 -9.86897 4
      vertex 182.116 -9.27371 4
      vertex 182.647 -9.83177 4
    endloop
  endfacet
  facet normal 0 0 1
    outer loop
      vertex 182.116 -9.27371 4
      vertex 182.485 -8.19287 4
      vertex 182.395 -8.2427 4
    endloop
  endfacet
  facet normal 0 0 1
    outer loop
      vertex 182.116 -9.27371 4
      vertex 182.395 -8.2427 4
      vertex 182.306 -8.30392 4
    endloop
  endfacet
  facet normal -0 -0 1
    outer loop
      vertex 182.229 -9.53415 4
      vertex 182.647 -9.83177 4
      vertex 182.116 -9.27371 4
    endloop
  endfacet
  facet normal 0 0 1
    outer loop
      vertex 182.116 -9.27371 4
      vertex 182.306 -8.30392 4
      vertex 182.216 -8.37655 4
    endloop
  endfacet
  facet normal 0 0 1
    outer loop
      vertex 182.647 -9.83177 4
      vertex 182.229 -9.53415 4
      vertex 182.406 -9.72017 4
    endloop
  endfacet
  facet normal -0 0 1
    outer loop
      vertex 181.715 -8.37655 4
      vertex 182.116 -9.27371 4
      vertex 182.216 -8.37655 4
    endloop
  endfacet
  facet normal 0 0 1
    outer loop
      vertex 182.116 -9.27371 4
      vertex 181.715 -8.37655 4
      vertex 181.598 -9.33352 4
    endloop
  endfacet
  facet normal -0 0 1
    outer loop
      vertex 181.013 18.1082 4
      vertex 182.306 14.6213 4
      vertex 182.306 19.0318 4
    endloop
  endfacet
  facet normal 0 0 1
    outer loop
      vertex 182.306 14.6213 4
      vertex 181.013 18.1082 4
      vertex 180.846 14.6213 4
    endloop
  endfacet
  facet normal 0 0 1
    outer loop
      vertex 187 9.40001 4
      vertex 185.5 7 4
      vertex 186.5 7 4
    endloop
  endfacet
  facet normal 0 0 1
    outer loop
      vertex 187 9.40001 4
      vertex 184.5 7 4
      vertex 185.5 7 4
    endloop
  endfacet
  facet normal 0 0 1
    outer loop
      vertex 184.5 7 4
      vertex 187 9.40001 4
      vertex 184.6 12.8 4
    endloop
  endfacet
  facet normal 0 0 1
    outer loop
      vertex 189.5 7 4
      vertex 187 9.40001 4
      vertex 188.5 7 4
    endloop
  endfacet
  facet normal 0 0 1
    outer loop
      vertex 186.5 7 4
      vertex 187.5 7 4
      vertex 187 9.40001 4
    endloop
  endfacet
  facet normal 0 0 1
    outer loop
      vertex 188.5 7 4
      vertex 187 9.40001 4
      vertex 187.5 7 4
    endloop
  endfacet
  facet normal 0 0 1
    outer loop
      vertex 190.777 14.5553 4
      vertex 188.883 14.8918 4
      vertex 190.748 13.9988 4
    endloop
  endfacet
  facet normal -0 0 1
    outer loop
      vertex 188.725 14.6045 4
      vertex 190.748 13.9988 4
      vertex 188.883 14.8918 4
    endloop
  endfacet
  facet normal 0 0 1
    outer loop
      vertex 190.748 13.9988 4
      vertex 188.725 14.6045 4
      vertex 189.4 12.8 4
    endloop
  endfacet
  facet normal -0 0 1
    outer loop
      vertex 188.505 14.3609 4
      vertex 189.4 12.8 4
      vertex 188.725 14.6045 4
    endloop
  endfacet
  facet normal -0 0 1
    outer loop
      vertex 188.225 14.1668 4
      vertex 189.4 12.8 4
      vertex 188.505 14.3609 4
    endloop
  endfacet
  facet normal -0 0 1
    outer loop
      vertex 187.89 14.0283 4
      vertex 189.4 12.8 4
      vertex 188.225 14.1668 4
    endloop
  endfacet
  facet normal -0 0 1
    outer loop
      vertex 187.501 13.9451 4
      vertex 189.4 12.8 4
      vertex 187.89 14.0283 4
    endloop
  endfacet
  facet normal -0 0 1
    outer loop
      vertex 187.056 13.9174 4
      vertex 189.4 12.8 4
      vertex 187.501 13.9451 4
    endloop
  endfacet
  facet normal 0 0 1
    outer loop
      vertex 184.6 12.8 4
      vertex 187.056 13.9174 4
      vertex 186.622 13.9446 4
    endloop
  endfacet
  facet normal 0 0 1
    outer loop
      vertex 184.6 12.8 4
      vertex 186.622 13.9446 4
      vertex 186.237 14.0262 4
    endloop
  endfacet
  facet normal 0 0 1
    outer loop
      vertex 187.056 13.9174 4
      vertex 184.6 12.8 4
      vertex 189.4 12.8 4
    endloop
  endfacet
  facet normal 0 0 1
    outer loop
      vertex 185.902 14.1623 4
      vertex 184.6 12.8 4
      vertex 186.237 14.0262 4
    endloop
  endfacet
  facet normal 0 0 1
    outer loop
      vertex 185.618 14.3528 4
      vertex 184.6 12.8 4
      vertex 185.902 14.1623 4
    endloop
  endfacet
  facet normal 0 0 1
    outer loop
      vertex 184.438 13.9988 4
      vertex 185.391 14.5933 4
      vertex 184.438 14.6213 4
    endloop
  endfacet
  facet normal -0 0 1
    outer loop
      vertex 184.438 14.6213 4
      vertex 185.391 14.5933 4
      vertex 185.229 14.8797 4
    endloop
  endfacet
  facet normal 0 0 1
    outer loop
      vertex 184.438 14.6213 4
      vertex 185.229 14.8797 4
      vertex 185.132 15.2118 4
    endloop
  endfacet
  facet normal 0 0 1
    outer loop
      vertex 184.438 14.6213 4
      vertex 185.132 15.2118 4
      vertex 185.099 15.5897 4
    endloop
  endfacet
  facet normal -0 0 1
    outer loop
      vertex 188.713 17.6726 4
      vertex 191.486 16.9421 4
      vertex 188.799 17.8793 4
    endloop
  endfacet
  facet normal 0 0 1
    outer loop
      vertex 191.486 16.9421 4
      vertex 188.713 17.6726 4
      vertex 191.214 16.3118 4
    endloop
  endfacet
  facet normal 0 0 1
    outer loop
      vertex 191.214 16.3118 4
      vertex 188.838 16.3397 4
      vertex 188.933 16.116 4
    endloop
  endfacet
  facet normal 0 0 1
    outer loop
      vertex 191.214 16.3118 4
      vertex 188.713 17.6726 4
      vertex 188.838 16.3397 4
    endloop
  endfacet
  facet normal 0 0 1
    outer loop
      vertex 188.713 17.6726 4
      vertex 188.704 16.5397 4
      vertex 188.838 16.3397 4
    endloop
  endfacet
  facet normal -0 0 1
    outer loop
      vertex 188.594 17.4816 4
      vertex 188.704 16.5397 4
      vertex 188.713 17.6726 4
    endloop
  endfacet
  facet normal 0 0 1
    outer loop
      vertex 188.594 17.4816 4
      vertex 188.536 16.71 4
      vertex 188.704 16.5397 4
    endloop
  endfacet
  facet normal -0 0 1
    outer loop
      vertex 188.445 17.3155 4
      vertex 188.536 16.71 4
      vertex 188.594 17.4816 4
    endloop
  endfacet
  facet normal 0 0 1
    outer loop
      vertex 188.445 17.3155 4
      vertex 188.338 16.8443 4
      vertex 188.536 16.71 4
    endloop
  endfacet
  facet normal -0 0 1
    outer loop
      vertex 188.272 17.1835 4
      vertex 188.338 16.8443 4
      vertex 188.445 17.3155 4
    endloop
  endfacet
  facet normal 0 0 1
    outer loop
      vertex 188.272 17.1835 4
      vertex 188.109 16.9429 4
      vertex 188.338 16.8443 4
    endloop
  endfacet
  facet normal -0 0 1
    outer loop
      vertex 188.073 17.0857 4
      vertex 188.109 16.9429 4
      vertex 188.272 17.1835 4
    endloop
  endfacet
  facet normal 0 0 1
    outer loop
      vertex 187.85 17.0055 4
      vertex 188.073 17.0857 4
      vertex 187.85 17.0218 4
    endloop
  endfacet
  facet normal 0 0 1
    outer loop
      vertex 188.073 17.0857 4
      vertex 187.85 17.0055 4
      vertex 188.109 16.9429 4
    endloop
  endfacet
  facet normal 0 0 1
    outer loop
      vertex 190.245 -8.49902 4
      vertex 189.037 -8.49902 4
      vertex 190.245 -9.71803 4
    endloop
  endfacet
  facet normal -0 0 1
    outer loop
      vertex 189.69 19.1091 4
      vertex 192.264 18.3407 4
      vertex 192.77 19.1091 4
    endloop
  endfacet
  facet normal 0 0 1
    outer loop
      vertex 189.69 19.1091 4
      vertex 191.836 17.6184 4
      vertex 192.264 18.3407 4
    endloop
  endfacet
  facet normal 0 0 1
    outer loop
      vertex 189.69 19.1091 4
      vertex 191.486 16.9421 4
      vertex 191.836 17.6184 4
    endloop
  endfacet
  facet normal 0 0 1
    outer loop
      vertex 188.85 18.1018 4
      vertex 189.69 19.1091 4
      vertex 188.867 18.3401 4
    endloop
  endfacet
  facet normal 0 0 1
    outer loop
      vertex 189.69 19.1091 4
      vertex 188.85 18.1018 4
      vertex 191.486 16.9421 4
    endloop
  endfacet
  facet normal -0 0 1
    outer loop
      vertex 188.799 17.8793 4
      vertex 191.486 16.9421 4
      vertex 188.85 18.1018 4
    endloop
  endfacet
  facet normal -0 -0 1
    outer loop
      vertex 188.99 15.8687 4
      vertex 191.01 15.7118 4
      vertex 188.933 16.116 4
    endloop
  endfacet
  facet normal 0 -0 1
    outer loop
      vertex 189.009 15.5978 4
      vertex 191.01 15.7118 4
      vertex 188.99 15.8687 4
    endloop
  endfacet
  facet normal 0 0 1
    outer loop
      vertex 191.01 15.7118 4
      vertex 189.009 15.5978 4
      vertex 190.865 15.1263 4
    endloop
  endfacet
  facet normal 0 0 1
    outer loop
      vertex 190.748 13.9988 4
      vertex 189.4 12.8 4
      vertex 190.5 7 4
    endloop
  endfacet
  facet normal 0 0 1
    outer loop
      vertex 191.871 -8.08319 4
      vertex 190.664 -6.86422 4
      vertex 190.664 -8.08319 4
    endloop
  endfacet
  facet normal 0 0 1
    outer loop
      vertex 194.5 7 4
      vertex 191.513 13.9988 4
      vertex 193.5 7 4
    endloop
  endfacet
  facet normal 0 0 1
    outer loop
      vertex 191.513 13.9988 4
      vertex 192.451 17.4508 4
      vertex 192.237 17.034 4
    endloop
  endfacet
  facet normal 0 0 1
    outer loop
      vertex 191.513 13.9988 4
      vertex 192.237 17.034 4
      vertex 192.067 16.6549 4
    endloop
  endfacet
  facet normal 0 0 1
    outer loop
      vertex 191.513 13.9988 4
      vertex 192.067 16.6549 4
      vertex 191.92 16.2783 4
    endloop
  endfacet
  facet normal 0 0 1
    outer loop
      vertex 191.513 13.9988 4
      vertex 191.92 16.2783 4
      vertex 191.796 15.9042 4
    endloop
  endfacet
  facet normal 0 0 1
    outer loop
      vertex 191.513 13.9988 4
      vertex 191.796 15.9042 4
      vertex 191.694 15.5326 4
    endloop
  endfacet
  facet normal 0 0 1
    outer loop
      vertex 191.513 13.9988 4
      vertex 191.694 15.5326 4
      vertex 191.615 15.1591 4
    endloop
  endfacet
  facet normal 0 0 1
    outer loop
      vertex 191.513 13.9988 4
      vertex 191.615 15.1591 4
      vertex 191.558 14.7789 4
    endloop
  endfacet
  facet normal 0 0 1
    outer loop
      vertex 191.513 13.9988 4
      vertex 191.558 14.7789 4
      vertex 191.524 14.3921 4
    endloop
  endfacet
  facet normal 0 0 1
    outer loop
      vertex 193.5 7 4
      vertex 191.513 13.9988 4
      vertex 192.5 7 4
    endloop
  endfacet
  facet normal 0 0 1
    outer loop
      vertex 191.513 13.9988 4
      vertex 191.5 7 4
      vertex 192.5 7 4
    endloop
  endfacet
  facet normal 0 0 1
    outer loop
      vertex 190.5 7 4
      vertex 191.5 7 4
      vertex 190.748 13.9988 4
    endloop
  endfacet
  facet normal -0 0 1
    outer loop
      vertex 190.748 13.9988 4
      vertex 191.5 7 4
      vertex 191.513 13.9988 4
    endloop
  endfacet
  facet normal 0 0 1
    outer loop
      vertex 197.705 -2.22139 4
      vertex 195.056 -8.65745 4
      vertex 195.078 -8.92338 4
    endloop
  endfacet
  facet normal 0 0 1
    outer loop
      vertex 196.365 -2.77604 4
      vertex 194.845 -6.65342 4
      vertex 195.056 -8.65745 4
    endloop
  endfacet
  facet normal 0 0 1
    outer loop
      vertex 195.056 -8.65745 4
      vertex 194.845 -6.65342 4
      vertex 194.99 -8.41786 4
    endloop
  endfacet
  facet normal 0 0 1
    outer loop
      vertex 196.365 -2.77604 4
      vertex 194.845 -6.21768 4
      vertex 194.845 -6.65342 4
    endloop
  endfacet
  facet normal 0 0 1
    outer loop
      vertex 196 -2.8 4
      vertex 192.563 -6.21768 4
      vertex 194.845 -6.21768 4
    endloop
  endfacet
  facet normal -0 0 1
    outer loop
      vertex 191.871 -8.08319 4
      vertex 192.43 -8.37655 4
      vertex 192.563 -6.21768 4
    endloop
  endfacet
  facet normal 0 0 1
    outer loop
      vertex 191.871 -8.49902 4
      vertex 192.43 -8.37655 4
      vertex 191.871 -8.08319 4
    endloop
  endfacet
  facet normal 0 0 1
    outer loop
      vertex 192.563 -6.21768 4
      vertex 190.664 -6.86422 4
      vertex 191.871 -8.08319 4
    endloop
  endfacet
  facet normal 0 0 1
    outer loop
      vertex 190.245 -6.86422 4
      vertex 192.563 -6.21768 4
      vertex 196 -2.8 4
    endloop
  endfacet
  facet normal 0 0 1
    outer loop
      vertex 192.563 -6.21768 4
      vertex 190.245 -6.86422 4
      vertex 190.664 -6.86422 4
    endloop
  endfacet
  facet normal 0 0 1
    outer loop
      vertex 190.245 -6.86422 4
      vertex 189.037 -8.08319 4
      vertex 190.245 -8.08319 4
    endloop
  endfacet
  facet normal 0 0 1
    outer loop
      vertex 184.342 -8.65745 4
      vertex 189.037 -8.49902 4
      vertex 189.037 -8.08319 4
    endloop
  endfacet
  facet normal 0 0 1
    outer loop
      vertex 184.13 -6.21768 4
      vertex 189.037 -8.08319 4
      vertex 190.245 -6.86422 4
    endloop
  endfacet
  facet normal -0 0 1
    outer loop
      vertex 184.13 -6.21768 4
      vertex 190.245 -6.86422 4
      vertex 196 -2.8 4
    endloop
  endfacet
  facet normal 0 0 1
    outer loop
      vertex 189.037 -8.49902 4
      vertex 184.342 -8.65745 4
      vertex 184.364 -8.92338 4
    endloop
  endfacet
  facet normal -0 0 1
    outer loop
      vertex 184.13 -6.65342 4
      vertex 189.037 -8.08319 4
      vertex 184.13 -6.21768 4
    endloop
  endfacet
  facet normal 0 0 1
    outer loop
      vertex 189.037 -8.08319 4
      vertex 184.276 -8.41786 4
      vertex 184.342 -8.65745 4
    endloop
  endfacet
  facet normal 0 0 1
    outer loop
      vertex 189.037 -8.08319 4
      vertex 184.13 -6.65342 4
      vertex 184.276 -8.41786 4
    endloop
  endfacet
  facet normal -0 0 1
    outer loop
      vertex 178 -2.8 4
      vertex 184.13 -6.21768 4
      vertex 196 -2.8 4
    endloop
  endfacet
  facet normal 0 0 1
    outer loop
      vertex 181.151 -8.45344 4
      vertex 181.715 -8.37655 4
      vertex 181.849 -6.21768 4
    endloop
  endfacet
  facet normal 0 0 1
    outer loop
      vertex 181.151 -8.90915 4
      vertex 181.715 -8.37655 4
      vertex 181.151 -8.45344 4
    endloop
  endfacet
  facet normal 0 0 1
    outer loop
      vertex 181.849 -6.21768 4
      vertex 179.727 -8.45344 4
      vertex 181.151 -8.45344 4
    endloop
  endfacet
  facet normal 0 0 1
    outer loop
      vertex 177.635 -2.77604 4
      vertex 179.727 -8.45344 4
      vertex 178 -2.8 4
    endloop
  endfacet
  facet normal 0 0 1
    outer loop
      vertex 181.849 -6.21768 4
      vertex 178 -2.8 4
      vertex 179.727 -8.45344 4
    endloop
  endfacet
  facet normal 0 0 1
    outer loop
      vertex 184.13 -6.21768 4
      vertex 178 -2.8 4
      vertex 181.849 -6.21768 4
    endloop
  endfacet
  facet normal 0 0 1
    outer loop
      vertex 209 22 4
      vertex 198.8 0 4
      vertex 209 -22 4
    endloop
  endfacet
  facet normal 0 0 1
    outer loop
      vertex 209 22 4
      vertex 198.776 0.365473 4
      vertex 198.8 0 4
    endloop
  endfacet
  facet normal 0 0 1
    outer loop
      vertex 209 22 4
      vertex 198.705 0.724693 4
      vertex 198.776 0.365473 4
    endloop
  endfacet
  facet normal 0 0 1
    outer loop
      vertex 209 22 4
      vertex 198.587 1.07151 4
      vertex 198.705 0.724693 4
    endloop
  endfacet
  facet normal 0 0 1
    outer loop
      vertex 209 22 4
      vertex 198.425 1.4 4
      vertex 198.587 1.07151 4
    endloop
  endfacet
  facet normal -0 0 1
    outer loop
      vertex 196.5 7 4
      vertex 198.425 1.4 4
      vertex 209 22 4
    endloop
  endfacet
  facet normal 0 0 1
    outer loop
      vertex 198.425 1.4 4
      vertex 196.5 7 4
      vertex 198.221 1.70453 4
    endloop
  endfacet
  facet normal 0 0 1
    outer loop
      vertex 198.221 1.70453 4
      vertex 196.5 7 4
      vertex 197.98 1.9799 4
    endloop
  endfacet
  facet normal 0 0 1
    outer loop
      vertex 197.98 1.9799 4
      vertex 196.5 7 4
      vertex 197.705 2.22139 4
    endloop
  endfacet
  facet normal -0 0 1
    outer loop
      vertex 196.5 4 4
      vertex 197.705 2.22139 4
      vertex 196.5 7 4
    endloop
  endfacet
  facet normal 0 0 1
    outer loop
      vertex 197.705 2.22139 4
      vertex 196.5 4 4
      vertex 197.4 2.42487 4
    endloop
  endfacet
  facet normal 0 0 1
    outer loop
      vertex 197.4 2.42487 4
      vertex 196.5 4 4
      vertex 197.072 2.58686 4
    endloop
  endfacet
  facet normal -0 0 1
    outer loop
      vertex 193.478 19.1376 4
      vertex 196.5 7 4
      vertex 209 22 4
    endloop
  endfacet
  facet normal 0 0 1
    outer loop
      vertex 195.5 7 4
      vertex 194.5 7 4
      vertex 195.5 4 4
    endloop
  endfacet
  facet normal -0 0 1
    outer loop
      vertex 193.071 18.5026 4
      vertex 196.5 7 4
      vertex 193.478 19.1376 4
    endloop
  endfacet
  facet normal -0 0 1
    outer loop
      vertex 192.729 17.9403 4
      vertex 196.5 7 4
      vertex 193.071 18.5026 4
    endloop
  endfacet
  facet normal -0 0 1
    outer loop
      vertex 192.451 17.4508 4
      vertex 196.5 7 4
      vertex 192.729 17.9403 4
    endloop
  endfacet
  facet normal 0 0 1
    outer loop
      vertex 193.478 19.1376 4
      vertex 209 22 4
      vertex 193.478 19.7316 4
    endloop
  endfacet
  facet normal 0 0 1
    outer loop
      vertex 209 22 4
      vertex 189.69 19.7316 4
      vertex 193.478 19.7316 4
    endloop
  endfacet
  facet normal -0 0 1
    outer loop
      vertex 188.591 19.2014 4
      vertex 189.69 19.1091 4
      vertex 189.69 19.7316 4
    endloop
  endfacet
  facet normal -0 0 1
    outer loop
      vertex 187 9.40001 4
      vertex 189.5 7 4
      vertex 189.4 12.8 4
    endloop
  endfacet
  facet normal 0 0 1
    outer loop
      vertex 190.5 7 4
      vertex 189.4 12.8 4
      vertex 189.5 7 4
    endloop
  endfacet
  facet normal -0 0 1
    outer loop
      vertex 188.883 14.8918 4
      vertex 190.777 14.5553 4
      vertex 188.978 15.2229 4
    endloop
  endfacet
  facet normal 0 0 1
    outer loop
      vertex 190.865 15.1263 4
      vertex 188.978 15.2229 4
      vertex 190.777 14.5553 4
    endloop
  endfacet
  facet normal -0 0 1
    outer loop
      vertex 188.978 15.2229 4
      vertex 190.865 15.1263 4
      vertex 189.009 15.5978 4
    endloop
  endfacet
  facet normal 0 0 1
    outer loop
      vertex 191.214 16.3118 4
      vertex 188.933 16.116 4
      vertex 191.01 15.7118 4
    endloop
  endfacet
  facet normal 0 0 1
    outer loop
      vertex 189.69 19.1091 4
      vertex 188.836 18.6623 4
      vertex 188.867 18.3401 4
    endloop
  endfacet
  facet normal 0 0 1
    outer loop
      vertex 189.69 19.1091 4
      vertex 188.744 18.9494 4
      vertex 188.836 18.6623 4
    endloop
  endfacet
  facet normal 0 0 1
    outer loop
      vertex 189.69 19.1091 4
      vertex 188.591 19.2014 4
      vertex 188.744 18.9494 4
    endloop
  endfacet
  facet normal 0 0 1
    outer loop
      vertex 189.69 19.7316 4
      vertex 188.376 19.4183 4
      vertex 188.591 19.2014 4
    endloop
  endfacet
  facet normal 0 0 1
    outer loop
      vertex 189.69 19.7316 4
      vertex 188.109 19.5928 4
      vertex 188.376 19.4183 4
    endloop
  endfacet
  facet normal -0 0 1
    outer loop
      vertex 187.04 19.8171 4
      vertex 189.69 19.7316 4
      vertex 209 22 4
    endloop
  endfacet
  facet normal 0 0 1
    outer loop
      vertex 189.69 19.7316 4
      vertex 187.797 19.7174 4
      vertex 188.109 19.5928 4
    endloop
  endfacet
  facet normal 0 0 1
    outer loop
      vertex 189.69 19.7316 4
      vertex 187.441 19.7921 4
      vertex 187.797 19.7174 4
    endloop
  endfacet
  facet normal 0 0 1
    outer loop
      vertex 189.69 19.7316 4
      vertex 187.04 19.8171 4
      vertex 187.441 19.7921 4
    endloop
  endfacet
  facet normal 0 0 1
    outer loop
      vertex 183.043 19.7316 4
      vertex 187.04 19.8171 4
      vertex 209 22 4
    endloop
  endfacet
  facet normal 0 0 1
    outer loop
      vertex 185.301 17.8874 4
      vertex 185.179 16.1064 4
      vertex 185.28 16.3312 4
    endloop
  endfacet
  facet normal 0 0 1
    outer loop
      vertex 183.043 14.6213 4
      vertex 185.179 16.1064 4
      vertex 183.043 19.7316 4
    endloop
  endfacet
  facet normal 0 0 1
    outer loop
      vertex 185.179 16.1064 4
      vertex 183.043 14.6213 4
      vertex 185.119 15.8592 4
    endloop
  endfacet
  facet normal 0 0 1
    outer loop
      vertex 183.043 19.7316 4
      vertex 185.233 18.3483 4
      vertex 185.264 18.6603 4
    endloop
  endfacet
  facet normal 0 0 1
    outer loop
      vertex 185.618 14.3528 4
      vertex 184.438 13.9988 4
      vertex 184.6 12.8 4
    endloop
  endfacet
  facet normal 0 0 1
    outer loop
      vertex 185.391 14.5933 4
      vertex 184.438 13.9988 4
      vertex 185.618 14.3528 4
    endloop
  endfacet
  facet normal 0 0 1
    outer loop
      vertex 183.043 14.6213 4
      vertex 185.099 15.5897 4
      vertex 185.119 15.8592 4
    endloop
  endfacet
  facet normal 0 0 1
    outer loop
      vertex 185.356 18.9412 4
      vertex 183.043 19.7316 4
      vertex 185.264 18.6603 4
    endloop
  endfacet
  facet normal 0 0 1
    outer loop
      vertex 185.509 19.1912 4
      vertex 183.043 19.7316 4
      vertex 185.356 18.9412 4
    endloop
  endfacet
  facet normal 0 0 1
    outer loop
      vertex 185.724 19.4101 4
      vertex 183.043 19.7316 4
      vertex 185.509 19.1912 4
    endloop
  endfacet
  facet normal 0 0 1
    outer loop
      vertex 185.99 19.5882 4
      vertex 183.043 19.7316 4
      vertex 185.724 19.4101 4
    endloop
  endfacet
  facet normal 0 0 1
    outer loop
      vertex 186.298 19.7153 4
      vertex 183.043 19.7316 4
      vertex 185.99 19.5882 4
    endloop
  endfacet
  facet normal 0 0 1
    outer loop
      vertex 186.648 19.7916 4
      vertex 183.043 19.7316 4
      vertex 186.298 19.7153 4
    endloop
  endfacet
  facet normal 0 0 1
    outer loop
      vertex 187.04 19.8171 4
      vertex 183.043 19.7316 4
      vertex 186.648 19.7916 4
    endloop
  endfacet
  facet normal 0 0 1
    outer loop
      vertex 209 22 4
      vertex 182.368 19.7316 4
      vertex 183.043 19.7316 4
    endloop
  endfacet
  facet normal 0 0 1
    outer loop
      vertex 169.671 18.4141 4
      vertex 181.013 18.7999 4
      vertex 169.671 18.943 4
    endloop
  endfacet
  facet normal -0 0 1
    outer loop
      vertex 169.81 14.1656 4
      vertex 180.846 13.9988 4
      vertex 180.846 14.6213 4
    endloop
  endfacet
  facet normal 0 0 1
    outer loop
      vertex 181.013 18.1082 4
      vertex 169.81 14.6946 4
      vertex 180.846 14.6213 4
    endloop
  endfacet
  facet normal 0 0 1
    outer loop
      vertex 180.846 13.9988 4
      vertex 179.5 7 4
      vertex 180.5 7 4
    endloop
  endfacet
  facet normal 0 0 1
    outer loop
      vertex 179.5 7 4
      vertex 178.5 7 4
      vertex 179.5 4 4
    endloop
  endfacet
  facet normal 0 0 1
    outer loop
      vertex 180.846 13.9988 4
      vertex 178.5 7 4
      vertex 179.5 7 4
    endloop
  endfacet
  facet normal 0 0 1
    outer loop
      vertex 180.846 13.9988 4
      vertex 177.5 7 4
      vertex 178.5 7 4
    endloop
  endfacet
  facet normal 0 0 1
    outer loop
      vertex 176.295 2.22139 4
      vertex 177.5 4 4
      vertex 177.5 7 4
    endloop
  endfacet
  facet normal 0 0 1
    outer loop
      vertex 177.5 4 4
      vertex 176.928 2.58686 4
      vertex 177.275 2.70459 4
    endloop
  endfacet
  facet normal 0 0 1
    outer loop
      vertex 177.5 4 4
      vertex 176.6 2.42487 4
      vertex 176.928 2.58686 4
    endloop
  endfacet
  facet normal 0 0 1
    outer loop
      vertex 177.5 4 4
      vertex 176.295 2.22139 4
      vertex 176.6 2.42487 4
    endloop
  endfacet
  facet normal 0 0 1
    outer loop
      vertex 177.5 7 4
      vertex 176.02 1.9799 4
      vertex 176.295 2.22139 4
    endloop
  endfacet
  facet normal 0 0 1
    outer loop
      vertex 177.5 7 4
      vertex 175.779 1.70453 4
      vertex 176.02 1.9799 4
    endloop
  endfacet
  facet normal 0 0 1
    outer loop
      vertex 180.846 13.9988 4
      vertex 169.81 14.1656 4
      vertex 177.5 7 4
    endloop
  endfacet
  facet normal 0 0 1
    outer loop
      vertex 177.5 7 4
      vertex 169.81 14.1656 4
      vertex 175.779 1.70453 4
    endloop
  endfacet
  facet normal 0 0 1
    outer loop
      vertex 175.779 1.70453 4
      vertex 169.81 14.1656 4
      vertex 175.575 1.4 4
    endloop
  endfacet
  facet normal -0 0 1
    outer loop
      vertex 166.046 14.1656 4
      vertex 175.575 1.4 4
      vertex 169.81 14.1656 4
    endloop
  endfacet
  facet normal 0 0 1
    outer loop
      vertex 175.413 1.07151 4
      vertex 166.046 14.1656 4
      vertex 175.295 0.724693 4
    endloop
  endfacet
  facet normal 0 0 1
    outer loop
      vertex 175.575 1.4 4
      vertex 166.046 14.1656 4
      vertex 175.413 1.07151 4
    endloop
  endfacet
  facet normal 0 0 1
    outer loop
      vertex 180.846 14.6213 4
      vertex 169.81 14.6946 4
      vertex 169.81 14.1656 4
    endloop
  endfacet
  facet normal -0 0 1
    outer loop
      vertex 169.671 18.943 4
      vertex 181.013 18.7999 4
      vertex 182.368 19.7316 4
    endloop
  endfacet
  facet normal 0 0 1
    outer loop
      vertex 181.013 18.7999 4
      vertex 169.671 18.4141 4
      vertex 181.013 18.1082 4
    endloop
  endfacet
  facet normal 0 0 1
    outer loop
      vertex 160.519 18.943 4
      vertex 182.368 19.7316 4
      vertex 209 22 4
    endloop
  endfacet
  facet normal 0 0 1
    outer loop
      vertex 182.368 19.7316 4
      vertex 166.046 18.943 4
      vertex 169.671 18.943 4
    endloop
  endfacet
  facet normal 0 0 1
    outer loop
      vertex 165.063 17.321 4
      vertex 166.046 18.943 4
      vertex 165.082 17.5766 4
    endloop
  endfacet
  facet normal 0 0 1
    outer loop
      vertex 166.046 18.943 4
      vertex 165.063 17.321 4
      vertex 166.046 14.1656 4
    endloop
  endfacet
  facet normal 0 0 1
    outer loop
      vertex 166.046 18.943 4
      vertex 165.054 17.881 4
      vertex 165.082 17.5766 4
    endloop
  endfacet
  facet normal 0 0 1
    outer loop
      vertex 166.046 18.943 4
      vertex 164.972 18.15 4
      vertex 165.054 17.881 4
    endloop
  endfacet
  facet normal 0 0 1
    outer loop
      vertex 166.046 18.943 4
      vertex 164.835 18.3837 4
      vertex 164.972 18.15 4
    endloop
  endfacet
  facet normal 0 0 1
    outer loop
      vertex 166.046 18.943 4
      vertex 164.643 18.5819 4
      vertex 164.835 18.3837 4
    endloop
  endfacet
  facet normal 0 0 1
    outer loop
      vertex 166.046 18.943 4
      vertex 164.4 18.7399 4
      vertex 164.643 18.5819 4
    endloop
  endfacet
  facet normal 0 0 1
    outer loop
      vertex 166.046 18.943 4
      vertex 164.112 18.8527 4
      vertex 164.4 18.7399 4
    endloop
  endfacet
  facet normal 0 0 1
    outer loop
      vertex 182.368 19.7316 4
      vertex 163.397 18.943 4
      vertex 166.046 18.943 4
    endloop
  endfacet
  facet normal 0 0 1
    outer loop
      vertex 166.046 18.943 4
      vertex 163.777 18.9205 4
      vertex 164.112 18.8527 4
    endloop
  endfacet
  facet normal 0 0 1
    outer loop
      vertex 166.046 18.943 4
      vertex 163.397 18.943 4
      vertex 163.777 18.9205 4
    endloop
  endfacet
  facet normal 0 0 1
    outer loop
      vertex 182.368 19.7316 4
      vertex 161.149 18.943 4
      vertex 163.397 18.943 4
    endloop
  endfacet
  facet normal 0 0 1
    outer loop
      vertex 160.519 18.4141 4
      vertex 161.149 18.943 4
      vertex 160.519 18.943 4
    endloop
  endfacet
  facet normal 0 0 1
    outer loop
      vertex 182.368 19.7316 4
      vertex 160.519 18.943 4
      vertex 161.149 18.943 4
    endloop
  endfacet
  facet normal 0 0 1
    outer loop
      vertex 209 22 4
      vertex 156.593 18.943 4
      vertex 160.519 18.943 4
    endloop
  endfacet
  facet normal 0 0 1
    outer loop
      vertex 156.593 18.943 4
      vertex 155.988 18.943 4
      vertex 156.593 18.4141 4
    endloop
  endfacet
  facet normal 0 0 1
    outer loop
      vertex 209 22 4
      vertex 155.988 18.943 4
      vertex 156.593 18.943 4
    endloop
  endfacet
  facet normal 0 0 1
    outer loop
      vertex 209 22 4
      vertex 155.404 18.943 4
      vertex 155.988 18.943 4
    endloop
  endfacet
  facet normal 0 0 1
    outer loop
      vertex 155.404 18.943 4
      vertex 152.861 18.943 4
      vertex 155.404 15.8101 4
    endloop
  endfacet
  facet normal 0 0 1
    outer loop
      vertex 209 22 4
      vertex 152.861 18.943 4
      vertex 155.404 18.943 4
    endloop
  endfacet
  facet normal 0 0 1
    outer loop
      vertex 209 22 4
      vertex 152.109 18.943 4
      vertex 152.861 18.943 4
    endloop
  endfacet
  facet normal 0 0 1
    outer loop
      vertex 152.109 18.943 4
      vertex 151.349 14.6946 4
      vertex 152.109 14.1656 4
    endloop
  endfacet
  facet normal 0 0 1
    outer loop
      vertex 151.21 18.4141 4
      vertex 152.109 18.943 4
      vertex 151.21 18.943 4
    endloop
  endfacet
  facet normal 0 0 1
    outer loop
      vertex 209 22 4
      vertex 151.21 18.943 4
      vertex 152.109 18.943 4
    endloop
  endfacet
  facet normal -0 0 1
    outer loop
      vertex 144.797 19.0142 4
      vertex 151.21 18.943 4
      vertex 209 22 4
    endloop
  endfacet
  facet normal 0 0 1
    outer loop
      vertex 147.585 18.943 4
      vertex 146.869 15.3591 4
      vertex 147.585 14.1656 4
    endloop
  endfacet
  facet normal 0 0 1
    outer loop
      vertex 147.585 18.943 4
      vertex 146.824 17.8309 4
      vertex 146.869 15.3591 4
    endloop
  endfacet
  facet normal 0 0 1
    outer loop
      vertex 147.585 18.943 4
      vertex 146.687 18.1062 4
      vertex 146.824 17.8309 4
    endloop
  endfacet
  facet normal 0 0 1
    outer loop
      vertex 147.585 18.943 4
      vertex 146.516 18.3454 4
      vertex 146.687 18.1062 4
    endloop
  endfacet
  facet normal 0 0 1
    outer loop
      vertex 147.585 18.943 4
      vertex 146.311 18.5486 4
      vertex 146.516 18.3454 4
    endloop
  endfacet
  facet normal 0 0 1
    outer loop
      vertex 147.585 18.943 4
      vertex 146.072 18.7158 4
      vertex 146.311 18.5486 4
    endloop
  endfacet
  facet normal 0 0 1
    outer loop
      vertex 147.585 18.943 4
      vertex 145.8 18.8464 4
      vertex 146.072 18.7158 4
    endloop
  endfacet
  facet normal 0 0 1
    outer loop
      vertex 147.585 18.943 4
      vertex 145.497 18.9396 4
      vertex 145.8 18.8464 4
    endloop
  endfacet
  facet normal 0 0 1
    outer loop
      vertex 151.21 18.943 4
      vertex 144.797 19.0142 4
      vertex 147.585 18.943 4
    endloop
  endfacet
  facet normal 0 0 1
    outer loop
      vertex 147.585 18.943 4
      vertex 145.163 18.9956 4
      vertex 145.497 18.9396 4
    endloop
  endfacet
  facet normal 0 0 1
    outer loop
      vertex 147.585 18.943 4
      vertex 144.797 19.0142 4
      vertex 145.163 18.9956 4
    endloop
  endfacet
  facet normal 0 0 1
    outer loop
      vertex 142.625 17.5953 4
      vertex 140.296 18.4141 4
      vertex 142.509 17.1167 4
    endloop
  endfacet
  facet normal 0 0 1
    outer loop
      vertex 142.818 18.0119 4
      vertex 140.296 18.4141 4
      vertex 142.625 17.5953 4
    endloop
  endfacet
  facet normal -0 0 1
    outer loop
      vertex 140.296 18.4141 4
      vertex 142.818 18.0119 4
      vertex 140.296 18.943 4
    endloop
  endfacet
  facet normal 0 0 1
    outer loop
      vertex 143.088 18.3666 4
      vertex 140.296 18.943 4
      vertex 142.818 18.0119 4
    endloop
  endfacet
  facet normal 0 0 1
    outer loop
      vertex 143.426 18.6499 4
      vertex 140.296 18.943 4
      vertex 143.088 18.3666 4
    endloop
  endfacet
  facet normal 0 0 1
    outer loop
      vertex 143.824 18.8523 4
      vertex 140.296 18.943 4
      vertex 143.426 18.6499 4
    endloop
  endfacet
  facet normal 0 0 1
    outer loop
      vertex 144.281 18.9737 4
      vertex 140.296 18.943 4
      vertex 143.824 18.8523 4
    endloop
  endfacet
  facet normal 0 0 1
    outer loop
      vertex 144.797 19.0142 4
      vertex 140.296 18.943 4
      vertex 144.281 18.9737 4
    endloop
  endfacet
  facet normal 0 0 1
    outer loop
      vertex 130.373 19.0142 4
      vertex 144.797 19.0142 4
      vertex 209 22 4
    endloop
  endfacet
  facet normal 0 0 1
    outer loop
      vertex 144.797 19.0142 4
      vertex 136.37 18.943 4
      vertex 140.296 18.943 4
    endloop
  endfacet
  facet normal 0 0 1
    outer loop
      vertex 136.37 18.943 4
      vertex 134.163 18.943 4
      vertex 136.37 18.4141 4
    endloop
  endfacet
  facet normal 0 0 1
    outer loop
      vertex 144.797 19.0142 4
      vertex 130.373 19.0142 4
      vertex 136.37 18.943 4
    endloop
  endfacet
  facet normal 0 0 1
    outer loop
      vertex 136.37 18.943 4
      vertex 130.373 19.0142 4
      vertex 134.163 18.943 4
    endloop
  endfacet
  facet normal -0 0 1
    outer loop
      vertex 132.74 16.5764 4
      vertex 133.515 14.1656 4
      vertex 133.515 18.943 4
    endloop
  endfacet
  facet normal 0 0 1
    outer loop
      vertex 136.577 14.1656 4
      vertex 133.359 9.33939 4
      vertex 133.506 8.90587 4
    endloop
  endfacet
  facet normal -0 0 1
    outer loop
      vertex 132.722 16.2134 4
      vertex 133.515 14.1656 4
      vertex 132.74 16.5764 4
    endloop
  endfacet
  facet normal 0 0 1
    outer loop
      vertex 136.577 14.1656 4
      vertex 133.156 9.75 4
      vertex 133.359 9.33939 4
    endloop
  endfacet
  facet normal 0 0 1
    outer loop
      vertex 136.577 14.1656 4
      vertex 132.902 10.1307 4
      vertex 133.156 9.75 4
    endloop
  endfacet
  facet normal 0 0 1
    outer loop
      vertex 133.515 18.943 4
      vertex 132.722 16.9402 4
      vertex 132.74 16.5764 4
    endloop
  endfacet
  facet normal 0 0 1
    outer loop
      vertex 133.515 18.943 4
      vertex 132.669 17.2791 4
      vertex 132.722 16.9402 4
    endloop
  endfacet
  facet normal 0 0 1
    outer loop
      vertex 133.515 18.943 4
      vertex 132.58 17.5929 4
      vertex 132.669 17.2791 4
    endloop
  endfacet
  facet normal 0 0 1
    outer loop
      vertex 133.515 18.943 4
      vertex 132.457 17.8817 4
      vertex 132.58 17.5929 4
    endloop
  endfacet
  facet normal 0 0 1
    outer loop
      vertex 133.515 18.943 4
      vertex 132.299 18.1416 4
      vertex 132.457 17.8817 4
    endloop
  endfacet
  facet normal 0 0 1
    outer loop
      vertex 133.515 18.943 4
      vertex 132.11 18.3687 4
      vertex 132.299 18.1416 4
    endloop
  endfacet
  facet normal 0 0 1
    outer loop
      vertex 133.515 18.943 4
      vertex 131.89 18.5629 4
      vertex 132.11 18.3687 4
    endloop
  endfacet
  facet normal 0 0 1
    outer loop
      vertex 133.515 18.943 4
      vertex 131.638 18.7243 4
      vertex 131.89 18.5629 4
    endloop
  endfacet
  facet normal 0 0 1
    outer loop
      vertex 133.515 18.943 4
      vertex 131.358 18.8512 4
      vertex 131.638 18.7243 4
    endloop
  endfacet
  facet normal 0 0 1
    outer loop
      vertex 133.515 18.943 4
      vertex 131.054 18.9417 4
      vertex 131.358 18.8512 4
    endloop
  endfacet
  facet normal 0 0 1
    outer loop
      vertex 134.163 18.943 4
      vertex 130.373 19.0142 4
      vertex 133.515 18.943 4
    endloop
  endfacet
  facet normal 0 0 1
    outer loop
      vertex 133.515 18.943 4
      vertex 130.726 18.9961 4
      vertex 131.054 18.9417 4
    endloop
  endfacet
  facet normal 0 0 1
    outer loop
      vertex 133.515 18.943 4
      vertex 130.373 19.0142 4
      vertex 130.726 18.9961 4
    endloop
  endfacet
  facet normal 0 0 1
    outer loop
      vertex 128.158 15.5531 4
      vertex 127.413 15.5117 4
      vertex 127.384 15.2107 4
    endloop
  endfacet
  facet normal 0 0 1
    outer loop
      vertex 128.281 15.2591 4
      vertex 127.384 15.2107 4
      vertex 127.297 14.9451 4
    endloop
  endfacet
  facet normal -0 0 1
    outer loop
      vertex 127.075 17.3935 4
      vertex 128.039 17.1181 4
      vertex 127.12 17.58 4
    endloop
  endfacet
  facet normal 0 0 1
    outer loop
      vertex 127.12 17.58 4
      vertex 128.156 17.5973 4
      vertex 127.135 17.7834 4
    endloop
  endfacet
  facet normal 0 0 1
    outer loop
      vertex 128.07 15.8707 4
      vertex 127.394 15.7405 4
      vertex 127.413 15.5117 4
    endloop
  endfacet
  facet normal 0 0 1
    outer loop
      vertex 128.07 15.8707 4
      vertex 127.336 15.9487 4
      vertex 127.394 15.7405 4
    endloop
  endfacet
  facet normal -0 0 1
    outer loop
      vertex 127.135 17.7834 4
      vertex 128.156 17.5973 4
      vertex 128.352 18.0141 4
    endloop
  endfacet
  facet normal 0 0 1
    outer loop
      vertex 128.017 16.2118 4
      vertex 127.239 16.1363 4
      vertex 127.336 15.9487 4
    endloop
  endfacet
  facet normal 0 0 1
    outer loop
      vertex 128.156 17.5973 4
      vertex 127.12 17.58 4
      vertex 128.039 17.1181 4
    endloop
  endfacet
  facet normal -0 0 1
    outer loop
      vertex 127.03 18.2907 4
      vertex 128.352 18.0141 4
      vertex 128.627 18.3683 4
    endloop
  endfacet
  facet normal 0 0 1
    outer loop
      vertex 126.714 18.6531 4
      vertex 128.627 18.3683 4
      vertex 128.971 18.6509 4
    endloop
  endfacet
  facet normal -0 0 1
    outer loop
      vertex 126.714 18.6531 4
      vertex 128.971 18.6509 4
      vertex 129.377 18.8527 4
    endloop
  endfacet
  facet normal 0 0 1
    outer loop
      vertex 128.352 18.0141 4
      vertex 127.03 18.2907 4
      vertex 127.135 17.7834 4
    endloop
  endfacet
  facet normal -0 0 1
    outer loop
      vertex 126.189 18.8705 4
      vertex 129.377 18.8527 4
      vertex 129.844 18.9738 4
    endloop
  endfacet
  facet normal 0 0 1
    outer loop
      vertex 128.627 18.3683 4
      vertex 126.714 18.6531 4
      vertex 127.03 18.2907 4
    endloop
  endfacet
  facet normal 0 0 1
    outer loop
      vertex 129.377 18.8527 4
      vertex 126.189 18.8705 4
      vertex 126.714 18.6531 4
    endloop
  endfacet
  facet normal 0 0 1
    outer loop
      vertex 125.453 18.943 4
      vertex 129.844 18.9738 4
      vertex 130.373 19.0142 4
    endloop
  endfacet
  facet normal 0 0 1
    outer loop
      vertex 123.717 18.943 4
      vertex 130.373 19.0142 4
      vertex 209 22 4
    endloop
  endfacet
  facet normal 0 0 1
    outer loop
      vertex 129.844 18.9738 4
      vertex 125.453 18.943 4
      vertex 126.189 18.8705 4
    endloop
  endfacet
  facet normal 0 0 1
    outer loop
      vertex 130.373 19.0142 4
      vertex 123.717 18.943 4
      vertex 125.453 18.943 4
    endloop
  endfacet
  facet normal 0 0 1
    outer loop
      vertex 123.717 18.943 4
      vertex 121.048 16.6035 4
      vertex 123.717 14.1656 4
    endloop
  endfacet
  facet normal 0 0 1
    outer loop
      vertex 123.717 18.943 4
      vertex 121.007 17.1325 4
      vertex 121.048 16.6035 4
    endloop
  endfacet
  facet normal 0 0 1
    outer loop
      vertex 123.717 18.943 4
      vertex 120.883 17.5973 4
      vertex 121.007 17.1325 4
    endloop
  endfacet
  facet normal 0 0 1
    outer loop
      vertex 123.717 18.943 4
      vertex 120.677 17.998 4
      vertex 120.883 17.5973 4
    endloop
  endfacet
  facet normal 0 0 1
    outer loop
      vertex 123.717 18.943 4
      vertex 120.389 18.3344 4
      vertex 120.677 17.998 4
    endloop
  endfacet
  facet normal 0 0 1
    outer loop
      vertex 123.717 18.943 4
      vertex 120.024 18.6006 4
      vertex 120.389 18.3344 4
    endloop
  endfacet
  facet normal 0 0 1
    outer loop
      vertex 123.717 18.943 4
      vertex 119.591 18.7908 4
      vertex 120.024 18.6006 4
    endloop
  endfacet
  facet normal 0 0 1
    outer loop
      vertex 123.717 18.943 4
      vertex 119.088 18.905 4
      vertex 119.591 18.7908 4
    endloop
  endfacet
  facet normal 0 0 1
    outer loop
      vertex 118.515 18.943 4
      vertex 123.717 18.943 4
      vertex 209 22 4
    endloop
  endfacet
  facet normal 0 0 1
    outer loop
      vertex 123.717 18.943 4
      vertex 118.515 18.943 4
      vertex 119.088 18.905 4
    endloop
  endfacet
  facet normal 0 0 1
    outer loop
      vertex 209 22 4
      vertex 116.935 18.943 4
      vertex 118.515 18.943 4
    endloop
  endfacet
  facet normal 0 0 1
    outer loop
      vertex 116.935 18.943 4
      vertex 116.46 14.1656 4
      vertex 116.935 14.1656 4
    endloop
  endfacet
  facet normal 0 0 1
    outer loop
      vertex 116.935 18.943 4
      vertex 114.541 18.943 4
      vertex 116.46 14.1656 4
    endloop
  endfacet
  facet normal 0 0 1
    outer loop
      vertex 209 22 4
      vertex 114.541 18.943 4
      vertex 116.935 18.943 4
    endloop
  endfacet
  facet normal 0 0 1
    outer loop
      vertex 209 22 4
      vertex 113.806 18.943 4
      vertex 114.541 18.943 4
    endloop
  endfacet
  facet normal 0 0 1
    outer loop
      vertex 113.806 18.943 4
      vertex 111.652 14.6946 4
      vertex 111.856 14.1656 4
    endloop
  endfacet
  facet normal 0 0 1
    outer loop
      vertex 111.513 18.4141 4
      vertex 113.806 18.943 4
      vertex 111.513 18.943 4
    endloop
  endfacet
  facet normal 0 0 1
    outer loop
      vertex 209 22 4
      vertex 111.513 18.943 4
      vertex 113.806 18.943 4
    endloop
  endfacet
  facet normal 0 0 1
    outer loop
      vertex 209 22 4
      vertex 107.889 18.943 4
      vertex 111.513 18.943 4
    endloop
  endfacet
  facet normal 0 0 1
    outer loop
      vertex 106.905 17.321 4
      vertex 107.889 18.943 4
      vertex 106.924 17.5766 4
    endloop
  endfacet
  facet normal 0 0 1
    outer loop
      vertex 107.889 18.943 4
      vertex 106.905 17.321 4
      vertex 107.889 14.1656 4
    endloop
  endfacet
  facet normal 0 0 1
    outer loop
      vertex 107.889 18.943 4
      vertex 106.897 17.881 4
      vertex 106.924 17.5766 4
    endloop
  endfacet
  facet normal 0 0 1
    outer loop
      vertex 107.889 18.943 4
      vertex 106.815 18.15 4
      vertex 106.897 17.881 4
    endloop
  endfacet
  facet normal 0 0 1
    outer loop
      vertex 107.889 18.943 4
      vertex 106.677 18.3837 4
      vertex 106.815 18.15 4
    endloop
  endfacet
  facet normal 0 0 1
    outer loop
      vertex 107.889 18.943 4
      vertex 106.485 18.5819 4
      vertex 106.677 18.3837 4
    endloop
  endfacet
  facet normal 0 0 1
    outer loop
      vertex 107.889 18.943 4
      vertex 106.243 18.7399 4
      vertex 106.485 18.5819 4
    endloop
  endfacet
  facet normal 0 0 1
    outer loop
      vertex 107.889 18.943 4
      vertex 105.954 18.8527 4
      vertex 106.243 18.7399 4
    endloop
  endfacet
  facet normal 0 0 1
    outer loop
      vertex 107.889 18.943 4
      vertex 105.62 18.9205 4
      vertex 105.954 18.8527 4
    endloop
  endfacet
  facet normal 0 0 1
    outer loop
      vertex 105.239 18.943 4
      vertex 107.889 18.943 4
      vertex 209 22 4
    endloop
  endfacet
  facet normal 0 0 1
    outer loop
      vertex 107.889 18.943 4
      vertex 105.239 18.943 4
      vertex 105.62 18.9205 4
    endloop
  endfacet
  facet normal 0 0 1
    outer loop
      vertex 209 22 4
      vertex 102.991 18.943 4
      vertex 105.239 18.943 4
    endloop
  endfacet
  facet normal 0 0 1
    outer loop
      vertex 94 11.0311 4
      vertex 102.991 14.1656 4
      vertex 102.991 18.943 4
    endloop
  endfacet
  facet normal 0 0 1
    outer loop
      vertex 102.991 14.1656 4
      vertex 95.7201 8.45684 4
      vertex 95.75 8 4
    endloop
  endfacet
  facet normal 0 0 1
    outer loop
      vertex 102.991 14.1656 4
      vertex 95.6307 8.90587 4
      vertex 95.7201 8.45684 4
    endloop
  endfacet
  facet normal 0 0 1
    outer loop
      vertex 102.991 14.1656 4
      vertex 95.4836 9.33939 4
      vertex 95.6307 8.90587 4
    endloop
  endfacet
  facet normal 0 0 1
    outer loop
      vertex 102.991 14.1656 4
      vertex 95.2811 9.75 4
      vertex 95.4836 9.33939 4
    endloop
  endfacet
  facet normal 0 0 1
    outer loop
      vertex 102.991 14.1656 4
      vertex 95.0267 10.1307 4
      vertex 95.2811 9.75 4
    endloop
  endfacet
  facet normal 0 0 1
    outer loop
      vertex 102.991 14.1656 4
      vertex 94.7249 10.4749 4
      vertex 95.0267 10.1307 4
    endloop
  endfacet
  facet normal 0 0 1
    outer loop
      vertex 102.991 14.1656 4
      vertex 94.3807 10.7767 4
      vertex 94.7249 10.4749 4
    endloop
  endfacet
  facet normal 0 0 1
    outer loop
      vertex 102.991 14.1656 4
      vertex 94 11.0311 4
      vertex 94.3807 10.7767 4
    endloop
  endfacet
  facet normal 0 0 1
    outer loop
      vertex 102.991 18.943 4
      vertex 93.5894 11.2336 4
      vertex 94 11.0311 4
    endloop
  endfacet
  facet normal 0 0 1
    outer loop
      vertex 102.991 18.943 4
      vertex 93.1559 11.3807 4
      vertex 93.5894 11.2336 4
    endloop
  endfacet
  facet normal 0 0 1
    outer loop
      vertex 102.991 18.943 4
      vertex 92.7068 11.4701 4
      vertex 93.1559 11.3807 4
    endloop
  endfacet
  facet normal 0 0 1
    outer loop
      vertex 102.991 18.943 4
      vertex 92.25 11.5 4
      vertex 92.7068 11.4701 4
    endloop
  endfacet
  facet normal 0 0 1
    outer loop
      vertex 102.991 18.943 4
      vertex 91.7932 11.4701 4
      vertex 92.25 11.5 4
    endloop
  endfacet
  facet normal 0 0 1
    outer loop
      vertex 102.991 18.943 4
      vertex 91.3441 11.3807 4
      vertex 91.7932 11.4701 4
    endloop
  endfacet
  facet normal 0 0 1
    outer loop
      vertex 102.991 18.943 4
      vertex 90.9106 11.2336 4
      vertex 91.3441 11.3807 4
    endloop
  endfacet
  facet normal 0 0 1
    outer loop
      vertex 55.7144 11.2336 4
      vertex 90.9106 11.2336 4
      vertex 102.991 18.943 4
    endloop
  endfacet
  facet normal 0 0 1
    outer loop
      vertex 88.75 8 4
      vertex 57.875 8 4
      vertex 88.75 -8 4
    endloop
  endfacet
  facet normal 0 0 1
    outer loop
      vertex 88.7799 8.45684 4
      vertex 57.875 8 4
      vertex 88.75 8 4
    endloop
  endfacet
  facet normal 0 0 1
    outer loop
      vertex 57.8451 8.45684 4
      vertex 88.7799 8.45684 4
      vertex 88.8693 8.90587 4
    endloop
  endfacet
  facet normal 0 0 1
    outer loop
      vertex 57.7557 8.90587 4
      vertex 88.8693 8.90587 4
      vertex 89.0164 9.33939 4
    endloop
  endfacet
  facet normal 0 0 1
    outer loop
      vertex 57.6086 9.33939 4
      vertex 89.0164 9.33939 4
      vertex 89.2189 9.75 4
    endloop
  endfacet
  facet normal 0 0 1
    outer loop
      vertex 57.4061 9.75 4
      vertex 89.2189 9.75 4
      vertex 89.4733 10.1307 4
    endloop
  endfacet
  facet normal 0 0 1
    outer loop
      vertex 57.1517 10.1307 4
      vertex 89.4733 10.1307 4
      vertex 89.7751 10.4749 4
    endloop
  endfacet
  facet normal 0 0 1
    outer loop
      vertex 56.8499 10.4749 4
      vertex 89.7751 10.4749 4
      vertex 90.1193 10.7767 4
    endloop
  endfacet
  facet normal 0 0 1
    outer loop
      vertex 56.5057 10.7767 4
      vertex 90.1193 10.7767 4
      vertex 90.5 11.0311 4
    endloop
  endfacet
  facet normal 0 0 1
    outer loop
      vertex 90.9106 11.2336 4
      vertex 55.7144 11.2336 4
      vertex 90.5 11.0311 4
    endloop
  endfacet
  facet normal 0 0 1
    outer loop
      vertex 88.7799 8.45684 4
      vertex 57.8451 8.45684 4
      vertex 57.875 8 4
    endloop
  endfacet
  facet normal 0 0 1
    outer loop
      vertex 88.8693 8.90587 4
      vertex 57.7557 8.90587 4
      vertex 57.8451 8.45684 4
    endloop
  endfacet
  facet normal 0 0 1
    outer loop
      vertex 89.0164 9.33939 4
      vertex 57.6086 9.33939 4
      vertex 57.7557 8.90587 4
    endloop
  endfacet
  facet normal 0 0 1
    outer loop
      vertex 89.2189 9.75 4
      vertex 57.4061 9.75 4
      vertex 57.6086 9.33939 4
    endloop
  endfacet
  facet normal 0 0 1
    outer loop
      vertex 89.4733 10.1307 4
      vertex 57.1517 10.1307 4
      vertex 57.4061 9.75 4
    endloop
  endfacet
  facet normal 0 0 1
    outer loop
      vertex 89.7751 10.4749 4
      vertex 56.8499 10.4749 4
      vertex 57.1517 10.1307 4
    endloop
  endfacet
  facet normal 0 0 1
    outer loop
      vertex 90.1193 10.7767 4
      vertex 56.5057 10.7767 4
      vertex 56.8499 10.4749 4
    endloop
  endfacet
  facet normal 0 0 1
    outer loop
      vertex 90.5 11.0311 4
      vertex 56.125 11.0311 4
      vertex 56.5057 10.7767 4
    endloop
  endfacet
  facet normal 0 0 1
    outer loop
      vertex 90.5 11.0311 4
      vertex 55.7144 11.2336 4
      vertex 56.125 11.0311 4
    endloop
  endfacet
  facet normal 0 0 1
    outer loop
      vertex 102.991 18.943 4
      vertex 55.2809 11.3807 4
      vertex 55.7144 11.2336 4
    endloop
  endfacet
  facet normal 0 0 1
    outer loop
      vertex 102.991 18.943 4
      vertex 54.8318 11.4701 4
      vertex 55.2809 11.3807 4
    endloop
  endfacet
  facet normal 0 0 1
    outer loop
      vertex 102.991 18.943 4
      vertex 54.375 11.5 4
      vertex 54.8318 11.4701 4
    endloop
  endfacet
  facet normal 0 0 1
    outer loop
      vertex -2.5 22 4
      vertex 54.375 11.5 4
      vertex 102.991 18.943 4
    endloop
  endfacet
  facet normal 0 0 1
    outer loop
      vertex 50.875 8 4
      vertex 20 8 4
      vertex 50.875 -8 4
    endloop
  endfacet
  facet normal 0 0 1
    outer loop
      vertex 50.9049 8.45684 4
      vertex 20 8 4
      vertex 50.875 8 4
    endloop
  endfacet
  facet normal 0 0 1
    outer loop
      vertex 19.9701 8.45684 4
      vertex 50.9049 8.45684 4
      vertex 50.9943 8.90587 4
    endloop
  endfacet
  facet normal 0 0 1
    outer loop
      vertex 19.8807 8.90587 4
      vertex 50.9943 8.90587 4
      vertex 51.1414 9.33939 4
    endloop
  endfacet
  facet normal 0 0 1
    outer loop
      vertex 19.7336 9.33939 4
      vertex 51.1414 9.33939 4
      vertex 51.3439 9.75 4
    endloop
  endfacet
  facet normal 0 0 1
    outer loop
      vertex 19.5311 9.75 4
      vertex 51.3439 9.75 4
      vertex 51.5983 10.1307 4
    endloop
  endfacet
  facet normal 0 0 1
    outer loop
      vertex 19.2767 10.1307 4
      vertex 51.5983 10.1307 4
      vertex 51.9001 10.4749 4
    endloop
  endfacet
  facet normal 0 0 1
    outer loop
      vertex 18.9749 10.4749 4
      vertex 51.9001 10.4749 4
      vertex 52.2443 10.7767 4
    endloop
  endfacet
  facet normal 0 0 1
    outer loop
      vertex 18.6307 10.7767 4
      vertex 52.2443 10.7767 4
      vertex 52.625 11.0311 4
    endloop
  endfacet
  facet normal 0 0 1
    outer loop
      vertex 18.25 11.0311 4
      vertex 52.625 11.0311 4
      vertex 53.0356 11.2336 4
    endloop
  endfacet
  facet normal 0 0 1
    outer loop
      vertex 17.8394 11.2336 4
      vertex 53.0356 11.2336 4
      vertex 53.4691 11.3807 4
    endloop
  endfacet
  facet normal 0 0 1
    outer loop
      vertex -2.5 22 4
      vertex 53.4691 11.3807 4
      vertex 53.9182 11.4701 4
    endloop
  endfacet
  facet normal 0 0 1
    outer loop
      vertex 54.375 11.5 4
      vertex -2.5 22 4
      vertex 53.9182 11.4701 4
    endloop
  endfacet
  facet normal 0 0 1
    outer loop
      vertex 50.9049 8.45684 4
      vertex 19.9701 8.45684 4
      vertex 20 8 4
    endloop
  endfacet
  facet normal 0 0 1
    outer loop
      vertex 50.9943 8.90587 4
      vertex 19.8807 8.90587 4
      vertex 19.9701 8.45684 4
    endloop
  endfacet
  facet normal 0 0 1
    outer loop
      vertex 51.1414 9.33939 4
      vertex 19.7336 9.33939 4
      vertex 19.8807 8.90587 4
    endloop
  endfacet
  facet normal 0 0 1
    outer loop
      vertex 51.3439 9.75 4
      vertex 19.5311 9.75 4
      vertex 19.7336 9.33939 4
    endloop
  endfacet
  facet normal 0 0 1
    outer loop
      vertex 51.5983 10.1307 4
      vertex 19.2767 10.1307 4
      vertex 19.5311 9.75 4
    endloop
  endfacet
  facet normal 0 0 1
    outer loop
      vertex 51.9001 10.4749 4
      vertex 18.9749 10.4749 4
      vertex 19.2767 10.1307 4
    endloop
  endfacet
  facet normal 0 0 1
    outer loop
      vertex 52.2443 10.7767 4
      vertex 18.6307 10.7767 4
      vertex 18.9749 10.4749 4
    endloop
  endfacet
  facet normal 0 0 1
    outer loop
      vertex 52.625 11.0311 4
      vertex 18.25 11.0311 4
      vertex 18.6307 10.7767 4
    endloop
  endfacet
  facet normal 0 0 1
    outer loop
      vertex 53.0356 11.2336 4
      vertex 17.8394 11.2336 4
      vertex 18.25 11.0311 4
    endloop
  endfacet
  facet normal 0 0 1
    outer loop
      vertex 53.4691 11.3807 4
      vertex -2.5 22 4
      vertex 17.4059 11.3807 4
    endloop
  endfacet
  facet normal 0 0 1
    outer loop
      vertex 53.4691 11.3807 4
      vertex 17.4059 11.3807 4
      vertex 17.8394 11.2336 4
    endloop
  endfacet
  facet normal 0 0 1
    outer loop
      vertex 17.4059 11.3807 4
      vertex -2.5 22 4
      vertex 16.9568 11.4701 4
    endloop
  endfacet
  facet normal 0 0 1
    outer loop
      vertex 16.9568 11.4701 4
      vertex -2.5 22 4
      vertex 16.5 11.5 4
    endloop
  endfacet
  facet normal 0 0 1
    outer loop
      vertex 13 8 4
      vertex 2.7 0 4
      vertex 13 -8 4
    endloop
  endfacet
  facet normal 0 0 1
    outer loop
      vertex 1.35 2.33827 4
      vertex 13 8 4
      vertex 13.0299 8.45684 4
    endloop
  endfacet
  facet normal 0 0 1
    outer loop
      vertex 1.03325 2.49447 4
      vertex 13.0299 8.45684 4
      vertex 13.1193 8.90587 4
    endloop
  endfacet
  facet normal 0 0 1
    outer loop
      vertex -2.5 17 4
      vertex 13.1193 8.90587 4
      vertex 13.2664 9.33939 4
    endloop
  endfacet
  facet normal 0 0 1
    outer loop
      vertex -2.5 17 4
      vertex 13.2664 9.33939 4
      vertex 13.4689 9.75 4
    endloop
  endfacet
  facet normal 0 0 1
    outer loop
      vertex -2.5 17 4
      vertex 13.4689 9.75 4
      vertex 13.7233 10.1307 4
    endloop
  endfacet
  facet normal 0 0 1
    outer loop
      vertex -2.5 17 4
      vertex 13.7233 10.1307 4
      vertex 14.0251 10.4749 4
    endloop
  endfacet
  facet normal 0 0 1
    outer loop
      vertex 13 8 4
      vertex 2.6769 0.35242 4
      vertex 2.7 0 4
    endloop
  endfacet
  facet normal 0 0 1
    outer loop
      vertex 13 8 4
      vertex 2.608 0.698811 4
      vertex 2.6769 0.35242 4
    endloop
  endfacet
  facet normal 0 0 1
    outer loop
      vertex -2.5 17 4
      vertex 14.0251 10.4749 4
      vertex 14.3693 10.7767 4
    endloop
  endfacet
  facet normal 0 0 1
    outer loop
      vertex 13 8 4
      vertex 2.49447 1.03325 4
      vertex 2.608 0.698811 4
    endloop
  endfacet
  facet normal 0 0 1
    outer loop
      vertex 13 8 4
      vertex 2.33827 1.35 4
      vertex 2.49447 1.03325 4
    endloop
  endfacet
  facet normal 0 0 1
    outer loop
      vertex 13 8 4
      vertex 2.14205 1.64366 4
      vertex 2.33827 1.35 4
    endloop
  endfacet
  facet normal 0 0 1
    outer loop
      vertex 13 8 4
      vertex 1.90919 1.90919 4
      vertex 2.14205 1.64366 4
    endloop
  endfacet
  facet normal 0 0 1
    outer loop
      vertex 13 8 4
      vertex 1.64366 2.14205 4
      vertex 1.90919 1.90919 4
    endloop
  endfacet
  facet normal 0 0 1
    outer loop
      vertex 13 8 4
      vertex 1.35 2.33827 4
      vertex 1.64366 2.14205 4
    endloop
  endfacet
  facet normal 0 0 1
    outer loop
      vertex -2.5 22 4
      vertex 14.3693 10.7767 4
      vertex 14.75 11.0311 4
    endloop
  endfacet
  facet normal 0 0 1
    outer loop
      vertex 13.0299 8.45684 4
      vertex 1.03325 2.49447 4
      vertex 1.35 2.33827 4
    endloop
  endfacet
  facet normal 0 0 1
    outer loop
      vertex 13.1193 8.90587 4
      vertex -2.5 17 4
      vertex 1.03325 2.49447 4
    endloop
  endfacet
  facet normal 0 0 1
    outer loop
      vertex 1.03325 2.49447 4
      vertex -2.5 17 4
      vertex 0.698811 2.608 4
    endloop
  endfacet
  facet normal 0 0 1
    outer loop
      vertex 0.698811 2.608 4
      vertex -2.5 17 4
      vertex 0.35242 2.6769 4
    endloop
  endfacet
  facet normal -0 0 1
    outer loop
      vertex -6 8.59213 4
      vertex 0.35242 2.6769 4
      vertex -2.5 17 4
    endloop
  endfacet
  facet normal 0 0 1
    outer loop
      vertex 0.35242 2.6769 4
      vertex -6 8.59213 4
      vertex 0 2.7 4
    endloop
  endfacet
  facet normal 0 0 1
    outer loop
      vertex 0 2.7 4
      vertex -6 8.59213 4
      vertex -0.35242 2.6769 4
    endloop
  endfacet
  facet normal 0 0 1
    outer loop
      vertex -0.35242 2.6769 4
      vertex -6 8.59213 4
      vertex -0.698811 2.608 4
    endloop
  endfacet
  facet normal -0 0 1
    outer loop
      vertex -2.5 22 4
      vertex 102.991 18.943 4
      vertex 209 22 4
    endloop
  endfacet
  facet normal 0 0 1
    outer loop
      vertex 16.5 11.5 4
      vertex -2.5 22 4
      vertex 16.0432 11.4701 4
    endloop
  endfacet
  facet normal 0 0 1
    outer loop
      vertex -2.5 22 4
      vertex 15.5941 11.3807 4
      vertex 16.0432 11.4701 4
    endloop
  endfacet
  facet normal 0 0 1
    outer loop
      vertex -2.5 22 4
      vertex 15.1606 11.2336 4
      vertex 15.5941 11.3807 4
    endloop
  endfacet
  facet normal 0 0 1
    outer loop
      vertex -2.5 22 4
      vertex 14.75 11.0311 4
      vertex 15.1606 11.2336 4
    endloop
  endfacet
  facet normal 0 0 1
    outer loop
      vertex 14.3693 10.7767 4
      vertex -2.5 22 4
      vertex -2.5 17 4
    endloop
  endfacet
  facet normal 0 0 1
    outer loop
      vertex -0.698811 2.608 4
      vertex -6 8.59213 4
      vertex -1.03325 2.49447 4
    endloop
  endfacet
  facet normal 0 0 1
    outer loop
      vertex -1.03325 2.49447 4
      vertex -6 8.59213 4
      vertex -1.35 2.33827 4
    endloop
  endfacet
  facet normal 0 0 1
    outer loop
      vertex -1.35 2.33827 4
      vertex -6 8.59213 4
      vertex -1.64366 2.14205 4
    endloop
  endfacet
  facet normal -0 0 1
    outer loop
      vertex -6.39199 8.33021 4
      vertex -1.64366 2.14205 4
      vertex -6 8.59213 4
    endloop
  endfacet
  facet normal 0 0 1
    outer loop
      vertex -1.64366 2.14205 4
      vertex -6.39199 8.33021 4
      vertex -1.90919 1.90919 4
    endloop
  endfacet
  facet normal -0 0 1
    outer loop
      vertex -7.42462 7.42462 4
      vertex -1.90919 1.90919 4
      vertex -6.39199 8.33021 4
    endloop
  endfacet
  facet normal 0 0 1
    outer loop
      vertex -1.90919 1.90919 4
      vertex -7.42462 7.42462 4
      vertex -2.14205 1.64366 4
    endloop
  endfacet
  facet normal -0 0 1
    outer loop
      vertex -8.33021 6.39199 4
      vertex -2.14205 1.64366 4
      vertex -7.42462 7.42462 4
    endloop
  endfacet
  facet normal 0 0 1
    outer loop
      vertex -2.14205 1.64366 4
      vertex -8.33021 6.39199 4
      vertex -2.33827 1.35 4
    endloop
  endfacet
  facet normal 0 0 1
    outer loop
      vertex -6 8.59213 4
      vertex -2.5 17 4
      vertex -6 17 4
    endloop
  endfacet
  facet normal -0 0 1
    outer loop
      vertex 198.776 -0.365473 4
      vertex 209 -22 4
      vertex 198.8 0 4
    endloop
  endfacet
  facet normal -0 0 1
    outer loop
      vertex 198.705 -0.724693 4
      vertex 209 -22 4
      vertex 198.776 -0.365473 4
    endloop
  endfacet
  facet normal -0 0 1
    outer loop
      vertex 198.587 -1.07151 4
      vertex 209 -22 4
      vertex 198.705 -0.724693 4
    endloop
  endfacet
  facet normal -0 0 1
    outer loop
      vertex 198.425 -1.4 4
      vertex 209 -22 4
      vertex 198.587 -1.07151 4
    endloop
  endfacet
  facet normal -0 0 1
    outer loop
      vertex 198.221 -1.70453 4
      vertex 209 -22 4
      vertex 198.425 -1.4 4
    endloop
  endfacet
  facet normal -0 0 1
    outer loop
      vertex 197.98 -1.9799 4
      vertex 209 -22 4
      vertex 198.221 -1.70453 4
    endloop
  endfacet
  facet normal 0 0 1
    outer loop
      vertex 195.078 -8.92338 4
      vertex 197.98 -1.9799 4
      vertex 197.705 -2.22139 4
    endloop
  endfacet
  facet normal 0 0 1
    outer loop
      vertex 195.056 -8.65745 4
      vertex 197.705 -2.22139 4
      vertex 197.4 -2.42487 4
    endloop
  endfacet
  facet normal 0 0 1
    outer loop
      vertex 195.056 -8.65745 4
      vertex 197.4 -2.42487 4
      vertex 197.072 -2.58686 4
    endloop
  endfacet
  facet normal 0 0 1
    outer loop
      vertex 195.056 -8.65745 4
      vertex 197.072 -2.58686 4
      vertex 196.725 -2.70459 4
    endloop
  endfacet
  facet normal 0 0 1
    outer loop
      vertex 195.056 -8.65745 4
      vertex 196.725 -2.70459 4
      vertex 196.365 -2.77604 4
    endloop
  endfacet
  facet normal 0 0 1
    outer loop
      vertex 194.845 -6.21768 4
      vertex 196.365 -2.77604 4
      vertex 196 -2.8 4
    endloop
  endfacet
  facet normal 0 0 1
    outer loop
      vertex 197.98 -1.9799 4
      vertex 195.078 -8.92338 4
      vertex 209 -22 4
    endloop
  endfacet
  facet normal -0 0 1
    outer loop
      vertex 195.055 -9.22404 4
      vertex 209 -22 4
      vertex 195.078 -8.92338 4
    endloop
  endfacet
  facet normal -0 0 1
    outer loop
      vertex 194.984 -9.49087 4
      vertex 209 -22 4
      vertex 195.055 -9.22404 4
    endloop
  endfacet
  facet normal -0 0 1
    outer loop
      vertex 194.866 -9.72389 4
      vertex 209 -22 4
      vertex 194.984 -9.49087 4
    endloop
  endfacet
  facet normal -0 0 1
    outer loop
      vertex 194.701 -9.92308 4
      vertex 209 -22 4
      vertex 194.866 -9.72389 4
    endloop
  endfacet
  facet normal -0 0 1
    outer loop
      vertex 194.494 -10.0826 4
      vertex 209 -22 4
      vertex 194.701 -9.92308 4
    endloop
  endfacet
  facet normal -0 0 1
    outer loop
      vertex 194.251 -10.1965 4
      vertex 209 -22 4
      vertex 194.494 -10.0826 4
    endloop
  endfacet
  facet normal -0 0 1
    outer loop
      vertex 193.971 -10.2648 4
      vertex 209 -22 4
      vertex 194.251 -10.1965 4
    endloop
  endfacet
  facet normal -0 0 1
    outer loop
      vertex 193.654 -10.2876 4
      vertex 209 -22 4
      vertex 193.971 -10.2648 4
    endloop
  endfacet
  facet normal 0 0 1
    outer loop
      vertex 193.387 -10.2723 4
      vertex 209 -22 4
      vertex 193.654 -10.2876 4
    endloop
  endfacet
  facet normal 0 0 1
    outer loop
      vertex 193.147 -10.2264 4
      vertex 209 -22 4
      vertex 193.387 -10.2723 4
    endloop
  endfacet
  facet normal 0 0 1
    outer loop
      vertex 190.245 -9.71803 4
      vertex 193.147 -10.2264 4
      vertex 192.934 -10.1499 4
    endloop
  endfacet
  facet normal 0 0 1
    outer loop
      vertex 190.664 -9.71803 4
      vertex 192.934 -10.1499 4
      vertex 192.749 -10.0427 4
    endloop
  endfacet
  facet normal 0 0 1
    outer loop
      vertex 192.43 -8.37655 4
      vertex 191.871 -8.49902 4
      vertex 192.313 -9.33352 4
    endloop
  endfacet
  facet normal 0 0 1
    outer loop
      vertex 190.664 -9.71803 4
      vertex 192.313 -9.33352 4
      vertex 191.871 -8.49902 4
    endloop
  endfacet
  facet normal 0 0 1
    outer loop
      vertex 190.664 -9.71803 4
      vertex 191.871 -8.49902 4
      vertex 190.664 -8.49902 4
    endloop
  endfacet
  facet normal 0 0 1
    outer loop
      vertex 192.313 -9.33352 4
      vertex 190.664 -9.71803 4
      vertex 192.374 -9.55192 4
    endloop
  endfacet
  facet normal 0 0 1
    outer loop
      vertex 192.374 -9.55192 4
      vertex 190.664 -9.71803 4
      vertex 192.467 -9.74292 4
    endloop
  endfacet
  facet normal 0 0 1
    outer loop
      vertex 192.467 -9.74292 4
      vertex 190.664 -9.71803 4
      vertex 192.592 -9.90651 4
    endloop
  endfacet
  facet normal 0 0 1
    outer loop
      vertex 192.592 -9.90651 4
      vertex 190.664 -9.71803 4
      vertex 192.749 -10.0427 4
    endloop
  endfacet
  facet normal 0 0 1
    outer loop
      vertex 192.934 -10.1499 4
      vertex 190.664 -9.71803 4
      vertex 190.245 -9.71803 4
    endloop
  endfacet
  facet normal 0 0 1
    outer loop
      vertex 193.147 -10.2264 4
      vertex 190.245 -9.71803 4
      vertex 183.256 -10.2648 4
    endloop
  endfacet
  facet normal 0 0 1
    outer loop
      vertex 184.34 -9.22404 4
      vertex 189.037 -8.49902 4
      vertex 184.364 -8.92338 4
    endloop
  endfacet
  facet normal 0 0 1
    outer loop
      vertex 184.269 -9.49087 4
      vertex 189.037 -8.49902 4
      vertex 184.34 -9.22404 4
    endloop
  endfacet
  facet normal 0 0 1
    outer loop
      vertex 184.151 -9.72389 4
      vertex 189.037 -8.49902 4
      vertex 184.269 -9.49087 4
    endloop
  endfacet
  facet normal 0 0 1
    outer loop
      vertex 189.037 -8.49902 4
      vertex 184.151 -9.72389 4
      vertex 190.245 -9.71803 4
    endloop
  endfacet
  facet normal 0 0 1
    outer loop
      vertex 183.986 -9.92308 4
      vertex 190.245 -9.71803 4
      vertex 184.151 -9.72389 4
    endloop
  endfacet
  facet normal 0 0 1
    outer loop
      vertex 183.779 -10.0826 4
      vertex 190.245 -9.71803 4
      vertex 183.986 -9.92308 4
    endloop
  endfacet
  facet normal 0 0 1
    outer loop
      vertex 183.536 -10.1965 4
      vertex 190.245 -9.71803 4
      vertex 183.779 -10.0826 4
    endloop
  endfacet
  facet normal 0 0 1
    outer loop
      vertex 183.256 -10.2648 4
      vertex 190.245 -9.71803 4
      vertex 183.536 -10.1965 4
    endloop
  endfacet
  facet normal 0 0 1
    outer loop
      vertex 193.147 -10.2264 4
      vertex 183.256 -10.2648 4
      vertex 209 -22 4
    endloop
  endfacet
  facet normal -0 0 1
    outer loop
      vertex 182.939 -10.2876 4
      vertex 209 -22 4
      vertex 183.256 -10.2648 4
    endloop
  endfacet
  facet normal 0 0 1
    outer loop
      vertex 182.672 -10.2723 4
      vertex 209 -22 4
      vertex 182.939 -10.2876 4
    endloop
  endfacet
  facet normal 0 0 1
    outer loop
      vertex 182.432 -10.2264 4
      vertex 209 -22 4
      vertex 182.672 -10.2723 4
    endloop
  endfacet
  facet normal 0 0 1
    outer loop
      vertex 131.464 -11.2336 4
      vertex 182.432 -10.2264 4
      vertex 182.22 -10.1499 4
    endloop
  endfacet
  facet normal 0 0 1
    outer loop
      vertex 181.715 -8.37655 4
      vertex 181.151 -8.90915 4
      vertex 181.598 -9.33352 4
    endloop
  endfacet
  facet normal 0 0 1
    outer loop
      vertex 181.598 -9.33352 4
      vertex 181.151 -8.90915 4
      vertex 181.659 -9.55192 4
    endloop
  endfacet
  facet normal -0 0 1
    outer loop
      vertex 179.727 -8.90915 4
      vertex 181.659 -9.55192 4
      vertex 181.151 -8.90915 4
    endloop
  endfacet
  facet normal 0 0 1
    outer loop
      vertex 181.659 -9.55192 4
      vertex 179.727 -8.90915 4
      vertex 181.753 -9.74292 4
    endloop
  endfacet
  facet normal 0 0 1
    outer loop
      vertex 179.727 -8.90915 4
      vertex 181.877 -9.90651 4
      vertex 181.753 -9.74292 4
    endloop
  endfacet
  facet normal 0 0 1
    outer loop
      vertex 179.727 -8.90915 4
      vertex 182.034 -10.0427 4
      vertex 181.877 -9.90651 4
    endloop
  endfacet
  facet normal 0 0 1
    outer loop
      vertex 179.727 -8.90915 4
      vertex 182.22 -10.1499 4
      vertex 182.034 -10.0427 4
    endloop
  endfacet
  facet normal 0 0 1
    outer loop
      vertex 177.275 -2.70459 4
      vertex 179.727 -8.45344 4
      vertex 177.635 -2.77604 4
    endloop
  endfacet
  facet normal 0 0 1
    outer loop
      vertex 176.928 -2.58686 4
      vertex 179.727 -8.45344 4
      vertex 177.275 -2.70459 4
    endloop
  endfacet
  facet normal 0 0 1
    outer loop
      vertex 176.6 -2.42487 4
      vertex 179.727 -8.45344 4
      vertex 176.928 -2.58686 4
    endloop
  endfacet
  facet normal 0 0 1
    outer loop
      vertex 176.295 -2.22139 4
      vertex 179.727 -8.45344 4
      vertex 176.6 -2.42487 4
    endloop
  endfacet
  facet normal 0 0 1
    outer loop
      vertex 179.727 -8.45344 4
      vertex 176.295 -2.22139 4
      vertex 179.727 -8.90915 4
    endloop
  endfacet
  facet normal 0 0 1
    outer loop
      vertex 176.02 -1.9799 4
      vertex 179.727 -8.90915 4
      vertex 176.295 -2.22139 4
    endloop
  endfacet
  facet normal 0 0 1
    outer loop
      vertex 175.779 -1.70453 4
      vertex 179.727 -8.90915 4
      vertex 176.02 -1.9799 4
    endloop
  endfacet
  facet normal 0 0 1
    outer loop
      vertex 133.506 -8.90587 4
      vertex 175.779 -1.70453 4
      vertex 175.575 -1.4 4
    endloop
  endfacet
  facet normal -0 0 1
    outer loop
      vertex 165.272 14.1656 4
      vertex 175.295 0.724693 4
      vertex 166.046 14.1656 4
    endloop
  endfacet
  facet normal -0 0 1
    outer loop
      vertex 164.526 14.1656 4
      vertex 175.295 0.724693 4
      vertex 165.272 14.1656 4
    endloop
  endfacet
  facet normal 0 0 1
    outer loop
      vertex 175.295 0.724693 4
      vertex 164.526 14.1656 4
      vertex 175.224 0.365473 4
    endloop
  endfacet
  facet normal -0 0 1
    outer loop
      vertex 161.796 14.1656 4
      vertex 175.224 0.365473 4
      vertex 164.526 14.1656 4
    endloop
  endfacet
  facet normal 0 0 1
    outer loop
      vertex 175.224 0.365473 4
      vertex 161.796 14.1656 4
      vertex 175.2 0 4
    endloop
  endfacet
  facet normal -0 0 1
    outer loop
      vertex 161.149 14.1656 4
      vertex 175.2 0 4
      vertex 161.796 14.1656 4
    endloop
  endfacet
  facet normal -0 0 1
    outer loop
      vertex 158.878 14.1656 4
      vertex 175.2 0 4
      vertex 161.149 14.1656 4
    endloop
  endfacet
  facet normal 0 0 1
    outer loop
      vertex 175.2 0 4
      vertex 158.878 14.1656 4
      vertex 175.224 -0.365473 4
    endloop
  endfacet
  facet normal -0 0 1
    outer loop
      vertex 158.234 14.1656 4
      vertex 175.224 -0.365473 4
      vertex 158.878 14.1656 4
    endloop
  endfacet
  facet normal 0 0 1
    outer loop
      vertex 161.796 14.1656 4
      vertex 163.285 16.1491 4
      vertex 161.796 16.1491 4
    endloop
  endfacet
  facet normal 0 0 1
    outer loop
      vertex 163.285 16.1491 4
      vertex 161.796 14.1656 4
      vertex 164.526 14.1656 4
    endloop
  endfacet
  facet normal 0 0 1
    outer loop
      vertex 175.224 -0.365473 4
      vertex 158.234 14.1656 4
      vertex 175.295 -0.724693 4
    endloop
  endfacet
  facet normal -0 0 1
    outer loop
      vertex 155.988 14.1656 4
      vertex 175.295 -0.724693 4
      vertex 158.234 14.1656 4
    endloop
  endfacet
  facet normal 0 0 1
    outer loop
      vertex 161.149 18.943 4
      vertex 160.519 18.4141 4
      vertex 161.149 14.1656 4
    endloop
  endfacet
  facet normal 0 0 1
    outer loop
      vertex 158.878 14.1656 4
      vertex 160.519 18.4141 4
      vertex 158.878 18.4141 4
    endloop
  endfacet
  facet normal 0 0 1
    outer loop
      vertex 160.519 18.4141 4
      vertex 158.878 14.1656 4
      vertex 161.149 14.1656 4
    endloop
  endfacet
  facet normal -0 0 1
    outer loop
      vertex 155.208 14.1656 4
      vertex 175.295 -0.724693 4
      vertex 155.988 14.1656 4
    endloop
  endfacet
  facet normal 0 0 1
    outer loop
      vertex 133.625 -8 4
      vertex 175.295 -0.724693 4
      vertex 155.208 14.1656 4
    endloop
  endfacet
  facet normal 0 0 1
    outer loop
      vertex 155.988 14.1656 4
      vertex 156.593 18.4141 4
      vertex 155.988 18.943 4
    endloop
  endfacet
  facet normal 0 0 1
    outer loop
      vertex 156.593 18.4141 4
      vertex 155.988 14.1656 4
      vertex 158.234 14.1656 4
    endloop
  endfacet
  facet normal 0 0 1
    outer loop
      vertex 175.295 -0.724693 4
      vertex 133.625 -8 4
      vertex 175.413 -1.07151 4
    endloop
  endfacet
  facet normal 0 0 1
    outer loop
      vertex 133.595 -8.45684 4
      vertex 175.413 -1.07151 4
      vertex 133.625 -8 4
    endloop
  endfacet
  facet normal 0 0 1
    outer loop
      vertex 152.685 14.1656 4
      vertex 155.208 14.1656 4
      vertex 152.685 17.3393 4
    endloop
  endfacet
  facet normal 0 0 1
    outer loop
      vertex 133.625 -8 4
      vertex 155.208 14.1656 4
      vertex 152.685 14.1656 4
    endloop
  endfacet
  facet normal 0 0 1
    outer loop
      vertex 133.625 -8 4
      vertex 152.685 14.1656 4
      vertex 152.109 14.1656 4
    endloop
  endfacet
  facet normal 0 0 1
    outer loop
      vertex 151.349 14.1656 4
      vertex 152.109 14.1656 4
      vertex 151.349 14.6946 4
    endloop
  endfacet
  facet normal 0 0 1
    outer loop
      vertex 133.625 -8 4
      vertex 152.109 14.1656 4
      vertex 151.349 14.1656 4
    endloop
  endfacet
  facet normal 0 0 1
    outer loop
      vertex 133.625 -8 4
      vertex 151.349 14.1656 4
      vertex 147.585 14.1656 4
    endloop
  endfacet
  facet normal -0 0 1
    outer loop
      vertex 146.706 15.069 4
      vertex 147.585 14.1656 4
      vertex 146.869 15.3591 4
    endloop
  endfacet
  facet normal -0 0 1
    outer loop
      vertex 146.514 14.8158 4
      vertex 147.585 14.1656 4
      vertex 146.706 15.069 4
    endloop
  endfacet
  facet normal -0 0 1
    outer loop
      vertex 146.292 14.5994 4
      vertex 147.585 14.1656 4
      vertex 146.514 14.8158 4
    endloop
  endfacet
  facet normal -0 0 1
    outer loop
      vertex 146.04 14.4199 4
      vertex 147.585 14.1656 4
      vertex 146.292 14.5994 4
    endloop
  endfacet
  facet normal -0 0 1
    outer loop
      vertex 145.762 14.279 4
      vertex 147.585 14.1656 4
      vertex 146.04 14.4199 4
    endloop
  endfacet
  facet normal -0 0 1
    outer loop
      vertex 145.463 14.1784 4
      vertex 147.585 14.1656 4
      vertex 145.762 14.279 4
    endloop
  endfacet
  facet normal 0 0 1
    outer loop
      vertex 145.142 14.118 4
      vertex 147.585 14.1656 4
      vertex 145.463 14.1784 4
    endloop
  endfacet
  facet normal 0 0 1
    outer loop
      vertex 147.585 14.1656 4
      vertex 145.142 14.118 4
      vertex 133.625 -8 4
    endloop
  endfacet
  facet normal 0 0 1
    outer loop
      vertex 133.625 -8 4
      vertex 145.142 14.118 4
      vertex 144.8 14.0978 4
    endloop
  endfacet
  facet normal 0 0 1
    outer loop
      vertex 133.625 8 4
      vertex 144.8 14.0978 4
      vertex 144.451 14.1166 4
    endloop
  endfacet
  facet normal 0 0 1
    outer loop
      vertex 133.625 8 4
      vertex 144.451 14.1166 4
      vertex 144.127 14.1729 4
    endloop
  endfacet
  facet normal 0 0 1
    outer loop
      vertex 133.625 8 4
      vertex 144.127 14.1729 4
      vertex 143.827 14.2666 4
    endloop
  endfacet
  facet normal 0 0 1
    outer loop
      vertex 138.655 14.1656 4
      vertex 143.827 14.2666 4
      vertex 143.551 14.3979 4
    endloop
  endfacet
  facet normal 0 0 1
    outer loop
      vertex 142.509 17.1167 4
      vertex 140.296 18.4141 4
      vertex 142.471 16.5764 4
    endloop
  endfacet
  facet normal 0 0 1
    outer loop
      vertex 142.471 16.5764 4
      vertex 140.296 18.4141 4
      vertex 142.488 16.2077 4
    endloop
  endfacet
  facet normal 0 0 1
    outer loop
      vertex 138.655 14.1656 4
      vertex 142.488 16.2077 4
      vertex 140.296 18.4141 4
    endloop
  endfacet
  facet normal 0 0 1
    outer loop
      vertex 142.488 16.2077 4
      vertex 138.655 14.1656 4
      vertex 142.54 15.8648 4
    endloop
  endfacet
  facet normal 0 0 1
    outer loop
      vertex 142.54 15.8648 4
      vertex 138.655 14.1656 4
      vertex 142.626 15.5474 4
    endloop
  endfacet
  facet normal 0 0 1
    outer loop
      vertex 142.626 15.5474 4
      vertex 138.655 14.1656 4
      vertex 142.747 15.2557 4
    endloop
  endfacet
  facet normal 0 0 1
    outer loop
      vertex 138.655 14.1656 4
      vertex 140.296 18.4141 4
      vertex 138.655 18.4141 4
    endloop
  endfacet
  facet normal 0 0 1
    outer loop
      vertex 142.747 15.2557 4
      vertex 138.655 14.1656 4
      vertex 142.901 14.993 4
    endloop
  endfacet
  facet normal 0 0 1
    outer loop
      vertex 142.901 14.993 4
      vertex 138.655 14.1656 4
      vertex 143.086 14.7624 4
    endloop
  endfacet
  facet normal 0 0 1
    outer loop
      vertex 143.086 14.7624 4
      vertex 138.655 14.1656 4
      vertex 143.303 14.564 4
    endloop
  endfacet
  facet normal 0 0 1
    outer loop
      vertex 138.655 14.1656 4
      vertex 143.551 14.3979 4
      vertex 143.303 14.564 4
    endloop
  endfacet
  facet normal 0 0 1
    outer loop
      vertex 143.827 14.2666 4
      vertex 138.655 14.1656 4
      vertex 133.625 8 4
    endloop
  endfacet
  facet normal 0 0 1
    outer loop
      vertex 133.595 8.45684 4
      vertex 138.655 14.1656 4
      vertex 138.011 14.1656 4
    endloop
  endfacet
  facet normal 0 0 1
    outer loop
      vertex 136.577 14.1656 4
      vertex 138.011 14.1656 4
      vertex 136.577 14.6946 4
    endloop
  endfacet
  facet normal 0 0 1
    outer loop
      vertex 133.506 8.90587 4
      vertex 138.011 14.1656 4
      vertex 136.577 14.1656 4
    endloop
  endfacet
  facet normal 0 0 1
    outer loop
      vertex 144.8 14.0978 4
      vertex 133.625 8 4
      vertex 133.625 -8 4
    endloop
  endfacet
  facet normal 0 0 1
    outer loop
      vertex 175.413 -1.07151 4
      vertex 133.595 -8.45684 4
      vertex 175.575 -1.4 4
    endloop
  endfacet
  facet normal 0 0 1
    outer loop
      vertex 133.506 -8.90587 4
      vertex 175.575 -1.4 4
      vertex 133.595 -8.45684 4
    endloop
  endfacet
  facet normal 0 0 1
    outer loop
      vertex 175.779 -1.70453 4
      vertex 133.506 -8.90587 4
      vertex 179.727 -8.90915 4
    endloop
  endfacet
  facet normal 0 0 1
    outer loop
      vertex 133.359 -9.33939 4
      vertex 179.727 -8.90915 4
      vertex 133.506 -8.90587 4
    endloop
  endfacet
  facet normal 0 0 1
    outer loop
      vertex 133.156 -9.75 4
      vertex 179.727 -8.90915 4
      vertex 133.359 -9.33939 4
    endloop
  endfacet
  facet normal 0 0 1
    outer loop
      vertex 132.902 -10.1307 4
      vertex 179.727 -8.90915 4
      vertex 133.156 -9.75 4
    endloop
  endfacet
  facet normal 0 0 1
    outer loop
      vertex 132.6 -10.4749 4
      vertex 179.727 -8.90915 4
      vertex 132.902 -10.1307 4
    endloop
  endfacet
  facet normal 0 0 1
    outer loop
      vertex 132.256 -10.7767 4
      vertex 179.727 -8.90915 4
      vertex 132.6 -10.4749 4
    endloop
  endfacet
  facet normal 0 0 1
    outer loop
      vertex 131.875 -11.0311 4
      vertex 179.727 -8.90915 4
      vertex 132.256 -10.7767 4
    endloop
  endfacet
  facet normal 0 0 1
    outer loop
      vertex 179.727 -8.90915 4
      vertex 131.875 -11.0311 4
      vertex 182.22 -10.1499 4
    endloop
  endfacet
  facet normal 0 0 1
    outer loop
      vertex 131.464 -11.2336 4
      vertex 182.22 -10.1499 4
      vertex 131.875 -11.0311 4
    endloop
  endfacet
  facet normal 0 0 1
    outer loop
      vertex 182.432 -10.2264 4
      vertex 131.464 -11.2336 4
      vertex 131.031 -11.3807 4
    endloop
  endfacet
  facet normal 0 0 1
    outer loop
      vertex 182.432 -10.2264 4
      vertex 131.031 -11.3807 4
      vertex 209 -22 4
    endloop
  endfacet
  facet normal -0 0 1
    outer loop
      vertex 130.582 -11.4701 4
      vertex 209 -22 4
      vertex 131.031 -11.3807 4
    endloop
  endfacet
  facet normal -0 0 1
    outer loop
      vertex 130.125 -11.5 4
      vertex 209 -22 4
      vertex 130.582 -11.4701 4
    endloop
  endfacet
  facet normal 0 0 1
    outer loop
      vertex 92.25 -11.5 4
      vertex 130.125 -11.5 4
      vertex 129.668 -11.4701 4
    endloop
  endfacet
  facet normal 0 0 1
    outer loop
      vertex 126.744 8.90587 4
      vertex 123.717 14.1656 4
      vertex 126.655 8.45684 4
    endloop
  endfacet
  facet normal 0 0 1
    outer loop
      vertex 119.668 14.3315 4
      vertex 126.655 8.45684 4
      vertex 123.717 14.1656 4
    endloop
  endfacet
  facet normal -0 0 1
    outer loop
      vertex 119.373 14.2394 4
      vertex 126.655 8.45684 4
      vertex 119.668 14.3315 4
    endloop
  endfacet
  facet normal -0 0 1
    outer loop
      vertex 119.058 14.1841 4
      vertex 126.625 8 4
      vertex 119.373 14.2394 4
    endloop
  endfacet
  facet normal -0 0 1
    outer loop
      vertex 121.03 16.2455 4
      vertex 123.717 14.1656 4
      vertex 121.048 16.6035 4
    endloop
  endfacet
  facet normal -0 0 1
    outer loop
      vertex 120.976 15.9105 4
      vertex 123.717 14.1656 4
      vertex 121.03 16.2455 4
    endloop
  endfacet
  facet normal -0 0 1
    outer loop
      vertex 120.886 15.5987 4
      vertex 123.717 14.1656 4
      vertex 120.976 15.9105 4
    endloop
  endfacet
  facet normal -0 0 1
    outer loop
      vertex 120.76 15.3099 4
      vertex 123.717 14.1656 4
      vertex 120.886 15.5987 4
    endloop
  endfacet
  facet normal -0 0 1
    outer loop
      vertex 120.601 15.049 4
      vertex 123.717 14.1656 4
      vertex 120.76 15.3099 4
    endloop
  endfacet
  facet normal -0 0 1
    outer loop
      vertex 120.412 14.8204 4
      vertex 123.717 14.1656 4
      vertex 120.601 15.049 4
    endloop
  endfacet
  facet normal -0 0 1
    outer loop
      vertex 120.192 14.6243 4
      vertex 123.717 14.1656 4
      vertex 120.412 14.8204 4
    endloop
  endfacet
  facet normal -0 0 1
    outer loop
      vertex 119.943 14.4606 4
      vertex 123.717 14.1656 4
      vertex 120.192 14.6243 4
    endloop
  endfacet
  facet normal -0 0 1
    outer loop
      vertex 119.668 14.3315 4
      vertex 123.717 14.1656 4
      vertex 119.943 14.4606 4
    endloop
  endfacet
  facet normal 0 0 1
    outer loop
      vertex 126.655 8.45684 4
      vertex 119.373 14.2394 4
      vertex 126.625 8 4
    endloop
  endfacet
  facet normal -0 0 1
    outer loop
      vertex 118.722 14.1656 4
      vertex 126.625 8 4
      vertex 119.058 14.1841 4
    endloop
  endfacet
  facet normal -0 0 1
    outer loop
      vertex 116.935 14.1656 4
      vertex 126.625 8 4
      vertex 118.722 14.1656 4
    endloop
  endfacet
  facet normal -0 0 1
    outer loop
      vertex 116.46 14.1656 4
      vertex 126.625 8 4
      vertex 116.935 14.1656 4
    endloop
  endfacet
  facet normal -0 0 1
    outer loop
      vertex 115.799 14.1656 4
      vertex 126.625 8 4
      vertex 116.46 14.1656 4
    endloop
  endfacet
  facet normal 0 0 1
    outer loop
      vertex 126.625 8 4
      vertex 115.799 14.1656 4
      vertex 126.625 -8 4
    endloop
  endfacet
  facet normal -0 0 1
    outer loop
      vertex 112.527 14.1656 4
      vertex 126.625 -8 4
      vertex 115.799 14.1656 4
    endloop
  endfacet
  facet normal -0 0 1
    outer loop
      vertex 111.856 14.1656 4
      vertex 126.625 -8 4
      vertex 112.527 14.1656 4
    endloop
  endfacet
  facet normal -0 0 1
    outer loop
      vertex 111.652 14.1656 4
      vertex 126.625 -8 4
      vertex 111.856 14.1656 4
    endloop
  endfacet
  facet normal -0 0 1
    outer loop
      vertex 113.077 15.5626 4
      vertex 115.799 14.1656 4
      vertex 115.253 15.5626 4
    endloop
  endfacet
  facet normal 0 0 1
    outer loop
      vertex 112.527 14.1656 4
      vertex 115.799 14.1656 4
      vertex 113.077 15.5626 4
    endloop
  endfacet
  facet normal 0 0 1
    outer loop
      vertex 95.75 -8 4
      vertex 126.625 -8 4
      vertex 111.652 14.1656 4
    endloop
  endfacet
  facet normal 0 0 1
    outer loop
      vertex 126.625 -8 4
      vertex 95.75 -8 4
      vertex 126.655 -8.45684 4
    endloop
  endfacet
  facet normal 0 0 1
    outer loop
      vertex 95.7201 -8.45684 4
      vertex 126.655 -8.45684 4
      vertex 95.75 -8 4
    endloop
  endfacet
  facet normal 0 0 1
    outer loop
      vertex 111.652 14.1656 4
      vertex 111.856 14.1656 4
      vertex 111.652 14.6946 4
    endloop
  endfacet
  facet normal 0 0 1
    outer loop
      vertex 126.655 -8.45684 4
      vertex 95.7201 -8.45684 4
      vertex 126.744 -8.90587 4
    endloop
  endfacet
  facet normal 0 0 1
    outer loop
      vertex 95.75 -8 4
      vertex 111.652 14.1656 4
      vertex 107.889 14.1656 4
    endloop
  endfacet
  facet normal 0 0 1
    outer loop
      vertex 95.6307 -8.90587 4
      vertex 126.744 -8.90587 4
      vertex 95.7201 -8.45684 4
    endloop
  endfacet
  facet normal 0 0 1
    outer loop
      vertex 95.75 -8 4
      vertex 107.889 14.1656 4
      vertex 107.114 14.1656 4
    endloop
  endfacet
  facet normal 0 0 1
    outer loop
      vertex 95.75 8 4
      vertex 107.114 14.1656 4
      vertex 106.368 14.1656 4
    endloop
  endfacet
  facet normal 0 0 1
    outer loop
      vertex 103.639 14.1656 4
      vertex 105.127 16.1491 4
      vertex 103.639 16.1491 4
    endloop
  endfacet
  facet normal 0 0 1
    outer loop
      vertex 105.127 16.1491 4
      vertex 103.639 14.1656 4
      vertex 106.368 14.1656 4
    endloop
  endfacet
  facet normal 0 0 1
    outer loop
      vertex 95.75 8 4
      vertex 106.368 14.1656 4
      vertex 103.639 14.1656 4
    endloop
  endfacet
  facet normal 0 0 1
    outer loop
      vertex 126.744 -8.90587 4
      vertex 95.6307 -8.90587 4
      vertex 126.891 -9.33939 4
    endloop
  endfacet
  facet normal 0 0 1
    outer loop
      vertex 95.75 8 4
      vertex 103.639 14.1656 4
      vertex 102.991 14.1656 4
    endloop
  endfacet
  facet normal 0 0 1
    outer loop
      vertex 107.114 14.1656 4
      vertex 95.75 8 4
      vertex 95.75 -8 4
    endloop
  endfacet
  facet normal 0 0 1
    outer loop
      vertex 95.4836 -9.33939 4
      vertex 126.891 -9.33939 4
      vertex 95.6307 -8.90587 4
    endloop
  endfacet
  facet normal 0 0 1
    outer loop
      vertex 126.891 -9.33939 4
      vertex 95.4836 -9.33939 4
      vertex 127.094 -9.75 4
    endloop
  endfacet
  facet normal 0 0 1
    outer loop
      vertex 95.2811 -9.75 4
      vertex 127.094 -9.75 4
      vertex 95.4836 -9.33939 4
    endloop
  endfacet
  facet normal 0 0 1
    outer loop
      vertex 127.094 -9.75 4
      vertex 95.2811 -9.75 4
      vertex 127.348 -10.1307 4
    endloop
  endfacet
  facet normal 0 0 1
    outer loop
      vertex 95.0267 -10.1307 4
      vertex 127.348 -10.1307 4
      vertex 95.2811 -9.75 4
    endloop
  endfacet
  facet normal 0 0 1
    outer loop
      vertex 127.348 -10.1307 4
      vertex 95.0267 -10.1307 4
      vertex 127.65 -10.4749 4
    endloop
  endfacet
  facet normal 0 0 1
    outer loop
      vertex 94.7249 -10.4749 4
      vertex 127.65 -10.4749 4
      vertex 95.0267 -10.1307 4
    endloop
  endfacet
  facet normal 0 0 1
    outer loop
      vertex 127.65 -10.4749 4
      vertex 94.7249 -10.4749 4
      vertex 127.994 -10.7767 4
    endloop
  endfacet
  facet normal 0 0 1
    outer loop
      vertex 94.3807 -10.7767 4
      vertex 127.994 -10.7767 4
      vertex 94.7249 -10.4749 4
    endloop
  endfacet
  facet normal 0 0 1
    outer loop
      vertex 127.994 -10.7767 4
      vertex 94.3807 -10.7767 4
      vertex 128.375 -11.0311 4
    endloop
  endfacet
  facet normal 0 0 1
    outer loop
      vertex 94 -11.0311 4
      vertex 128.375 -11.0311 4
      vertex 94.3807 -10.7767 4
    endloop
  endfacet
  facet normal 0 0 1
    outer loop
      vertex 128.375 -11.0311 4
      vertex 94 -11.0311 4
      vertex 128.786 -11.2336 4
    endloop
  endfacet
  facet normal 0 0 1
    outer loop
      vertex 93.5894 -11.2336 4
      vertex 128.786 -11.2336 4
      vertex 94 -11.0311 4
    endloop
  endfacet
  facet normal 0 0 1
    outer loop
      vertex 128.786 -11.2336 4
      vertex 93.5894 -11.2336 4
      vertex 129.219 -11.3807 4
    endloop
  endfacet
  facet normal 0 0 1
    outer loop
      vertex 93.1559 -11.3807 4
      vertex 129.219 -11.3807 4
      vertex 93.5894 -11.2336 4
    endloop
  endfacet
  facet normal 0 0 1
    outer loop
      vertex 129.219 -11.3807 4
      vertex 93.1559 -11.3807 4
      vertex 129.668 -11.4701 4
    endloop
  endfacet
  facet normal 0 0 1
    outer loop
      vertex 92.7068 -11.4701 4
      vertex 129.668 -11.4701 4
      vertex 93.1559 -11.3807 4
    endloop
  endfacet
  facet normal 0 0 1
    outer loop
      vertex 92.25 -11.5 4
      vertex 129.668 -11.4701 4
      vertex 92.7068 -11.4701 4
    endloop
  endfacet
  facet normal 0 0 1
    outer loop
      vertex 130.125 -11.5 4
      vertex 92.25 -11.5 4
      vertex 209 -22 4
    endloop
  endfacet
  facet normal 0 0 1
    outer loop
      vertex -6 -22 4
      vertex 92.25 -11.5 4
      vertex 91.7932 -11.4701 4
    endloop
  endfacet
  facet normal 0 0 1
    outer loop
      vertex 57.875 -8 4
      vertex 88.75 -8 4
      vertex 57.875 8 4
    endloop
  endfacet
  facet normal 0 0 1
    outer loop
      vertex 88.75 -8 4
      vertex 57.875 -8 4
      vertex 88.7799 -8.45684 4
    endloop
  endfacet
  facet normal 0 0 1
    outer loop
      vertex 57.8451 -8.45684 4
      vertex 88.7799 -8.45684 4
      vertex 57.875 -8 4
    endloop
  endfacet
  facet normal 0 0 1
    outer loop
      vertex 88.7799 -8.45684 4
      vertex 57.8451 -8.45684 4
      vertex 88.8693 -8.90587 4
    endloop
  endfacet
  facet normal 0 0 1
    outer loop
      vertex 57.7557 -8.90587 4
      vertex 88.8693 -8.90587 4
      vertex 57.8451 -8.45684 4
    endloop
  endfacet
  facet normal 0 0 1
    outer loop
      vertex 88.8693 -8.90587 4
      vertex 57.7557 -8.90587 4
      vertex 89.0164 -9.33939 4
    endloop
  endfacet
  facet normal 0 0 1
    outer loop
      vertex 57.6086 -9.33939 4
      vertex 89.0164 -9.33939 4
      vertex 57.7557 -8.90587 4
    endloop
  endfacet
  facet normal 0 0 1
    outer loop
      vertex 89.0164 -9.33939 4
      vertex 57.6086 -9.33939 4
      vertex 89.2189 -9.75 4
    endloop
  endfacet
  facet normal 0 0 1
    outer loop
      vertex 57.4061 -9.75 4
      vertex 89.2189 -9.75 4
      vertex 57.6086 -9.33939 4
    endloop
  endfacet
  facet normal 0 0 1
    outer loop
      vertex 89.2189 -9.75 4
      vertex 57.4061 -9.75 4
      vertex 89.4733 -10.1307 4
    endloop
  endfacet
  facet normal 0 0 1
    outer loop
      vertex 57.1517 -10.1307 4
      vertex 89.4733 -10.1307 4
      vertex 57.4061 -9.75 4
    endloop
  endfacet
  facet normal 0 0 1
    outer loop
      vertex 89.4733 -10.1307 4
      vertex 57.1517 -10.1307 4
      vertex 89.7751 -10.4749 4
    endloop
  endfacet
  facet normal 0 0 1
    outer loop
      vertex 56.8499 -10.4749 4
      vertex 89.7751 -10.4749 4
      vertex 57.1517 -10.1307 4
    endloop
  endfacet
  facet normal 0 0 1
    outer loop
      vertex 89.7751 -10.4749 4
      vertex 56.8499 -10.4749 4
      vertex 90.1193 -10.7767 4
    endloop
  endfacet
  facet normal 0 0 1
    outer loop
      vertex 56.5057 -10.7767 4
      vertex 90.1193 -10.7767 4
      vertex 56.8499 -10.4749 4
    endloop
  endfacet
  facet normal 0 0 1
    outer loop
      vertex 90.1193 -10.7767 4
      vertex 56.5057 -10.7767 4
      vertex 90.5 -11.0311 4
    endloop
  endfacet
  facet normal 0 0 1
    outer loop
      vertex 56.125 -11.0311 4
      vertex 90.5 -11.0311 4
      vertex 56.5057 -10.7767 4
    endloop
  endfacet
  facet normal 0 0 1
    outer loop
      vertex 90.5 -11.0311 4
      vertex 56.125 -11.0311 4
      vertex 90.9106 -11.2336 4
    endloop
  endfacet
  facet normal 0 0 1
    outer loop
      vertex 55.7144 -11.2336 4
      vertex 90.9106 -11.2336 4
      vertex 56.125 -11.0311 4
    endloop
  endfacet
  facet normal 0 0 1
    outer loop
      vertex 90.9106 -11.2336 4
      vertex 55.7144 -11.2336 4
      vertex 91.3441 -11.3807 4
    endloop
  endfacet
  facet normal 0 0 1
    outer loop
      vertex 55.2809 -11.3807 4
      vertex 91.3441 -11.3807 4
      vertex 55.7144 -11.2336 4
    endloop
  endfacet
  facet normal 0 0 1
    outer loop
      vertex 91.3441 -11.3807 4
      vertex 55.2809 -11.3807 4
      vertex 91.7932 -11.4701 4
    endloop
  endfacet
  facet normal 0 0 1
    outer loop
      vertex 54.8318 -11.4701 4
      vertex 91.7932 -11.4701 4
      vertex 55.2809 -11.3807 4
    endloop
  endfacet
  facet normal 0 0 1
    outer loop
      vertex -6 -22 4
      vertex 91.7932 -11.4701 4
      vertex 54.8318 -11.4701 4
    endloop
  endfacet
  facet normal 0 0 1
    outer loop
      vertex -6 -22 4
      vertex 54.8318 -11.4701 4
      vertex 54.375 -11.5 4
    endloop
  endfacet
  facet normal 0 0 1
    outer loop
      vertex -6 -22 4
      vertex 54.375 -11.5 4
      vertex 53.9182 -11.4701 4
    endloop
  endfacet
  facet normal 0 0 1
    outer loop
      vertex 20 -8 4
      vertex 50.875 -8 4
      vertex 20 8 4
    endloop
  endfacet
  facet normal 0 0 1
    outer loop
      vertex 50.875 -8 4
      vertex 20 -8 4
      vertex 50.9049 -8.45684 4
    endloop
  endfacet
  facet normal 0 0 1
    outer loop
      vertex 19.9701 -8.45684 4
      vertex 50.9049 -8.45684 4
      vertex 20 -8 4
    endloop
  endfacet
  facet normal 0 0 1
    outer loop
      vertex 50.9049 -8.45684 4
      vertex 19.9701 -8.45684 4
      vertex 50.9943 -8.90587 4
    endloop
  endfacet
  facet normal 0 0 1
    outer loop
      vertex 19.8807 -8.90587 4
      vertex 50.9943 -8.90587 4
      vertex 19.9701 -8.45684 4
    endloop
  endfacet
  facet normal 0 0 1
    outer loop
      vertex 50.9943 -8.90587 4
      vertex 19.8807 -8.90587 4
      vertex 51.1414 -9.33939 4
    endloop
  endfacet
  facet normal 0 0 1
    outer loop
      vertex 19.7336 -9.33939 4
      vertex 51.1414 -9.33939 4
      vertex 19.8807 -8.90587 4
    endloop
  endfacet
  facet normal 0 0 1
    outer loop
      vertex 51.1414 -9.33939 4
      vertex 19.7336 -9.33939 4
      vertex 51.3439 -9.75 4
    endloop
  endfacet
  facet normal 0 0 1
    outer loop
      vertex 19.5311 -9.75 4
      vertex 51.3439 -9.75 4
      vertex 19.7336 -9.33939 4
    endloop
  endfacet
  facet normal 0 0 1
    outer loop
      vertex 51.3439 -9.75 4
      vertex 19.5311 -9.75 4
      vertex 51.5983 -10.1307 4
    endloop
  endfacet
  facet normal 0 0 1
    outer loop
      vertex 19.2767 -10.1307 4
      vertex 51.5983 -10.1307 4
      vertex 19.5311 -9.75 4
    endloop
  endfacet
  facet normal 0 0 1
    outer loop
      vertex 51.5983 -10.1307 4
      vertex 19.2767 -10.1307 4
      vertex 51.9001 -10.4749 4
    endloop
  endfacet
  facet normal 0 0 1
    outer loop
      vertex 18.9749 -10.4749 4
      vertex 51.9001 -10.4749 4
      vertex 19.2767 -10.1307 4
    endloop
  endfacet
  facet normal 0 0 1
    outer loop
      vertex 51.9001 -10.4749 4
      vertex 18.9749 -10.4749 4
      vertex 52.2443 -10.7767 4
    endloop
  endfacet
  facet normal 0 0 1
    outer loop
      vertex 18.6307 -10.7767 4
      vertex 52.2443 -10.7767 4
      vertex 18.9749 -10.4749 4
    endloop
  endfacet
  facet normal 0 0 1
    outer loop
      vertex 52.2443 -10.7767 4
      vertex 18.6307 -10.7767 4
      vertex 52.625 -11.0311 4
    endloop
  endfacet
  facet normal 0 0 1
    outer loop
      vertex 18.25 -11.0311 4
      vertex 52.625 -11.0311 4
      vertex 18.6307 -10.7767 4
    endloop
  endfacet
  facet normal 0 0 1
    outer loop
      vertex 52.625 -11.0311 4
      vertex 18.25 -11.0311 4
      vertex 53.0356 -11.2336 4
    endloop
  endfacet
  facet normal 0 0 1
    outer loop
      vertex 17.8394 -11.2336 4
      vertex 53.0356 -11.2336 4
      vertex 18.25 -11.0311 4
    endloop
  endfacet
  facet normal 0 0 1
    outer loop
      vertex 53.0356 -11.2336 4
      vertex 17.8394 -11.2336 4
      vertex 53.4691 -11.3807 4
    endloop
  endfacet
  facet normal 0 0 1
    outer loop
      vertex 17.4059 -11.3807 4
      vertex 53.4691 -11.3807 4
      vertex 17.8394 -11.2336 4
    endloop
  endfacet
  facet normal 0 0 1
    outer loop
      vertex -6 -22 4
      vertex 53.4691 -11.3807 4
      vertex 17.4059 -11.3807 4
    endloop
  endfacet
  facet normal 0 0 1
    outer loop
      vertex 53.4691 -11.3807 4
      vertex -6 -22 4
      vertex 53.9182 -11.4701 4
    endloop
  endfacet
  facet normal 0 0 1
    outer loop
      vertex -6 -22 4
      vertex 17.4059 -11.3807 4
      vertex 16.9568 -11.4701 4
    endloop
  endfacet
  facet normal 0 0 1
    outer loop
      vertex -6 -22 4
      vertex 16.9568 -11.4701 4
      vertex 16.5 -11.5 4
    endloop
  endfacet
  facet normal -0 0 1
    outer loop
      vertex 2.6769 -0.35242 4
      vertex 13 -8 4
      vertex 2.7 0 4
    endloop
  endfacet
  facet normal -0 0 1
    outer loop
      vertex 2.608 -0.698811 4
      vertex 13 -8 4
      vertex 2.6769 -0.35242 4
    endloop
  endfacet
  facet normal -0 0 1
    outer loop
      vertex 2.49447 -1.03325 4
      vertex 13 -8 4
      vertex 2.608 -0.698811 4
    endloop
  endfacet
  facet normal -0 0 1
    outer loop
      vertex 2.33827 -1.35 4
      vertex 13 -8 4
      vertex 2.49447 -1.03325 4
    endloop
  endfacet
  facet normal -0 0 1
    outer loop
      vertex 2.14205 -1.64366 4
      vertex 13 -8 4
      vertex 2.33827 -1.35 4
    endloop
  endfacet
  facet normal -0 0 1
    outer loop
      vertex 1.90919 -1.90919 4
      vertex 13 -8 4
      vertex 2.14205 -1.64366 4
    endloop
  endfacet
  facet normal -0 0 1
    outer loop
      vertex 1.64366 -2.14205 4
      vertex 13 -8 4
      vertex 1.90919 -1.90919 4
    endloop
  endfacet
  facet normal -0 0 1
    outer loop
      vertex 1.35 -2.33827 4
      vertex 13 -8 4
      vertex 1.64366 -2.14205 4
    endloop
  endfacet
  facet normal 0 0 1
    outer loop
      vertex 13 -8 4
      vertex 1.35 -2.33827 4
      vertex 13.0299 -8.45684 4
    endloop
  endfacet
  facet normal -0 0 1
    outer loop
      vertex 1.03325 -2.49447 4
      vertex 13.0299 -8.45684 4
      vertex 1.35 -2.33827 4
    endloop
  endfacet
  facet normal 0 0 1
    outer loop
      vertex 13.0299 -8.45684 4
      vertex 1.03325 -2.49447 4
      vertex 13.1193 -8.90587 4
    endloop
  endfacet
  facet normal -0 0 1
    outer loop
      vertex 0.698811 -2.608 4
      vertex 13.1193 -8.90587 4
      vertex 1.03325 -2.49447 4
    endloop
  endfacet
  facet normal 0 0 1
    outer loop
      vertex 13.1193 -8.90587 4
      vertex 0.698811 -2.608 4
      vertex 13.2664 -9.33939 4
    endloop
  endfacet
  facet normal -0 0 1
    outer loop
      vertex -6 -8.59213 4
      vertex 13.2664 -9.33939 4
      vertex 0.698811 -2.608 4
    endloop
  endfacet
  facet normal 0 0 1
    outer loop
      vertex 13.2664 -9.33939 4
      vertex -6 -8.59213 4
      vertex 13.4689 -9.75 4
    endloop
  endfacet
  facet normal 0 0 1
    outer loop
      vertex -6 -22 4
      vertex 13.4689 -9.75 4
      vertex -6 -8.59213 4
    endloop
  endfacet
  facet normal 0 0 1
    outer loop
      vertex 13.4689 -9.75 4
      vertex -6 -22 4
      vertex 13.7233 -10.1307 4
    endloop
  endfacet
  facet normal 0 0 1
    outer loop
      vertex 13.7233 -10.1307 4
      vertex -6 -22 4
      vertex 14.0251 -10.4749 4
    endloop
  endfacet
  facet normal 0 0 1
    outer loop
      vertex -6 -8.59213 4
      vertex 0.698811 -2.608 4
      vertex 0.35242 -2.6769 4
    endloop
  endfacet
  facet normal 0 0 1
    outer loop
      vertex -6 -8.59213 4
      vertex 0.35242 -2.6769 4
      vertex 0 -2.7 4
    endloop
  endfacet
  facet normal 0 0 1
    outer loop
      vertex -6 -8.59213 4
      vertex 0 -2.7 4
      vertex -0.35242 -2.6769 4
    endloop
  endfacet
  facet normal 0 0 1
    outer loop
      vertex -6 -8.59213 4
      vertex -0.35242 -2.6769 4
      vertex -0.698811 -2.608 4
    endloop
  endfacet
  facet normal 0 0 1
    outer loop
      vertex -6 -8.59213 4
      vertex -0.698811 -2.608 4
      vertex -1.03325 -2.49447 4
    endloop
  endfacet
  facet normal 0 0 1
    outer loop
      vertex -6 -8.59213 4
      vertex -1.03325 -2.49447 4
      vertex -1.35 -2.33827 4
    endloop
  endfacet
  facet normal -0 0 1
    outer loop
      vertex -9.09327 5.25 4
      vertex -2.33827 1.35 4
      vertex -8.33021 6.39199 4
    endloop
  endfacet
  facet normal 0 0 1
    outer loop
      vertex -2.33827 1.35 4
      vertex -9.09327 5.25 4
      vertex -2.49447 1.03325 4
    endloop
  endfacet
  facet normal 0 0 1
    outer loop
      vertex -2.7 0 4
      vertex -6 -8.59213 4
      vertex -2.6769 -0.35242 4
    endloop
  endfacet
  facet normal 0 0 1
    outer loop
      vertex -2.6769 -0.35242 4
      vertex -6 -8.59213 4
      vertex -2.608 -0.698811 4
    endloop
  endfacet
  facet normal 0 0 1
    outer loop
      vertex -2.608 -0.698811 4
      vertex -6 -8.59213 4
      vertex -2.49447 -1.03325 4
    endloop
  endfacet
  facet normal 0 0 1
    outer loop
      vertex -6 -8.59213 4
      vertex -2.33827 -1.35 4
      vertex -2.49447 -1.03325 4
    endloop
  endfacet
  facet normal 0 0 1
    outer loop
      vertex -6 -8.59213 4
      vertex -2.14205 -1.64366 4
      vertex -2.33827 -1.35 4
    endloop
  endfacet
  facet normal 0 0 1
    outer loop
      vertex -6 -8.59213 4
      vertex -1.90919 -1.90919 4
      vertex -2.14205 -1.64366 4
    endloop
  endfacet
  facet normal 0 0 1
    outer loop
      vertex -6 -8.59213 4
      vertex -1.64366 -2.14205 4
      vertex -1.90919 -1.90919 4
    endloop
  endfacet
  facet normal 0 0 1
    outer loop
      vertex -6 -8.59213 4
      vertex -1.35 -2.33827 4
      vertex -1.64366 -2.14205 4
    endloop
  endfacet
  facet normal 0 0 1
    outer loop
      vertex 14.0251 -10.4749 4
      vertex -6 -22 4
      vertex 14.3693 -10.7767 4
    endloop
  endfacet
  facet normal 0 0 1
    outer loop
      vertex 14.3693 -10.7767 4
      vertex -6 -22 4
      vertex 14.75 -11.0311 4
    endloop
  endfacet
  facet normal 0 0 1
    outer loop
      vertex 14.75 -11.0311 4
      vertex -6 -22 4
      vertex 15.1606 -11.2336 4
    endloop
  endfacet
  facet normal 0 0 1
    outer loop
      vertex 15.1606 -11.2336 4
      vertex -6 -22 4
      vertex 15.5941 -11.3807 4
    endloop
  endfacet
  facet normal 0 0 1
    outer loop
      vertex 92.25 -11.5 4
      vertex -6 -22 4
      vertex 209 -22 4
    endloop
  endfacet
  facet normal 0 0 1
    outer loop
      vertex 16.0432 -11.4701 4
      vertex -6 -22 4
      vertex 16.5 -11.5 4
    endloop
  endfacet
  facet normal 0 0 1
    outer loop
      vertex 15.5941 -11.3807 4
      vertex -6 -22 4
      vertex 16.0432 -11.4701 4
    endloop
  endfacet
  facet normal 0 0 1
    outer loop
      vertex 197.072 2.58686 4
      vertex 196.5 4 4
      vertex 196.725 2.70459 4
    endloop
  endfacet
  facet normal 0 0 1
    outer loop
      vertex 196.5 4 4
      vertex 196.365 2.77604 4
      vertex 196.725 2.70459 4
    endloop
  endfacet
  facet normal 0 0 1
    outer loop
      vertex 196.5 4 4
      vertex 196 2.8 4
      vertex 196.365 2.77604 4
    endloop
  endfacet
  facet normal -0 0 1
    outer loop
      vertex 195.5 4 4
      vertex 196 2.8 4
      vertex 196.5 4 4
    endloop
  endfacet
  facet normal 0 0 1
    outer loop
      vertex 194.5 4 4
      vertex 195.5 4 4
      vertex 194.5 7 4
    endloop
  endfacet
  facet normal -0 0 1
    outer loop
      vertex 194.5 4 4
      vertex 196 2.8 4
      vertex 195.5 4 4
    endloop
  endfacet
  facet normal -0 0 1
    outer loop
      vertex 193.5 4 4
      vertex 196 2.8 4
      vertex 194.5 4 4
    endloop
  endfacet
  facet normal -0 0 1
    outer loop
      vertex 191.513 13.9988 4
      vertex 196.5 7 4
      vertex 192.451 17.4508 4
    endloop
  endfacet
  facet normal 0 0 1
    outer loop
      vertex 196.5 7 4
      vertex 191.513 13.9988 4
      vertex 195.5 7 4
    endloop
  endfacet
  facet normal 0 0 1
    outer loop
      vertex 195.5 7 4
      vertex 191.513 13.9988 4
      vertex 194.5 7 4
    endloop
  endfacet
  facet normal 0 0 1
    outer loop
      vertex 193.5 7 4
      vertex 192.5 7 4
      vertex 193.5 4 4
    endloop
  endfacet
  facet normal 0 0 1
    outer loop
      vertex 192.5 4 4
      vertex 193.5 4 4
      vertex 192.5 7 4
    endloop
  endfacet
  facet normal -0 0 1
    outer loop
      vertex 192.5 4 4
      vertex 196 2.8 4
      vertex 193.5 4 4
    endloop
  endfacet
  facet normal -0 0 1
    outer loop
      vertex 191.5 4 4
      vertex 196 2.8 4
      vertex 192.5 4 4
    endloop
  endfacet
  facet normal 0 0 1
    outer loop
      vertex 191.5 7 4
      vertex 190.5 7 4
      vertex 191.5 4 4
    endloop
  endfacet
  facet normal 0 0 1
    outer loop
      vertex 190.5 4 4
      vertex 191.5 4 4
      vertex 190.5 7 4
    endloop
  endfacet
  facet normal -0 0 1
    outer loop
      vertex 190.5 4 4
      vertex 196 2.8 4
      vertex 191.5 4 4
    endloop
  endfacet
  facet normal -0 0 1
    outer loop
      vertex 189.5 4 4
      vertex 196 2.8 4
      vertex 190.5 4 4
    endloop
  endfacet
  facet normal 0 0 1
    outer loop
      vertex 189.5 7 4
      vertex 188.5 7 4
      vertex 189.5 4 4
    endloop
  endfacet
  facet normal 0 0 1
    outer loop
      vertex 188.5 4 4
      vertex 189.5 4 4
      vertex 188.5 7 4
    endloop
  endfacet
  facet normal -0 0 1
    outer loop
      vertex 188.5 4 4
      vertex 196 2.8 4
      vertex 189.5 4 4
    endloop
  endfacet
  facet normal -0 0 1
    outer loop
      vertex 187.5 4 4
      vertex 196 2.8 4
      vertex 188.5 4 4
    endloop
  endfacet
  facet normal 0 0 1
    outer loop
      vertex 187.5 7 4
      vertex 186.5 7 4
      vertex 187.5 4 4
    endloop
  endfacet
  facet normal 0 0 1
    outer loop
      vertex 186.5 4 4
      vertex 187.5 4 4
      vertex 186.5 7 4
    endloop
  endfacet
  facet normal -0 0 1
    outer loop
      vertex 186.5 4 4
      vertex 196 2.8 4
      vertex 187.5 4 4
    endloop
  endfacet
  facet normal 0 0 1
    outer loop
      vertex 178 2.8 4
      vertex 186.5 4 4
      vertex 185.5 4 4
    endloop
  endfacet
  facet normal 0 0 1
    outer loop
      vertex 185.5 7 4
      vertex 184.5 7 4
      vertex 185.5 4 4
    endloop
  endfacet
  facet normal 0 0 1
    outer loop
      vertex 184.5 4 4
      vertex 185.5 4 4
      vertex 184.5 7 4
    endloop
  endfacet
  facet normal 0 0 1
    outer loop
      vertex 178 2.8 4
      vertex 185.5 4 4
      vertex 184.5 4 4
    endloop
  endfacet
  facet normal 0 0 1
    outer loop
      vertex 178 2.8 4
      vertex 184.5 4 4
      vertex 183.5 4 4
    endloop
  endfacet
  facet normal 0 0 1
    outer loop
      vertex 182.5 4 4
      vertex 183.5 4 4
      vertex 182.5 7 4
    endloop
  endfacet
  facet normal 0 0 1
    outer loop
      vertex 178 2.8 4
      vertex 183.5 4 4
      vertex 182.5 4 4
    endloop
  endfacet
  facet normal 0 0 1
    outer loop
      vertex 178 2.8 4
      vertex 182.5 4 4
      vertex 181.5 4 4
    endloop
  endfacet
  facet normal 0 0 1
    outer loop
      vertex 181.5 7 4
      vertex 180.5 7 4
      vertex 181.5 4 4
    endloop
  endfacet
  facet normal 0 0 1
    outer loop
      vertex 180.5 4 4
      vertex 181.5 4 4
      vertex 180.5 7 4
    endloop
  endfacet
  facet normal 0 0 1
    outer loop
      vertex 178 2.8 4
      vertex 181.5 4 4
      vertex 180.5 4 4
    endloop
  endfacet
  facet normal 0 0 1
    outer loop
      vertex 178 2.8 4
      vertex 180.5 4 4
      vertex 179.5 4 4
    endloop
  endfacet
  facet normal 0 0 1
    outer loop
      vertex 178.5 4 4
      vertex 179.5 4 4
      vertex 178.5 7 4
    endloop
  endfacet
  facet normal 0 0 1
    outer loop
      vertex 178 2.8 4
      vertex 179.5 4 4
      vertex 178.5 4 4
    endloop
  endfacet
  facet normal 0 0 1
    outer loop
      vertex 186.5 4 4
      vertex 178 2.8 4
      vertex 196 2.8 4
    endloop
  endfacet
  facet normal -0 0 1
    outer loop
      vertex 177.5 4 4
      vertex 178 2.8 4
      vertex 178.5 4 4
    endloop
  endfacet
  facet normal 0 0 1
    outer loop
      vertex 178 2.8 4
      vertex 177.5 4 4
      vertex 177.635 2.77604 4
    endloop
  endfacet
  facet normal 0 0 1
    outer loop
      vertex 177.635 2.77604 4
      vertex 177.5 4 4
      vertex 177.275 2.70459 4
    endloop
  endfacet
  facet normal 0 0 1
    outer loop
      vertex 194.99 -8.41786 4
      vertex 194.845 -6.65342 4
      vertex 194.881 -8.20462 4
    endloop
  endfacet
  facet normal 0 0 1
    outer loop
      vertex 194.845 -6.65342 4
      vertex 194.727 -8.01771 4
      vertex 194.881 -8.20462 4
    endloop
  endfacet
  facet normal 0 0 1
    outer loop
      vertex 194.845 -6.65342 4
      vertex 194.536 -7.8657 4
      vertex 194.727 -8.01771 4
    endloop
  endfacet
  facet normal 0 0 1
    outer loop
      vertex 194.845 -6.65342 4
      vertex 194.315 -7.75712 4
      vertex 194.536 -7.8657 4
    endloop
  endfacet
  facet normal 0 0 1
    outer loop
      vertex 194.845 -6.65342 4
      vertex 194.064 -7.69197 4
      vertex 194.315 -7.75712 4
    endloop
  endfacet
  facet normal 0 0 1
    outer loop
      vertex 194.845 -6.65342 4
      vertex 193.782 -7.67025 4
      vertex 194.064 -7.69197 4
    endloop
  endfacet
  facet normal -0 0 1
    outer loop
      vertex 193.031 -6.65342 4
      vertex 193.782 -7.67025 4
      vertex 194.845 -6.65342 4
    endloop
  endfacet
  facet normal 0 0 1
    outer loop
      vertex 193.782 -7.67025 4
      vertex 193.031 -6.65342 4
      vertex 193.545 -7.68628 4
    endloop
  endfacet
  facet normal 0 0 1
    outer loop
      vertex 193.545 -7.68628 4
      vertex 193.031 -6.65342 4
      vertex 193.327 -7.73433 4
    endloop
  endfacet
  facet normal 0 0 1
    outer loop
      vertex 193.327 -7.73433 4
      vertex 193.031 -6.65342 4
      vertex 193.13 -7.81443 4
    endloop
  endfacet
  facet normal 0 0 1
    outer loop
      vertex 193.13 -7.81443 4
      vertex 193.031 -6.65342 4
      vertex 192.954 -7.92657 4
    endloop
  endfacet
  facet normal 0 0 1
    outer loop
      vertex 193.866 -8.1035 4
      vertex 194.546 -8.93476 4
      vertex 194.531 -8.75445 4
    endloop
  endfacet
  facet normal 0 0 1
    outer loop
      vertex 194.546 -8.93476 4
      vertex 193.677 -8.08891 4
      vertex 194.531 -9.141 4
    endloop
  endfacet
  facet normal 0 0 1
    outer loop
      vertex 193.866 -8.1035 4
      vertex 194.531 -8.75445 4
      vertex 194.487 -8.5923 4
    endloop
  endfacet
  facet normal 0 0 1
    outer loop
      vertex 192.831 -9.27371 4
      vertex 194.531 -9.141 4
      vertex 193.677 -8.08891 4
    endloop
  endfacet
  facet normal 0 0 1
    outer loop
      vertex 194.035 -8.14729 4
      vertex 194.487 -8.5923 4
      vertex 194.414 -8.44828 4
    endloop
  endfacet
  facet normal 0 0 1
    outer loop
      vertex 194.546 -8.93476 4
      vertex 193.866 -8.1035 4
      vertex 193.677 -8.08891 4
    endloop
  endfacet
  facet normal 0 0 1
    outer loop
      vertex 194.035 -8.14729 4
      vertex 194.414 -8.44828 4
      vertex 194.311 -8.32244 4
    endloop
  endfacet
  facet normal 0 -0 1
    outer loop
      vertex 193.861 -9.8534 4
      vertex 194.531 -9.141 4
      vertex 193.666 -9.86897 4
    endloop
  endfacet
  facet normal 0 0 1
    outer loop
      vertex 194.035 -8.14729 4
      vertex 194.311 -8.32244 4
      vertex 194.183 -8.22029 4
    endloop
  endfacet
  facet normal 0 0 1
    outer loop
      vertex 194.487 -8.5923 4
      vertex 194.035 -8.14729 4
      vertex 193.866 -8.1035 4
    endloop
  endfacet
  facet normal 0 0 1
    outer loop
      vertex 194.531 -9.141 4
      vertex 193.861 -9.8534 4
      vertex 194.487 -9.32393 4
    endloop
  endfacet
  facet normal 0 0 1
    outer loop
      vertex 194.414 -9.48352 4
      vertex 194.034 -9.80668 4
      vertex 194.312 -9.61979 4
    endloop
  endfacet
  facet normal 0 0 1
    outer loop
      vertex 194.312 -9.61979 4
      vertex 194.034 -9.80668 4
      vertex 194.184 -9.7288 4
    endloop
  endfacet
  facet normal 0 -0 1
    outer loop
      vertex 194.034 -9.80668 4
      vertex 194.414 -9.48352 4
      vertex 193.861 -9.8534 4
    endloop
  endfacet
  facet normal 0 0 1
    outer loop
      vertex 194.487 -9.32393 4
      vertex 193.861 -9.8534 4
      vertex 194.414 -9.48352 4
    endloop
  endfacet
  facet normal 0 0 1
    outer loop
      vertex 192.831 -9.27371 4
      vertex 193.677 -8.08891 4
      vertex 193.575 -8.093 4
    endloop
  endfacet
  facet normal 0 0 1
    outer loop
      vertex 192.831 -9.27371 4
      vertex 193.575 -8.093 4
      vertex 193.476 -8.10528 4
    endloop
  endfacet
  facet normal 0 0 1
    outer loop
      vertex 192.831 -9.27371 4
      vertex 193.476 -8.10528 4
      vertex 193.381 -8.12576 4
    endloop
  endfacet
  facet normal 0 0 1
    outer loop
      vertex 194.531 -9.141 4
      vertex 192.831 -9.27371 4
      vertex 193.666 -9.86897 4
    endloop
  endfacet
  facet normal 0 0 1
    outer loop
      vertex 192.831 -9.27371 4
      vertex 193.381 -8.12576 4
      vertex 193.29 -8.15443 4
    endloop
  endfacet
  facet normal 0 0 1
    outer loop
      vertex 192.831 -9.27371 4
      vertex 193.29 -8.15443 4
      vertex 193.2 -8.19287 4
    endloop
  endfacet
  facet normal 0 0 1
    outer loop
      vertex 193.666 -9.86897 4
      vertex 192.831 -9.27371 4
      vertex 193.361 -9.83177 4
    endloop
  endfacet
  facet normal 0 0 1
    outer loop
      vertex 192.831 -9.27371 4
      vertex 193.2 -8.19287 4
      vertex 193.11 -8.2427 4
    endloop
  endfacet
  facet normal 0 0 1
    outer loop
      vertex 192.831 -9.27371 4
      vertex 193.11 -8.2427 4
      vertex 193.021 -8.30392 4
    endloop
  endfacet
  facet normal -0 -0 1
    outer loop
      vertex 192.944 -9.53415 4
      vertex 193.361 -9.83177 4
      vertex 192.831 -9.27371 4
    endloop
  endfacet
  facet normal 0 0 1
    outer loop
      vertex 192.831 -9.27371 4
      vertex 193.021 -8.30392 4
      vertex 192.931 -8.37655 4
    endloop
  endfacet
  facet normal 0 0 1
    outer loop
      vertex 193.361 -9.83177 4
      vertex 192.944 -9.53415 4
      vertex 193.121 -9.72017 4
    endloop
  endfacet
  facet normal -0 0 1
    outer loop
      vertex 192.43 -8.37655 4
      vertex 192.831 -9.27371 4
      vertex 192.931 -8.37655 4
    endloop
  endfacet
  facet normal 0 0 1
    outer loop
      vertex 192.831 -9.27371 4
      vertex 192.43 -8.37655 4
      vertex 192.313 -9.33352 4
    endloop
  endfacet
  facet normal 0 0 1
    outer loop
      vertex 105.833 18.3013 4
      vertex 106.273 17.5698 4
      vertex 106.256 17.7659 4
    endloop
  endfacet
  facet normal 0 0 1
    outer loop
      vertex 106.273 17.5698 4
      vertex 105.645 18.3696 4
      vertex 106.256 17.3665 4
    endloop
  endfacet
  facet normal 0 0 1
    outer loop
      vertex 105.99 18.2056 4
      vertex 106.256 17.7659 4
      vertex 106.202 17.9373 4
    endloop
  endfacet
  facet normal 0 0 1
    outer loop
      vertex 106.273 17.5698 4
      vertex 105.833 18.3013 4
      vertex 105.645 18.3696 4
    endloop
  endfacet
  facet normal 0 0 1
    outer loop
      vertex 105.99 18.2056 4
      vertex 106.202 17.9373 4
      vertex 106.114 18.0838 4
    endloop
  endfacet
  facet normal 0 -0 1
    outer loop
      vertex 105.656 16.7209 4
      vertex 106.256 17.3665 4
      vertex 105.645 18.3696 4
    endloop
  endfacet
  facet normal 0 0 1
    outer loop
      vertex 106.256 17.7659 4
      vertex 105.99 18.2056 4
      vertex 105.833 18.3013 4
    endloop
  endfacet
  facet normal 0 0 1
    outer loop
      vertex 106.256 17.3665 4
      vertex 105.839 16.7956 4
      vertex 106.203 17.1871 4
    endloop
  endfacet
  facet normal 0 -0 1
    outer loop
      vertex 105.994 16.9002 4
      vertex 106.203 17.1871 4
      vertex 105.839 16.7956 4
    endloop
  endfacet
  facet normal 0 0 1
    outer loop
      vertex 106.203 17.1871 4
      vertex 105.994 16.9002 4
      vertex 106.116 17.0317 4
    endloop
  endfacet
  facet normal 0 0 1
    outer loop
      vertex 106.256 17.3665 4
      vertex 105.656 16.7209 4
      vertex 105.839 16.7956 4
    endloop
  endfacet
  facet normal 0 0 1
    outer loop
      vertex 105.645 18.3696 4
      vertex 105.443 16.6761 4
      vertex 105.656 16.7209 4
    endloop
  endfacet
  facet normal 0 0 1
    outer loop
      vertex 105.425 18.4106 4
      vertex 105.443 16.6761 4
      vertex 105.645 18.3696 4
    endloop
  endfacet
  facet normal 0 0 1
    outer loop
      vertex 105.425 18.4106 4
      vertex 105.202 16.6611 4
      vertex 105.443 16.6761 4
    endloop
  endfacet
  facet normal 0 0 1
    outer loop
      vertex 105.175 18.4243 4
      vertex 105.202 16.6611 4
      vertex 105.425 18.4106 4
    endloop
  endfacet
  facet normal 0 0 1
    outer loop
      vertex 103.639 16.6611 4
      vertex 105.175 18.4243 4
      vertex 103.639 18.4243 4
    endloop
  endfacet
  facet normal 0 0 1
    outer loop
      vertex 105.175 18.4243 4
      vertex 103.639 16.6611 4
      vertex 105.202 16.6611 4
    endloop
  endfacet
  facet normal 0 0 1
    outer loop
      vertex 113.884 17.6376 4
      vertex 114.446 17.6444 4
      vertex 114.399 17.7652 4
    endloop
  endfacet
  facet normal -0 0 1
    outer loop
      vertex 114.134 18.3598 4
      vertex 114.257 18.1733 4
      vertex 114.165 18.4548 4
    endloop
  endfacet
  facet normal -0 0 1
    outer loop
      vertex 114.087 18.2092 4
      vertex 114.257 18.1733 4
      vertex 114.134 18.3598 4
    endloop
  endfacet
  facet normal 0 0 1
    outer loop
      vertex 114.029 18.0386 4
      vertex 114.257 18.1733 4
      vertex 114.087 18.2092 4
    endloop
  endfacet
  facet normal 0 0 1
    outer loop
      vertex 114.257 18.1733 4
      vertex 114.029 18.0386 4
      vertex 114.304 18.0296 4
    endloop
  endfacet
  facet normal 0 0 1
    outer loop
      vertex 114.304 18.0296 4
      vertex 114.029 18.0386 4
      vertex 114.351 17.8936 4
    endloop
  endfacet
  facet normal 0 0 1
    outer loop
      vertex 113.962 17.8481 4
      vertex 114.351 17.8936 4
      vertex 114.029 18.0386 4
    endloop
  endfacet
  facet normal 0 0 1
    outer loop
      vertex 114.351 17.8936 4
      vertex 113.962 17.8481 4
      vertex 114.399 17.7652 4
    endloop
  endfacet
  facet normal 0 0 1
    outer loop
      vertex 113.884 17.6376 4
      vertex 114.399 17.7652 4
      vertex 113.962 17.8481 4
    endloop
  endfacet
  facet normal 0 0 1
    outer loop
      vertex 114.446 17.6444 4
      vertex 113.884 17.6376 4
      vertex 115.06 16.0678 4
    endloop
  endfacet
  facet normal 0 0 1
    outer loop
      vertex 115.06 16.0678 4
      vertex 113.884 17.6376 4
      vertex 113.273 16.0678 4
    endloop
  endfacet
  facet normal 0 0 1
    outer loop
      vertex 118.936 18.3951 4
      vertex 120.397 16.6035 4
      vertex 120.367 17.0213 4
    endloop
  endfacet
  facet normal 0 0 1
    outer loop
      vertex 120.397 16.6035 4
      vertex 118.502 18.4243 4
      vertex 120.384 16.3183 4
    endloop
  endfacet
  facet normal 0 -0 1
    outer loop
      vertex 118.648 14.6844 4
      vertex 120.384 16.3183 4
      vertex 118.502 18.4243 4
    endloop
  endfacet
  facet normal 0 0 1
    outer loop
      vertex 119.315 18.3077 4
      vertex 120.367 17.0213 4
      vertex 120.276 17.3863 4
    endloop
  endfacet
  facet normal 0 0 1
    outer loop
      vertex 120.397 16.6035 4
      vertex 118.936 18.3951 4
      vertex 118.502 18.4243 4
    endloop
  endfacet
  facet normal 0 0 1
    outer loop
      vertex 119.64 18.162 4
      vertex 120.276 17.3863 4
      vertex 120.123 17.6985 4
    endloop
  endfacet
  facet normal 0 0 1
    outer loop
      vertex 120.384 16.3183 4
      vertex 118.648 14.6844 4
      vertex 120.344 16.0525 4
    endloop
  endfacet
  facet normal 0 -0 1
    outer loop
      vertex 118.902 14.6988 4
      vertex 120.277 15.8063 4
      vertex 118.648 14.6844 4
    endloop
  endfacet
  facet normal 0 0 1
    outer loop
      vertex 119.64 18.162 4
      vertex 120.123 17.6985 4
      vertex 119.911 17.958 4
    endloop
  endfacet
  facet normal 0 0 1
    outer loop
      vertex 120.277 15.8063 4
      vertex 118.902 14.6988 4
      vertex 120.184 15.5795 4
    endloop
  endfacet
  facet normal 0 0 1
    outer loop
      vertex 120.276 17.3863 4
      vertex 119.64 18.162 4
      vertex 119.315 18.3077 4
    endloop
  endfacet
  facet normal 0 0 1
    outer loop
      vertex 120.367 17.0213 4
      vertex 119.315 18.3077 4
      vertex 118.936 18.3951 4
    endloop
  endfacet
  facet normal 0 -0 1
    outer loop
      vertex 119.141 14.742 4
      vertex 120.184 15.5795 4
      vertex 118.902 14.6988 4
    endloop
  endfacet
  facet normal 0 0 1
    outer loop
      vertex 120.065 15.3752 4
      vertex 119.141 14.742 4
      vertex 119.924 15.1964 4
    endloop
  endfacet
  facet normal 0 0 1
    outer loop
      vertex 119.924 15.1964 4
      vertex 119.141 14.742 4
      vertex 119.759 15.0429 4
    endloop
  endfacet
  facet normal 0 0 1
    outer loop
      vertex 119.572 14.9149 4
      vertex 119.141 14.742 4
      vertex 119.364 14.8141 4
    endloop
  endfacet
  facet normal 0 0 1
    outer loop
      vertex 119.759 15.0429 4
      vertex 119.141 14.742 4
      vertex 119.572 14.9149 4
    endloop
  endfacet
  facet normal 0 0 1
    outer loop
      vertex 120.184 15.5795 4
      vertex 119.141 14.742 4
      vertex 120.065 15.3752 4
    endloop
  endfacet
  facet normal 0 0 1
    outer loop
      vertex 120.344 16.0525 4
      vertex 118.648 14.6844 4
      vertex 120.277 15.8063 4
    endloop
  endfacet
  facet normal 0 0 1
    outer loop
      vertex 117.583 14.6844 4
      vertex 118.502 18.4243 4
      vertex 117.583 18.4243 4
    endloop
  endfacet
  facet normal 0 0 1
    outer loop
      vertex 118.502 18.4243 4
      vertex 117.583 14.6844 4
      vertex 118.648 14.6844 4
    endloop
  endfacet
  facet normal 0 0 1
    outer loop
      vertex 126.072 18.3308 4
      vertex 126.484 17.7054 4
      vertex 126.467 17.8849 4
    endloop
  endfacet
  facet normal 0 0 1
    outer loop
      vertex 125.896 18.3827 4
      vertex 126.484 17.7054 4
      vertex 126.072 18.3308 4
    endloop
  endfacet
  facet normal 0 0 1
    outer loop
      vertex 126.219 18.2581 4
      vertex 126.467 17.8849 4
      vertex 126.418 18.0369 4
    endloop
  endfacet
  facet normal 0 0 1
    outer loop
      vertex 126.484 17.7054 4
      vertex 125.896 18.3827 4
      vertex 126.468 17.5167 4
    endloop
  endfacet
  facet normal 0 0 1
    outer loop
      vertex 126.219 18.2581 4
      vertex 126.418 18.0369 4
      vertex 126.335 18.1613 4
    endloop
  endfacet
  facet normal 0 0 1
    outer loop
      vertex 126.467 17.8849 4
      vertex 126.219 18.2581 4
      vertex 126.072 18.3308 4
    endloop
  endfacet
  facet normal 0 -0 1
    outer loop
      vertex 126.083 17.0217 4
      vertex 126.468 17.5167 4
      vertex 125.896 18.3827 4
    endloop
  endfacet
  facet normal 0 -0 1
    outer loop
      vertex 126.228 17.107 4
      vertex 126.42 17.3541 4
      vertex 126.083 17.0217 4
    endloop
  endfacet
  facet normal 0 0 1
    outer loop
      vertex 126.42 17.3541 4
      vertex 126.228 17.107 4
      vertex 126.34 17.2175 4
    endloop
  endfacet
  facet normal 0 0 1
    outer loop
      vertex 126.468 17.5167 4
      vertex 126.083 17.0217 4
      vertex 126.42 17.3541 4
    endloop
  endfacet
  facet normal 0 0 1
    outer loop
      vertex 126.083 17.0217 4
      vertex 125.896 18.3827 4
      vertex 125.906 16.9608 4
    endloop
  endfacet
  facet normal 0 0 1
    outer loop
      vertex 125.689 18.4139 4
      vertex 125.906 16.9608 4
      vertex 125.896 18.3827 4
    endloop
  endfacet
  facet normal 0 0 1
    outer loop
      vertex 125.906 16.9608 4
      vertex 125.689 18.4139 4
      vertex 125.696 16.9242 4
    endloop
  endfacet
  facet normal 0 0 1
    outer loop
      vertex 125.453 18.4243 4
      vertex 125.696 16.9242 4
      vertex 125.689 18.4139 4
    endloop
  endfacet
  facet normal 0 0 1
    outer loop
      vertex 125.453 18.4243 4
      vertex 125.453 16.912 4
      vertex 125.696 16.9242 4
    endloop
  endfacet
  facet normal -0 0 1
    outer loop
      vertex 124.365 18.4243 4
      vertex 125.453 16.912 4
      vertex 125.453 18.4243 4
    endloop
  endfacet
  facet normal 0 0 1
    outer loop
      vertex 125.453 16.912 4
      vertex 124.365 18.4243 4
      vertex 124.365 16.912 4
    endloop
  endfacet
  facet normal 0 0 1
    outer loop
      vertex 126.135 14.7395 4
      vertex 126.741 15.3575 4
      vertex 126.758 15.5626 4
    endloop
  endfacet
  facet normal 0 0 1
    outer loop
      vertex 126.462 16.1958 4
      vertex 126.758 15.5626 4
      vertex 126.684 15.9319 4
    endloop
  endfacet
  facet normal 0 0 1
    outer loop
      vertex 126.091 16.3541 4
      vertex 126.758 15.5626 4
      vertex 126.462 16.1958 4
    endloop
  endfacet
  facet normal 0 0 1
    outer loop
      vertex 126.691 15.1794 4
      vertex 126.331 14.8084 4
      vertex 126.606 15.0285 4
    endloop
  endfacet
  facet normal 0 -0 1
    outer loop
      vertex 126.135 14.7395 4
      vertex 126.758 15.5626 4
      vertex 126.091 16.3541 4
    endloop
  endfacet
  facet normal 0 0 1
    outer loop
      vertex 126.606 15.0285 4
      vertex 126.331 14.8084 4
      vertex 126.487 14.9048 4
    endloop
  endfacet
  facet normal 0 0 1
    outer loop
      vertex 126.741 15.3575 4
      vertex 126.331 14.8084 4
      vertex 126.691 15.1794 4
    endloop
  endfacet
  facet normal 0 -0 1
    outer loop
      vertex 126.331 14.8084 4
      vertex 126.741 15.3575 4
      vertex 126.135 14.7395 4
    endloop
  endfacet
  facet normal 0 0 1
    outer loop
      vertex 126.091 16.3541 4
      vertex 125.899 14.6982 4
      vertex 126.135 14.7395 4
    endloop
  endfacet
  facet normal 0 0 1
    outer loop
      vertex 125.572 16.4068 4
      vertex 125.899 14.6982 4
      vertex 126.091 16.3541 4
    endloop
  endfacet
  facet normal 0 0 1
    outer loop
      vertex 125.899 14.6982 4
      vertex 125.572 16.4068 4
      vertex 125.623 14.6844 4
    endloop
  endfacet
  facet normal 0 0 1
    outer loop
      vertex 124.365 14.6844 4
      vertex 125.572 16.4068 4
      vertex 124.365 16.4068 4
    endloop
  endfacet
  facet normal 0 0 1
    outer loop
      vertex 125.572 16.4068 4
      vertex 124.365 14.6844 4
      vertex 125.623 14.6844 4
    endloop
  endfacet
  facet normal 0 0 1
    outer loop
      vertex 128.657 16.5764 4
      vertex 132.079 16.5764 4
      vertex 132.051 16.9983 4
    endloop
  endfacet
  facet normal 0 0 1
    outer loop
      vertex 132.079 16.5764 4
      vertex 128.657 16.5764 4
      vertex 132.051 16.1365 4
    endloop
  endfacet
  facet normal 0 0 1
    outer loop
      vertex 130.373 18.4853 4
      vertex 132.051 16.9983 4
      vertex 131.967 17.3723 4
    endloop
  endfacet
  facet normal -0 -0 1
    outer loop
      vertex 128.686 16.1503 4
      vertex 132.051 16.1365 4
      vertex 128.657 16.5764 4
    endloop
  endfacet
  facet normal 0 0 1
    outer loop
      vertex 130.757 18.4535 4
      vertex 131.967 17.3723 4
      vertex 131.828 17.6984 4
    endloop
  endfacet
  facet normal 0 -0 1
    outer loop
      vertex 130.366 14.6234 4
      vertex 132.051 16.1365 4
      vertex 128.686 16.1503 4
    endloop
  endfacet
  facet normal 0 0 1
    outer loop
      vertex 130.757 18.4535 4
      vertex 131.828 17.6984 4
      vertex 131.633 17.9767 4
    endloop
  endfacet
  facet normal 0 0 1
    outer loop
      vertex 132.051 16.1365 4
      vertex 130.366 14.6234 4
      vertex 131.968 15.7495 4
    endloop
  endfacet
  facet normal 0 0 1
    outer loop
      vertex 131.095 18.3581 4
      vertex 131.633 17.9767 4
      vertex 131.387 18.1992 4
    endloop
  endfacet
  facet normal 0 -0 1
    outer loop
      vertex 130.756 14.6553 4
      vertex 131.968 15.7495 4
      vertex 130.366 14.6234 4
    endloop
  endfacet
  facet normal 0 0 1
    outer loop
      vertex 131.633 17.9767 4
      vertex 131.095 18.3581 4
      vertex 130.757 18.4535 4
    endloop
  endfacet
  facet normal 0 0 1
    outer loop
      vertex 131.967 17.3723 4
      vertex 130.757 18.4535 4
      vertex 130.373 18.4853 4
    endloop
  endfacet
  facet normal 0 0 1
    outer loop
      vertex 131.968 15.7495 4
      vertex 130.756 14.6553 4
      vertex 131.83 15.4152 4
    endloop
  endfacet
  facet normal 0 0 1
    outer loop
      vertex 132.051 16.9983 4
      vertex 130.373 18.4853 4
      vertex 128.685 17.0038 4
    endloop
  endfacet
  facet normal 0 -0 1
    outer loop
      vertex 131.097 14.7509 4
      vertex 131.636 15.1336 4
      vertex 130.756 14.6553 4
    endloop
  endfacet
  facet normal 0 0 1
    outer loop
      vertex 131.636 15.1336 4
      vertex 131.097 14.7509 4
      vertex 131.391 14.9104 4
    endloop
  endfacet
  facet normal 0 0 1
    outer loop
      vertex 128.769 17.3808 4
      vertex 130.373 18.4853 4
      vertex 129.986 18.4539 4
    endloop
  endfacet
  facet normal 0 0 1
    outer loop
      vertex 131.83 15.4152 4
      vertex 130.756 14.6553 4
      vertex 131.636 15.1336 4
    endloop
  endfacet
  facet normal 0 0 1
    outer loop
      vertex 128.909 17.7074 4
      vertex 129.986 18.4539 4
      vertex 129.646 18.3598 4
    endloop
  endfacet
  facet normal -0 -0 1
    outer loop
      vertex 128.771 15.7707 4
      vertex 130.366 14.6234 4
      vertex 128.686 16.1503 4
    endloop
  endfacet
  facet normal 0 0 1
    outer loop
      vertex 128.909 17.7074 4
      vertex 129.646 18.3598 4
      vertex 129.352 18.203 4
    endloop
  endfacet
  facet normal 0 0 1
    outer loop
      vertex 130.366 14.6234 4
      vertex 128.771 15.7707 4
      vertex 129.986 14.6563 4
    endloop
  endfacet
  facet normal 0 0 1
    outer loop
      vertex 128.909 17.7074 4
      vertex 129.352 18.203 4
      vertex 129.105 17.9835 4
    endloop
  endfacet
  facet normal -0 -0 1
    outer loop
      vertex 128.912 15.4374 4
      vertex 129.986 14.6563 4
      vertex 128.771 15.7707 4
    endloop
  endfacet
  facet normal 0 0 1
    outer loop
      vertex 129.986 18.4539 4
      vertex 128.909 17.7074 4
      vertex 128.769 17.3808 4
    endloop
  endfacet
  facet normal 0 0 1
    outer loop
      vertex 129.986 14.6563 4
      vertex 128.912 15.4374 4
      vertex 129.65 14.7552 4
    endloop
  endfacet
  facet normal 0 0 1
    outer loop
      vertex 130.373 18.4853 4
      vertex 128.769 17.3808 4
      vertex 128.685 17.0038 4
    endloop
  endfacet
  facet normal -0 -0 1
    outer loop
      vertex 129.11 15.1506 4
      vertex 129.65 14.7552 4
      vertex 128.912 15.4374 4
    endloop
  endfacet
  facet normal 0 0 1
    outer loop
      vertex 132.051 16.9983 4
      vertex 128.685 17.0038 4
      vertex 128.657 16.5764 4
    endloop
  endfacet
  facet normal 0 0 1
    outer loop
      vertex 129.65 14.7552 4
      vertex 129.11 15.1506 4
      vertex 129.358 14.9199 4
    endloop
  endfacet
  facet normal 0 0 1
    outer loop
      vertex 163.991 18.3013 4
      vertex 164.431 17.5698 4
      vertex 164.413 17.7659 4
    endloop
  endfacet
  facet normal 0 0 1
    outer loop
      vertex 164.431 17.5698 4
      vertex 163.802 18.3696 4
      vertex 164.413 17.3665 4
    endloop
  endfacet
  facet normal 0 0 1
    outer loop
      vertex 164.148 18.2056 4
      vertex 164.413 17.7659 4
      vertex 164.36 17.9373 4
    endloop
  endfacet
  facet normal 0 0 1
    outer loop
      vertex 164.431 17.5698 4
      vertex 163.991 18.3013 4
      vertex 163.802 18.3696 4
    endloop
  endfacet
  facet normal 0 0 1
    outer loop
      vertex 164.148 18.2056 4
      vertex 164.36 17.9373 4
      vertex 164.272 18.0838 4
    endloop
  endfacet
  facet normal 0 -0 1
    outer loop
      vertex 163.813 16.7209 4
      vertex 164.413 17.3665 4
      vertex 163.802 18.3696 4
    endloop
  endfacet
  facet normal 0 0 1
    outer loop
      vertex 164.413 17.7659 4
      vertex 164.148 18.2056 4
      vertex 163.991 18.3013 4
    endloop
  endfacet
  facet normal 0 0 1
    outer loop
      vertex 164.413 17.3665 4
      vertex 163.997 16.7956 4
      vertex 164.361 17.1871 4
    endloop
  endfacet
  facet normal 0 -0 1
    outer loop
      vertex 164.151 16.9002 4
      vertex 164.361 17.1871 4
      vertex 163.997 16.7956 4
    endloop
  endfacet
  facet normal 0 0 1
    outer loop
      vertex 164.361 17.1871 4
      vertex 164.151 16.9002 4
      vertex 164.274 17.0317 4
    endloop
  endfacet
  facet normal 0 0 1
    outer loop
      vertex 164.413 17.3665 4
      vertex 163.813 16.7209 4
      vertex 163.997 16.7956 4
    endloop
  endfacet
  facet normal 0 0 1
    outer loop
      vertex 163.802 18.3696 4
      vertex 163.601 16.6761 4
      vertex 163.813 16.7209 4
    endloop
  endfacet
  facet normal 0 0 1
    outer loop
      vertex 163.583 18.4106 4
      vertex 163.601 16.6761 4
      vertex 163.802 18.3696 4
    endloop
  endfacet
  facet normal 0 0 1
    outer loop
      vertex 163.583 18.4106 4
      vertex 163.359 16.6611 4
      vertex 163.601 16.6761 4
    endloop
  endfacet
  facet normal 0 0 1
    outer loop
      vertex 163.332 18.4243 4
      vertex 163.359 16.6611 4
      vertex 163.583 18.4106 4
    endloop
  endfacet
  facet normal 0 0 1
    outer loop
      vertex 161.796 16.6611 4
      vertex 163.332 18.4243 4
      vertex 161.796 18.4243 4
    endloop
  endfacet
  facet normal 0 0 1
    outer loop
      vertex 163.332 18.4243 4
      vertex 161.796 16.6611 4
      vertex 163.359 16.6611 4
    endloop
  endfacet
  facet normal 0 0 1
    outer loop
      vertex 187.55 16.6735 4
      vertex 188.248 15.6669 4
      vertex 188.229 15.917 4
    endloop
  endfacet
  facet normal 0 0 1
    outer loop
      vertex 187.064 14.4666 4
      vertex 188.248 15.6669 4
      vertex 187.311 16.7242 4
    endloop
  endfacet
  facet normal 0 0 1
    outer loop
      vertex 187.756 16.5889 4
      vertex 188.229 15.917 4
      vertex 188.169 16.1343 4
    endloop
  endfacet
  facet normal 0 0 1
    outer loop
      vertex 188.248 15.6669 4
      vertex 187.064 14.4666 4
      vertex 188.23 15.3749 4
    endloop
  endfacet
  facet normal 0 0 1
    outer loop
      vertex 187.931 16.4705 4
      vertex 188.169 16.1343 4
      vertex 188.07 16.3188 4
    endloop
  endfacet
  facet normal 0 0 1
    outer loop
      vertex 188.248 15.6669 4
      vertex 187.55 16.6735 4
      vertex 187.311 16.7242 4
    endloop
  endfacet
  facet normal 0 0 1
    outer loop
      vertex 188.169 16.1343 4
      vertex 187.931 16.4705 4
      vertex 187.756 16.5889 4
    endloop
  endfacet
  facet normal 0 -0 1
    outer loop
      vertex 187.79 14.628 4
      vertex 188.084 14.9182 4
      vertex 187.586 14.5384 4
    endloop
  endfacet
  facet normal 0 0 1
    outer loop
      vertex 188.229 15.917 4
      vertex 187.756 16.5889 4
      vertex 187.55 16.6735 4
    endloop
  endfacet
  facet normal 0 0 1
    outer loop
      vertex 188.084 14.9182 4
      vertex 187.79 14.628 4
      vertex 187.955 14.7535 4
    endloop
  endfacet
  facet normal 0 0 1
    outer loop
      vertex 188.23 15.3749 4
      vertex 187.344 14.4846 4
      vertex 188.175 15.1253 4
    endloop
  endfacet
  facet normal 0 0 1
    outer loop
      vertex 188.175 15.1253 4
      vertex 187.586 14.5384 4
      vertex 188.084 14.9182 4
    endloop
  endfacet
  facet normal 0 -0 1
    outer loop
      vertex 187.586 14.5384 4
      vertex 188.175 15.1253 4
      vertex 187.344 14.4846 4
    endloop
  endfacet
  facet normal 0 0 1
    outer loop
      vertex 188.23 15.3749 4
      vertex 187.064 14.4666 4
      vertex 187.344 14.4846 4
    endloop
  endfacet
  facet normal 0 0 1
    outer loop
      vertex 187.04 16.7411 4
      vertex 187.064 14.4666 4
      vertex 187.311 16.7242 4
    endloop
  endfacet
  facet normal -0 0 1
    outer loop
      vertex 186.777 16.7229 4
      vertex 187.064 14.4666 4
      vertex 187.04 16.7411 4
    endloop
  endfacet
  facet normal 0 0 1
    outer loop
      vertex 185.856 15.6507 4
      vertex 186.777 16.7229 4
      vertex 186.544 16.6684 4
    endloop
  endfacet
  facet normal 0 0 1
    outer loop
      vertex 186.777 16.7229 4
      vertex 185.856 15.6507 4
      vertex 187.064 14.4666 4
    endloop
  endfacet
  facet normal 0 0 1
    outer loop
      vertex 185.875 15.8914 4
      vertex 186.544 16.6684 4
      vertex 186.341 16.5775 4
    endloop
  endfacet
  facet normal 0 0 1
    outer loop
      vertex 185.875 15.8914 4
      vertex 186.341 16.5775 4
      vertex 186.169 16.4502 4
    endloop
  endfacet
  facet normal 0 0 1
    outer loop
      vertex 187.064 14.4666 4
      vertex 185.856 15.6507 4
      vertex 186.536 14.5406 4
    endloop
  endfacet
  facet normal 0 0 1
    outer loop
      vertex 185.934 16.1048 4
      vertex 186.169 16.4502 4
      vertex 186.032 16.2911 4
    endloop
  endfacet
  facet normal 0 0 1
    outer loop
      vertex 186.169 16.4502 4
      vertex 185.934 16.1048 4
      vertex 185.875 15.8914 4
    endloop
  endfacet
  facet normal -0 -0 1
    outer loop
      vertex 185.931 15.1327 4
      vertex 186.536 14.5406 4
      vertex 185.856 15.6507 4
    endloop
  endfacet
  facet normal 0 0 1
    outer loop
      vertex 186.544 16.6684 4
      vertex 185.875 15.8914 4
      vertex 185.856 15.6507 4
    endloop
  endfacet
  facet normal 0 0 1
    outer loop
      vertex 186.536 14.5406 4
      vertex 185.931 15.1327 4
      vertex 186.158 14.7626 4
    endloop
  endfacet
  facet normal 0 0 1
    outer loop
      vertex 187.506 19.2111 4
      vertex 188.106 18.2994 4
      vertex 188.039 18.7248 4
    endloop
  endfacet
  facet normal 0 0 1
    outer loop
      vertex 187.04 19.2718 4
      vertex 188.106 18.2994 4
      vertex 187.506 19.2111 4
    endloop
  endfacet
  facet normal 0 -0 1
    outer loop
      vertex 187.503 17.3498 4
      vertex 188.089 18.0513 4
      vertex 187.291 17.3052 4
    endloop
  endfacet
  facet normal 0 0 1
    outer loop
      vertex 187.506 19.2111 4
      vertex 188.039 18.7248 4
      vertex 187.839 19.0287 4
    endloop
  endfacet
  facet normal 0 -0 1
    outer loop
      vertex 187.291 17.3052 4
      vertex 188.106 18.2994 4
      vertex 187.04 19.2718 4
    endloop
  endfacet
  facet normal 0 0 1
    outer loop
      vertex 188.038 17.8401 4
      vertex 187.685 17.4242 4
      vertex 187.954 17.6658 4
    endloop
  endfacet
  facet normal 0 0 1
    outer loop
      vertex 188.089 18.0513 4
      vertex 187.503 17.3498 4
      vertex 188.038 17.8401 4
    endloop
  endfacet
  facet normal 0 0 1
    outer loop
      vertex 187.954 17.6658 4
      vertex 187.685 17.4242 4
      vertex 187.835 17.5284 4
    endloop
  endfacet
  facet normal 0 -0 1
    outer loop
      vertex 187.685 17.4242 4
      vertex 188.038 17.8401 4
      vertex 187.503 17.3498 4
    endloop
  endfacet
  facet normal 0 0 1
    outer loop
      vertex 188.106 18.2994 4
      vertex 187.291 17.3052 4
      vertex 188.089 18.0513 4
    endloop
  endfacet
  facet normal 0 0 1
    outer loop
      vertex 187.291 17.3052 4
      vertex 187.04 19.2718 4
      vertex 187.048 17.2903 4
    endloop
  endfacet
  facet normal 0 0 1
    outer loop
      vertex 187.04 19.2718 4
      vertex 186.808 17.3065 4
      vertex 187.048 17.2903 4
    endloop
  endfacet
  facet normal -0 0 1
    outer loop
      vertex 186.797 19.2566 4
      vertex 186.808 17.3065 4
      vertex 187.04 19.2718 4
    endloop
  endfacet
  facet normal -0 0 1
    outer loop
      vertex 185.982 18.2994 4
      vertex 186.808 17.3065 4
      vertex 186.797 19.2566 4
    endloop
  endfacet
  facet normal 0 0 1
    outer loop
      vertex 185.999 18.5265 4
      vertex 186.797 19.2566 4
      vertex 186.585 19.2108 4
    endloop
  endfacet
  facet normal -0 -0 1
    outer loop
      vertex 186 18.0679 4
      vertex 186.808 17.3065 4
      vertex 185.982 18.2994 4
    endloop
  endfacet
  facet normal 0 0 1
    outer loop
      vertex 185.999 18.5265 4
      vertex 186.585 19.2108 4
      vertex 186.403 19.1345 4
    endloop
  endfacet
  facet normal 0 0 1
    outer loop
      vertex 186.808 17.3065 4
      vertex 186 18.0679 4
      vertex 186.597 17.3549 4
    endloop
  endfacet
  facet normal 0 0 1
    outer loop
      vertex 186.05 18.7236 4
      vertex 186.403 19.1345 4
      vertex 186.253 19.0277 4
    endloop
  endfacet
  facet normal 0 0 1
    outer loop
      vertex 186.597 17.3549 4
      vertex 186 18.0679 4
      vertex 186.415 17.4357 4
    endloop
  endfacet
  facet normal 0 0 1
    outer loop
      vertex 186.05 18.7236 4
      vertex 186.253 19.0277 4
      vertex 186.134 18.8907 4
    endloop
  endfacet
  facet normal -0 -0 1
    outer loop
      vertex 186.052 17.8656 4
      vertex 186.415 17.4357 4
      vertex 186 18.0679 4
    endloop
  endfacet
  facet normal 0 0 1
    outer loop
      vertex 186.403 19.1345 4
      vertex 186.05 18.7236 4
      vertex 185.999 18.5265 4
    endloop
  endfacet
  facet normal 0 0 1
    outer loop
      vertex 186.415 17.4357 4
      vertex 186.052 17.8656 4
      vertex 186.261 17.5487 4
    endloop
  endfacet
  facet normal 0 0 1
    outer loop
      vertex 186.797 19.2566 4
      vertex 185.999 18.5265 4
      vertex 185.982 18.2994 4
    endloop
  endfacet
  facet normal 0 0 1
    outer loop
      vertex 186.261 17.5487 4
      vertex 186.052 17.8656 4
      vertex 186.139 17.6925 4
    endloop
  endfacet
  facet normal -0.751841 0.659345 0
    outer loop
      vertex -8.33021 6.39199 0
      vertex -7.42462 7.42462 4
      vertex -7.42462 7.42462 0
    endloop
  endfacet
  facet normal -0.751841 0.659345 0
    outer loop
      vertex -7.42462 7.42462 4
      vertex -8.33021 6.39199 0
      vertex -8.33021 6.39199 4
    endloop
  endfacet
  facet normal -0.99786 0.0653824 0
    outer loop
      vertex -10.5 0 0
      vertex -10.4102 1.37052 4
      vertex -10.4102 1.37052 0
    endloop
  endfacet
  facet normal -0.99786 0.0653824 0
    outer loop
      vertex -10.4102 1.37052 4
      vertex -10.5 0 0
      vertex -10.5 0 4
    endloop
  endfacet
  facet normal -0.751841 -0.659345 0
    outer loop
      vertex -7.42462 -7.42462 0
      vertex -8.33021 -6.39199 4
      vertex -8.33021 -6.39199 0
    endloop
  endfacet
  facet normal -0.751841 -0.659345 0
    outer loop
      vertex -8.33021 -6.39199 4
      vertex -7.42462 -7.42462 0
      vertex -7.42462 -7.42462 4
    endloop
  endfacet
  facet normal -0.555571 -0.831469 0
    outer loop
      vertex -6.39199 -8.33021 0
      vertex -6 -8.59213 4
      vertex -6.39199 -8.33021 4
    endloop
  endfacet
  facet normal -0.555571 -0.831469 -0
    outer loop
      vertex -6 -8.59213 4
      vertex -6.39199 -8.33021 0
      vertex -6 -8.59213 0
    endloop
  endfacet
  facet normal -0.831467 0.555574 0
    outer loop
      vertex -9.09327 5.25 0
      vertex -8.33021 6.39199 4
      vertex -8.33021 6.39199 0
    endloop
  endfacet
  facet normal -0.831467 0.555574 0
    outer loop
      vertex -8.33021 6.39199 4
      vertex -9.09327 5.25 0
      vertex -9.09327 5.25 4
    endloop
  endfacet
  facet normal 1 -0 0
    outer loop
      vertex 209 -22 4
      vertex 209 22 0
      vertex 209 22 4
    endloop
  endfacet
  facet normal 1 0 0
    outer loop
      vertex 209 22 0
      vertex 209 -22 4
      vertex 209 -22 0
    endloop
  endfacet
  facet normal -1 0 0
    outer loop
      vertex -6 -22 0
      vertex -6 -8.59213 4
      vertex -6 -8.59213 0
    endloop
  endfacet
  facet normal -1 -0 0
    outer loop
      vertex -6 -8.59213 4
      vertex -6 -22 0
      vertex -6 -22 4
    endloop
  endfacet
  facet normal -1 0 0
    outer loop
      vertex -6 8.59213 0
      vertex -6 17 4
      vertex -6 17 0
    endloop
  endfacet
  facet normal -1 -0 0
    outer loop
      vertex -6 17 4
      vertex -6 8.59213 0
      vertex -6 8.59213 4
    endloop
  endfacet
  facet normal 0 1 -0
    outer loop
      vertex 209 22 0
      vertex -2.5 22 4
      vertex 209 22 4
    endloop
  endfacet
  facet normal 0 1 0
    outer loop
      vertex -2.5 22 4
      vertex 209 22 0
      vertex -2.5 22 0
    endloop
  endfacet
  facet normal 0 -1 0
    outer loop
      vertex -6 -22 0
      vertex 209 -22 4
      vertex -6 -22 4
    endloop
  endfacet
  facet normal 0 -1 -0
    outer loop
      vertex 209 -22 4
      vertex -6 -22 0
      vertex 209 -22 0
    endloop
  endfacet
  facet normal -0.94697 -0.321322 0
    outer loop
      vertex 19.8807 8.90587 0
      vertex 19.7336 9.33939 4
      vertex 19.7336 9.33939 0
    endloop
  endfacet
  facet normal -0.94697 -0.321322 0
    outer loop
      vertex 19.7336 9.33939 4
      vertex 19.8807 8.90587 0
      vertex 19.8807 8.90587 4
    endloop
  endfacet
  facet normal 0.997865 0.0653099 0
    outer loop
      vertex 13.0299 -8.45684 4
      vertex 13 -8 0
      vertex 13 -8 4
    endloop
  endfacet
  facet normal 0.997865 0.0653099 0
    outer loop
      vertex 13 -8 0
      vertex 13.0299 -8.45684 4
      vertex 13.0299 -8.45684 0
    endloop
  endfacet
  facet normal -0.980751 0.195263 0
    outer loop
      vertex 19.8807 -8.90587 0
      vertex 19.9701 -8.45684 4
      vertex 19.9701 -8.45684 0
    endloop
  endfacet
  facet normal -0.980751 0.195263 0
    outer loop
      vertex 19.9701 -8.45684 4
      vertex 19.8807 -8.90587 0
      vertex 19.8807 -8.90587 4
    endloop
  endfacet
  facet normal 0.555607 -0.831445 0
    outer loop
      vertex 14.3693 10.7767 0
      vertex 14.75 11.0311 4
      vertex 14.3693 10.7767 4
    endloop
  endfacet
  facet normal 0.555607 -0.831445 0
    outer loop
      vertex 14.75 11.0311 4
      vertex 14.3693 10.7767 0
      vertex 14.75 11.0311 0
    endloop
  endfacet
  facet normal 1 -0 0
    outer loop
      vertex 13 -8 4
      vertex 13 8 0
      vertex 13 8 4
    endloop
  endfacet
  facet normal 1 0 0
    outer loop
      vertex 13 8 0
      vertex 13 -8 4
      vertex 13 -8 0
    endloop
  endfacet
  facet normal -0.321335 0.946966 0
    outer loop
      vertex 17.8394 -11.2336 0
      vertex 17.4059 -11.3807 4
      vertex 17.8394 -11.2336 4
    endloop
  endfacet
  facet normal -0.321335 0.946966 0
    outer loop
      vertex 17.4059 -11.3807 4
      vertex 17.8394 -11.2336 0
      vertex 17.4059 -11.3807 0
    endloop
  endfacet
  facet normal -0.94697 0.321322 0
    outer loop
      vertex 19.7336 -9.33939 0
      vertex 19.8807 -8.90587 4
      vertex 19.8807 -8.90587 0
    endloop
  endfacet
  facet normal -0.94697 0.321322 0
    outer loop
      vertex 19.8807 -8.90587 4
      vertex 19.7336 -9.33939 0
      vertex 19.7336 -9.33939 4
    endloop
  endfacet
  facet normal -0.321335 -0.946966 0
    outer loop
      vertex 17.4059 11.3807 0
      vertex 17.8394 11.2336 4
      vertex 17.4059 11.3807 4
    endloop
  endfacet
  facet normal -0.321335 -0.946966 -0
    outer loop
      vertex 17.8394 11.2336 4
      vertex 17.4059 11.3807 0
      vertex 17.8394 11.2336 0
    endloop
  endfacet
  facet normal -0.555607 0.831445 0
    outer loop
      vertex 18.6307 -10.7767 0
      vertex 18.25 -11.0311 4
      vertex 18.6307 -10.7767 4
    endloop
  endfacet
  facet normal -0.555607 0.831445 0
    outer loop
      vertex 18.25 -11.0311 4
      vertex 18.6307 -10.7767 0
      vertex 18.25 -11.0311 0
    endloop
  endfacet
  facet normal 0.442314 0.89686 -0
    outer loop
      vertex 15.1606 -11.2336 0
      vertex 14.75 -11.0311 4
      vertex 15.1606 -11.2336 4
    endloop
  endfacet
  facet normal 0.442314 0.89686 0
    outer loop
      vertex 14.75 -11.0311 4
      vertex 15.1606 -11.2336 0
      vertex 14.75 -11.0311 0
    endloop
  endfacet
  facet normal 0.831445 0.555607 0
    outer loop
      vertex 13.7233 -10.1307 4
      vertex 13.4689 -9.75 0
      vertex 13.4689 -9.75 4
    endloop
  endfacet
  facet normal 0.831445 0.555607 0
    outer loop
      vertex 13.4689 -9.75 0
      vertex 13.7233 -10.1307 4
      vertex 13.7233 -10.1307 0
    endloop
  endfacet
  facet normal 0.555607 0.831445 -0
    outer loop
      vertex 14.75 -11.0311 0
      vertex 14.3693 -10.7767 4
      vertex 14.75 -11.0311 4
    endloop
  endfacet
  facet normal 0.555607 0.831445 0
    outer loop
      vertex 14.3693 -10.7767 4
      vertex 14.75 -11.0311 0
      vertex 14.3693 -10.7767 0
    endloop
  endfacet
  facet normal 0.896864 -0.442305 0
    outer loop
      vertex 13.2664 9.33939 4
      vertex 13.4689 9.75 0
      vertex 13.4689 9.75 4
    endloop
  endfacet
  facet normal 0.896864 -0.442305 0
    outer loop
      vertex 13.4689 9.75 0
      vertex 13.2664 9.33939 4
      vertex 13.2664 9.33939 0
    endloop
  endfacet
  facet normal 0.659278 -0.7519 0
    outer loop
      vertex 14.0251 10.4749 0
      vertex 14.3693 10.7767 4
      vertex 14.0251 10.4749 4
    endloop
  endfacet
  facet normal 0.659278 -0.7519 0
    outer loop
      vertex 14.3693 10.7767 4
      vertex 14.0251 10.4749 0
      vertex 14.3693 10.7767 0
    endloop
  endfacet
  facet normal 0.896864 0.442305 0
    outer loop
      vertex 13.4689 -9.75 4
      vertex 13.2664 -9.33939 0
      vertex 13.2664 -9.33939 4
    endloop
  endfacet
  facet normal 0.896864 0.442305 0
    outer loop
      vertex 13.2664 -9.33939 0
      vertex 13.4689 -9.75 4
      vertex 13.4689 -9.75 0
    endloop
  endfacet
  facet normal -0.442314 0.89686 0
    outer loop
      vertex 18.25 -11.0311 0
      vertex 17.8394 -11.2336 4
      vertex 18.25 -11.0311 4
    endloop
  endfacet
  facet normal -0.442314 0.89686 0
    outer loop
      vertex 17.8394 -11.2336 4
      vertex 18.25 -11.0311 0
      vertex 17.8394 -11.2336 0
    endloop
  endfacet
  facet normal 0.980751 0.195263 0
    outer loop
      vertex 13.1193 -8.90587 4
      vertex 13.0299 -8.45684 0
      vertex 13.0299 -8.45684 4
    endloop
  endfacet
  facet normal 0.980751 0.195263 0
    outer loop
      vertex 13.0299 -8.45684 0
      vertex 13.1193 -8.90587 4
      vertex 13.1193 -8.90587 0
    endloop
  endfacet
  facet normal -0.442314 -0.89686 0
    outer loop
      vertex 17.8394 11.2336 0
      vertex 18.25 11.0311 4
      vertex 17.8394 11.2336 4
    endloop
  endfacet
  facet normal -0.442314 -0.89686 -0
    outer loop
      vertex 18.25 11.0311 4
      vertex 17.8394 11.2336 0
      vertex 18.25 11.0311 0
    endloop
  endfacet
  facet normal 0.0653156 0.997865 -0
    outer loop
      vertex 16.5 -11.5 0
      vertex 16.0432 -11.4701 4
      vertex 16.5 -11.5 4
    endloop
  endfacet
  facet normal 0.0653156 0.997865 0
    outer loop
      vertex 16.0432 -11.4701 4
      vertex 16.5 -11.5 0
      vertex 16.0432 -11.4701 0
    endloop
  endfacet
  facet normal 0.0653156 -0.997865 0
    outer loop
      vertex 16.0432 11.4701 0
      vertex 16.5 11.5 4
      vertex 16.0432 11.4701 4
    endloop
  endfacet
  facet normal 0.0653156 -0.997865 0
    outer loop
      vertex 16.5 11.5 4
      vertex 16.0432 11.4701 0
      vertex 16.5 11.5 0
    endloop
  endfacet
  facet normal -1 0 0
    outer loop
      vertex 20 -8 0
      vertex 20 8 4
      vertex 20 8 0
    endloop
  endfacet
  facet normal -1 -0 0
    outer loop
      vertex 20 8 4
      vertex 20 -8 0
      vertex 20 -8 4
    endloop
  endfacet
  facet normal 0.659278 0.7519 -0
    outer loop
      vertex 14.3693 -10.7767 0
      vertex 14.0251 -10.4749 4
      vertex 14.3693 -10.7767 4
    endloop
  endfacet
  facet normal 0.659278 0.7519 0
    outer loop
      vertex 14.0251 -10.4749 4
      vertex 14.3693 -10.7767 0
      vertex 14.0251 -10.4749 0
    endloop
  endfacet
  facet normal -0.659278 0.7519 0
    outer loop
      vertex 18.9749 -10.4749 0
      vertex 18.6307 -10.7767 4
      vertex 18.9749 -10.4749 4
    endloop
  endfacet
  facet normal -0.659278 0.7519 0
    outer loop
      vertex 18.6307 -10.7767 4
      vertex 18.9749 -10.4749 0
      vertex 18.6307 -10.7767 0
    endloop
  endfacet
  facet normal -0.896864 0.442305 0
    outer loop
      vertex 19.5311 -9.75 0
      vertex 19.7336 -9.33939 4
      vertex 19.7336 -9.33939 0
    endloop
  endfacet
  facet normal -0.896864 0.442305 0
    outer loop
      vertex 19.7336 -9.33939 4
      vertex 19.5311 -9.75 0
      vertex 19.5311 -9.75 4
    endloop
  endfacet
  facet normal -0.997865 -0.0653099 0
    outer loop
      vertex 20 8 0
      vertex 19.9701 8.45684 4
      vertex 19.9701 8.45684 0
    endloop
  endfacet
  facet normal -0.997865 -0.0653099 0
    outer loop
      vertex 19.9701 8.45684 4
      vertex 20 8 0
      vertex 20 8 4
    endloop
  endfacet
  facet normal -0.7519 0.659278 0
    outer loop
      vertex 18.9749 -10.4749 0
      vertex 19.2767 -10.1307 4
      vertex 19.2767 -10.1307 0
    endloop
  endfacet
  facet normal -0.7519 0.659278 0
    outer loop
      vertex 19.2767 -10.1307 4
      vertex 18.9749 -10.4749 0
      vertex 18.9749 -10.4749 4
    endloop
  endfacet
  facet normal 0.195234 0.980757 -0
    outer loop
      vertex 16.0432 -11.4701 0
      vertex 15.5941 -11.3807 4
      vertex 16.0432 -11.4701 4
    endloop
  endfacet
  facet normal 0.195234 0.980757 0
    outer loop
      vertex 15.5941 -11.3807 4
      vertex 16.0432 -11.4701 0
      vertex 15.5941 -11.3807 0
    endloop
  endfacet
  facet normal -0.195234 0.980757 0
    outer loop
      vertex 17.4059 -11.3807 0
      vertex 16.9568 -11.4701 4
      vertex 17.4059 -11.3807 4
    endloop
  endfacet
  facet normal -0.195234 0.980757 0
    outer loop
      vertex 16.9568 -11.4701 4
      vertex 17.4059 -11.3807 0
      vertex 16.9568 -11.4701 0
    endloop
  endfacet
  facet normal -0.896864 -0.442305 0
    outer loop
      vertex 19.7336 9.33939 0
      vertex 19.5311 9.75 4
      vertex 19.5311 9.75 0
    endloop
  endfacet
  facet normal -0.896864 -0.442305 0
    outer loop
      vertex 19.5311 9.75 4
      vertex 19.7336 9.33939 0
      vertex 19.7336 9.33939 4
    endloop
  endfacet
  facet normal -0.0653156 0.997865 0
    outer loop
      vertex 16.9568 -11.4701 0
      vertex 16.5 -11.5 4
      vertex 16.9568 -11.4701 4
    endloop
  endfacet
  facet normal -0.0653156 0.997865 0
    outer loop
      vertex 16.5 -11.5 4
      vertex 16.9568 -11.4701 0
      vertex 16.5 -11.5 0
    endloop
  endfacet
  facet normal 0.321335 0.946966 -0
    outer loop
      vertex 15.5941 -11.3807 0
      vertex 15.1606 -11.2336 4
      vertex 15.5941 -11.3807 4
    endloop
  endfacet
  facet normal 0.321335 0.946966 0
    outer loop
      vertex 15.1606 -11.2336 4
      vertex 15.5941 -11.3807 0
      vertex 15.1606 -11.2336 0
    endloop
  endfacet
  facet normal 0.94697 0.321322 0
    outer loop
      vertex 13.2664 -9.33939 4
      vertex 13.1193 -8.90587 0
      vertex 13.1193 -8.90587 4
    endloop
  endfacet
  facet normal 0.94697 0.321322 0
    outer loop
      vertex 13.1193 -8.90587 0
      vertex 13.2664 -9.33939 4
      vertex 13.2664 -9.33939 0
    endloop
  endfacet
  facet normal -0.7519 -0.659278 0
    outer loop
      vertex 19.2767 10.1307 0
      vertex 18.9749 10.4749 4
      vertex 18.9749 10.4749 0
    endloop
  endfacet
  facet normal -0.7519 -0.659278 0
    outer loop
      vertex 18.9749 10.4749 4
      vertex 19.2767 10.1307 0
      vertex 19.2767 10.1307 4
    endloop
  endfacet
  facet normal -0.997865 0.0653099 0
    outer loop
      vertex 19.9701 -8.45684 0
      vertex 20 -8 4
      vertex 20 -8 0
    endloop
  endfacet
  facet normal -0.997865 0.0653099 0
    outer loop
      vertex 20 -8 4
      vertex 19.9701 -8.45684 0
      vertex 19.9701 -8.45684 4
    endloop
  endfacet
  facet normal -0.0653156 -0.997865 0
    outer loop
      vertex 16.5 11.5 0
      vertex 16.9568 11.4701 4
      vertex 16.5 11.5 4
    endloop
  endfacet
  facet normal -0.0653156 -0.997865 -0
    outer loop
      vertex 16.9568 11.4701 4
      vertex 16.5 11.5 0
      vertex 16.9568 11.4701 0
    endloop
  endfacet
  facet normal -0.980751 -0.195263 0
    outer loop
      vertex 19.9701 8.45684 0
      vertex 19.8807 8.90587 4
      vertex 19.8807 8.90587 0
    endloop
  endfacet
  facet normal -0.980751 -0.195263 0
    outer loop
      vertex 19.8807 8.90587 4
      vertex 19.9701 8.45684 0
      vertex 19.9701 8.45684 4
    endloop
  endfacet
  facet normal -0.831445 0.555607 0
    outer loop
      vertex 19.2767 -10.1307 0
      vertex 19.5311 -9.75 4
      vertex 19.5311 -9.75 0
    endloop
  endfacet
  facet normal -0.831445 0.555607 0
    outer loop
      vertex 19.5311 -9.75 4
      vertex 19.2767 -10.1307 0
      vertex 19.2767 -10.1307 4
    endloop
  endfacet
  facet normal 0.7519 0.659278 0
    outer loop
      vertex 14.0251 -10.4749 4
      vertex 13.7233 -10.1307 0
      vertex 13.7233 -10.1307 4
    endloop
  endfacet
  facet normal 0.7519 0.659278 0
    outer loop
      vertex 13.7233 -10.1307 0
      vertex 14.0251 -10.4749 4
      vertex 14.0251 -10.4749 0
    endloop
  endfacet
  facet normal -0.659278 -0.7519 0
    outer loop
      vertex 18.6307 10.7767 0
      vertex 18.9749 10.4749 4
      vertex 18.6307 10.7767 4
    endloop
  endfacet
  facet normal -0.659278 -0.7519 -0
    outer loop
      vertex 18.9749 10.4749 4
      vertex 18.6307 10.7767 0
      vertex 18.9749 10.4749 0
    endloop
  endfacet
  facet normal 0.442314 -0.89686 0
    outer loop
      vertex 14.75 11.0311 0
      vertex 15.1606 11.2336 4
      vertex 14.75 11.0311 4
    endloop
  endfacet
  facet normal 0.442314 -0.89686 0
    outer loop
      vertex 15.1606 11.2336 4
      vertex 14.75 11.0311 0
      vertex 15.1606 11.2336 0
    endloop
  endfacet
  facet normal -0.195234 -0.980757 0
    outer loop
      vertex 16.9568 11.4701 0
      vertex 17.4059 11.3807 4
      vertex 16.9568 11.4701 4
    endloop
  endfacet
  facet normal -0.195234 -0.980757 -0
    outer loop
      vertex 17.4059 11.3807 4
      vertex 16.9568 11.4701 0
      vertex 17.4059 11.3807 0
    endloop
  endfacet
  facet normal 0.94697 -0.321322 0
    outer loop
      vertex 13.1193 8.90587 4
      vertex 13.2664 9.33939 0
      vertex 13.2664 9.33939 4
    endloop
  endfacet
  facet normal 0.94697 -0.321322 0
    outer loop
      vertex 13.2664 9.33939 0
      vertex 13.1193 8.90587 4
      vertex 13.1193 8.90587 0
    endloop
  endfacet
  facet normal -0.555607 -0.831445 0
    outer loop
      vertex 18.25 11.0311 0
      vertex 18.6307 10.7767 4
      vertex 18.25 11.0311 4
    endloop
  endfacet
  facet normal -0.555607 -0.831445 -0
    outer loop
      vertex 18.6307 10.7767 4
      vertex 18.25 11.0311 0
      vertex 18.6307 10.7767 0
    endloop
  endfacet
  facet normal 0.321335 -0.946966 0
    outer loop
      vertex 15.1606 11.2336 0
      vertex 15.5941 11.3807 4
      vertex 15.1606 11.2336 4
    endloop
  endfacet
  facet normal 0.321335 -0.946966 0
    outer loop
      vertex 15.5941 11.3807 4
      vertex 15.1606 11.2336 0
      vertex 15.5941 11.3807 0
    endloop
  endfacet
  facet normal 0.195234 -0.980757 0
    outer loop
      vertex 15.5941 11.3807 0
      vertex 16.0432 11.4701 4
      vertex 15.5941 11.3807 4
    endloop
  endfacet
  facet normal 0.195234 -0.980757 0
    outer loop
      vertex 16.0432 11.4701 4
      vertex 15.5941 11.3807 0
      vertex 16.0432 11.4701 0
    endloop
  endfacet
  facet normal 0.831445 -0.555607 0
    outer loop
      vertex 13.4689 9.75 4
      vertex 13.7233 10.1307 0
      vertex 13.7233 10.1307 4
    endloop
  endfacet
  facet normal 0.831445 -0.555607 0
    outer loop
      vertex 13.7233 10.1307 0
      vertex 13.4689 9.75 4
      vertex 13.4689 9.75 0
    endloop
  endfacet
  facet normal -0.831445 -0.555607 0
    outer loop
      vertex 19.5311 9.75 0
      vertex 19.2767 10.1307 4
      vertex 19.2767 10.1307 0
    endloop
  endfacet
  facet normal -0.831445 -0.555607 0
    outer loop
      vertex 19.2767 10.1307 4
      vertex 19.5311 9.75 0
      vertex 19.5311 9.75 4
    endloop
  endfacet
  facet normal 0.980751 -0.195263 0
    outer loop
      vertex 13.0299 8.45684 4
      vertex 13.1193 8.90587 0
      vertex 13.1193 8.90587 4
    endloop
  endfacet
  facet normal 0.980751 -0.195263 0
    outer loop
      vertex 13.1193 8.90587 0
      vertex 13.0299 8.45684 4
      vertex 13.0299 8.45684 0
    endloop
  endfacet
  facet normal 0.997865 -0.0653099 0
    outer loop
      vertex 13 8 4
      vertex 13.0299 8.45684 0
      vertex 13.0299 8.45684 4
    endloop
  endfacet
  facet normal 0.997865 -0.0653099 0
    outer loop
      vertex 13.0299 8.45684 0
      vertex 13 8 4
      vertex 13 8 0
    endloop
  endfacet
  facet normal 0.7519 -0.659278 0
    outer loop
      vertex 13.7233 10.1307 4
      vertex 14.0251 10.4749 0
      vertex 14.0251 10.4749 4
    endloop
  endfacet
  facet normal 0.7519 -0.659278 0
    outer loop
      vertex 14.0251 10.4749 0
      vertex 13.7233 10.1307 4
      vertex 13.7233 10.1307 0
    endloop
  endfacet
  facet normal -0.94697 -0.321322 0
    outer loop
      vertex 57.7557 8.90587 0
      vertex 57.6086 9.33939 4
      vertex 57.6086 9.33939 0
    endloop
  endfacet
  facet normal -0.94697 -0.321322 0
    outer loop
      vertex 57.6086 9.33939 4
      vertex 57.7557 8.90587 0
      vertex 57.7557 8.90587 4
    endloop
  endfacet
  facet normal 0.997865 0.0653099 0
    outer loop
      vertex 50.9049 -8.45684 4
      vertex 50.875 -8 0
      vertex 50.875 -8 4
    endloop
  endfacet
  facet normal 0.997865 0.0653099 0
    outer loop
      vertex 50.875 -8 0
      vertex 50.9049 -8.45684 4
      vertex 50.9049 -8.45684 0
    endloop
  endfacet
  facet normal -0.980751 0.195263 0
    outer loop
      vertex 57.7557 -8.90587 0
      vertex 57.8451 -8.45684 4
      vertex 57.8451 -8.45684 0
    endloop
  endfacet
  facet normal -0.980751 0.195263 0
    outer loop
      vertex 57.8451 -8.45684 4
      vertex 57.7557 -8.90587 0
      vertex 57.7557 -8.90587 4
    endloop
  endfacet
  facet normal 0.555607 -0.831445 0
    outer loop
      vertex 52.2443 10.7767 0
      vertex 52.625 11.0311 4
      vertex 52.2443 10.7767 4
    endloop
  endfacet
  facet normal 0.555607 -0.831445 0
    outer loop
      vertex 52.625 11.0311 4
      vertex 52.2443 10.7767 0
      vertex 52.625 11.0311 0
    endloop
  endfacet
  facet normal 1 -0 0
    outer loop
      vertex 50.875 -8 4
      vertex 50.875 8 0
      vertex 50.875 8 4
    endloop
  endfacet
  facet normal 1 0 0
    outer loop
      vertex 50.875 8 0
      vertex 50.875 -8 4
      vertex 50.875 -8 0
    endloop
  endfacet
  facet normal -0.321335 0.946966 0
    outer loop
      vertex 55.7144 -11.2336 0
      vertex 55.2809 -11.3807 4
      vertex 55.7144 -11.2336 4
    endloop
  endfacet
  facet normal -0.321335 0.946966 0
    outer loop
      vertex 55.2809 -11.3807 4
      vertex 55.7144 -11.2336 0
      vertex 55.2809 -11.3807 0
    endloop
  endfacet
  facet normal -0.94697 0.321322 0
    outer loop
      vertex 57.6086 -9.33939 0
      vertex 57.7557 -8.90587 4
      vertex 57.7557 -8.90587 0
    endloop
  endfacet
  facet normal -0.94697 0.321322 0
    outer loop
      vertex 57.7557 -8.90587 4
      vertex 57.6086 -9.33939 0
      vertex 57.6086 -9.33939 4
    endloop
  endfacet
  facet normal -0.321335 -0.946966 0
    outer loop
      vertex 55.2809 11.3807 0
      vertex 55.7144 11.2336 4
      vertex 55.2809 11.3807 4
    endloop
  endfacet
  facet normal -0.321335 -0.946966 -0
    outer loop
      vertex 55.7144 11.2336 4
      vertex 55.2809 11.3807 0
      vertex 55.7144 11.2336 0
    endloop
  endfacet
  facet normal -0.555607 0.831445 0
    outer loop
      vertex 56.5057 -10.7767 0
      vertex 56.125 -11.0311 4
      vertex 56.5057 -10.7767 4
    endloop
  endfacet
  facet normal -0.555607 0.831445 0
    outer loop
      vertex 56.125 -11.0311 4
      vertex 56.5057 -10.7767 0
      vertex 56.125 -11.0311 0
    endloop
  endfacet
  facet normal 0.442314 0.89686 -0
    outer loop
      vertex 53.0356 -11.2336 0
      vertex 52.625 -11.0311 4
      vertex 53.0356 -11.2336 4
    endloop
  endfacet
  facet normal 0.442314 0.89686 0
    outer loop
      vertex 52.625 -11.0311 4
      vertex 53.0356 -11.2336 0
      vertex 52.625 -11.0311 0
    endloop
  endfacet
  facet normal 0.831445 0.555607 0
    outer loop
      vertex 51.5983 -10.1307 4
      vertex 51.3439 -9.75 0
      vertex 51.3439 -9.75 4
    endloop
  endfacet
  facet normal 0.831445 0.555607 0
    outer loop
      vertex 51.3439 -9.75 0
      vertex 51.5983 -10.1307 4
      vertex 51.5983 -10.1307 0
    endloop
  endfacet
  facet normal 0.555607 0.831445 -0
    outer loop
      vertex 52.625 -11.0311 0
      vertex 52.2443 -10.7767 4
      vertex 52.625 -11.0311 4
    endloop
  endfacet
  facet normal 0.555607 0.831445 0
    outer loop
      vertex 52.2443 -10.7767 4
      vertex 52.625 -11.0311 0
      vertex 52.2443 -10.7767 0
    endloop
  endfacet
  facet normal 0.896864 -0.442305 0
    outer loop
      vertex 51.1414 9.33939 4
      vertex 51.3439 9.75 0
      vertex 51.3439 9.75 4
    endloop
  endfacet
  facet normal 0.896864 -0.442305 0
    outer loop
      vertex 51.3439 9.75 0
      vertex 51.1414 9.33939 4
      vertex 51.1414 9.33939 0
    endloop
  endfacet
  facet normal 0.659278 -0.7519 0
    outer loop
      vertex 51.9001 10.4749 0
      vertex 52.2443 10.7767 4
      vertex 51.9001 10.4749 4
    endloop
  endfacet
  facet normal 0.659278 -0.7519 0
    outer loop
      vertex 52.2443 10.7767 4
      vertex 51.9001 10.4749 0
      vertex 52.2443 10.7767 0
    endloop
  endfacet
  facet normal 0.896864 0.442305 0
    outer loop
      vertex 51.3439 -9.75 4
      vertex 51.1414 -9.33939 0
      vertex 51.1414 -9.33939 4
    endloop
  endfacet
  facet normal 0.896864 0.442305 0
    outer loop
      vertex 51.1414 -9.33939 0
      vertex 51.3439 -9.75 4
      vertex 51.3439 -9.75 0
    endloop
  endfacet
  facet normal -0.442314 0.89686 0
    outer loop
      vertex 56.125 -11.0311 0
      vertex 55.7144 -11.2336 4
      vertex 56.125 -11.0311 4
    endloop
  endfacet
  facet normal -0.442314 0.89686 0
    outer loop
      vertex 55.7144 -11.2336 4
      vertex 56.125 -11.0311 0
      vertex 55.7144 -11.2336 0
    endloop
  endfacet
  facet normal 0.980751 0.195263 0
    outer loop
      vertex 50.9943 -8.90587 4
      vertex 50.9049 -8.45684 0
      vertex 50.9049 -8.45684 4
    endloop
  endfacet
  facet normal 0.980751 0.195263 0
    outer loop
      vertex 50.9049 -8.45684 0
      vertex 50.9943 -8.90587 4
      vertex 50.9943 -8.90587 0
    endloop
  endfacet
  facet normal -0.442314 -0.89686 0
    outer loop
      vertex 55.7144 11.2336 0
      vertex 56.125 11.0311 4
      vertex 55.7144 11.2336 4
    endloop
  endfacet
  facet normal -0.442314 -0.89686 -0
    outer loop
      vertex 56.125 11.0311 4
      vertex 55.7144 11.2336 0
      vertex 56.125 11.0311 0
    endloop
  endfacet
  facet normal 0.0653156 0.997865 -0
    outer loop
      vertex 54.375 -11.5 0
      vertex 53.9182 -11.4701 4
      vertex 54.375 -11.5 4
    endloop
  endfacet
  facet normal 0.0653156 0.997865 0
    outer loop
      vertex 53.9182 -11.4701 4
      vertex 54.375 -11.5 0
      vertex 53.9182 -11.4701 0
    endloop
  endfacet
  facet normal 0.0653156 -0.997865 0
    outer loop
      vertex 53.9182 11.4701 0
      vertex 54.375 11.5 4
      vertex 53.9182 11.4701 4
    endloop
  endfacet
  facet normal 0.0653156 -0.997865 0
    outer loop
      vertex 54.375 11.5 4
      vertex 53.9182 11.4701 0
      vertex 54.375 11.5 0
    endloop
  endfacet
  facet normal -1 0 0
    outer loop
      vertex 57.875 -8 0
      vertex 57.875 8 4
      vertex 57.875 8 0
    endloop
  endfacet
  facet normal -1 -0 0
    outer loop
      vertex 57.875 8 4
      vertex 57.875 -8 0
      vertex 57.875 -8 4
    endloop
  endfacet
  facet normal 0.659278 0.7519 -0
    outer loop
      vertex 52.2443 -10.7767 0
      vertex 51.9001 -10.4749 4
      vertex 52.2443 -10.7767 4
    endloop
  endfacet
  facet normal 0.659278 0.7519 0
    outer loop
      vertex 51.9001 -10.4749 4
      vertex 52.2443 -10.7767 0
      vertex 51.9001 -10.4749 0
    endloop
  endfacet
  facet normal -0.659278 0.7519 0
    outer loop
      vertex 56.8499 -10.4749 0
      vertex 56.5057 -10.7767 4
      vertex 56.8499 -10.4749 4
    endloop
  endfacet
  facet normal -0.659278 0.7519 0
    outer loop
      vertex 56.5057 -10.7767 4
      vertex 56.8499 -10.4749 0
      vertex 56.5057 -10.7767 0
    endloop
  endfacet
  facet normal -0.896864 0.442305 0
    outer loop
      vertex 57.4061 -9.75 0
      vertex 57.6086 -9.33939 4
      vertex 57.6086 -9.33939 0
    endloop
  endfacet
  facet normal -0.896864 0.442305 0
    outer loop
      vertex 57.6086 -9.33939 4
      vertex 57.4061 -9.75 0
      vertex 57.4061 -9.75 4
    endloop
  endfacet
  facet normal -0.7519 0.659278 0
    outer loop
      vertex 56.8499 -10.4749 0
      vertex 57.1517 -10.1307 4
      vertex 57.1517 -10.1307 0
    endloop
  endfacet
  facet normal -0.7519 0.659278 0
    outer loop
      vertex 57.1517 -10.1307 4
      vertex 56.8499 -10.4749 0
      vertex 56.8499 -10.4749 4
    endloop
  endfacet
  facet normal 0.195234 0.980757 -0
    outer loop
      vertex 53.9182 -11.4701 0
      vertex 53.4691 -11.3807 4
      vertex 53.9182 -11.4701 4
    endloop
  endfacet
  facet normal 0.195234 0.980757 0
    outer loop
      vertex 53.4691 -11.3807 4
      vertex 53.9182 -11.4701 0
      vertex 53.4691 -11.3807 0
    endloop
  endfacet
  facet normal -0.195234 0.980757 0
    outer loop
      vertex 55.2809 -11.3807 0
      vertex 54.8318 -11.4701 4
      vertex 55.2809 -11.3807 4
    endloop
  endfacet
  facet normal -0.195234 0.980757 0
    outer loop
      vertex 54.8318 -11.4701 4
      vertex 55.2809 -11.3807 0
      vertex 54.8318 -11.4701 0
    endloop
  endfacet
  facet normal -0.896864 -0.442305 0
    outer loop
      vertex 57.6086 9.33939 0
      vertex 57.4061 9.75 4
      vertex 57.4061 9.75 0
    endloop
  endfacet
  facet normal -0.896864 -0.442305 0
    outer loop
      vertex 57.4061 9.75 4
      vertex 57.6086 9.33939 0
      vertex 57.6086 9.33939 4
    endloop
  endfacet
  facet normal -0.0653156 0.997865 0
    outer loop
      vertex 54.8318 -11.4701 0
      vertex 54.375 -11.5 4
      vertex 54.8318 -11.4701 4
    endloop
  endfacet
  facet normal -0.0653156 0.997865 0
    outer loop
      vertex 54.375 -11.5 4
      vertex 54.8318 -11.4701 0
      vertex 54.375 -11.5 0
    endloop
  endfacet
  facet normal 0.321335 0.946966 -0
    outer loop
      vertex 53.4691 -11.3807 0
      vertex 53.0356 -11.2336 4
      vertex 53.4691 -11.3807 4
    endloop
  endfacet
  facet normal 0.321335 0.946966 0
    outer loop
      vertex 53.0356 -11.2336 4
      vertex 53.4691 -11.3807 0
      vertex 53.0356 -11.2336 0
    endloop
  endfacet
  facet normal 0.94697 0.321322 0
    outer loop
      vertex 51.1414 -9.33939 4
      vertex 50.9943 -8.90587 0
      vertex 50.9943 -8.90587 4
    endloop
  endfacet
  facet normal 0.94697 0.321322 0
    outer loop
      vertex 50.9943 -8.90587 0
      vertex 51.1414 -9.33939 4
      vertex 51.1414 -9.33939 0
    endloop
  endfacet
  facet normal -0.7519 -0.659278 0
    outer loop
      vertex 57.1517 10.1307 0
      vertex 56.8499 10.4749 4
      vertex 56.8499 10.4749 0
    endloop
  endfacet
  facet normal -0.7519 -0.659278 0
    outer loop
      vertex 56.8499 10.4749 4
      vertex 57.1517 10.1307 0
      vertex 57.1517 10.1307 4
    endloop
  endfacet
  facet normal -0.997865 0.0653099 0
    outer loop
      vertex 57.8451 -8.45684 0
      vertex 57.875 -8 4
      vertex 57.875 -8 0
    endloop
  endfacet
  facet normal -0.997865 0.0653099 0
    outer loop
      vertex 57.875 -8 4
      vertex 57.8451 -8.45684 0
      vertex 57.8451 -8.45684 4
    endloop
  endfacet
  facet normal -0.0653156 -0.997865 0
    outer loop
      vertex 54.375 11.5 0
      vertex 54.8318 11.4701 4
      vertex 54.375 11.5 4
    endloop
  endfacet
  facet normal -0.0653156 -0.997865 -0
    outer loop
      vertex 54.8318 11.4701 4
      vertex 54.375 11.5 0
      vertex 54.8318 11.4701 0
    endloop
  endfacet
  facet normal -0.980751 -0.195263 0
    outer loop
      vertex 57.8451 8.45684 0
      vertex 57.7557 8.90587 4
      vertex 57.7557 8.90587 0
    endloop
  endfacet
  facet normal -0.980751 -0.195263 0
    outer loop
      vertex 57.7557 8.90587 4
      vertex 57.8451 8.45684 0
      vertex 57.8451 8.45684 4
    endloop
  endfacet
  facet normal -0.831445 0.555607 0
    outer loop
      vertex 57.1517 -10.1307 0
      vertex 57.4061 -9.75 4
      vertex 57.4061 -9.75 0
    endloop
  endfacet
  facet normal -0.831445 0.555607 0
    outer loop
      vertex 57.4061 -9.75 4
      vertex 57.1517 -10.1307 0
      vertex 57.1517 -10.1307 4
    endloop
  endfacet
  facet normal 0.7519 0.659278 0
    outer loop
      vertex 51.9001 -10.4749 4
      vertex 51.5983 -10.1307 0
      vertex 51.5983 -10.1307 4
    endloop
  endfacet
  facet normal 0.7519 0.659278 0
    outer loop
      vertex 51.5983 -10.1307 0
      vertex 51.9001 -10.4749 4
      vertex 51.9001 -10.4749 0
    endloop
  endfacet
  facet normal -0.659278 -0.7519 0
    outer loop
      vertex 56.5057 10.7767 0
      vertex 56.8499 10.4749 4
      vertex 56.5057 10.7767 4
    endloop
  endfacet
  facet normal -0.659278 -0.7519 -0
    outer loop
      vertex 56.8499 10.4749 4
      vertex 56.5057 10.7767 0
      vertex 56.8499 10.4749 0
    endloop
  endfacet
  facet normal 0.442314 -0.89686 0
    outer loop
      vertex 52.625 11.0311 0
      vertex 53.0356 11.2336 4
      vertex 52.625 11.0311 4
    endloop
  endfacet
  facet normal 0.442314 -0.89686 0
    outer loop
      vertex 53.0356 11.2336 4
      vertex 52.625 11.0311 0
      vertex 53.0356 11.2336 0
    endloop
  endfacet
  facet normal -0.195234 -0.980757 0
    outer loop
      vertex 54.8318 11.4701 0
      vertex 55.2809 11.3807 4
      vertex 54.8318 11.4701 4
    endloop
  endfacet
  facet normal -0.195234 -0.980757 -0
    outer loop
      vertex 55.2809 11.3807 4
      vertex 54.8318 11.4701 0
      vertex 55.2809 11.3807 0
    endloop
  endfacet
  facet normal 0.94697 -0.321322 0
    outer loop
      vertex 50.9943 8.90587 4
      vertex 51.1414 9.33939 0
      vertex 51.1414 9.33939 4
    endloop
  endfacet
  facet normal 0.94697 -0.321322 0
    outer loop
      vertex 51.1414 9.33939 0
      vertex 50.9943 8.90587 4
      vertex 50.9943 8.90587 0
    endloop
  endfacet
  facet normal -0.997865 -0.0653099 0
    outer loop
      vertex 57.875 8 0
      vertex 57.8451 8.45684 4
      vertex 57.8451 8.45684 0
    endloop
  endfacet
  facet normal -0.997865 -0.0653099 0
    outer loop
      vertex 57.8451 8.45684 4
      vertex 57.875 8 0
      vertex 57.875 8 4
    endloop
  endfacet
  facet normal -0.555607 -0.831445 0
    outer loop
      vertex 56.125 11.0311 0
      vertex 56.5057 10.7767 4
      vertex 56.125 11.0311 4
    endloop
  endfacet
  facet normal -0.555607 -0.831445 -0
    outer loop
      vertex 56.5057 10.7767 4
      vertex 56.125 11.0311 0
      vertex 56.5057 10.7767 0
    endloop
  endfacet
  facet normal 0.321335 -0.946966 0
    outer loop
      vertex 53.0356 11.2336 0
      vertex 53.4691 11.3807 4
      vertex 53.0356 11.2336 4
    endloop
  endfacet
  facet normal 0.321335 -0.946966 0
    outer loop
      vertex 53.4691 11.3807 4
      vertex 53.0356 11.2336 0
      vertex 53.4691 11.3807 0
    endloop
  endfacet
  facet normal 0.195234 -0.980757 0
    outer loop
      vertex 53.4691 11.3807 0
      vertex 53.9182 11.4701 4
      vertex 53.4691 11.3807 4
    endloop
  endfacet
  facet normal 0.195234 -0.980757 0
    outer loop
      vertex 53.9182 11.4701 4
      vertex 53.4691 11.3807 0
      vertex 53.9182 11.4701 0
    endloop
  endfacet
  facet normal 0.831445 -0.555607 0
    outer loop
      vertex 51.3439 9.75 4
      vertex 51.5983 10.1307 0
      vertex 51.5983 10.1307 4
    endloop
  endfacet
  facet normal 0.831445 -0.555607 0
    outer loop
      vertex 51.5983 10.1307 0
      vertex 51.3439 9.75 4
      vertex 51.3439 9.75 0
    endloop
  endfacet
  facet normal -0.831445 -0.555607 0
    outer loop
      vertex 57.4061 9.75 0
      vertex 57.1517 10.1307 4
      vertex 57.1517 10.1307 0
    endloop
  endfacet
  facet normal -0.831445 -0.555607 0
    outer loop
      vertex 57.1517 10.1307 4
      vertex 57.4061 9.75 0
      vertex 57.4061 9.75 4
    endloop
  endfacet
  facet normal 0.980751 -0.195263 0
    outer loop
      vertex 50.9049 8.45684 4
      vertex 50.9943 8.90587 0
      vertex 50.9943 8.90587 4
    endloop
  endfacet
  facet normal 0.980751 -0.195263 0
    outer loop
      vertex 50.9943 8.90587 0
      vertex 50.9049 8.45684 4
      vertex 50.9049 8.45684 0
    endloop
  endfacet
  facet normal 0.997865 -0.0653099 0
    outer loop
      vertex 50.875 8 4
      vertex 50.9049 8.45684 0
      vertex 50.9049 8.45684 4
    endloop
  endfacet
  facet normal 0.997865 -0.0653099 0
    outer loop
      vertex 50.9049 8.45684 0
      vertex 50.875 8 4
      vertex 50.875 8 0
    endloop
  endfacet
  facet normal 0.7519 -0.659278 0
    outer loop
      vertex 51.5983 10.1307 4
      vertex 51.9001 10.4749 0
      vertex 51.9001 10.4749 4
    endloop
  endfacet
  facet normal 0.7519 -0.659278 0
    outer loop
      vertex 51.9001 10.4749 0
      vertex 51.5983 10.1307 4
      vertex 51.5983 10.1307 0
    endloop
  endfacet
  facet normal -0.94697 -0.321322 0
    outer loop
      vertex 95.6307 8.90587 0
      vertex 95.4836 9.33939 4
      vertex 95.4836 9.33939 0
    endloop
  endfacet
  facet normal -0.94697 -0.321322 0
    outer loop
      vertex 95.4836 9.33939 4
      vertex 95.6307 8.90587 0
      vertex 95.6307 8.90587 4
    endloop
  endfacet
  facet normal 0.997865 0.0653099 0
    outer loop
      vertex 88.7799 -8.45684 4
      vertex 88.75 -8 0
      vertex 88.75 -8 4
    endloop
  endfacet
  facet normal 0.997865 0.0653099 0
    outer loop
      vertex 88.75 -8 0
      vertex 88.7799 -8.45684 4
      vertex 88.7799 -8.45684 0
    endloop
  endfacet
  facet normal -0.980751 0.195263 0
    outer loop
      vertex 95.6307 -8.90587 0
      vertex 95.7201 -8.45684 4
      vertex 95.7201 -8.45684 0
    endloop
  endfacet
  facet normal -0.980751 0.195263 0
    outer loop
      vertex 95.7201 -8.45684 4
      vertex 95.6307 -8.90587 0
      vertex 95.6307 -8.90587 4
    endloop
  endfacet
  facet normal 0.555607 -0.831445 0
    outer loop
      vertex 90.1193 10.7767 0
      vertex 90.5 11.0311 4
      vertex 90.1193 10.7767 4
    endloop
  endfacet
  facet normal 0.555607 -0.831445 0
    outer loop
      vertex 90.5 11.0311 4
      vertex 90.1193 10.7767 0
      vertex 90.5 11.0311 0
    endloop
  endfacet
  facet normal 1 -0 0
    outer loop
      vertex 88.75 -8 4
      vertex 88.75 8 0
      vertex 88.75 8 4
    endloop
  endfacet
  facet normal 1 0 0
    outer loop
      vertex 88.75 8 0
      vertex 88.75 -8 4
      vertex 88.75 -8 0
    endloop
  endfacet
  facet normal -0.321335 0.946966 0
    outer loop
      vertex 93.5894 -11.2336 0
      vertex 93.1559 -11.3807 4
      vertex 93.5894 -11.2336 4
    endloop
  endfacet
  facet normal -0.321335 0.946966 0
    outer loop
      vertex 93.1559 -11.3807 4
      vertex 93.5894 -11.2336 0
      vertex 93.1559 -11.3807 0
    endloop
  endfacet
  facet normal -0.94697 0.321322 0
    outer loop
      vertex 95.4836 -9.33939 0
      vertex 95.6307 -8.90587 4
      vertex 95.6307 -8.90587 0
    endloop
  endfacet
  facet normal -0.94697 0.321322 0
    outer loop
      vertex 95.6307 -8.90587 4
      vertex 95.4836 -9.33939 0
      vertex 95.4836 -9.33939 4
    endloop
  endfacet
  facet normal -0.321335 -0.946966 0
    outer loop
      vertex 93.1559 11.3807 0
      vertex 93.5894 11.2336 4
      vertex 93.1559 11.3807 4
    endloop
  endfacet
  facet normal -0.321335 -0.946966 -0
    outer loop
      vertex 93.5894 11.2336 4
      vertex 93.1559 11.3807 0
      vertex 93.5894 11.2336 0
    endloop
  endfacet
  facet normal -0.555607 0.831445 0
    outer loop
      vertex 94.3807 -10.7767 0
      vertex 94 -11.0311 4
      vertex 94.3807 -10.7767 4
    endloop
  endfacet
  facet normal -0.555607 0.831445 0
    outer loop
      vertex 94 -11.0311 4
      vertex 94.3807 -10.7767 0
      vertex 94 -11.0311 0
    endloop
  endfacet
  facet normal 0.442314 0.89686 -0
    outer loop
      vertex 90.9106 -11.2336 0
      vertex 90.5 -11.0311 4
      vertex 90.9106 -11.2336 4
    endloop
  endfacet
  facet normal 0.442314 0.89686 0
    outer loop
      vertex 90.5 -11.0311 4
      vertex 90.9106 -11.2336 0
      vertex 90.5 -11.0311 0
    endloop
  endfacet
  facet normal 0.831445 0.555607 0
    outer loop
      vertex 89.4733 -10.1307 4
      vertex 89.2189 -9.75 0
      vertex 89.2189 -9.75 4
    endloop
  endfacet
  facet normal 0.831445 0.555607 0
    outer loop
      vertex 89.2189 -9.75 0
      vertex 89.4733 -10.1307 4
      vertex 89.4733 -10.1307 0
    endloop
  endfacet
  facet normal 0.555607 0.831445 -0
    outer loop
      vertex 90.5 -11.0311 0
      vertex 90.1193 -10.7767 4
      vertex 90.5 -11.0311 4
    endloop
  endfacet
  facet normal 0.555607 0.831445 0
    outer loop
      vertex 90.1193 -10.7767 4
      vertex 90.5 -11.0311 0
      vertex 90.1193 -10.7767 0
    endloop
  endfacet
  facet normal 0.896864 -0.442305 0
    outer loop
      vertex 89.0164 9.33939 4
      vertex 89.2189 9.75 0
      vertex 89.2189 9.75 4
    endloop
  endfacet
  facet normal 0.896864 -0.442305 0
    outer loop
      vertex 89.2189 9.75 0
      vertex 89.0164 9.33939 4
      vertex 89.0164 9.33939 0
    endloop
  endfacet
  facet normal 0.659278 -0.7519 0
    outer loop
      vertex 89.7751 10.4749 0
      vertex 90.1193 10.7767 4
      vertex 89.7751 10.4749 4
    endloop
  endfacet
  facet normal 0.659278 -0.7519 0
    outer loop
      vertex 90.1193 10.7767 4
      vertex 89.7751 10.4749 0
      vertex 90.1193 10.7767 0
    endloop
  endfacet
  facet normal 0.896864 0.442305 0
    outer loop
      vertex 89.2189 -9.75 4
      vertex 89.0164 -9.33939 0
      vertex 89.0164 -9.33939 4
    endloop
  endfacet
  facet normal 0.896864 0.442305 0
    outer loop
      vertex 89.0164 -9.33939 0
      vertex 89.2189 -9.75 4
      vertex 89.2189 -9.75 0
    endloop
  endfacet
  facet normal -0.442314 0.89686 0
    outer loop
      vertex 94 -11.0311 0
      vertex 93.5894 -11.2336 4
      vertex 94 -11.0311 4
    endloop
  endfacet
  facet normal -0.442314 0.89686 0
    outer loop
      vertex 93.5894 -11.2336 4
      vertex 94 -11.0311 0
      vertex 93.5894 -11.2336 0
    endloop
  endfacet
  facet normal 0.980751 0.195263 0
    outer loop
      vertex 88.8693 -8.90587 4
      vertex 88.7799 -8.45684 0
      vertex 88.7799 -8.45684 4
    endloop
  endfacet
  facet normal 0.980751 0.195263 0
    outer loop
      vertex 88.7799 -8.45684 0
      vertex 88.8693 -8.90587 4
      vertex 88.8693 -8.90587 0
    endloop
  endfacet
  facet normal -0.442314 -0.89686 0
    outer loop
      vertex 93.5894 11.2336 0
      vertex 94 11.0311 4
      vertex 93.5894 11.2336 4
    endloop
  endfacet
  facet normal -0.442314 -0.89686 -0
    outer loop
      vertex 94 11.0311 4
      vertex 93.5894 11.2336 0
      vertex 94 11.0311 0
    endloop
  endfacet
  facet normal 0.0653156 0.997865 -0
    outer loop
      vertex 92.25 -11.5 0
      vertex 91.7932 -11.4701 4
      vertex 92.25 -11.5 4
    endloop
  endfacet
  facet normal 0.0653156 0.997865 0
    outer loop
      vertex 91.7932 -11.4701 4
      vertex 92.25 -11.5 0
      vertex 91.7932 -11.4701 0
    endloop
  endfacet
  facet normal 0.0653156 -0.997865 0
    outer loop
      vertex 91.7932 11.4701 0
      vertex 92.25 11.5 4
      vertex 91.7932 11.4701 4
    endloop
  endfacet
  facet normal 0.0653156 -0.997865 0
    outer loop
      vertex 92.25 11.5 4
      vertex 91.7932 11.4701 0
      vertex 92.25 11.5 0
    endloop
  endfacet
  facet normal -1 0 0
    outer loop
      vertex 95.75 -8 0
      vertex 95.75 8 4
      vertex 95.75 8 0
    endloop
  endfacet
  facet normal -1 -0 0
    outer loop
      vertex 95.75 8 4
      vertex 95.75 -8 0
      vertex 95.75 -8 4
    endloop
  endfacet
  facet normal 0.659278 0.7519 -0
    outer loop
      vertex 90.1193 -10.7767 0
      vertex 89.7751 -10.4749 4
      vertex 90.1193 -10.7767 4
    endloop
  endfacet
  facet normal 0.659278 0.7519 0
    outer loop
      vertex 89.7751 -10.4749 4
      vertex 90.1193 -10.7767 0
      vertex 89.7751 -10.4749 0
    endloop
  endfacet
  facet normal -0.659278 0.7519 0
    outer loop
      vertex 94.7249 -10.4749 0
      vertex 94.3807 -10.7767 4
      vertex 94.7249 -10.4749 4
    endloop
  endfacet
  facet normal -0.659278 0.7519 0
    outer loop
      vertex 94.3807 -10.7767 4
      vertex 94.7249 -10.4749 0
      vertex 94.3807 -10.7767 0
    endloop
  endfacet
  facet normal -0.896864 0.442305 0
    outer loop
      vertex 95.2811 -9.75 0
      vertex 95.4836 -9.33939 4
      vertex 95.4836 -9.33939 0
    endloop
  endfacet
  facet normal -0.896864 0.442305 0
    outer loop
      vertex 95.4836 -9.33939 4
      vertex 95.2811 -9.75 0
      vertex 95.2811 -9.75 4
    endloop
  endfacet
  facet normal -0.997865 -0.0653099 0
    outer loop
      vertex 95.75 8 0
      vertex 95.7201 8.45684 4
      vertex 95.7201 8.45684 0
    endloop
  endfacet
  facet normal -0.997865 -0.0653099 0
    outer loop
      vertex 95.7201 8.45684 4
      vertex 95.75 8 0
      vertex 95.75 8 4
    endloop
  endfacet
  facet normal -0.7519 0.659278 0
    outer loop
      vertex 94.7249 -10.4749 0
      vertex 95.0267 -10.1307 4
      vertex 95.0267 -10.1307 0
    endloop
  endfacet
  facet normal -0.7519 0.659278 0
    outer loop
      vertex 95.0267 -10.1307 4
      vertex 94.7249 -10.4749 0
      vertex 94.7249 -10.4749 4
    endloop
  endfacet
  facet normal 0.195234 0.980757 -0
    outer loop
      vertex 91.7932 -11.4701 0
      vertex 91.3441 -11.3807 4
      vertex 91.7932 -11.4701 4
    endloop
  endfacet
  facet normal 0.195234 0.980757 0
    outer loop
      vertex 91.3441 -11.3807 4
      vertex 91.7932 -11.4701 0
      vertex 91.3441 -11.3807 0
    endloop
  endfacet
  facet normal -0.195234 0.980757 0
    outer loop
      vertex 93.1559 -11.3807 0
      vertex 92.7068 -11.4701 4
      vertex 93.1559 -11.3807 4
    endloop
  endfacet
  facet normal -0.195234 0.980757 0
    outer loop
      vertex 92.7068 -11.4701 4
      vertex 93.1559 -11.3807 0
      vertex 92.7068 -11.4701 0
    endloop
  endfacet
  facet normal -0.896864 -0.442305 0
    outer loop
      vertex 95.4836 9.33939 0
      vertex 95.2811 9.75 4
      vertex 95.2811 9.75 0
    endloop
  endfacet
  facet normal -0.896864 -0.442305 0
    outer loop
      vertex 95.2811 9.75 4
      vertex 95.4836 9.33939 0
      vertex 95.4836 9.33939 4
    endloop
  endfacet
  facet normal -0.0653156 0.997865 0
    outer loop
      vertex 92.7068 -11.4701 0
      vertex 92.25 -11.5 4
      vertex 92.7068 -11.4701 4
    endloop
  endfacet
  facet normal -0.0653156 0.997865 0
    outer loop
      vertex 92.25 -11.5 4
      vertex 92.7068 -11.4701 0
      vertex 92.25 -11.5 0
    endloop
  endfacet
  facet normal 0.321335 0.946966 -0
    outer loop
      vertex 91.3441 -11.3807 0
      vertex 90.9106 -11.2336 4
      vertex 91.3441 -11.3807 4
    endloop
  endfacet
  facet normal 0.321335 0.946966 0
    outer loop
      vertex 90.9106 -11.2336 4
      vertex 91.3441 -11.3807 0
      vertex 90.9106 -11.2336 0
    endloop
  endfacet
  facet normal 0.94697 0.321322 0
    outer loop
      vertex 89.0164 -9.33939 4
      vertex 88.8693 -8.90587 0
      vertex 88.8693 -8.90587 4
    endloop
  endfacet
  facet normal 0.94697 0.321322 0
    outer loop
      vertex 88.8693 -8.90587 0
      vertex 89.0164 -9.33939 4
      vertex 89.0164 -9.33939 0
    endloop
  endfacet
  facet normal -0.7519 -0.659278 0
    outer loop
      vertex 95.0267 10.1307 0
      vertex 94.7249 10.4749 4
      vertex 94.7249 10.4749 0
    endloop
  endfacet
  facet normal -0.7519 -0.659278 0
    outer loop
      vertex 94.7249 10.4749 4
      vertex 95.0267 10.1307 0
      vertex 95.0267 10.1307 4
    endloop
  endfacet
  facet normal -0.997865 0.0653099 0
    outer loop
      vertex 95.7201 -8.45684 0
      vertex 95.75 -8 4
      vertex 95.75 -8 0
    endloop
  endfacet
  facet normal -0.997865 0.0653099 0
    outer loop
      vertex 95.75 -8 4
      vertex 95.7201 -8.45684 0
      vertex 95.7201 -8.45684 4
    endloop
  endfacet
  facet normal -0.0653156 -0.997865 0
    outer loop
      vertex 92.25 11.5 0
      vertex 92.7068 11.4701 4
      vertex 92.25 11.5 4
    endloop
  endfacet
  facet normal -0.0653156 -0.997865 -0
    outer loop
      vertex 92.7068 11.4701 4
      vertex 92.25 11.5 0
      vertex 92.7068 11.4701 0
    endloop
  endfacet
  facet normal -0.980751 -0.195263 0
    outer loop
      vertex 95.7201 8.45684 0
      vertex 95.6307 8.90587 4
      vertex 95.6307 8.90587 0
    endloop
  endfacet
  facet normal -0.980751 -0.195263 0
    outer loop
      vertex 95.6307 8.90587 4
      vertex 95.7201 8.45684 0
      vertex 95.7201 8.45684 4
    endloop
  endfacet
  facet normal -0.831445 0.555607 0
    outer loop
      vertex 95.0267 -10.1307 0
      vertex 95.2811 -9.75 4
      vertex 95.2811 -9.75 0
    endloop
  endfacet
  facet normal -0.831445 0.555607 0
    outer loop
      vertex 95.2811 -9.75 4
      vertex 95.0267 -10.1307 0
      vertex 95.0267 -10.1307 4
    endloop
  endfacet
  facet normal 0.7519 0.659278 0
    outer loop
      vertex 89.7751 -10.4749 4
      vertex 89.4733 -10.1307 0
      vertex 89.4733 -10.1307 4
    endloop
  endfacet
  facet normal 0.7519 0.659278 0
    outer loop
      vertex 89.4733 -10.1307 0
      vertex 89.7751 -10.4749 4
      vertex 89.7751 -10.4749 0
    endloop
  endfacet
  facet normal -0.659278 -0.7519 0
    outer loop
      vertex 94.3807 10.7767 0
      vertex 94.7249 10.4749 4
      vertex 94.3807 10.7767 4
    endloop
  endfacet
  facet normal -0.659278 -0.7519 -0
    outer loop
      vertex 94.7249 10.4749 4
      vertex 94.3807 10.7767 0
      vertex 94.7249 10.4749 0
    endloop
  endfacet
  facet normal 0.442314 -0.89686 0
    outer loop
      vertex 90.5 11.0311 0
      vertex 90.9106 11.2336 4
      vertex 90.5 11.0311 4
    endloop
  endfacet
  facet normal 0.442314 -0.89686 0
    outer loop
      vertex 90.9106 11.2336 4
      vertex 90.5 11.0311 0
      vertex 90.9106 11.2336 0
    endloop
  endfacet
  facet normal -0.195234 -0.980757 0
    outer loop
      vertex 92.7068 11.4701 0
      vertex 93.1559 11.3807 4
      vertex 92.7068 11.4701 4
    endloop
  endfacet
  facet normal -0.195234 -0.980757 -0
    outer loop
      vertex 93.1559 11.3807 4
      vertex 92.7068 11.4701 0
      vertex 93.1559 11.3807 0
    endloop
  endfacet
  facet normal 0.94697 -0.321322 0
    outer loop
      vertex 88.8693 8.90587 4
      vertex 89.0164 9.33939 0
      vertex 89.0164 9.33939 4
    endloop
  endfacet
  facet normal 0.94697 -0.321322 0
    outer loop
      vertex 89.0164 9.33939 0
      vertex 88.8693 8.90587 4
      vertex 88.8693 8.90587 0
    endloop
  endfacet
  facet normal -0.555607 -0.831445 0
    outer loop
      vertex 94 11.0311 0
      vertex 94.3807 10.7767 4
      vertex 94 11.0311 4
    endloop
  endfacet
  facet normal -0.555607 -0.831445 -0
    outer loop
      vertex 94.3807 10.7767 4
      vertex 94 11.0311 0
      vertex 94.3807 10.7767 0
    endloop
  endfacet
  facet normal 0.321335 -0.946966 0
    outer loop
      vertex 90.9106 11.2336 0
      vertex 91.3441 11.3807 4
      vertex 90.9106 11.2336 4
    endloop
  endfacet
  facet normal 0.321335 -0.946966 0
    outer loop
      vertex 91.3441 11.3807 4
      vertex 90.9106 11.2336 0
      vertex 91.3441 11.3807 0
    endloop
  endfacet
  facet normal 0.195234 -0.980757 0
    outer loop
      vertex 91.3441 11.3807 0
      vertex 91.7932 11.4701 4
      vertex 91.3441 11.3807 4
    endloop
  endfacet
  facet normal 0.195234 -0.980757 0
    outer loop
      vertex 91.7932 11.4701 4
      vertex 91.3441 11.3807 0
      vertex 91.7932 11.4701 0
    endloop
  endfacet
  facet normal 0.831445 -0.555607 0
    outer loop
      vertex 89.2189 9.75 4
      vertex 89.4733 10.1307 0
      vertex 89.4733 10.1307 4
    endloop
  endfacet
  facet normal 0.831445 -0.555607 0
    outer loop
      vertex 89.4733 10.1307 0
      vertex 89.2189 9.75 4
      vertex 89.2189 9.75 0
    endloop
  endfacet
  facet normal -0.831445 -0.555607 0
    outer loop
      vertex 95.2811 9.75 0
      vertex 95.0267 10.1307 4
      vertex 95.0267 10.1307 0
    endloop
  endfacet
  facet normal -0.831445 -0.555607 0
    outer loop
      vertex 95.0267 10.1307 4
      vertex 95.2811 9.75 0
      vertex 95.2811 9.75 4
    endloop
  endfacet
  facet normal 0.980751 -0.195263 0
    outer loop
      vertex 88.7799 8.45684 4
      vertex 88.8693 8.90587 0
      vertex 88.8693 8.90587 4
    endloop
  endfacet
  facet normal 0.980751 -0.195263 0
    outer loop
      vertex 88.8693 8.90587 0
      vertex 88.7799 8.45684 4
      vertex 88.7799 8.45684 0
    endloop
  endfacet
  facet normal 0.997865 -0.0653099 0
    outer loop
      vertex 88.75 8 4
      vertex 88.7799 8.45684 0
      vertex 88.7799 8.45684 4
    endloop
  endfacet
  facet normal 0.997865 -0.0653099 0
    outer loop
      vertex 88.7799 8.45684 0
      vertex 88.75 8 4
      vertex 88.75 8 0
    endloop
  endfacet
  facet normal 0.7519 -0.659278 0
    outer loop
      vertex 89.4733 10.1307 4
      vertex 89.7751 10.4749 0
      vertex 89.7751 10.4749 4
    endloop
  endfacet
  facet normal 0.7519 -0.659278 0
    outer loop
      vertex 89.7751 10.4749 0
      vertex 89.4733 10.1307 4
      vertex 89.4733 10.1307 0
    endloop
  endfacet
  facet normal -0.947037 -0.321126 0
    outer loop
      vertex 133.506 8.90587 0
      vertex 133.359 9.33939 4
      vertex 133.359 9.33939 0
    endloop
  endfacet
  facet normal -0.947037 -0.321126 0
    outer loop
      vertex 133.359 9.33939 4
      vertex 133.506 8.90587 0
      vertex 133.506 8.90587 4
    endloop
  endfacet
  facet normal 0.997851 0.0655274 0
    outer loop
      vertex 126.655 -8.45684 4
      vertex 126.625 -8 0
      vertex 126.625 -8 4
    endloop
  endfacet
  facet normal 0.997851 0.0655274 0
    outer loop
      vertex 126.625 -8 0
      vertex 126.655 -8.45684 4
      vertex 126.655 -8.45684 0
    endloop
  endfacet
  facet normal -0.980918 0.194423 0
    outer loop
      vertex 133.506 -8.90587 0
      vertex 133.595 -8.45684 4
      vertex 133.595 -8.45684 0
    endloop
  endfacet
  facet normal -0.980918 0.194423 0
    outer loop
      vertex 133.595 -8.45684 4
      vertex 133.506 -8.90587 0
      vertex 133.506 -8.90587 4
    endloop
  endfacet
  facet normal 0.555305 -0.831647 0
    outer loop
      vertex 127.994 10.7767 0
      vertex 128.375 11.0311 4
      vertex 127.994 10.7767 4
    endloop
  endfacet
  facet normal 0.555305 -0.831647 0
    outer loop
      vertex 128.375 11.0311 4
      vertex 127.994 10.7767 0
      vertex 128.375 11.0311 0
    endloop
  endfacet
  facet normal 1 -0 0
    outer loop
      vertex 126.625 -8 4
      vertex 126.625 8 0
      vertex 126.625 8 4
    endloop
  endfacet
  facet normal 1 0 0
    outer loop
      vertex 126.625 8 0
      vertex 126.625 -8 4
      vertex 126.625 -8 0
    endloop
  endfacet
  facet normal -0.321668 0.946853 0
    outer loop
      vertex 131.464 -11.2336 0
      vertex 131.031 -11.3807 4
      vertex 131.464 -11.2336 4
    endloop
  endfacet
  facet normal -0.321668 0.946853 0
    outer loop
      vertex 131.031 -11.3807 4
      vertex 131.464 -11.2336 0
      vertex 131.031 -11.3807 0
    endloop
  endfacet
  facet normal -0.947037 0.321126 0
    outer loop
      vertex 133.359 -9.33939 0
      vertex 133.506 -8.90587 4
      vertex 133.506 -8.90587 0
    endloop
  endfacet
  facet normal -0.947037 0.321126 0
    outer loop
      vertex 133.506 -8.90587 4
      vertex 133.359 -9.33939 0
      vertex 133.359 -9.33939 4
    endloop
  endfacet
  facet normal -0.321668 -0.946853 0
    outer loop
      vertex 131.031 11.3807 0
      vertex 131.464 11.2336 4
      vertex 131.031 11.3807 4
    endloop
  endfacet
  facet normal -0.321668 -0.946853 -0
    outer loop
      vertex 131.464 11.2336 4
      vertex 131.031 11.3807 0
      vertex 131.464 11.2336 0
    endloop
  endfacet
  facet normal -0.555305 0.831647 0
    outer loop
      vertex 132.256 -10.7767 0
      vertex 131.875 -11.0311 4
      vertex 132.256 -10.7767 4
    endloop
  endfacet
  facet normal -0.555305 0.831647 0
    outer loop
      vertex 131.875 -11.0311 4
      vertex 132.256 -10.7767 0
      vertex 131.875 -11.0311 0
    endloop
  endfacet
  facet normal 0.441968 0.897031 -0
    outer loop
      vertex 128.786 -11.2336 0
      vertex 128.375 -11.0311 4
      vertex 128.786 -11.2336 4
    endloop
  endfacet
  facet normal 0.441968 0.897031 0
    outer loop
      vertex 128.375 -11.0311 4
      vertex 128.786 -11.2336 0
      vertex 128.375 -11.0311 0
    endloop
  endfacet
  facet normal 0.831849 0.555003 0
    outer loop
      vertex 127.348 -10.1307 4
      vertex 127.094 -9.75 0
      vertex 127.094 -9.75 4
    endloop
  endfacet
  facet normal 0.831849 0.555003 0
    outer loop
      vertex 127.094 -9.75 0
      vertex 127.348 -10.1307 4
      vertex 127.348 -10.1307 0
    endloop
  endfacet
  facet normal 0.555305 0.831647 -0
    outer loop
      vertex 128.375 -11.0311 0
      vertex 127.994 -10.7767 4
      vertex 128.375 -11.0311 4
    endloop
  endfacet
  facet normal 0.555305 0.831647 0
    outer loop
      vertex 127.994 -10.7767 4
      vertex 128.375 -11.0311 0
      vertex 127.994 -10.7767 0
    endloop
  endfacet
  facet normal 0.896431 -0.443183 0
    outer loop
      vertex 126.891 9.33939 4
      vertex 127.094 9.75 0
      vertex 127.094 9.75 4
    endloop
  endfacet
  facet normal 0.896431 -0.443183 0
    outer loop
      vertex 127.094 9.75 0
      vertex 126.891 9.33939 4
      vertex 126.891 9.33939 0
    endloop
  endfacet
  facet normal 0.659494 -0.75171 0
    outer loop
      vertex 127.65 10.4749 0
      vertex 127.994 10.7767 4
      vertex 127.65 10.4749 4
    endloop
  endfacet
  facet normal 0.659494 -0.75171 0
    outer loop
      vertex 127.994 10.7767 4
      vertex 127.65 10.4749 0
      vertex 127.994 10.7767 0
    endloop
  endfacet
  facet normal 0.896431 0.443183 0
    outer loop
      vertex 127.094 -9.75 4
      vertex 126.891 -9.33939 0
      vertex 126.891 -9.33939 4
    endloop
  endfacet
  facet normal 0.896431 0.443183 0
    outer loop
      vertex 126.891 -9.33939 0
      vertex 127.094 -9.75 4
      vertex 127.094 -9.75 0
    endloop
  endfacet
  facet normal -0.441968 0.897031 0
    outer loop
      vertex 131.875 -11.0311 0
      vertex 131.464 -11.2336 4
      vertex 131.875 -11.0311 4
    endloop
  endfacet
  facet normal -0.441968 0.897031 0
    outer loop
      vertex 131.464 -11.2336 4
      vertex 131.875 -11.0311 0
      vertex 131.464 -11.2336 0
    endloop
  endfacet
  facet normal 0.980918 0.194423 0
    outer loop
      vertex 126.744 -8.90587 4
      vertex 126.655 -8.45684 0
      vertex 126.655 -8.45684 4
    endloop
  endfacet
  facet normal 0.980918 0.194423 0
    outer loop
      vertex 126.655 -8.45684 0
      vertex 126.744 -8.90587 4
      vertex 126.744 -8.90587 0
    endloop
  endfacet
  facet normal -0.441968 -0.897031 0
    outer loop
      vertex 131.464 11.2336 0
      vertex 131.875 11.0311 4
      vertex 131.464 11.2336 4
    endloop
  endfacet
  facet normal -0.441968 -0.897031 -0
    outer loop
      vertex 131.875 11.0311 4
      vertex 131.464 11.2336 0
      vertex 131.875 11.0311 0
    endloop
  endfacet
  facet normal 0.0652871 0.997867 -0
    outer loop
      vertex 130.125 -11.5 0
      vertex 129.668 -11.4701 4
      vertex 130.125 -11.5 4
    endloop
  endfacet
  facet normal 0.0652871 0.997867 0
    outer loop
      vertex 129.668 -11.4701 4
      vertex 130.125 -11.5 0
      vertex 129.668 -11.4701 0
    endloop
  endfacet
  facet normal 0.0652871 -0.997867 0
    outer loop
      vertex 129.668 11.4701 0
      vertex 130.125 11.5 4
      vertex 129.668 11.4701 4
    endloop
  endfacet
  facet normal 0.0652871 -0.997867 0
    outer loop
      vertex 130.125 11.5 4
      vertex 129.668 11.4701 0
      vertex 130.125 11.5 0
    endloop
  endfacet
  facet normal -1 0 0
    outer loop
      vertex 133.625 -8 0
      vertex 133.625 8 4
      vertex 133.625 8 0
    endloop
  endfacet
  facet normal -1 -0 0
    outer loop
      vertex 133.625 8 4
      vertex 133.625 -8 0
      vertex 133.625 -8 4
    endloop
  endfacet
  facet normal 0.659494 0.75171 -0
    outer loop
      vertex 127.994 -10.7767 0
      vertex 127.65 -10.4749 4
      vertex 127.994 -10.7767 4
    endloop
  endfacet
  facet normal 0.659494 0.75171 0
    outer loop
      vertex 127.65 -10.4749 4
      vertex 127.994 -10.7767 0
      vertex 127.65 -10.4749 0
    endloop
  endfacet
  facet normal -0.659494 0.75171 0
    outer loop
      vertex 132.6 -10.4749 0
      vertex 132.256 -10.7767 4
      vertex 132.6 -10.4749 4
    endloop
  endfacet
  facet normal -0.659494 0.75171 0
    outer loop
      vertex 132.256 -10.7767 4
      vertex 132.6 -10.4749 0
      vertex 132.256 -10.7767 0
    endloop
  endfacet
  facet normal -0.896431 0.443183 0
    outer loop
      vertex 133.156 -9.75 0
      vertex 133.359 -9.33939 4
      vertex 133.359 -9.33939 0
    endloop
  endfacet
  facet normal -0.896431 0.443183 0
    outer loop
      vertex 133.359 -9.33939 4
      vertex 133.156 -9.75 0
      vertex 133.156 -9.75 4
    endloop
  endfacet
  facet normal -0.997851 -0.0655274 0
    outer loop
      vertex 133.625 8 0
      vertex 133.595 8.45684 4
      vertex 133.595 8.45684 0
    endloop
  endfacet
  facet normal -0.997851 -0.0655274 0
    outer loop
      vertex 133.595 8.45684 4
      vertex 133.625 8 0
      vertex 133.625 8 4
    endloop
  endfacet
  facet normal -0.751683 0.659524 0
    outer loop
      vertex 132.6 -10.4749 0
      vertex 132.902 -10.1307 4
      vertex 132.902 -10.1307 0
    endloop
  endfacet
  facet normal -0.751683 0.659524 0
    outer loop
      vertex 132.902 -10.1307 4
      vertex 132.6 -10.4749 0
      vertex 132.6 -10.4749 4
    endloop
  endfacet
  facet normal 0.195276 0.980748 -0
    outer loop
      vertex 129.668 -11.4701 0
      vertex 129.219 -11.3807 4
      vertex 129.668 -11.4701 4
    endloop
  endfacet
  facet normal 0.195276 0.980748 0
    outer loop
      vertex 129.219 -11.3807 4
      vertex 129.668 -11.4701 0
      vertex 129.219 -11.3807 0
    endloop
  endfacet
  facet normal -0.195276 0.980748 0
    outer loop
      vertex 131.031 -11.3807 0
      vertex 130.582 -11.4701 4
      vertex 131.031 -11.3807 4
    endloop
  endfacet
  facet normal -0.195276 0.980748 0
    outer loop
      vertex 130.582 -11.4701 4
      vertex 131.031 -11.3807 0
      vertex 130.582 -11.4701 0
    endloop
  endfacet
  facet normal -0.896431 -0.443183 0
    outer loop
      vertex 133.359 9.33939 0
      vertex 133.156 9.75 4
      vertex 133.156 9.75 0
    endloop
  endfacet
  facet normal -0.896431 -0.443183 0
    outer loop
      vertex 133.156 9.75 4
      vertex 133.359 9.33939 0
      vertex 133.359 9.33939 4
    endloop
  endfacet
  facet normal -0.0652871 0.997867 0
    outer loop
      vertex 130.582 -11.4701 0
      vertex 130.125 -11.5 4
      vertex 130.582 -11.4701 4
    endloop
  endfacet
  facet normal -0.0652871 0.997867 0
    outer loop
      vertex 130.125 -11.5 4
      vertex 130.582 -11.4701 0
      vertex 130.125 -11.5 0
    endloop
  endfacet
  facet normal 0.321668 0.946853 -0
    outer loop
      vertex 129.219 -11.3807 0
      vertex 128.786 -11.2336 4
      vertex 129.219 -11.3807 4
    endloop
  endfacet
  facet normal 0.321668 0.946853 0
    outer loop
      vertex 128.786 -11.2336 4
      vertex 129.219 -11.3807 0
      vertex 128.786 -11.2336 0
    endloop
  endfacet
  facet normal 0.947037 0.321126 0
    outer loop
      vertex 126.891 -9.33939 4
      vertex 126.744 -8.90587 0
      vertex 126.744 -8.90587 4
    endloop
  endfacet
  facet normal 0.947037 0.321126 0
    outer loop
      vertex 126.744 -8.90587 0
      vertex 126.891 -9.33939 4
      vertex 126.891 -9.33939 0
    endloop
  endfacet
  facet normal -0.751683 -0.659524 0
    outer loop
      vertex 132.902 10.1307 0
      vertex 132.6 10.4749 4
      vertex 132.6 10.4749 0
    endloop
  endfacet
  facet normal -0.751683 -0.659524 0
    outer loop
      vertex 132.6 10.4749 4
      vertex 132.902 10.1307 0
      vertex 132.902 10.1307 4
    endloop
  endfacet
  facet normal -0.997851 0.0655274 0
    outer loop
      vertex 133.595 -8.45684 0
      vertex 133.625 -8 4
      vertex 133.625 -8 0
    endloop
  endfacet
  facet normal -0.997851 0.0655274 0
    outer loop
      vertex 133.625 -8 4
      vertex 133.595 -8.45684 0
      vertex 133.595 -8.45684 4
    endloop
  endfacet
  facet normal -0.0652871 -0.997867 0
    outer loop
      vertex 130.125 11.5 0
      vertex 130.582 11.4701 4
      vertex 130.125 11.5 4
    endloop
  endfacet
  facet normal -0.0652871 -0.997867 -0
    outer loop
      vertex 130.582 11.4701 4
      vertex 130.125 11.5 0
      vertex 130.582 11.4701 0
    endloop
  endfacet
  facet normal -0.980918 -0.194423 0
    outer loop
      vertex 133.595 8.45684 0
      vertex 133.506 8.90587 4
      vertex 133.506 8.90587 0
    endloop
  endfacet
  facet normal -0.980918 -0.194423 0
    outer loop
      vertex 133.506 8.90587 4
      vertex 133.595 8.45684 0
      vertex 133.595 8.45684 4
    endloop
  endfacet
  facet normal -0.831849 0.555003 0
    outer loop
      vertex 132.902 -10.1307 0
      vertex 133.156 -9.75 4
      vertex 133.156 -9.75 0
    endloop
  endfacet
  facet normal -0.831849 0.555003 0
    outer loop
      vertex 133.156 -9.75 4
      vertex 132.902 -10.1307 0
      vertex 132.902 -10.1307 4
    endloop
  endfacet
  facet normal 0.751683 0.659524 0
    outer loop
      vertex 127.65 -10.4749 4
      vertex 127.348 -10.1307 0
      vertex 127.348 -10.1307 4
    endloop
  endfacet
  facet normal 0.751683 0.659524 0
    outer loop
      vertex 127.348 -10.1307 0
      vertex 127.65 -10.4749 4
      vertex 127.65 -10.4749 0
    endloop
  endfacet
  facet normal -0.659494 -0.75171 0
    outer loop
      vertex 132.256 10.7767 0
      vertex 132.6 10.4749 4
      vertex 132.256 10.7767 4
    endloop
  endfacet
  facet normal -0.659494 -0.75171 -0
    outer loop
      vertex 132.6 10.4749 4
      vertex 132.256 10.7767 0
      vertex 132.6 10.4749 0
    endloop
  endfacet
  facet normal 0.441968 -0.897031 0
    outer loop
      vertex 128.375 11.0311 0
      vertex 128.786 11.2336 4
      vertex 128.375 11.0311 4
    endloop
  endfacet
  facet normal 0.441968 -0.897031 0
    outer loop
      vertex 128.786 11.2336 4
      vertex 128.375 11.0311 0
      vertex 128.786 11.2336 0
    endloop
  endfacet
  facet normal -0.195276 -0.980748 0
    outer loop
      vertex 130.582 11.4701 0
      vertex 131.031 11.3807 4
      vertex 130.582 11.4701 4
    endloop
  endfacet
  facet normal -0.195276 -0.980748 -0
    outer loop
      vertex 131.031 11.3807 4
      vertex 130.582 11.4701 0
      vertex 131.031 11.3807 0
    endloop
  endfacet
  facet normal 0.947037 -0.321126 0
    outer loop
      vertex 126.744 8.90587 4
      vertex 126.891 9.33939 0
      vertex 126.891 9.33939 4
    endloop
  endfacet
  facet normal 0.947037 -0.321126 0
    outer loop
      vertex 126.891 9.33939 0
      vertex 126.744 8.90587 4
      vertex 126.744 8.90587 0
    endloop
  endfacet
  facet normal -0.555305 -0.831647 0
    outer loop
      vertex 131.875 11.0311 0
      vertex 132.256 10.7767 4
      vertex 131.875 11.0311 4
    endloop
  endfacet
  facet normal -0.555305 -0.831647 -0
    outer loop
      vertex 132.256 10.7767 4
      vertex 131.875 11.0311 0
      vertex 132.256 10.7767 0
    endloop
  endfacet
  facet normal 0.321668 -0.946853 0
    outer loop
      vertex 128.786 11.2336 0
      vertex 129.219 11.3807 4
      vertex 128.786 11.2336 4
    endloop
  endfacet
  facet normal 0.321668 -0.946853 0
    outer loop
      vertex 129.219 11.3807 4
      vertex 128.786 11.2336 0
      vertex 129.219 11.3807 0
    endloop
  endfacet
  facet normal 0.195276 -0.980748 0
    outer loop
      vertex 129.219 11.3807 0
      vertex 129.668 11.4701 4
      vertex 129.219 11.3807 4
    endloop
  endfacet
  facet normal 0.195276 -0.980748 0
    outer loop
      vertex 129.668 11.4701 4
      vertex 129.219 11.3807 0
      vertex 129.668 11.4701 0
    endloop
  endfacet
  facet normal 0.831849 -0.555003 0
    outer loop
      vertex 127.094 9.75 4
      vertex 127.348 10.1307 0
      vertex 127.348 10.1307 4
    endloop
  endfacet
  facet normal 0.831849 -0.555003 0
    outer loop
      vertex 127.348 10.1307 0
      vertex 127.094 9.75 4
      vertex 127.094 9.75 0
    endloop
  endfacet
  facet normal -0.831849 -0.555003 0
    outer loop
      vertex 133.156 9.75 0
      vertex 132.902 10.1307 4
      vertex 132.902 10.1307 0
    endloop
  endfacet
  facet normal -0.831849 -0.555003 0
    outer loop
      vertex 132.902 10.1307 4
      vertex 133.156 9.75 0
      vertex 133.156 9.75 4
    endloop
  endfacet
  facet normal 0.980918 -0.194423 0
    outer loop
      vertex 126.655 8.45684 4
      vertex 126.744 8.90587 0
      vertex 126.744 8.90587 4
    endloop
  endfacet
  facet normal 0.980918 -0.194423 0
    outer loop
      vertex 126.744 8.90587 0
      vertex 126.655 8.45684 4
      vertex 126.655 8.45684 0
    endloop
  endfacet
  facet normal 0.997851 -0.0655274 0
    outer loop
      vertex 126.625 8 4
      vertex 126.655 8.45684 0
      vertex 126.655 8.45684 4
    endloop
  endfacet
  facet normal 0.997851 -0.0655274 0
    outer loop
      vertex 126.655 8.45684 0
      vertex 126.625 8 4
      vertex 126.625 8 0
    endloop
  endfacet
  facet normal 0.751683 -0.659524 0
    outer loop
      vertex 127.348 10.1307 4
      vertex 127.65 10.4749 0
      vertex 127.65 10.4749 4
    endloop
  endfacet
  facet normal 0.751683 -0.659524 0
    outer loop
      vertex 127.65 10.4749 0
      vertex 127.348 10.1307 4
      vertex 127.348 10.1307 0
    endloop
  endfacet
  facet normal -1 0 0
    outer loop
      vertex 178.5 4 3.3
      vertex 178.5 7 4
      vertex 178.5 7 3.3
    endloop
  endfacet
  facet normal -1 -0 0
    outer loop
      vertex 178.5 7 4
      vertex 178.5 4 3.3
      vertex 178.5 4 4
    endloop
  endfacet
  facet normal -0 0 1
    outer loop
      vertex 177.5 7 3.3
      vertex 178.5 4 3.3
      vertex 178.5 7 3.3
    endloop
  endfacet
  facet normal 0 0 1
    outer loop
      vertex 178.5 4 3.3
      vertex 177.5 7 3.3
      vertex 177.5 4 3.3
    endloop
  endfacet
  facet normal 1 -0 0
    outer loop
      vertex 177.5 4 4
      vertex 177.5 7 3.3
      vertex 177.5 7 4
    endloop
  endfacet
  facet normal 1 0 0
    outer loop
      vertex 177.5 7 3.3
      vertex 177.5 4 4
      vertex 177.5 4 3.3
    endloop
  endfacet
  facet normal 0 -1 0
    outer loop
      vertex 177.5 7 3.3
      vertex 178.5 7 4
      vertex 177.5 7 4
    endloop
  endfacet
  facet normal 0 -1 -0
    outer loop
      vertex 178.5 7 4
      vertex 177.5 7 3.3
      vertex 178.5 7 3.3
    endloop
  endfacet
  facet normal 0 1 -0
    outer loop
      vertex 178.5 4 3.3
      vertex 177.5 4 4
      vertex 178.5 4 4
    endloop
  endfacet
  facet normal 0 1 0
    outer loop
      vertex 177.5 4 4
      vertex 178.5 4 3.3
      vertex 177.5 4 3.3
    endloop
  endfacet
  facet normal -1 0 0
    outer loop
      vertex 180.5 4 3.3
      vertex 180.5 7 4
      vertex 180.5 7 3.3
    endloop
  endfacet
  facet normal -1 -0 0
    outer loop
      vertex 180.5 7 4
      vertex 180.5 4 3.3
      vertex 180.5 4 4
    endloop
  endfacet
  facet normal -0 0 1
    outer loop
      vertex 179.5 7 3.3
      vertex 180.5 4 3.3
      vertex 180.5 7 3.3
    endloop
  endfacet
  facet normal 0 0 1
    outer loop
      vertex 180.5 4 3.3
      vertex 179.5 7 3.3
      vertex 179.5 4 3.3
    endloop
  endfacet
  facet normal 1 -0 0
    outer loop
      vertex 179.5 4 4
      vertex 179.5 7 3.3
      vertex 179.5 7 4
    endloop
  endfacet
  facet normal 1 0 0
    outer loop
      vertex 179.5 7 3.3
      vertex 179.5 4 4
      vertex 179.5 4 3.3
    endloop
  endfacet
  facet normal 0 -1 0
    outer loop
      vertex 179.5 7 3.3
      vertex 180.5 7 4
      vertex 179.5 7 4
    endloop
  endfacet
  facet normal 0 -1 -0
    outer loop
      vertex 180.5 7 4
      vertex 179.5 7 3.3
      vertex 180.5 7 3.3
    endloop
  endfacet
  facet normal 0 1 -0
    outer loop
      vertex 180.5 4 3.3
      vertex 179.5 4 4
      vertex 180.5 4 4
    endloop
  endfacet
  facet normal 0 1 0
    outer loop
      vertex 179.5 4 4
      vertex 180.5 4 3.3
      vertex 179.5 4 3.3
    endloop
  endfacet
  facet normal -1 0 0
    outer loop
      vertex 182.5 4 3.3
      vertex 182.5 7 4
      vertex 182.5 7 3.3
    endloop
  endfacet
  facet normal -1 -0 0
    outer loop
      vertex 182.5 7 4
      vertex 182.5 4 3.3
      vertex 182.5 4 4
    endloop
  endfacet
  facet normal -0 0 1
    outer loop
      vertex 181.5 7 3.3
      vertex 182.5 4 3.3
      vertex 182.5 7 3.3
    endloop
  endfacet
  facet normal 0 0 1
    outer loop
      vertex 182.5 4 3.3
      vertex 181.5 7 3.3
      vertex 181.5 4 3.3
    endloop
  endfacet
  facet normal 1 -0 0
    outer loop
      vertex 181.5 4 4
      vertex 181.5 7 3.3
      vertex 181.5 7 4
    endloop
  endfacet
  facet normal 1 0 0
    outer loop
      vertex 181.5 7 3.3
      vertex 181.5 4 4
      vertex 181.5 4 3.3
    endloop
  endfacet
  facet normal 0 -1 0
    outer loop
      vertex 181.5 7 3.3
      vertex 182.5 7 4
      vertex 181.5 7 4
    endloop
  endfacet
  facet normal 0 -1 -0
    outer loop
      vertex 182.5 7 4
      vertex 181.5 7 3.3
      vertex 182.5 7 3.3
    endloop
  endfacet
  facet normal 0 1 -0
    outer loop
      vertex 182.5 4 3.3
      vertex 181.5 4 4
      vertex 182.5 4 4
    endloop
  endfacet
  facet normal 0 1 0
    outer loop
      vertex 181.5 4 4
      vertex 182.5 4 3.3
      vertex 181.5 4 3.3
    endloop
  endfacet
  facet normal -1 0 0
    outer loop
      vertex 184.5 4 3.3
      vertex 184.5 7 4
      vertex 184.5 7 3.3
    endloop
  endfacet
  facet normal -1 -0 0
    outer loop
      vertex 184.5 7 4
      vertex 184.5 4 3.3
      vertex 184.5 4 4
    endloop
  endfacet
  facet normal -0 0 1
    outer loop
      vertex 183.5 7 3.3
      vertex 184.5 4 3.3
      vertex 184.5 7 3.3
    endloop
  endfacet
  facet normal 0 0 1
    outer loop
      vertex 184.5 4 3.3
      vertex 183.5 7 3.3
      vertex 183.5 4 3.3
    endloop
  endfacet
  facet normal 1 -0 0
    outer loop
      vertex 183.5 4 4
      vertex 183.5 7 3.3
      vertex 183.5 7 4
    endloop
  endfacet
  facet normal 1 0 0
    outer loop
      vertex 183.5 7 3.3
      vertex 183.5 4 4
      vertex 183.5 4 3.3
    endloop
  endfacet
  facet normal 0 -1 0
    outer loop
      vertex 183.5 7 3.3
      vertex 184.5 7 4
      vertex 183.5 7 4
    endloop
  endfacet
  facet normal 0 -1 -0
    outer loop
      vertex 184.5 7 4
      vertex 183.5 7 3.3
      vertex 184.5 7 3.3
    endloop
  endfacet
  facet normal 0 1 -0
    outer loop
      vertex 184.5 4 3.3
      vertex 183.5 4 4
      vertex 184.5 4 4
    endloop
  endfacet
  facet normal 0 1 0
    outer loop
      vertex 183.5 4 4
      vertex 184.5 4 3.3
      vertex 183.5 4 3.3
    endloop
  endfacet
  facet normal -1 0 0
    outer loop
      vertex 186.5 4 3.3
      vertex 186.5 7 4
      vertex 186.5 7 3.3
    endloop
  endfacet
  facet normal -1 -0 0
    outer loop
      vertex 186.5 7 4
      vertex 186.5 4 3.3
      vertex 186.5 4 4
    endloop
  endfacet
  facet normal -0 0 1
    outer loop
      vertex 185.5 7 3.3
      vertex 186.5 4 3.3
      vertex 186.5 7 3.3
    endloop
  endfacet
  facet normal 0 0 1
    outer loop
      vertex 186.5 4 3.3
      vertex 185.5 7 3.3
      vertex 185.5 4 3.3
    endloop
  endfacet
  facet normal 1 -0 0
    outer loop
      vertex 185.5 4 4
      vertex 185.5 7 3.3
      vertex 185.5 7 4
    endloop
  endfacet
  facet normal 1 0 0
    outer loop
      vertex 185.5 7 3.3
      vertex 185.5 4 4
      vertex 185.5 4 3.3
    endloop
  endfacet
  facet normal 0 -1 0
    outer loop
      vertex 185.5 7 3.3
      vertex 186.5 7 4
      vertex 185.5 7 4
    endloop
  endfacet
  facet normal 0 -1 -0
    outer loop
      vertex 186.5 7 4
      vertex 185.5 7 3.3
      vertex 186.5 7 3.3
    endloop
  endfacet
  facet normal 0 1 -0
    outer loop
      vertex 186.5 4 3.3
      vertex 185.5 4 4
      vertex 186.5 4 4
    endloop
  endfacet
  facet normal 0 1 0
    outer loop
      vertex 185.5 4 4
      vertex 186.5 4 3.3
      vertex 185.5 4 3.3
    endloop
  endfacet
  facet normal -1 0 0
    outer loop
      vertex 188.5 4 3.3
      vertex 188.5 7 4
      vertex 188.5 7 3.3
    endloop
  endfacet
  facet normal -1 -0 0
    outer loop
      vertex 188.5 7 4
      vertex 188.5 4 3.3
      vertex 188.5 4 4
    endloop
  endfacet
  facet normal -0 0 1
    outer loop
      vertex 187.5 7 3.3
      vertex 188.5 4 3.3
      vertex 188.5 7 3.3
    endloop
  endfacet
  facet normal 0 0 1
    outer loop
      vertex 188.5 4 3.3
      vertex 187.5 7 3.3
      vertex 187.5 4 3.3
    endloop
  endfacet
  facet normal 1 -0 0
    outer loop
      vertex 187.5 4 4
      vertex 187.5 7 3.3
      vertex 187.5 7 4
    endloop
  endfacet
  facet normal 1 0 0
    outer loop
      vertex 187.5 7 3.3
      vertex 187.5 4 4
      vertex 187.5 4 3.3
    endloop
  endfacet
  facet normal 0 -1 0
    outer loop
      vertex 187.5 7 3.3
      vertex 188.5 7 4
      vertex 187.5 7 4
    endloop
  endfacet
  facet normal 0 -1 -0
    outer loop
      vertex 188.5 7 4
      vertex 187.5 7 3.3
      vertex 188.5 7 3.3
    endloop
  endfacet
  facet normal 0 1 -0
    outer loop
      vertex 188.5 4 3.3
      vertex 187.5 4 4
      vertex 188.5 4 4
    endloop
  endfacet
  facet normal 0 1 0
    outer loop
      vertex 187.5 4 4
      vertex 188.5 4 3.3
      vertex 187.5 4 3.3
    endloop
  endfacet
  facet normal -1 0 0
    outer loop
      vertex 190.5 4 3.3
      vertex 190.5 7 4
      vertex 190.5 7 3.3
    endloop
  endfacet
  facet normal -1 -0 0
    outer loop
      vertex 190.5 7 4
      vertex 190.5 4 3.3
      vertex 190.5 4 4
    endloop
  endfacet
  facet normal -0 0 1
    outer loop
      vertex 189.5 7 3.3
      vertex 190.5 4 3.3
      vertex 190.5 7 3.3
    endloop
  endfacet
  facet normal 0 0 1
    outer loop
      vertex 190.5 4 3.3
      vertex 189.5 7 3.3
      vertex 189.5 4 3.3
    endloop
  endfacet
  facet normal 1 -0 0
    outer loop
      vertex 189.5 4 4
      vertex 189.5 7 3.3
      vertex 189.5 7 4
    endloop
  endfacet
  facet normal 1 0 0
    outer loop
      vertex 189.5 7 3.3
      vertex 189.5 4 4
      vertex 189.5 4 3.3
    endloop
  endfacet
  facet normal 0 -1 0
    outer loop
      vertex 189.5 7 3.3
      vertex 190.5 7 4
      vertex 189.5 7 4
    endloop
  endfacet
  facet normal 0 -1 -0
    outer loop
      vertex 190.5 7 4
      vertex 189.5 7 3.3
      vertex 190.5 7 3.3
    endloop
  endfacet
  facet normal 0 1 -0
    outer loop
      vertex 190.5 4 3.3
      vertex 189.5 4 4
      vertex 190.5 4 4
    endloop
  endfacet
  facet normal 0 1 0
    outer loop
      vertex 189.5 4 4
      vertex 190.5 4 3.3
      vertex 189.5 4 3.3
    endloop
  endfacet
  facet normal -1 0 0
    outer loop
      vertex 192.5 4 3.3
      vertex 192.5 7 4
      vertex 192.5 7 3.3
    endloop
  endfacet
  facet normal -1 -0 0
    outer loop
      vertex 192.5 7 4
      vertex 192.5 4 3.3
      vertex 192.5 4 4
    endloop
  endfacet
  facet normal -0 0 1
    outer loop
      vertex 191.5 7 3.3
      vertex 192.5 4 3.3
      vertex 192.5 7 3.3
    endloop
  endfacet
  facet normal 0 0 1
    outer loop
      vertex 192.5 4 3.3
      vertex 191.5 7 3.3
      vertex 191.5 4 3.3
    endloop
  endfacet
  facet normal 1 -0 0
    outer loop
      vertex 191.5 4 4
      vertex 191.5 7 3.3
      vertex 191.5 7 4
    endloop
  endfacet
  facet normal 1 0 0
    outer loop
      vertex 191.5 7 3.3
      vertex 191.5 4 4
      vertex 191.5 4 3.3
    endloop
  endfacet
  facet normal 0 -1 0
    outer loop
      vertex 191.5 7 3.3
      vertex 192.5 7 4
      vertex 191.5 7 4
    endloop
  endfacet
  facet normal 0 -1 -0
    outer loop
      vertex 192.5 7 4
      vertex 191.5 7 3.3
      vertex 192.5 7 3.3
    endloop
  endfacet
  facet normal 0 1 -0
    outer loop
      vertex 192.5 4 3.3
      vertex 191.5 4 4
      vertex 192.5 4 4
    endloop
  endfacet
  facet normal 0 1 0
    outer loop
      vertex 191.5 4 4
      vertex 192.5 4 3.3
      vertex 191.5 4 3.3
    endloop
  endfacet
  facet normal -1 0 0
    outer loop
      vertex 194.5 4 3.3
      vertex 194.5 7 4
      vertex 194.5 7 3.3
    endloop
  endfacet
  facet normal -1 -0 0
    outer loop
      vertex 194.5 7 4
      vertex 194.5 4 3.3
      vertex 194.5 4 4
    endloop
  endfacet
  facet normal -0 0 1
    outer loop
      vertex 193.5 7 3.3
      vertex 194.5 4 3.3
      vertex 194.5 7 3.3
    endloop
  endfacet
  facet normal 0 0 1
    outer loop
      vertex 194.5 4 3.3
      vertex 193.5 7 3.3
      vertex 193.5 4 3.3
    endloop
  endfacet
  facet normal 1 -0 0
    outer loop
      vertex 193.5 4 4
      vertex 193.5 7 3.3
      vertex 193.5 7 4
    endloop
  endfacet
  facet normal 1 0 0
    outer loop
      vertex 193.5 7 3.3
      vertex 193.5 4 4
      vertex 193.5 4 3.3
    endloop
  endfacet
  facet normal 0 -1 0
    outer loop
      vertex 193.5 7 3.3
      vertex 194.5 7 4
      vertex 193.5 7 4
    endloop
  endfacet
  facet normal 0 -1 -0
    outer loop
      vertex 194.5 7 4
      vertex 193.5 7 3.3
      vertex 194.5 7 3.3
    endloop
  endfacet
  facet normal 0 1 -0
    outer loop
      vertex 194.5 4 3.3
      vertex 193.5 4 4
      vertex 194.5 4 4
    endloop
  endfacet
  facet normal 0 1 0
    outer loop
      vertex 193.5 4 4
      vertex 194.5 4 3.3
      vertex 193.5 4 3.3
    endloop
  endfacet
  facet normal -1 0 0
    outer loop
      vertex 196.5 4 3.3
      vertex 196.5 7 4
      vertex 196.5 7 3.3
    endloop
  endfacet
  facet normal -1 -0 0
    outer loop
      vertex 196.5 7 4
      vertex 196.5 4 3.3
      vertex 196.5 4 4
    endloop
  endfacet
  facet normal -0 0 1
    outer loop
      vertex 195.5 7 3.3
      vertex 196.5 4 3.3
      vertex 196.5 7 3.3
    endloop
  endfacet
  facet normal 0 0 1
    outer loop
      vertex 196.5 4 3.3
      vertex 195.5 7 3.3
      vertex 195.5 4 3.3
    endloop
  endfacet
  facet normal 1 -0 0
    outer loop
      vertex 195.5 4 4
      vertex 195.5 7 3.3
      vertex 195.5 7 4
    endloop
  endfacet
  facet normal 1 0 0
    outer loop
      vertex 195.5 7 3.3
      vertex 195.5 4 4
      vertex 195.5 4 3.3
    endloop
  endfacet
  facet normal 0 -1 0
    outer loop
      vertex 195.5 7 3.3
      vertex 196.5 7 4
      vertex 195.5 7 4
    endloop
  endfacet
  facet normal 0 -1 -0
    outer loop
      vertex 196.5 7 4
      vertex 195.5 7 3.3
      vertex 196.5 7 3.3
    endloop
  endfacet
  facet normal 0 1 -0
    outer loop
      vertex 196.5 4 3.3
      vertex 195.5 4 4
      vertex 196.5 4 4
    endloop
  endfacet
  facet normal 0 1 0
    outer loop
      vertex 195.5 4 4
      vertex 196.5 4 3.3
      vertex 195.5 4 3.3
    endloop
  endfacet
  facet normal 0 0 1
    outer loop
      vertex 184.13 -6.21768 3.3
      vertex 182.316 -6.65342 3.3
      vertex 184.13 -6.65342 3.3
    endloop
  endfacet
  facet normal -0 0 1
    outer loop
      vertex 181.849 -6.21768 3.3
      vertex 182.316 -6.65342 3.3
      vertex 184.13 -6.21768 3.3
    endloop
  endfacet
  facet normal 0 0 1
    outer loop
      vertex 181.849 -6.21768 3.3
      vertex 182.239 -7.92657 3.3
      vertex 182.316 -6.65342 3.3
    endloop
  endfacet
  facet normal 0 0 1
    outer loop
      vertex 181.715 -8.37655 3.3
      vertex 182.239 -7.92657 3.3
      vertex 181.849 -6.21768 3.3
    endloop
  endfacet
  facet normal 0 0 1
    outer loop
      vertex 182.239 -7.92657 3.3
      vertex 181.715 -8.37655 3.3
      vertex 182.216 -8.37655 3.3
    endloop
  endfacet
  facet normal -0 0 1
    outer loop
      vertex 183.816 -8.75445 3.3
      vertex 184.364 -8.92338 3.3
      vertex 184.342 -8.65745 3.3
    endloop
  endfacet
  facet normal 0 0 1
    outer loop
      vertex 183.816 -8.75445 3.3
      vertex 184.342 -8.65745 3.3
      vertex 184.276 -8.41786 3.3
    endloop
  endfacet
  facet normal 0 0 1
    outer loop
      vertex 184.364 -8.92338 3.3
      vertex 183.831 -8.93476 3.3
      vertex 184.34 -9.22404 3.3
    endloop
  endfacet
  facet normal 0 0 1
    outer loop
      vertex 183.772 -8.5923 3.3
      vertex 184.276 -8.41786 3.3
      vertex 184.166 -8.20462 3.3
    endloop
  endfacet
  facet normal -0 0 1
    outer loop
      vertex 183.816 -9.141 3.3
      vertex 184.34 -9.22404 3.3
      vertex 183.831 -8.93476 3.3
    endloop
  endfacet
  facet normal 0 0 1
    outer loop
      vertex 183.699 -8.44828 3.3
      vertex 184.166 -8.20462 3.3
      vertex 184.012 -8.01771 3.3
    endloop
  endfacet
  facet normal 0 0 1
    outer loop
      vertex 184.34 -9.22404 3.3
      vertex 183.816 -9.141 3.3
      vertex 184.269 -9.49087 3.3
    endloop
  endfacet
  facet normal -0 0 1
    outer loop
      vertex 183.773 -9.32393 3.3
      vertex 184.269 -9.49087 3.3
      vertex 183.816 -9.141 3.3
    endloop
  endfacet
  facet normal 0 0 1
    outer loop
      vertex 183.596 -8.32244 3.3
      vertex 184.012 -8.01771 3.3
      vertex 183.821 -7.8657 3.3
    endloop
  endfacet
  facet normal 0 0 1
    outer loop
      vertex 184.364 -8.92338 3.3
      vertex 183.816 -8.75445 3.3
      vertex 183.831 -8.93476 3.3
    endloop
  endfacet
  facet normal 0 0 1
    outer loop
      vertex 184.276 -8.41786 3.3
      vertex 183.772 -8.5923 3.3
      vertex 183.816 -8.75445 3.3
    endloop
  endfacet
  facet normal 0 0 1
    outer loop
      vertex 184.166 -8.20462 3.3
      vertex 183.699 -8.44828 3.3
      vertex 183.772 -8.5923 3.3
    endloop
  endfacet
  facet normal 0 0 1
    outer loop
      vertex 183.468 -8.22029 3.3
      vertex 183.821 -7.8657 3.3
      vertex 183.6 -7.75712 3.3
    endloop
  endfacet
  facet normal 0 0 1
    outer loop
      vertex 184.012 -8.01771 3.3
      vertex 183.596 -8.32244 3.3
      vertex 183.699 -8.44828 3.3
    endloop
  endfacet
  facet normal 0 0 1
    outer loop
      vertex 183.821 -7.8657 3.3
      vertex 183.468 -8.22029 3.3
      vertex 183.596 -8.32244 3.3
    endloop
  endfacet
  facet normal 0 0 1
    outer loop
      vertex 183.32 -8.14729 3.3
      vertex 183.6 -7.75712 3.3
      vertex 183.349 -7.69197 3.3
    endloop
  endfacet
  facet normal 0 0 1
    outer loop
      vertex 183.6 -7.75712 3.3
      vertex 183.32 -8.14729 3.3
      vertex 183.468 -8.22029 3.3
    endloop
  endfacet
  facet normal 0 0 1
    outer loop
      vertex 183.349 -7.69197 3.3
      vertex 183.151 -8.1035 3.3
      vertex 183.32 -8.14729 3.3
    endloop
  endfacet
  facet normal 0 0 1
    outer loop
      vertex 183.068 -7.67025 3.3
      vertex 183.151 -8.1035 3.3
      vertex 183.349 -7.69197 3.3
    endloop
  endfacet
  facet normal 0 0 1
    outer loop
      vertex 183.068 -7.67025 3.3
      vertex 182.962 -8.08891 3.3
      vertex 183.151 -8.1035 3.3
    endloop
  endfacet
  facet normal -0 0 1
    outer loop
      vertex 182.83 -7.68628 3.3
      vertex 182.962 -8.08891 3.3
      vertex 183.068 -7.67025 3.3
    endloop
  endfacet
  facet normal 0 0 1
    outer loop
      vertex 182.962 -8.08891 3.3
      vertex 182.83 -7.68628 3.3
      vertex 182.86 -8.093 3.3
    endloop
  endfacet
  facet normal 0 0 1
    outer loop
      vertex 182.83 -7.68628 3.3
      vertex 182.761 -8.10528 3.3
      vertex 182.86 -8.093 3.3
    endloop
  endfacet
  facet normal -0 0 1
    outer loop
      vertex 182.613 -7.73433 3.3
      vertex 182.761 -8.10528 3.3
      vertex 182.83 -7.68628 3.3
    endloop
  endfacet
  facet normal 0 0 1
    outer loop
      vertex 182.761 -8.10528 3.3
      vertex 182.613 -7.73433 3.3
      vertex 182.666 -8.12576 3.3
    endloop
  endfacet
  facet normal -0 0 1
    outer loop
      vertex 182.416 -7.81443 3.3
      vertex 182.666 -8.12576 3.3
      vertex 182.613 -7.73433 3.3
    endloop
  endfacet
  facet normal 0 0 1
    outer loop
      vertex 182.666 -8.12576 3.3
      vertex 182.416 -7.81443 3.3
      vertex 182.575 -8.15443 3.3
    endloop
  endfacet
  facet normal 0 0 1
    outer loop
      vertex 182.575 -8.15443 3.3
      vertex 182.416 -7.81443 3.3
      vertex 182.485 -8.19287 3.3
    endloop
  endfacet
  facet normal -0 0 1
    outer loop
      vertex 182.239 -7.92657 3.3
      vertex 182.485 -8.19287 3.3
      vertex 182.416 -7.81443 3.3
    endloop
  endfacet
  facet normal 0 0 1
    outer loop
      vertex 182.485 -8.19287 3.3
      vertex 182.239 -7.92657 3.3
      vertex 182.395 -8.2427 3.3
    endloop
  endfacet
  facet normal 0 0 1
    outer loop
      vertex 182.395 -8.2427 3.3
      vertex 182.239 -7.92657 3.3
      vertex 182.306 -8.30392 3.3
    endloop
  endfacet
  facet normal 0 0 1
    outer loop
      vertex 182.306 -8.30392 3.3
      vertex 182.239 -7.92657 3.3
      vertex 182.216 -8.37655 3.3
    endloop
  endfacet
  facet normal 0 0 1
    outer loop
      vertex 184.269 -9.49087 3.3
      vertex 183.773 -9.32393 3.3
      vertex 184.151 -9.72389 3.3
    endloop
  endfacet
  facet normal -0 0 1
    outer loop
      vertex 183.7 -9.48352 3.3
      vertex 184.151 -9.72389 3.3
      vertex 183.773 -9.32393 3.3
    endloop
  endfacet
  facet normal 0 0 1
    outer loop
      vertex 184.151 -9.72389 3.3
      vertex 183.7 -9.48352 3.3
      vertex 183.986 -9.92308 3.3
    endloop
  endfacet
  facet normal -0 0 1
    outer loop
      vertex 183.597 -9.61979 3.3
      vertex 183.986 -9.92308 3.3
      vertex 183.7 -9.48352 3.3
    endloop
  endfacet
  facet normal 0 0 1
    outer loop
      vertex 183.986 -9.92308 3.3
      vertex 183.597 -9.61979 3.3
      vertex 183.779 -10.0826 3.3
    endloop
  endfacet
  facet normal -0 0 1
    outer loop
      vertex 183.469 -9.7288 3.3
      vertex 183.779 -10.0826 3.3
      vertex 183.597 -9.61979 3.3
    endloop
  endfacet
  facet normal 0 0 1
    outer loop
      vertex 183.779 -10.0826 3.3
      vertex 183.469 -9.7288 3.3
      vertex 183.536 -10.1965 3.3
    endloop
  endfacet
  facet normal -0 0 1
    outer loop
      vertex 183.319 -9.80668 3.3
      vertex 183.536 -10.1965 3.3
      vertex 183.469 -9.7288 3.3
    endloop
  endfacet
  facet normal 0 0 1
    outer loop
      vertex 183.319 -9.80668 3.3
      vertex 183.256 -10.2648 3.3
      vertex 183.536 -10.1965 3.3
    endloop
  endfacet
  facet normal -0 0 1
    outer loop
      vertex 183.146 -9.8534 3.3
      vertex 183.256 -10.2648 3.3
      vertex 183.319 -9.80668 3.3
    endloop
  endfacet
  facet normal 0 0 1
    outer loop
      vertex 182.939 -10.2876 3.3
      vertex 183.146 -9.8534 3.3
      vertex 182.951 -9.86897 3.3
    endloop
  endfacet
  facet normal 0 0 1
    outer loop
      vertex 183.146 -9.8534 3.3
      vertex 182.939 -10.2876 3.3
      vertex 183.256 -10.2648 3.3
    endloop
  endfacet
  facet normal 0 0 1
    outer loop
      vertex 182.951 -9.86897 3.3
      vertex 182.672 -10.2723 3.3
      vertex 182.939 -10.2876 3.3
    endloop
  endfacet
  facet normal 0 0 1
    outer loop
      vertex 182.647 -9.83177 3.3
      vertex 182.672 -10.2723 3.3
      vertex 182.951 -9.86897 3.3
    endloop
  endfacet
  facet normal 0 0 1
    outer loop
      vertex 182.647 -9.83177 3.3
      vertex 182.432 -10.2264 3.3
      vertex 182.672 -10.2723 3.3
    endloop
  endfacet
  facet normal 0 0 1
    outer loop
      vertex 182.406 -9.72017 3.3
      vertex 182.432 -10.2264 3.3
      vertex 182.647 -9.83177 3.3
    endloop
  endfacet
  facet normal 0 0 1
    outer loop
      vertex 182.034 -10.0427 3.3
      vertex 182.406 -9.72017 3.3
      vertex 182.229 -9.53415 3.3
    endloop
  endfacet
  facet normal 0 0 1
    outer loop
      vertex 182.406 -9.72017 3.3
      vertex 182.22 -10.1499 3.3
      vertex 182.432 -10.2264 3.3
    endloop
  endfacet
  facet normal 0 0 1
    outer loop
      vertex 181.659 -9.55192 3.3
      vertex 182.229 -9.53415 3.3
      vertex 182.116 -9.27371 3.3
    endloop
  endfacet
  facet normal 0 0 1
    outer loop
      vertex 182.406 -9.72017 3.3
      vertex 182.034 -10.0427 3.3
      vertex 182.22 -10.1499 3.3
    endloop
  endfacet
  facet normal 0 0 1
    outer loop
      vertex 182.229 -9.53415 3.3
      vertex 181.877 -9.90651 3.3
      vertex 182.034 -10.0427 3.3
    endloop
  endfacet
  facet normal 0 0 1
    outer loop
      vertex 182.229 -9.53415 3.3
      vertex 181.753 -9.74292 3.3
      vertex 181.877 -9.90651 3.3
    endloop
  endfacet
  facet normal 0 0 1
    outer loop
      vertex 182.229 -9.53415 3.3
      vertex 181.659 -9.55192 3.3
      vertex 181.753 -9.74292 3.3
    endloop
  endfacet
  facet normal 0 -0 1
    outer loop
      vertex 181.659 -9.55192 3.3
      vertex 182.116 -9.27371 3.3
      vertex 181.598 -9.33352 3.3
    endloop
  endfacet
  facet normal -0 0 1
    outer loop
      vertex 179.727 -8.45344 3.3
      vertex 181.151 -8.90915 3.3
      vertex 181.151 -8.45344 3.3
    endloop
  endfacet
  facet normal 0 0 1
    outer loop
      vertex 181.151 -8.90915 3.3
      vertex 179.727 -8.45344 3.3
      vertex 179.727 -8.90915 3.3
    endloop
  endfacet
  facet normal -0.23698 0.971514 0
    outer loop
      vertex 183.536 -10.1965 3.3
      vertex 183.256 -10.2648 4
      vertex 183.536 -10.1965 4
    endloop
  endfacet
  facet normal -0.23698 0.971514 0
    outer loop
      vertex 183.256 -10.2648 4
      vertex 183.536 -10.1965 3.3
      vertex 183.256 -10.2648 3.3
    endloop
  endfacet
  facet normal -0.424415 0.905468 0
    outer loop
      vertex 183.779 -10.0826 3.3
      vertex 183.536 -10.1965 4
      vertex 183.779 -10.0826 4
    endloop
  endfacet
  facet normal -0.424415 0.905468 0
    outer loop
      vertex 183.536 -10.1965 4
      vertex 183.779 -10.0826 3.3
      vertex 183.536 -10.1965 3.3
    endloop
  endfacet
  facet normal -0.610406 0.792089 0
    outer loop
      vertex 183.986 -9.92308 3.3
      vertex 183.779 -10.0826 4
      vertex 183.986 -9.92308 4
    endloop
  endfacet
  facet normal -0.610406 0.792089 0
    outer loop
      vertex 183.779 -10.0826 4
      vertex 183.986 -9.92308 3.3
      vertex 183.779 -10.0826 3.3
    endloop
  endfacet
  facet normal -0.770104 0.637919 0
    outer loop
      vertex 183.986 -9.92308 3.3
      vertex 184.151 -9.72389 4
      vertex 184.151 -9.72389 3.3
    endloop
  endfacet
  facet normal -0.770104 0.637919 0
    outer loop
      vertex 184.151 -9.72389 4
      vertex 183.986 -9.92308 3.3
      vertex 183.986 -9.92308 4
    endloop
  endfacet
  facet normal -0.892134 0.451771 0
    outer loop
      vertex 184.151 -9.72389 3.3
      vertex 184.269 -9.49087 4
      vertex 184.269 -9.49087 3.3
    endloop
  endfacet
  facet normal -0.892134 0.451771 0
    outer loop
      vertex 184.269 -9.49087 4
      vertex 184.151 -9.72389 3.3
      vertex 184.151 -9.72389 4
    endloop
  endfacet
  facet normal -0.966374 0.25714 0
    outer loop
      vertex 184.269 -9.49087 3.3
      vertex 184.34 -9.22404 4
      vertex 184.34 -9.22404 3.3
    endloop
  endfacet
  facet normal -0.966374 0.25714 0
    outer loop
      vertex 184.34 -9.22404 4
      vertex 184.269 -9.49087 3.3
      vertex 184.269 -9.49087 4
    endloop
  endfacet
  facet normal -0.996829 0.0795713 0
    outer loop
      vertex 184.34 -9.22404 3.3
      vertex 184.364 -8.92338 4
      vertex 184.364 -8.92338 3.3
    endloop
  endfacet
  facet normal -0.996829 0.0795713 0
    outer loop
      vertex 184.364 -8.92338 4
      vertex 184.34 -9.22404 3.3
      vertex 184.34 -9.22404 4
    endloop
  endfacet
  facet normal -0.996595 -0.0824469 0
    outer loop
      vertex 184.364 -8.92338 3.3
      vertex 184.342 -8.65745 4
      vertex 184.342 -8.65745 3.3
    endloop
  endfacet
  facet normal -0.996595 -0.0824469 0
    outer loop
      vertex 184.342 -8.65745 4
      vertex 184.364 -8.92338 3.3
      vertex 184.364 -8.92338 4
    endloop
  endfacet
  facet normal -0.964089 -0.265578 0
    outer loop
      vertex 184.342 -8.65745 3.3
      vertex 184.276 -8.41786 4
      vertex 184.276 -8.41786 3.3
    endloop
  endfacet
  facet normal -0.964089 -0.265578 0
    outer loop
      vertex 184.276 -8.41786 4
      vertex 184.342 -8.65745 3.3
      vertex 184.342 -8.65745 4
    endloop
  endfacet
  facet normal -0.888721 -0.458448 0
    outer loop
      vertex 184.276 -8.41786 3.3
      vertex 184.166 -8.20462 4
      vertex 184.166 -8.20462 3.3
    endloop
  endfacet
  facet normal -0.888721 -0.458448 0
    outer loop
      vertex 184.166 -8.20462 4
      vertex 184.276 -8.41786 3.3
      vertex 184.276 -8.41786 4
    endloop
  endfacet
  facet normal -0.77178 -0.63589 0
    outer loop
      vertex 184.166 -8.20462 3.3
      vertex 184.012 -8.01771 4
      vertex 184.012 -8.01771 3.3
    endloop
  endfacet
  facet normal -0.77178 -0.63589 0
    outer loop
      vertex 184.012 -8.01771 4
      vertex 184.166 -8.20462 3.3
      vertex 184.166 -8.20462 4
    endloop
  endfacet
  facet normal -0.62272 -0.782445 0
    outer loop
      vertex 183.821 -7.8657 3.3
      vertex 184.012 -8.01771 4
      vertex 183.821 -7.8657 4
    endloop
  endfacet
  facet normal -0.62272 -0.782445 -0
    outer loop
      vertex 184.012 -8.01771 4
      vertex 183.821 -7.8657 3.3
      vertex 184.012 -8.01771 3.3
    endloop
  endfacet
  facet normal -0.440965 -0.897524 0
    outer loop
      vertex 183.6 -7.75712 3.3
      vertex 183.821 -7.8657 4
      vertex 183.6 -7.75712 4
    endloop
  endfacet
  facet normal -0.440965 -0.897524 -0
    outer loop
      vertex 183.821 -7.8657 4
      vertex 183.6 -7.75712 3.3
      vertex 183.821 -7.8657 3.3
    endloop
  endfacet
  facet normal -0.251236 -0.967926 0
    outer loop
      vertex 183.349 -7.69197 3.3
      vertex 183.6 -7.75712 4
      vertex 183.349 -7.69197 4
    endloop
  endfacet
  facet normal -0.251236 -0.967926 -0
    outer loop
      vertex 183.6 -7.75712 4
      vertex 183.349 -7.69197 3.3
      vertex 183.6 -7.75712 3.3
    endloop
  endfacet
  facet normal -0.0770655 -0.997026 0
    outer loop
      vertex 183.068 -7.67025 3.3
      vertex 183.349 -7.69197 4
      vertex 183.068 -7.67025 4
    endloop
  endfacet
  facet normal -0.0770655 -0.997026 -0
    outer loop
      vertex 183.349 -7.69197 4
      vertex 183.068 -7.67025 3.3
      vertex 183.349 -7.69197 3.3
    endloop
  endfacet
  facet normal 0.0672007 -0.997739 0
    outer loop
      vertex 182.83 -7.68628 3.3
      vertex 183.068 -7.67025 4
      vertex 182.83 -7.68628 4
    endloop
  endfacet
  facet normal 0.0672007 -0.997739 0
    outer loop
      vertex 183.068 -7.67025 4
      vertex 182.83 -7.68628 3.3
      vertex 183.068 -7.67025 3.3
    endloop
  endfacet
  facet normal 0.216192 -0.976351 0
    outer loop
      vertex 182.613 -7.73433 3.3
      vertex 182.83 -7.68628 4
      vertex 182.613 -7.73433 4
    endloop
  endfacet
  facet normal 0.216192 -0.976351 0
    outer loop
      vertex 182.83 -7.68628 4
      vertex 182.613 -7.73433 3.3
      vertex 182.83 -7.68628 3.3
    endloop
  endfacet
  facet normal 0.376655 -0.926354 0
    outer loop
      vertex 182.416 -7.81443 3.3
      vertex 182.613 -7.73433 4
      vertex 182.416 -7.81443 4
    endloop
  endfacet
  facet normal 0.376655 -0.926354 0
    outer loop
      vertex 182.613 -7.73433 4
      vertex 182.416 -7.81443 3.3
      vertex 182.613 -7.73433 3.3
    endloop
  endfacet
  facet normal 0.535188 -0.844733 0
    outer loop
      vertex 182.239 -7.92657 3.3
      vertex 182.416 -7.81443 4
      vertex 182.239 -7.92657 4
    endloop
  endfacet
  facet normal 0.535188 -0.844733 0
    outer loop
      vertex 182.416 -7.81443 4
      vertex 182.239 -7.92657 3.3
      vertex 182.416 -7.81443 3.3
    endloop
  endfacet
  facet normal -0.998176 0.0603696 0
    outer loop
      vertex 182.239 -7.92657 3.3
      vertex 182.316 -6.65342 4
      vertex 182.316 -6.65342 3.3
    endloop
  endfacet
  facet normal -0.998176 0.0603696 0
    outer loop
      vertex 182.316 -6.65342 4
      vertex 182.239 -7.92657 3.3
      vertex 182.239 -7.92657 4
    endloop
  endfacet
  facet normal 0 1 -0
    outer loop
      vertex 184.13 -6.65342 3.3
      vertex 182.316 -6.65342 4
      vertex 184.13 -6.65342 4
    endloop
  endfacet
  facet normal 0 1 0
    outer loop
      vertex 182.316 -6.65342 4
      vertex 184.13 -6.65342 3.3
      vertex 182.316 -6.65342 3.3
    endloop
  endfacet
  facet normal -1 0 0
    outer loop
      vertex 184.13 -6.65342 3.3
      vertex 184.13 -6.21768 4
      vertex 184.13 -6.21768 3.3
    endloop
  endfacet
  facet normal -1 -0 0
    outer loop
      vertex 184.13 -6.21768 4
      vertex 184.13 -6.65342 3.3
      vertex 184.13 -6.65342 4
    endloop
  endfacet
  facet normal 0 -1 0
    outer loop
      vertex 181.849 -6.21768 3.3
      vertex 184.13 -6.21768 4
      vertex 181.849 -6.21768 4
    endloop
  endfacet
  facet normal 0 -1 -0
    outer loop
      vertex 184.13 -6.21768 4
      vertex 181.849 -6.21768 3.3
      vertex 184.13 -6.21768 3.3
    endloop
  endfacet
  facet normal 0.998079 -0.0619503 0
    outer loop
      vertex 181.715 -8.37655 4
      vertex 181.849 -6.21768 3.3
      vertex 181.849 -6.21768 4
    endloop
  endfacet
  facet normal 0.998079 -0.0619503 0
    outer loop
      vertex 181.849 -6.21768 3.3
      vertex 181.715 -8.37655 4
      vertex 181.715 -8.37655 3.3
    endloop
  endfacet
  facet normal 0 1 -0
    outer loop
      vertex 182.216 -8.37655 3.3
      vertex 181.715 -8.37655 4
      vertex 182.216 -8.37655 4
    endloop
  endfacet
  facet normal 0 1 0
    outer loop
      vertex 181.715 -8.37655 4
      vertex 182.216 -8.37655 3.3
      vertex 181.715 -8.37655 3.3
    endloop
  endfacet
  facet normal -0.628011 0.778204 0
    outer loop
      vertex 182.306 -8.30392 3.3
      vertex 182.216 -8.37655 4
      vertex 182.306 -8.30392 4
    endloop
  endfacet
  facet normal -0.628011 0.778204 0
    outer loop
      vertex 182.216 -8.37655 4
      vertex 182.306 -8.30392 3.3
      vertex 182.216 -8.37655 3.3
    endloop
  endfacet
  facet normal -0.566733 0.823901 0
    outer loop
      vertex 182.395 -8.2427 3.3
      vertex 182.306 -8.30392 4
      vertex 182.395 -8.2427 4
    endloop
  endfacet
  facet normal -0.566733 0.823901 0
    outer loop
      vertex 182.306 -8.30392 4
      vertex 182.395 -8.2427 3.3
      vertex 182.306 -8.30392 3.3
    endloop
  endfacet
  facet normal -0.48438 0.874858 0
    outer loop
      vertex 182.485 -8.19287 3.3
      vertex 182.395 -8.2427 4
      vertex 182.485 -8.19287 4
    endloop
  endfacet
  facet normal -0.48438 0.874858 0
    outer loop
      vertex 182.395 -8.2427 4
      vertex 182.485 -8.19287 3.3
      vertex 182.395 -8.2427 3.3
    endloop
  endfacet
  facet normal -0.392784 0.919631 0
    outer loop
      vertex 182.575 -8.15443 3.3
      vertex 182.485 -8.19287 4
      vertex 182.575 -8.15443 4
    endloop
  endfacet
  facet normal -0.392784 0.919631 0
    outer loop
      vertex 182.485 -8.19287 4
      vertex 182.575 -8.15443 3.3
      vertex 182.485 -8.19287 3.3
    endloop
  endfacet
  facet normal -0.300494 0.953784 0
    outer loop
      vertex 182.666 -8.12576 3.3
      vertex 182.575 -8.15443 4
      vertex 182.666 -8.12576 4
    endloop
  endfacet
  facet normal -0.300494 0.953784 0
    outer loop
      vertex 182.575 -8.15443 4
      vertex 182.666 -8.12576 3.3
      vertex 182.575 -8.15443 3.3
    endloop
  endfacet
  facet normal -0.210738 0.977543 0
    outer loop
      vertex 182.761 -8.10528 3.3
      vertex 182.666 -8.12576 4
      vertex 182.761 -8.10528 4
    endloop
  endfacet
  facet normal -0.210738 0.977543 0
    outer loop
      vertex 182.666 -8.12576 4
      vertex 182.761 -8.10528 3.3
      vertex 182.666 -8.12576 3.3
    endloop
  endfacet
  facet normal -0.123097 0.992395 0
    outer loop
      vertex 182.86 -8.093 3.3
      vertex 182.761 -8.10528 4
      vertex 182.86 -8.093 4
    endloop
  endfacet
  facet normal -0.123097 0.992395 0
    outer loop
      vertex 182.761 -8.10528 4
      vertex 182.86 -8.093 3.3
      vertex 182.761 -8.10528 3.3
    endloop
  endfacet
  facet normal -0.0400658 0.999197 0
    outer loop
      vertex 182.962 -8.08891 3.3
      vertex 182.86 -8.093 4
      vertex 182.962 -8.08891 4
    endloop
  endfacet
  facet normal -0.0400658 0.999197 0
    outer loop
      vertex 182.86 -8.093 4
      vertex 182.962 -8.08891 3.3
      vertex 182.86 -8.093 3.3
    endloop
  endfacet
  facet normal 0.0769668 0.997034 -0
    outer loop
      vertex 183.151 -8.1035 3.3
      vertex 182.962 -8.08891 4
      vertex 183.151 -8.1035 4
    endloop
  endfacet
  facet normal 0.0769668 0.997034 0
    outer loop
      vertex 182.962 -8.08891 4
      vertex 183.151 -8.1035 3.3
      vertex 182.962 -8.08891 3.3
    endloop
  endfacet
  facet normal 0.250829 0.968031 -0
    outer loop
      vertex 183.32 -8.14729 3.3
      vertex 183.151 -8.1035 4
      vertex 183.32 -8.14729 4
    endloop
  endfacet
  facet normal 0.250829 0.968031 0
    outer loop
      vertex 183.151 -8.1035 4
      vertex 183.32 -8.14729 3.3
      vertex 183.151 -8.1035 3.3
    endloop
  endfacet
  facet normal 0.442359 0.896838 -0
    outer loop
      vertex 183.468 -8.22029 3.3
      vertex 183.32 -8.14729 4
      vertex 183.468 -8.22029 4
    endloop
  endfacet
  facet normal 0.442359 0.896838 0
    outer loop
      vertex 183.32 -8.14729 4
      vertex 183.468 -8.22029 3.3
      vertex 183.32 -8.14729 3.3
    endloop
  endfacet
  facet normal 0.623764 0.781613 -0
    outer loop
      vertex 183.596 -8.32244 3.3
      vertex 183.468 -8.22029 4
      vertex 183.596 -8.32244 4
    endloop
  endfacet
  facet normal 0.623764 0.781613 0
    outer loop
      vertex 183.468 -8.22029 4
      vertex 183.596 -8.32244 3.3
      vertex 183.468 -8.22029 3.3
    endloop
  endfacet
  facet normal 0.773837 0.633385 0
    outer loop
      vertex 183.699 -8.44828 4
      vertex 183.596 -8.32244 3.3
      vertex 183.596 -8.32244 4
    endloop
  endfacet
  facet normal 0.773837 0.633385 0
    outer loop
      vertex 183.596 -8.32244 3.3
      vertex 183.699 -8.44828 4
      vertex 183.699 -8.44828 3.3
    endloop
  endfacet
  facet normal 0.891961 0.452112 0
    outer loop
      vertex 183.772 -8.5923 4
      vertex 183.699 -8.44828 3.3
      vertex 183.699 -8.44828 4
    endloop
  endfacet
  facet normal 0.891961 0.452112 0
    outer loop
      vertex 183.699 -8.44828 3.3
      vertex 183.772 -8.5923 4
      vertex 183.772 -8.5923 3.3
    endloop
  endfacet
  facet normal 0.9651 0.261883 0
    outer loop
      vertex 183.816 -8.75445 4
      vertex 183.772 -8.5923 3.3
      vertex 183.772 -8.5923 4
    endloop
  endfacet
  facet normal 0.9651 0.261883 0
    outer loop
      vertex 183.772 -8.5923 3.3
      vertex 183.816 -8.75445 4
      vertex 183.816 -8.75445 3.3
    endloop
  endfacet
  facet normal 0.996558 0.0829037 0
    outer loop
      vertex 183.831 -8.93476 4
      vertex 183.816 -8.75445 3.3
      vertex 183.816 -8.75445 4
    endloop
  endfacet
  facet normal 0.996558 0.0829037 0
    outer loop
      vertex 183.816 -8.75445 3.3
      vertex 183.831 -8.93476 4
      vertex 183.831 -8.93476 3.3
    endloop
  endfacet
  facet normal 0.997366 -0.0725392 0
    outer loop
      vertex 183.816 -9.141 4
      vertex 183.831 -8.93476 3.3
      vertex 183.831 -8.93476 4
    endloop
  endfacet
  facet normal 0.997366 -0.0725392 0
    outer loop
      vertex 183.831 -8.93476 3.3
      vertex 183.816 -9.141 4
      vertex 183.816 -9.141 3.3
    endloop
  endfacet
  facet normal 0.973467 -0.228826 0
    outer loop
      vertex 183.773 -9.32393 4
      vertex 183.816 -9.141 3.3
      vertex 183.816 -9.141 4
    endloop
  endfacet
  facet normal 0.973467 -0.228826 0
    outer loop
      vertex 183.816 -9.141 3.3
      vertex 183.773 -9.32393 4
      vertex 183.773 -9.32393 3.3
    endloop
  endfacet
  facet normal 0.909378 -0.41597 0
    outer loop
      vertex 183.7 -9.48352 4
      vertex 183.773 -9.32393 3.3
      vertex 183.773 -9.32393 4
    endloop
  endfacet
  facet normal 0.909378 -0.41597 0
    outer loop
      vertex 183.773 -9.32393 3.3
      vertex 183.7 -9.48352 4
      vertex 183.7 -9.48352 3.3
    endloop
  endfacet
  facet normal 0.797753 -0.602984 0
    outer loop
      vertex 183.597 -9.61979 4
      vertex 183.7 -9.48352 3.3
      vertex 183.7 -9.48352 4
    endloop
  endfacet
  facet normal 0.797753 -0.602984 0
    outer loop
      vertex 183.7 -9.48352 3.3
      vertex 183.597 -9.61979 4
      vertex 183.597 -9.61979 3.3
    endloop
  endfacet
  facet normal 0.648373 -0.761323 0
    outer loop
      vertex 183.469 -9.7288 3.3
      vertex 183.597 -9.61979 4
      vertex 183.469 -9.7288 4
    endloop
  endfacet
  facet normal 0.648373 -0.761323 0
    outer loop
      vertex 183.597 -9.61979 4
      vertex 183.469 -9.7288 3.3
      vertex 183.597 -9.61979 3.3
    endloop
  endfacet
  facet normal 0.460794 -0.887507 0
    outer loop
      vertex 183.319 -9.80668 3.3
      vertex 183.469 -9.7288 4
      vertex 183.319 -9.80668 4
    endloop
  endfacet
  facet normal 0.460794 -0.887507 0
    outer loop
      vertex 183.469 -9.7288 4
      vertex 183.319 -9.80668 3.3
      vertex 183.469 -9.7288 3.3
    endloop
  endfacet
  facet normal 0.260718 -0.965415 0
    outer loop
      vertex 183.146 -9.8534 3.3
      vertex 183.319 -9.80668 4
      vertex 183.146 -9.8534 4
    endloop
  endfacet
  facet normal 0.260718 -0.965415 0
    outer loop
      vertex 183.319 -9.80668 4
      vertex 183.146 -9.8534 3.3
      vertex 183.319 -9.80668 3.3
    endloop
  endfacet
  facet normal 0.0795928 -0.996827 0
    outer loop
      vertex 182.951 -9.86897 3.3
      vertex 183.146 -9.8534 4
      vertex 182.951 -9.86897 4
    endloop
  endfacet
  facet normal 0.0795928 -0.996827 0
    outer loop
      vertex 183.146 -9.8534 4
      vertex 182.951 -9.86897 3.3
      vertex 183.146 -9.8534 3.3
    endloop
  endfacet
  facet normal -0.121462 -0.992596 0
    outer loop
      vertex 182.647 -9.83177 3.3
      vertex 182.951 -9.86897 4
      vertex 182.647 -9.83177 4
    endloop
  endfacet
  facet normal -0.121462 -0.992596 -0
    outer loop
      vertex 182.951 -9.86897 4
      vertex 182.647 -9.83177 3.3
      vertex 182.951 -9.86897 3.3
    endloop
  endfacet
  facet normal -0.420204 -0.90743 0
    outer loop
      vertex 182.406 -9.72017 3.3
      vertex 182.647 -9.83177 4
      vertex 182.406 -9.72017 4
    endloop
  endfacet
  facet normal -0.420204 -0.90743 -0
    outer loop
      vertex 182.647 -9.83177 4
      vertex 182.406 -9.72017 3.3
      vertex 182.647 -9.83177 3.3
    endloop
  endfacet
  facet normal -0.724453 -0.689324 0
    outer loop
      vertex 182.406 -9.72017 3.3
      vertex 182.229 -9.53415 4
      vertex 182.229 -9.53415 3.3
    endloop
  endfacet
  facet normal -0.724453 -0.689324 0
    outer loop
      vertex 182.229 -9.53415 4
      vertex 182.406 -9.72017 3.3
      vertex 182.406 -9.72017 4
    endloop
  endfacet
  facet normal -0.917372 -0.39803 0
    outer loop
      vertex 182.229 -9.53415 3.3
      vertex 182.116 -9.27371 4
      vertex 182.116 -9.27371 3.3
    endloop
  endfacet
  facet normal -0.917372 -0.39803 0
    outer loop
      vertex 182.116 -9.27371 4
      vertex 182.229 -9.53415 3.3
      vertex 182.229 -9.53415 4
    endloop
  endfacet
  facet normal 0.114701 -0.9934 0
    outer loop
      vertex 181.598 -9.33352 3.3
      vertex 182.116 -9.27371 4
      vertex 181.598 -9.33352 4
    endloop
  endfacet
  facet normal 0.114701 -0.9934 0
    outer loop
      vertex 182.116 -9.27371 4
      vertex 181.598 -9.33352 3.3
      vertex 182.116 -9.27371 3.3
    endloop
  endfacet
  facet normal 0.963138 0.269008 0
    outer loop
      vertex 181.659 -9.55192 4
      vertex 181.598 -9.33352 3.3
      vertex 181.598 -9.33352 4
    endloop
  endfacet
  facet normal 0.963138 0.269008 0
    outer loop
      vertex 181.598 -9.33352 3.3
      vertex 181.659 -9.55192 4
      vertex 181.659 -9.55192 3.3
    endloop
  endfacet
  facet normal 0.897228 0.441568 0
    outer loop
      vertex 181.753 -9.74292 4
      vertex 181.659 -9.55192 3.3
      vertex 181.659 -9.55192 4
    endloop
  endfacet
  facet normal 0.897228 0.441568 0
    outer loop
      vertex 181.659 -9.55192 3.3
      vertex 181.753 -9.74292 4
      vertex 181.753 -9.74292 3.3
    endloop
  endfacet
  facet normal 0.796932 0.604069 0
    outer loop
      vertex 181.877 -9.90651 4
      vertex 181.753 -9.74292 3.3
      vertex 181.753 -9.74292 4
    endloop
  endfacet
  facet normal 0.796932 0.604069 0
    outer loop
      vertex 181.753 -9.74292 3.3
      vertex 181.877 -9.90651 4
      vertex 181.877 -9.90651 3.3
    endloop
  endfacet
  facet normal 0.655269 0.755395 -0
    outer loop
      vertex 182.034 -10.0427 3.3
      vertex 181.877 -9.90651 4
      vertex 182.034 -10.0427 4
    endloop
  endfacet
  facet normal 0.655269 0.755395 0
    outer loop
      vertex 181.877 -9.90651 4
      vertex 182.034 -10.0427 3.3
      vertex 181.877 -9.90651 3.3
    endloop
  endfacet
  facet normal 0.499346 0.866403 -0
    outer loop
      vertex 182.22 -10.1499 3.3
      vertex 182.034 -10.0427 4
      vertex 182.22 -10.1499 4
    endloop
  endfacet
  facet normal 0.499346 0.866403 0
    outer loop
      vertex 182.034 -10.0427 4
      vertex 182.22 -10.1499 3.3
      vertex 182.034 -10.0427 3.3
    endloop
  endfacet
  facet normal 0.339426 0.940633 -0
    outer loop
      vertex 182.432 -10.2264 3.3
      vertex 182.22 -10.1499 4
      vertex 182.432 -10.2264 4
    endloop
  endfacet
  facet normal 0.339426 0.940633 0
    outer loop
      vertex 182.22 -10.1499 4
      vertex 182.432 -10.2264 3.3
      vertex 182.22 -10.1499 3.3
    endloop
  endfacet
  facet normal 0.187845 0.982199 -0
    outer loop
      vertex 182.672 -10.2723 3.3
      vertex 182.432 -10.2264 4
      vertex 182.672 -10.2723 4
    endloop
  endfacet
  facet normal 0.187845 0.982199 0
    outer loop
      vertex 182.432 -10.2264 4
      vertex 182.672 -10.2723 3.3
      vertex 182.432 -10.2264 3.3
    endloop
  endfacet
  facet normal 0.0572095 0.998362 -0
    outer loop
      vertex 182.939 -10.2876 3.3
      vertex 182.672 -10.2723 4
      vertex 182.939 -10.2876 4
    endloop
  endfacet
  facet normal 0.0572095 0.998362 0
    outer loop
      vertex 182.672 -10.2723 4
      vertex 182.939 -10.2876 3.3
      vertex 182.672 -10.2723 3.3
    endloop
  endfacet
  facet normal -0.071739 0.997423 0
    outer loop
      vertex 183.256 -10.2648 3.3
      vertex 182.939 -10.2876 4
      vertex 183.256 -10.2648 4
    endloop
  endfacet
  facet normal -0.071739 0.997423 0
    outer loop
      vertex 182.939 -10.2876 4
      vertex 183.256 -10.2648 3.3
      vertex 182.939 -10.2876 3.3
    endloop
  endfacet
  facet normal 0 -1 0
    outer loop
      vertex 179.727 -8.45344 3.3
      vertex 181.151 -8.45344 4
      vertex 179.727 -8.45344 4
    endloop
  endfacet
  facet normal 0 -1 -0
    outer loop
      vertex 181.151 -8.45344 4
      vertex 179.727 -8.45344 3.3
      vertex 181.151 -8.45344 3.3
    endloop
  endfacet
  facet normal 1 -0 0
    outer loop
      vertex 179.727 -8.90915 4
      vertex 179.727 -8.45344 3.3
      vertex 179.727 -8.45344 4
    endloop
  endfacet
  facet normal 1 0 0
    outer loop
      vertex 179.727 -8.45344 3.3
      vertex 179.727 -8.90915 4
      vertex 179.727 -8.90915 3.3
    endloop
  endfacet
  facet normal 0 1 -0
    outer loop
      vertex 181.151 -8.90915 3.3
      vertex 179.727 -8.90915 4
      vertex 181.151 -8.90915 4
    endloop
  endfacet
  facet normal 0 1 0
    outer loop
      vertex 179.727 -8.90915 4
      vertex 181.151 -8.90915 3.3
      vertex 179.727 -8.90915 3.3
    endloop
  endfacet
  facet normal -1 0 0
    outer loop
      vertex 181.151 -8.90915 3.3
      vertex 181.151 -8.45344 4
      vertex 181.151 -8.45344 3.3
    endloop
  endfacet
  facet normal -1 -0 0
    outer loop
      vertex 181.151 -8.45344 4
      vertex 181.151 -8.90915 3.3
      vertex 181.151 -8.90915 4
    endloop
  endfacet
  facet normal 0 0 1
    outer loop
      vertex 194.845 -6.21768 3.3
      vertex 193.031 -6.65342 3.3
      vertex 194.845 -6.65342 3.3
    endloop
  endfacet
  facet normal -0 0 1
    outer loop
      vertex 192.563 -6.21768 3.3
      vertex 193.031 -6.65342 3.3
      vertex 194.845 -6.21768 3.3
    endloop
  endfacet
  facet normal 0 0 1
    outer loop
      vertex 192.563 -6.21768 3.3
      vertex 192.954 -7.92657 3.3
      vertex 193.031 -6.65342 3.3
    endloop
  endfacet
  facet normal 0 0 1
    outer loop
      vertex 192.43 -8.37655 3.3
      vertex 192.954 -7.92657 3.3
      vertex 192.563 -6.21768 3.3
    endloop
  endfacet
  facet normal 0 0 1
    outer loop
      vertex 192.954 -7.92657 3.3
      vertex 192.43 -8.37655 3.3
      vertex 192.931 -8.37655 3.3
    endloop
  endfacet
  facet normal -0 0 1
    outer loop
      vertex 194.531 -8.75445 3.3
      vertex 195.078 -8.92338 3.3
      vertex 195.056 -8.65745 3.3
    endloop
  endfacet
  facet normal 0 0 1
    outer loop
      vertex 194.531 -8.75445 3.3
      vertex 195.056 -8.65745 3.3
      vertex 194.99 -8.41786 3.3
    endloop
  endfacet
  facet normal 0 0 1
    outer loop
      vertex 195.078 -8.92338 3.3
      vertex 194.546 -8.93476 3.3
      vertex 195.055 -9.22404 3.3
    endloop
  endfacet
  facet normal 0 0 1
    outer loop
      vertex 194.487 -8.5923 3.3
      vertex 194.99 -8.41786 3.3
      vertex 194.881 -8.20462 3.3
    endloop
  endfacet
  facet normal -0 0 1
    outer loop
      vertex 194.531 -9.141 3.3
      vertex 195.055 -9.22404 3.3
      vertex 194.546 -8.93476 3.3
    endloop
  endfacet
  facet normal 0 0 1
    outer loop
      vertex 194.414 -8.44828 3.3
      vertex 194.881 -8.20462 3.3
      vertex 194.727 -8.01771 3.3
    endloop
  endfacet
  facet normal 0 0 1
    outer loop
      vertex 195.055 -9.22404 3.3
      vertex 194.531 -9.141 3.3
      vertex 194.984 -9.49087 3.3
    endloop
  endfacet
  facet normal -0 0 1
    outer loop
      vertex 194.487 -9.32393 3.3
      vertex 194.984 -9.49087 3.3
      vertex 194.531 -9.141 3.3
    endloop
  endfacet
  facet normal 0 0 1
    outer loop
      vertex 194.311 -8.32244 3.3
      vertex 194.727 -8.01771 3.3
      vertex 194.536 -7.8657 3.3
    endloop
  endfacet
  facet normal 0 0 1
    outer loop
      vertex 195.078 -8.92338 3.3
      vertex 194.531 -8.75445 3.3
      vertex 194.546 -8.93476 3.3
    endloop
  endfacet
  facet normal 0 0 1
    outer loop
      vertex 194.99 -8.41786 3.3
      vertex 194.487 -8.5923 3.3
      vertex 194.531 -8.75445 3.3
    endloop
  endfacet
  facet normal 0 0 1
    outer loop
      vertex 194.881 -8.20462 3.3
      vertex 194.414 -8.44828 3.3
      vertex 194.487 -8.5923 3.3
    endloop
  endfacet
  facet normal 0 0 1
    outer loop
      vertex 194.183 -8.22029 3.3
      vertex 194.536 -7.8657 3.3
      vertex 194.315 -7.75712 3.3
    endloop
  endfacet
  facet normal 0 0 1
    outer loop
      vertex 194.727 -8.01771 3.3
      vertex 194.311 -8.32244 3.3
      vertex 194.414 -8.44828 3.3
    endloop
  endfacet
  facet normal 0 0 1
    outer loop
      vertex 194.536 -7.8657 3.3
      vertex 194.183 -8.22029 3.3
      vertex 194.311 -8.32244 3.3
    endloop
  endfacet
  facet normal 0 0 1
    outer loop
      vertex 194.035 -8.14729 3.3
      vertex 194.315 -7.75712 3.3
      vertex 194.064 -7.69197 3.3
    endloop
  endfacet
  facet normal 0 0 1
    outer loop
      vertex 194.315 -7.75712 3.3
      vertex 194.035 -8.14729 3.3
      vertex 194.183 -8.22029 3.3
    endloop
  endfacet
  facet normal 0 0 1
    outer loop
      vertex 194.064 -7.69197 3.3
      vertex 193.866 -8.1035 3.3
      vertex 194.035 -8.14729 3.3
    endloop
  endfacet
  facet normal 0 0 1
    outer loop
      vertex 193.782 -7.67025 3.3
      vertex 193.866 -8.1035 3.3
      vertex 194.064 -7.69197 3.3
    endloop
  endfacet
  facet normal 0 0 1
    outer loop
      vertex 193.782 -7.67025 3.3
      vertex 193.677 -8.08891 3.3
      vertex 193.866 -8.1035 3.3
    endloop
  endfacet
  facet normal -0 0 1
    outer loop
      vertex 193.545 -7.68628 3.3
      vertex 193.677 -8.08891 3.3
      vertex 193.782 -7.67025 3.3
    endloop
  endfacet
  facet normal 0 0 1
    outer loop
      vertex 193.677 -8.08891 3.3
      vertex 193.545 -7.68628 3.3
      vertex 193.575 -8.093 3.3
    endloop
  endfacet
  facet normal 0 0 1
    outer loop
      vertex 193.545 -7.68628 3.3
      vertex 193.476 -8.10528 3.3
      vertex 193.575 -8.093 3.3
    endloop
  endfacet
  facet normal -0 0 1
    outer loop
      vertex 193.327 -7.73433 3.3
      vertex 193.476 -8.10528 3.3
      vertex 193.545 -7.68628 3.3
    endloop
  endfacet
  facet normal 0 0 1
    outer loop
      vertex 193.476 -8.10528 3.3
      vertex 193.327 -7.73433 3.3
      vertex 193.381 -8.12576 3.3
    endloop
  endfacet
  facet normal -0 0 1
    outer loop
      vertex 193.13 -7.81443 3.3
      vertex 193.381 -8.12576 3.3
      vertex 193.327 -7.73433 3.3
    endloop
  endfacet
  facet normal 0 0 1
    outer loop
      vertex 193.381 -8.12576 3.3
      vertex 193.13 -7.81443 3.3
      vertex 193.29 -8.15443 3.3
    endloop
  endfacet
  facet normal 0 0 1
    outer loop
      vertex 193.29 -8.15443 3.3
      vertex 193.13 -7.81443 3.3
      vertex 193.2 -8.19287 3.3
    endloop
  endfacet
  facet normal -0 0 1
    outer loop
      vertex 192.954 -7.92657 3.3
      vertex 193.2 -8.19287 3.3
      vertex 193.13 -7.81443 3.3
    endloop
  endfacet
  facet normal 0 0 1
    outer loop
      vertex 193.2 -8.19287 3.3
      vertex 192.954 -7.92657 3.3
      vertex 193.11 -8.2427 3.3
    endloop
  endfacet
  facet normal 0 0 1
    outer loop
      vertex 193.11 -8.2427 3.3
      vertex 192.954 -7.92657 3.3
      vertex 193.021 -8.30392 3.3
    endloop
  endfacet
  facet normal 0 0 1
    outer loop
      vertex 193.021 -8.30392 3.3
      vertex 192.954 -7.92657 3.3
      vertex 192.931 -8.37655 3.3
    endloop
  endfacet
  facet normal 0 0 1
    outer loop
      vertex 194.984 -9.49087 3.3
      vertex 194.487 -9.32393 3.3
      vertex 194.866 -9.72389 3.3
    endloop
  endfacet
  facet normal -0 0 1
    outer loop
      vertex 194.414 -9.48352 3.3
      vertex 194.866 -9.72389 3.3
      vertex 194.487 -9.32393 3.3
    endloop
  endfacet
  facet normal 0 0 1
    outer loop
      vertex 194.866 -9.72389 3.3
      vertex 194.414 -9.48352 3.3
      vertex 194.701 -9.92308 3.3
    endloop
  endfacet
  facet normal -0 0 1
    outer loop
      vertex 194.312 -9.61979 3.3
      vertex 194.701 -9.92308 3.3
      vertex 194.414 -9.48352 3.3
    endloop
  endfacet
  facet normal 0 0 1
    outer loop
      vertex 194.701 -9.92308 3.3
      vertex 194.312 -9.61979 3.3
      vertex 194.494 -10.0826 3.3
    endloop
  endfacet
  facet normal -0 0 1
    outer loop
      vertex 194.184 -9.7288 3.3
      vertex 194.494 -10.0826 3.3
      vertex 194.312 -9.61979 3.3
    endloop
  endfacet
  facet normal 0 0 1
    outer loop
      vertex 194.494 -10.0826 3.3
      vertex 194.184 -9.7288 3.3
      vertex 194.251 -10.1965 3.3
    endloop
  endfacet
  facet normal -0 0 1
    outer loop
      vertex 194.034 -9.80668 3.3
      vertex 194.251 -10.1965 3.3
      vertex 194.184 -9.7288 3.3
    endloop
  endfacet
  facet normal 0 0 1
    outer loop
      vertex 194.034 -9.80668 3.3
      vertex 193.971 -10.2648 3.3
      vertex 194.251 -10.1965 3.3
    endloop
  endfacet
  facet normal -0 0 1
    outer loop
      vertex 193.861 -9.8534 3.3
      vertex 193.971 -10.2648 3.3
      vertex 194.034 -9.80668 3.3
    endloop
  endfacet
  facet normal 0 0 1
    outer loop
      vertex 193.654 -10.2876 3.3
      vertex 193.861 -9.8534 3.3
      vertex 193.666 -9.86897 3.3
    endloop
  endfacet
  facet normal 0 0 1
    outer loop
      vertex 193.861 -9.8534 3.3
      vertex 193.654 -10.2876 3.3
      vertex 193.971 -10.2648 3.3
    endloop
  endfacet
  facet normal 0 0 1
    outer loop
      vertex 193.666 -9.86897 3.3
      vertex 193.387 -10.2723 3.3
      vertex 193.654 -10.2876 3.3
    endloop
  endfacet
  facet normal 0 0 1
    outer loop
      vertex 193.361 -9.83177 3.3
      vertex 193.387 -10.2723 3.3
      vertex 193.666 -9.86897 3.3
    endloop
  endfacet
  facet normal 0 0 1
    outer loop
      vertex 193.361 -9.83177 3.3
      vertex 193.147 -10.2264 3.3
      vertex 193.387 -10.2723 3.3
    endloop
  endfacet
  facet normal 0 0 1
    outer loop
      vertex 193.121 -9.72017 3.3
      vertex 193.147 -10.2264 3.3
      vertex 193.361 -9.83177 3.3
    endloop
  endfacet
  facet normal 0 0 1
    outer loop
      vertex 192.749 -10.0427 3.3
      vertex 193.121 -9.72017 3.3
      vertex 192.944 -9.53415 3.3
    endloop
  endfacet
  facet normal 0 0 1
    outer loop
      vertex 193.121 -9.72017 3.3
      vertex 192.934 -10.1499 3.3
      vertex 193.147 -10.2264 3.3
    endloop
  endfacet
  facet normal 0 0 1
    outer loop
      vertex 192.374 -9.55192 3.3
      vertex 192.944 -9.53415 3.3
      vertex 192.831 -9.27371 3.3
    endloop
  endfacet
  facet normal 0 0 1
    outer loop
      vertex 193.121 -9.72017 3.3
      vertex 192.749 -10.0427 3.3
      vertex 192.934 -10.1499 3.3
    endloop
  endfacet
  facet normal 0 0 1
    outer loop
      vertex 192.944 -9.53415 3.3
      vertex 192.592 -9.90651 3.3
      vertex 192.749 -10.0427 3.3
    endloop
  endfacet
  facet normal 0 0 1
    outer loop
      vertex 192.944 -9.53415 3.3
      vertex 192.467 -9.74292 3.3
      vertex 192.592 -9.90651 3.3
    endloop
  endfacet
  facet normal 0 0 1
    outer loop
      vertex 192.944 -9.53415 3.3
      vertex 192.374 -9.55192 3.3
      vertex 192.467 -9.74292 3.3
    endloop
  endfacet
  facet normal 0 -0 1
    outer loop
      vertex 192.374 -9.55192 3.3
      vertex 192.831 -9.27371 3.3
      vertex 192.313 -9.33352 3.3
    endloop
  endfacet
  facet normal -0 0 1
    outer loop
      vertex 189.037 -8.08319 3.3
      vertex 190.245 -8.49902 3.3
      vertex 190.245 -8.08319 3.3
    endloop
  endfacet
  facet normal 0 0 1
    outer loop
      vertex 190.245 -8.49902 3.3
      vertex 189.037 -8.08319 3.3
      vertex 189.037 -8.49902 3.3
    endloop
  endfacet
  facet normal 0 0 1
    outer loop
      vertex 190.245 -8.08319 3.3
      vertex 190.664 -8.08319 3.3
      vertex 190.664 -6.86422 3.3
    endloop
  endfacet
  facet normal 0 0 1
    outer loop
      vertex 190.664 -8.08319 3.3
      vertex 190.245 -8.08319 3.3
      vertex 190.664 -8.49902 3.3
    endloop
  endfacet
  facet normal 0 0 1
    outer loop
      vertex 190.245 -8.08319 3.3
      vertex 190.664 -6.86422 3.3
      vertex 190.245 -6.86422 3.3
    endloop
  endfacet
  facet normal 0 0 1
    outer loop
      vertex 190.245 -8.49902 3.3
      vertex 190.664 -8.49902 3.3
      vertex 190.245 -8.08319 3.3
    endloop
  endfacet
  facet normal 0 0 1
    outer loop
      vertex 190.664 -8.49902 3.3
      vertex 190.245 -8.49902 3.3
      vertex 190.664 -9.71803 3.3
    endloop
  endfacet
  facet normal 0 0 1
    outer loop
      vertex 190.664 -9.71803 3.3
      vertex 190.245 -8.49902 3.3
      vertex 190.245 -9.71803 3.3
    endloop
  endfacet
  facet normal -0 0 1
    outer loop
      vertex 190.664 -8.08319 3.3
      vertex 191.871 -8.49902 3.3
      vertex 191.871 -8.08319 3.3
    endloop
  endfacet
  facet normal 0 0 1
    outer loop
      vertex 191.871 -8.49902 3.3
      vertex 190.664 -8.08319 3.3
      vertex 190.664 -8.49902 3.3
    endloop
  endfacet
  facet normal -0.23698 0.971514 0
    outer loop
      vertex 194.251 -10.1965 3.3
      vertex 193.971 -10.2648 4
      vertex 194.251 -10.1965 4
    endloop
  endfacet
  facet normal -0.23698 0.971514 0
    outer loop
      vertex 193.971 -10.2648 4
      vertex 194.251 -10.1965 3.3
      vertex 193.971 -10.2648 3.3
    endloop
  endfacet
  facet normal -0.424415 0.905468 0
    outer loop
      vertex 194.494 -10.0826 3.3
      vertex 194.251 -10.1965 4
      vertex 194.494 -10.0826 4
    endloop
  endfacet
  facet normal -0.424415 0.905468 0
    outer loop
      vertex 194.251 -10.1965 4
      vertex 194.494 -10.0826 3.3
      vertex 194.251 -10.1965 3.3
    endloop
  endfacet
  facet normal -0.610406 0.792089 0
    outer loop
      vertex 194.701 -9.92308 3.3
      vertex 194.494 -10.0826 4
      vertex 194.701 -9.92308 4
    endloop
  endfacet
  facet normal -0.610406 0.792089 0
    outer loop
      vertex 194.494 -10.0826 4
      vertex 194.701 -9.92308 3.3
      vertex 194.494 -10.0826 3.3
    endloop
  endfacet
  facet normal -0.770104 0.637919 0
    outer loop
      vertex 194.701 -9.92308 3.3
      vertex 194.866 -9.72389 4
      vertex 194.866 -9.72389 3.3
    endloop
  endfacet
  facet normal -0.770104 0.637919 0
    outer loop
      vertex 194.866 -9.72389 4
      vertex 194.701 -9.92308 3.3
      vertex 194.701 -9.92308 4
    endloop
  endfacet
  facet normal -0.892134 0.451771 0
    outer loop
      vertex 194.866 -9.72389 3.3
      vertex 194.984 -9.49087 4
      vertex 194.984 -9.49087 3.3
    endloop
  endfacet
  facet normal -0.892134 0.451771 0
    outer loop
      vertex 194.984 -9.49087 4
      vertex 194.866 -9.72389 3.3
      vertex 194.866 -9.72389 4
    endloop
  endfacet
  facet normal -0.966374 0.25714 0
    outer loop
      vertex 194.984 -9.49087 3.3
      vertex 195.055 -9.22404 4
      vertex 195.055 -9.22404 3.3
    endloop
  endfacet
  facet normal -0.966374 0.25714 0
    outer loop
      vertex 195.055 -9.22404 4
      vertex 194.984 -9.49087 3.3
      vertex 194.984 -9.49087 4
    endloop
  endfacet
  facet normal -0.997087 0.0762755 0
    outer loop
      vertex 195.055 -9.22404 3.3
      vertex 195.078 -8.92338 4
      vertex 195.078 -8.92338 3.3
    endloop
  endfacet
  facet normal -0.997087 0.0762755 0
    outer loop
      vertex 195.078 -8.92338 4
      vertex 195.055 -9.22404 3.3
      vertex 195.055 -9.22404 4
    endloop
  endfacet
  facet normal -0.996595 -0.0824469 0
    outer loop
      vertex 195.078 -8.92338 3.3
      vertex 195.056 -8.65745 4
      vertex 195.056 -8.65745 3.3
    endloop
  endfacet
  facet normal -0.996595 -0.0824469 0
    outer loop
      vertex 195.056 -8.65745 4
      vertex 195.078 -8.92338 3.3
      vertex 195.078 -8.92338 4
    endloop
  endfacet
  facet normal -0.964089 -0.265578 0
    outer loop
      vertex 195.056 -8.65745 3.3
      vertex 194.99 -8.41786 4
      vertex 194.99 -8.41786 3.3
    endloop
  endfacet
  facet normal -0.964089 -0.265578 0
    outer loop
      vertex 194.99 -8.41786 4
      vertex 195.056 -8.65745 3.3
      vertex 195.056 -8.65745 4
    endloop
  endfacet
  facet normal -0.890417 -0.455146 0
    outer loop
      vertex 194.99 -8.41786 3.3
      vertex 194.881 -8.20462 4
      vertex 194.881 -8.20462 3.3
    endloop
  endfacet
  facet normal -0.890417 -0.455146 0
    outer loop
      vertex 194.881 -8.20462 4
      vertex 194.99 -8.41786 3.3
      vertex 194.99 -8.41786 4
    endloop
  endfacet
  facet normal -0.77178 -0.63589 0
    outer loop
      vertex 194.881 -8.20462 3.3
      vertex 194.727 -8.01771 4
      vertex 194.727 -8.01771 3.3
    endloop
  endfacet
  facet normal -0.77178 -0.63589 0
    outer loop
      vertex 194.727 -8.01771 4
      vertex 194.881 -8.20462 3.3
      vertex 194.881 -8.20462 4
    endloop
  endfacet
  facet normal -0.62272 -0.782445 0
    outer loop
      vertex 194.536 -7.8657 3.3
      vertex 194.727 -8.01771 4
      vertex 194.536 -7.8657 4
    endloop
  endfacet
  facet normal -0.62272 -0.782445 -0
    outer loop
      vertex 194.727 -8.01771 4
      vertex 194.536 -7.8657 3.3
      vertex 194.727 -8.01771 3.3
    endloop
  endfacet
  facet normal -0.440965 -0.897524 0
    outer loop
      vertex 194.315 -7.75712 3.3
      vertex 194.536 -7.8657 4
      vertex 194.315 -7.75712 4
    endloop
  endfacet
  facet normal -0.440965 -0.897524 -0
    outer loop
      vertex 194.536 -7.8657 4
      vertex 194.315 -7.75712 3.3
      vertex 194.536 -7.8657 3.3
    endloop
  endfacet
  facet normal -0.251236 -0.967926 0
    outer loop
      vertex 194.064 -7.69197 3.3
      vertex 194.315 -7.75712 4
      vertex 194.064 -7.69197 4
    endloop
  endfacet
  facet normal -0.251236 -0.967926 -0
    outer loop
      vertex 194.315 -7.75712 4
      vertex 194.064 -7.69197 3.3
      vertex 194.315 -7.75712 3.3
    endloop
  endfacet
  facet normal -0.0767938 -0.997047 0
    outer loop
      vertex 193.782 -7.67025 3.3
      vertex 194.064 -7.69197 4
      vertex 193.782 -7.67025 4
    endloop
  endfacet
  facet normal -0.0767938 -0.997047 -0
    outer loop
      vertex 194.064 -7.69197 4
      vertex 193.782 -7.67025 3.3
      vertex 194.064 -7.69197 3.3
    endloop
  endfacet
  facet normal 0.0674829 -0.99772 0
    outer loop
      vertex 193.545 -7.68628 3.3
      vertex 193.782 -7.67025 4
      vertex 193.545 -7.68628 4
    endloop
  endfacet
  facet normal 0.0674829 -0.99772 0
    outer loop
      vertex 193.782 -7.67025 4
      vertex 193.545 -7.68628 3.3
      vertex 193.782 -7.67025 3.3
    endloop
  endfacet
  facet normal 0.215246 -0.97656 0
    outer loop
      vertex 193.327 -7.73433 3.3
      vertex 193.545 -7.68628 4
      vertex 193.327 -7.73433 4
    endloop
  endfacet
  facet normal 0.215246 -0.97656 0
    outer loop
      vertex 193.545 -7.68628 4
      vertex 193.327 -7.73433 3.3
      vertex 193.545 -7.68628 3.3
    endloop
  endfacet
  facet normal 0.376655 -0.926354 0
    outer loop
      vertex 193.13 -7.81443 3.3
      vertex 193.327 -7.73433 4
      vertex 193.13 -7.81443 4
    endloop
  endfacet
  facet normal 0.376655 -0.926354 0
    outer loop
      vertex 193.327 -7.73433 4
      vertex 193.13 -7.81443 3.3
      vertex 193.327 -7.73433 3.3
    endloop
  endfacet
  facet normal 0.537353 -0.843357 0
    outer loop
      vertex 192.954 -7.92657 3.3
      vertex 193.13 -7.81443 4
      vertex 192.954 -7.92657 4
    endloop
  endfacet
  facet normal 0.537353 -0.843357 0
    outer loop
      vertex 193.13 -7.81443 4
      vertex 192.954 -7.92657 3.3
      vertex 193.13 -7.81443 3.3
    endloop
  endfacet
  facet normal -0.998176 0.0603696 0
    outer loop
      vertex 192.954 -7.92657 3.3
      vertex 193.031 -6.65342 4
      vertex 193.031 -6.65342 3.3
    endloop
  endfacet
  facet normal -0.998176 0.0603696 0
    outer loop
      vertex 193.031 -6.65342 4
      vertex 192.954 -7.92657 3.3
      vertex 192.954 -7.92657 4
    endloop
  endfacet
  facet normal 0 1 -0
    outer loop
      vertex 194.845 -6.65342 3.3
      vertex 193.031 -6.65342 4
      vertex 194.845 -6.65342 4
    endloop
  endfacet
  facet normal 0 1 0
    outer loop
      vertex 193.031 -6.65342 4
      vertex 194.845 -6.65342 3.3
      vertex 193.031 -6.65342 3.3
    endloop
  endfacet
  facet normal -1 0 0
    outer loop
      vertex 194.845 -6.65342 3.3
      vertex 194.845 -6.21768 4
      vertex 194.845 -6.21768 3.3
    endloop
  endfacet
  facet normal -1 -0 0
    outer loop
      vertex 194.845 -6.21768 4
      vertex 194.845 -6.65342 3.3
      vertex 194.845 -6.65342 4
    endloop
  endfacet
  facet normal 0 -1 0
    outer loop
      vertex 192.563 -6.21768 3.3
      vertex 194.845 -6.21768 4
      vertex 192.563 -6.21768 4
    endloop
  endfacet
  facet normal 0 -1 -0
    outer loop
      vertex 194.845 -6.21768 4
      vertex 192.563 -6.21768 3.3
      vertex 194.845 -6.21768 3.3
    endloop
  endfacet
  facet normal 0.998108 -0.0614897 0
    outer loop
      vertex 192.43 -8.37655 4
      vertex 192.563 -6.21768 3.3
      vertex 192.563 -6.21768 4
    endloop
  endfacet
  facet normal 0.998108 -0.0614897 0
    outer loop
      vertex 192.563 -6.21768 3.3
      vertex 192.43 -8.37655 4
      vertex 192.43 -8.37655 3.3
    endloop
  endfacet
  facet normal 0 1 -0
    outer loop
      vertex 192.931 -8.37655 3.3
      vertex 192.43 -8.37655 4
      vertex 192.931 -8.37655 4
    endloop
  endfacet
  facet normal 0 1 0
    outer loop
      vertex 192.43 -8.37655 4
      vertex 192.931 -8.37655 3.3
      vertex 192.43 -8.37655 3.3
    endloop
  endfacet
  facet normal -0.628011 0.778204 0
    outer loop
      vertex 193.021 -8.30392 3.3
      vertex 192.931 -8.37655 4
      vertex 193.021 -8.30392 4
    endloop
  endfacet
  facet normal -0.628011 0.778204 0
    outer loop
      vertex 192.931 -8.37655 4
      vertex 193.021 -8.30392 3.3
      vertex 192.931 -8.37655 3.3
    endloop
  endfacet
  facet normal -0.566733 0.823901 0
    outer loop
      vertex 193.11 -8.2427 3.3
      vertex 193.021 -8.30392 4
      vertex 193.11 -8.2427 4
    endloop
  endfacet
  facet normal -0.566733 0.823901 0
    outer loop
      vertex 193.021 -8.30392 4
      vertex 193.11 -8.2427 3.3
      vertex 193.021 -8.30392 3.3
    endloop
  endfacet
  facet normal -0.48438 0.874858 0
    outer loop
      vertex 193.2 -8.19287 3.3
      vertex 193.11 -8.2427 4
      vertex 193.2 -8.19287 4
    endloop
  endfacet
  facet normal -0.48438 0.874858 0
    outer loop
      vertex 193.11 -8.2427 4
      vertex 193.2 -8.19287 3.3
      vertex 193.11 -8.2427 3.3
    endloop
  endfacet
  facet normal -0.392784 0.919631 0
    outer loop
      vertex 193.29 -8.15443 3.3
      vertex 193.2 -8.19287 4
      vertex 193.29 -8.15443 4
    endloop
  endfacet
  facet normal -0.392784 0.919631 0
    outer loop
      vertex 193.2 -8.19287 4
      vertex 193.29 -8.15443 3.3
      vertex 193.2 -8.19287 3.3
    endloop
  endfacet
  facet normal -0.300494 0.953784 0
    outer loop
      vertex 193.381 -8.12576 3.3
      vertex 193.29 -8.15443 4
      vertex 193.381 -8.12576 4
    endloop
  endfacet
  facet normal -0.300494 0.953784 0
    outer loop
      vertex 193.29 -8.15443 4
      vertex 193.381 -8.12576 3.3
      vertex 193.29 -8.15443 3.3
    endloop
  endfacet
  facet normal -0.210738 0.977543 0
    outer loop
      vertex 193.476 -8.10528 3.3
      vertex 193.381 -8.12576 4
      vertex 193.476 -8.10528 4
    endloop
  endfacet
  facet normal -0.210738 0.977543 0
    outer loop
      vertex 193.381 -8.12576 4
      vertex 193.476 -8.10528 3.3
      vertex 193.381 -8.12576 3.3
    endloop
  endfacet
  facet normal -0.123097 0.992395 0
    outer loop
      vertex 193.575 -8.093 3.3
      vertex 193.476 -8.10528 4
      vertex 193.575 -8.093 4
    endloop
  endfacet
  facet normal -0.123097 0.992395 0
    outer loop
      vertex 193.476 -8.10528 4
      vertex 193.575 -8.093 3.3
      vertex 193.476 -8.10528 3.3
    endloop
  endfacet
  facet normal -0.0400658 0.999197 0
    outer loop
      vertex 193.677 -8.08891 3.3
      vertex 193.575 -8.093 4
      vertex 193.677 -8.08891 4
    endloop
  endfacet
  facet normal -0.0400658 0.999197 0
    outer loop
      vertex 193.575 -8.093 4
      vertex 193.677 -8.08891 3.3
      vertex 193.575 -8.093 3.3
    endloop
  endfacet
  facet normal 0.0769668 0.997034 -0
    outer loop
      vertex 193.866 -8.1035 3.3
      vertex 193.677 -8.08891 4
      vertex 193.866 -8.1035 4
    endloop
  endfacet
  facet normal 0.0769668 0.997034 0
    outer loop
      vertex 193.677 -8.08891 4
      vertex 193.866 -8.1035 3.3
      vertex 193.677 -8.08891 3.3
    endloop
  endfacet
  facet normal 0.250829 0.968031 -0
    outer loop
      vertex 194.035 -8.14729 3.3
      vertex 193.866 -8.1035 4
      vertex 194.035 -8.14729 4
    endloop
  endfacet
  facet normal 0.250829 0.968031 0
    outer loop
      vertex 193.866 -8.1035 4
      vertex 194.035 -8.14729 3.3
      vertex 193.866 -8.1035 3.3
    endloop
  endfacet
  facet normal 0.442359 0.896838 -0
    outer loop
      vertex 194.183 -8.22029 3.3
      vertex 194.035 -8.14729 4
      vertex 194.183 -8.22029 4
    endloop
  endfacet
  facet normal 0.442359 0.896838 0
    outer loop
      vertex 194.035 -8.14729 4
      vertex 194.183 -8.22029 3.3
      vertex 194.035 -8.14729 3.3
    endloop
  endfacet
  facet normal 0.623764 0.781613 -0
    outer loop
      vertex 194.311 -8.32244 3.3
      vertex 194.183 -8.22029 4
      vertex 194.311 -8.32244 4
    endloop
  endfacet
  facet normal 0.623764 0.781613 0
    outer loop
      vertex 194.183 -8.22029 4
      vertex 194.311 -8.32244 3.3
      vertex 194.183 -8.22029 3.3
    endloop
  endfacet
  facet normal 0.773837 0.633385 0
    outer loop
      vertex 194.414 -8.44828 4
      vertex 194.311 -8.32244 3.3
      vertex 194.311 -8.32244 4
    endloop
  endfacet
  facet normal 0.773837 0.633385 0
    outer loop
      vertex 194.311 -8.32244 3.3
      vertex 194.414 -8.44828 4
      vertex 194.414 -8.44828 3.3
    endloop
  endfacet
  facet normal 0.891961 0.452112 0
    outer loop
      vertex 194.487 -8.5923 4
      vertex 194.414 -8.44828 3.3
      vertex 194.414 -8.44828 4
    endloop
  endfacet
  facet normal 0.891961 0.452112 0
    outer loop
      vertex 194.414 -8.44828 3.3
      vertex 194.487 -8.5923 4
      vertex 194.487 -8.5923 3.3
    endloop
  endfacet
  facet normal 0.9651 0.261883 0
    outer loop
      vertex 194.531 -8.75445 4
      vertex 194.487 -8.5923 3.3
      vertex 194.487 -8.5923 4
    endloop
  endfacet
  facet normal 0.9651 0.261883 0
    outer loop
      vertex 194.487 -8.5923 3.3
      vertex 194.531 -8.75445 4
      vertex 194.531 -8.75445 3.3
    endloop
  endfacet
  facet normal 0.996558 0.0829037 0
    outer loop
      vertex 194.546 -8.93476 4
      vertex 194.531 -8.75445 3.3
      vertex 194.531 -8.75445 4
    endloop
  endfacet
  facet normal 0.996558 0.0829037 0
    outer loop
      vertex 194.531 -8.75445 3.3
      vertex 194.546 -8.93476 4
      vertex 194.546 -8.93476 3.3
    endloop
  endfacet
  facet normal 0.997366 -0.0725392 0
    outer loop
      vertex 194.531 -9.141 4
      vertex 194.546 -8.93476 3.3
      vertex 194.546 -8.93476 4
    endloop
  endfacet
  facet normal 0.997366 -0.0725392 0
    outer loop
      vertex 194.546 -8.93476 3.3
      vertex 194.531 -9.141 4
      vertex 194.531 -9.141 3.3
    endloop
  endfacet
  facet normal 0.97227 -0.233859 0
    outer loop
      vertex 194.487 -9.32393 4
      vertex 194.531 -9.141 3.3
      vertex 194.531 -9.141 4
    endloop
  endfacet
  facet normal 0.97227 -0.233859 0
    outer loop
      vertex 194.531 -9.141 3.3
      vertex 194.487 -9.32393 4
      vertex 194.487 -9.32393 3.3
    endloop
  endfacet
  facet normal 0.909378 -0.41597 0
    outer loop
      vertex 194.414 -9.48352 4
      vertex 194.487 -9.32393 3.3
      vertex 194.487 -9.32393 4
    endloop
  endfacet
  facet normal 0.909378 -0.41597 0
    outer loop
      vertex 194.487 -9.32393 3.3
      vertex 194.414 -9.48352 4
      vertex 194.414 -9.48352 3.3
    endloop
  endfacet
  facet normal 0.800571 -0.599238 0
    outer loop
      vertex 194.312 -9.61979 4
      vertex 194.414 -9.48352 3.3
      vertex 194.414 -9.48352 4
    endloop
  endfacet
  facet normal 0.800571 -0.599238 0
    outer loop
      vertex 194.414 -9.48352 3.3
      vertex 194.312 -9.61979 4
      vertex 194.312 -9.61979 3.3
    endloop
  endfacet
  facet normal 0.648373 -0.761323 0
    outer loop
      vertex 194.184 -9.7288 3.3
      vertex 194.312 -9.61979 4
      vertex 194.184 -9.7288 4
    endloop
  endfacet
  facet normal 0.648373 -0.761323 0
    outer loop
      vertex 194.312 -9.61979 4
      vertex 194.184 -9.7288 3.3
      vertex 194.312 -9.61979 3.3
    endloop
  endfacet
  facet normal 0.460794 -0.887507 0
    outer loop
      vertex 194.034 -9.80668 3.3
      vertex 194.184 -9.7288 4
      vertex 194.034 -9.80668 4
    endloop
  endfacet
  facet normal 0.460794 -0.887507 0
    outer loop
      vertex 194.184 -9.7288 4
      vertex 194.034 -9.80668 3.3
      vertex 194.184 -9.7288 3.3
    endloop
  endfacet
  facet normal 0.260718 -0.965415 0
    outer loop
      vertex 193.861 -9.8534 3.3
      vertex 194.034 -9.80668 4
      vertex 193.861 -9.8534 4
    endloop
  endfacet
  facet normal 0.260718 -0.965415 0
    outer loop
      vertex 194.034 -9.80668 4
      vertex 193.861 -9.8534 3.3
      vertex 194.034 -9.80668 3.3
    endloop
  endfacet
  facet normal 0.0795928 -0.996827 0
    outer loop
      vertex 193.666 -9.86897 3.3
      vertex 193.861 -9.8534 4
      vertex 193.666 -9.86897 4
    endloop
  endfacet
  facet normal 0.0795928 -0.996827 0
    outer loop
      vertex 193.861 -9.8534 4
      vertex 193.666 -9.86897 3.3
      vertex 193.861 -9.8534 3.3
    endloop
  endfacet
  facet normal -0.12107 -0.992644 0
    outer loop
      vertex 193.361 -9.83177 3.3
      vertex 193.666 -9.86897 4
      vertex 193.361 -9.83177 4
    endloop
  endfacet
  facet normal -0.12107 -0.992644 -0
    outer loop
      vertex 193.666 -9.86897 4
      vertex 193.361 -9.83177 3.3
      vertex 193.666 -9.86897 3.3
    endloop
  endfacet
  facet normal -0.421644 -0.906761 0
    outer loop
      vertex 193.121 -9.72017 3.3
      vertex 193.361 -9.83177 4
      vertex 193.121 -9.72017 4
    endloop
  endfacet
  facet normal -0.421644 -0.906761 -0
    outer loop
      vertex 193.361 -9.83177 4
      vertex 193.121 -9.72017 3.3
      vertex 193.361 -9.83177 3.3
    endloop
  endfacet
  facet normal -0.724453 -0.689324 0
    outer loop
      vertex 193.121 -9.72017 3.3
      vertex 192.944 -9.53415 4
      vertex 192.944 -9.53415 3.3
    endloop
  endfacet
  facet normal -0.724453 -0.689324 0
    outer loop
      vertex 192.944 -9.53415 4
      vertex 193.121 -9.72017 3.3
      vertex 193.121 -9.72017 4
    endloop
  endfacet
  facet normal -0.917372 -0.39803 0
    outer loop
      vertex 192.944 -9.53415 3.3
      vertex 192.831 -9.27371 4
      vertex 192.831 -9.27371 3.3
    endloop
  endfacet
  facet normal -0.917372 -0.39803 0
    outer loop
      vertex 192.831 -9.27371 4
      vertex 192.944 -9.53415 3.3
      vertex 192.944 -9.53415 4
    endloop
  endfacet
  facet normal 0.114701 -0.9934 0
    outer loop
      vertex 192.313 -9.33352 3.3
      vertex 192.831 -9.27371 4
      vertex 192.313 -9.33352 4
    endloop
  endfacet
  facet normal 0.114701 -0.9934 0
    outer loop
      vertex 192.831 -9.27371 4
      vertex 192.313 -9.33352 3.3
      vertex 192.831 -9.27371 3.3
    endloop
  endfacet
  facet normal 0.963138 0.269008 0
    outer loop
      vertex 192.374 -9.55192 4
      vertex 192.313 -9.33352 3.3
      vertex 192.313 -9.33352 4
    endloop
  endfacet
  facet normal 0.963138 0.269008 0
    outer loop
      vertex 192.313 -9.33352 3.3
      vertex 192.374 -9.55192 4
      vertex 192.374 -9.55192 3.3
    endloop
  endfacet
  facet normal 0.899085 0.437774 0
    outer loop
      vertex 192.467 -9.74292 4
      vertex 192.374 -9.55192 3.3
      vertex 192.374 -9.55192 4
    endloop
  endfacet
  facet normal 0.899085 0.437774 0
    outer loop
      vertex 192.374 -9.55192 3.3
      vertex 192.467 -9.74292 4
      vertex 192.467 -9.74292 3.3
    endloop
  endfacet
  facet normal 0.794588 0.607149 0
    outer loop
      vertex 192.592 -9.90651 4
      vertex 192.467 -9.74292 3.3
      vertex 192.467 -9.74292 4
    endloop
  endfacet
  facet normal 0.794588 0.607149 0
    outer loop
      vertex 192.467 -9.74292 3.3
      vertex 192.592 -9.90651 4
      vertex 192.592 -9.90651 3.3
    endloop
  endfacet
  facet normal 0.655269 0.755395 -0
    outer loop
      vertex 192.749 -10.0427 3.3
      vertex 192.592 -9.90651 4
      vertex 192.749 -10.0427 4
    endloop
  endfacet
  facet normal 0.655269 0.755395 0
    outer loop
      vertex 192.592 -9.90651 4
      vertex 192.749 -10.0427 3.3
      vertex 192.592 -9.90651 3.3
    endloop
  endfacet
  facet normal 0.501368 0.865234 -0
    outer loop
      vertex 192.934 -10.1499 3.3
      vertex 192.749 -10.0427 4
      vertex 192.934 -10.1499 4
    endloop
  endfacet
  facet normal 0.501368 0.865234 0
    outer loop
      vertex 192.749 -10.0427 4
      vertex 192.934 -10.1499 3.3
      vertex 192.749 -10.0427 3.3
    endloop
  endfacet
  facet normal 0.338015 0.941141 -0
    outer loop
      vertex 193.147 -10.2264 3.3
      vertex 192.934 -10.1499 4
      vertex 193.147 -10.2264 4
    endloop
  endfacet
  facet normal 0.338015 0.941141 0
    outer loop
      vertex 192.934 -10.1499 4
      vertex 193.147 -10.2264 3.3
      vertex 192.934 -10.1499 3.3
    endloop
  endfacet
  facet normal 0.187845 0.982199 -0
    outer loop
      vertex 193.387 -10.2723 3.3
      vertex 193.147 -10.2264 4
      vertex 193.387 -10.2723 4
    endloop
  endfacet
  facet normal 0.187845 0.982199 0
    outer loop
      vertex 193.147 -10.2264 4
      vertex 193.387 -10.2723 3.3
      vertex 193.147 -10.2264 3.3
    endloop
  endfacet
  facet normal 0.0572095 0.998362 -0
    outer loop
      vertex 193.654 -10.2876 3.3
      vertex 193.387 -10.2723 4
      vertex 193.654 -10.2876 4
    endloop
  endfacet
  facet normal 0.0572095 0.998362 0
    outer loop
      vertex 193.387 -10.2723 4
      vertex 193.654 -10.2876 3.3
      vertex 193.387 -10.2723 3.3
    endloop
  endfacet
  facet normal -0.071739 0.997423 0
    outer loop
      vertex 193.971 -10.2648 3.3
      vertex 193.654 -10.2876 4
      vertex 193.971 -10.2648 4
    endloop
  endfacet
  facet normal -0.071739 0.997423 0
    outer loop
      vertex 193.654 -10.2876 4
      vertex 193.971 -10.2648 3.3
      vertex 193.654 -10.2876 3.3
    endloop
  endfacet
  facet normal 0 1 -0
    outer loop
      vertex 191.871 -8.49902 3.3
      vertex 190.664 -8.49902 4
      vertex 191.871 -8.49902 4
    endloop
  endfacet
  facet normal 0 1 0
    outer loop
      vertex 190.664 -8.49902 4
      vertex 191.871 -8.49902 3.3
      vertex 190.664 -8.49902 3.3
    endloop
  endfacet
  facet normal -1 0 0
    outer loop
      vertex 191.871 -8.49902 3.3
      vertex 191.871 -8.08319 4
      vertex 191.871 -8.08319 3.3
    endloop
  endfacet
  facet normal -1 -0 0
    outer loop
      vertex 191.871 -8.08319 4
      vertex 191.871 -8.49902 3.3
      vertex 191.871 -8.49902 4
    endloop
  endfacet
  facet normal 0 -1 0
    outer loop
      vertex 190.664 -8.08319 3.3
      vertex 191.871 -8.08319 4
      vertex 190.664 -8.08319 4
    endloop
  endfacet
  facet normal 0 -1 -0
    outer loop
      vertex 191.871 -8.08319 4
      vertex 190.664 -8.08319 3.3
      vertex 191.871 -8.08319 3.3
    endloop
  endfacet
  facet normal -1 0 0
    outer loop
      vertex 190.664 -8.08319 3.3
      vertex 190.664 -6.86422 4
      vertex 190.664 -6.86422 3.3
    endloop
  endfacet
  facet normal -1 -0 0
    outer loop
      vertex 190.664 -6.86422 4
      vertex 190.664 -8.08319 3.3
      vertex 190.664 -8.08319 4
    endloop
  endfacet
  facet normal 0 -1 0
    outer loop
      vertex 190.245 -6.86422 3.3
      vertex 190.664 -6.86422 4
      vertex 190.245 -6.86422 4
    endloop
  endfacet
  facet normal 0 -1 -0
    outer loop
      vertex 190.664 -6.86422 4
      vertex 190.245 -6.86422 3.3
      vertex 190.664 -6.86422 3.3
    endloop
  endfacet
  facet normal 1 -0 0
    outer loop
      vertex 190.245 -8.08319 4
      vertex 190.245 -6.86422 3.3
      vertex 190.245 -6.86422 4
    endloop
  endfacet
  facet normal 1 0 0
    outer loop
      vertex 190.245 -6.86422 3.3
      vertex 190.245 -8.08319 4
      vertex 190.245 -8.08319 3.3
    endloop
  endfacet
  facet normal 0 -1 0
    outer loop
      vertex 189.037 -8.08319 3.3
      vertex 190.245 -8.08319 4
      vertex 189.037 -8.08319 4
    endloop
  endfacet
  facet normal 0 -1 -0
    outer loop
      vertex 190.245 -8.08319 4
      vertex 189.037 -8.08319 3.3
      vertex 190.245 -8.08319 3.3
    endloop
  endfacet
  facet normal 1 -0 0
    outer loop
      vertex 189.037 -8.49902 4
      vertex 189.037 -8.08319 3.3
      vertex 189.037 -8.08319 4
    endloop
  endfacet
  facet normal 1 0 0
    outer loop
      vertex 189.037 -8.08319 3.3
      vertex 189.037 -8.49902 4
      vertex 189.037 -8.49902 3.3
    endloop
  endfacet
  facet normal 0 1 -0
    outer loop
      vertex 190.245 -8.49902 3.3
      vertex 189.037 -8.49902 4
      vertex 190.245 -8.49902 4
    endloop
  endfacet
  facet normal 0 1 0
    outer loop
      vertex 189.037 -8.49902 4
      vertex 190.245 -8.49902 3.3
      vertex 189.037 -8.49902 3.3
    endloop
  endfacet
  facet normal 1 -0 0
    outer loop
      vertex 190.245 -9.71803 4
      vertex 190.245 -8.49902 3.3
      vertex 190.245 -8.49902 4
    endloop
  endfacet
  facet normal 1 0 0
    outer loop
      vertex 190.245 -8.49902 3.3
      vertex 190.245 -9.71803 4
      vertex 190.245 -9.71803 3.3
    endloop
  endfacet
  facet normal 0 1 -0
    outer loop
      vertex 190.664 -9.71803 3.3
      vertex 190.245 -9.71803 4
      vertex 190.664 -9.71803 4
    endloop
  endfacet
  facet normal 0 1 0
    outer loop
      vertex 190.245 -9.71803 4
      vertex 190.664 -9.71803 3.3
      vertex 190.245 -9.71803 3.3
    endloop
  endfacet
  facet normal -1 0 0
    outer loop
      vertex 190.664 -9.71803 3.3
      vertex 190.664 -8.49902 4
      vertex 190.664 -8.49902 3.3
    endloop
  endfacet
  facet normal -1 -0 0
    outer loop
      vertex 190.664 -8.49902 4
      vertex 190.664 -9.71803 3.3
      vertex 190.664 -9.71803 4
    endloop
  endfacet
  facet normal 0 -0 1
    outer loop
      vertex 187 9.40001 3.3
      vertex 189.4 12.8 3.3
      vertex 184.6 12.8 3.3
    endloop
  endfacet
  facet normal 0.816967 0.576684 0
    outer loop
      vertex 187 9.40001 4
      vertex 184.6 12.8 3.3
      vertex 184.6 12.8 4
    endloop
  endfacet
  facet normal 0.816967 0.576684 0
    outer loop
      vertex 184.6 12.8 3.3
      vertex 187 9.40001 4
      vertex 187 9.40001 3.3
    endloop
  endfacet
  facet normal -0.816967 0.576684 0
    outer loop
      vertex 187 9.40001 3.3
      vertex 189.4 12.8 4
      vertex 189.4 12.8 3.3
    endloop
  endfacet
  facet normal -0.816967 0.576684 0
    outer loop
      vertex 189.4 12.8 4
      vertex 187 9.40001 3.3
      vertex 187 9.40001 4
    endloop
  endfacet
  facet normal 0 -1 0
    outer loop
      vertex 184.6 12.8 3.3
      vertex 189.4 12.8 4
      vertex 184.6 12.8 4
    endloop
  endfacet
  facet normal 0 -1 -0
    outer loop
      vertex 189.4 12.8 4
      vertex 184.6 12.8 3.3
      vertex 189.4 12.8 3.3
    endloop
  endfacet
  facet normal 0 0 1
    outer loop
      vertex 188.836 18.6623 3.3
      vertex 188.039 18.7248 3.3
      vertex 188.106 18.2994 3.3
    endloop
  endfacet
  facet normal 0 0 1
    outer loop
      vertex 188.376 19.4183 3.3
      vertex 187.839 19.0287 3.3
      vertex 188.039 18.7248 3.3
    endloop
  endfacet
  facet normal 0 0 1
    outer loop
      vertex 187.797 19.7174 3.3
      vertex 187.839 19.0287 3.3
      vertex 188.109 19.5928 3.3
    endloop
  endfacet
  facet normal 0 0 1
    outer loop
      vertex 187.797 19.7174 3.3
      vertex 187.506 19.2111 3.3
      vertex 187.839 19.0287 3.3
    endloop
  endfacet
  facet normal 0 0 1
    outer loop
      vertex 187.441 19.7921 3.3
      vertex 187.506 19.2111 3.3
      vertex 187.797 19.7174 3.3
    endloop
  endfacet
  facet normal 0 0 1
    outer loop
      vertex 187.04 19.2718 3.3
      vertex 187.441 19.7921 3.3
      vertex 187.04 19.8171 3.3
    endloop
  endfacet
  facet normal 0 0 1
    outer loop
      vertex 187.441 19.7921 3.3
      vertex 187.04 19.2718 3.3
      vertex 187.506 19.2111 3.3
    endloop
  endfacet
  facet normal 0 0 1
    outer loop
      vertex 187.04 19.8171 3.3
      vertex 186.797 19.2566 3.3
      vertex 187.04 19.2718 3.3
    endloop
  endfacet
  facet normal -0 0 1
    outer loop
      vertex 186.648 19.7916 3.3
      vertex 186.797 19.2566 3.3
      vertex 187.04 19.8171 3.3
    endloop
  endfacet
  facet normal 0 0 1
    outer loop
      vertex 186.648 19.7916 3.3
      vertex 186.585 19.2108 3.3
      vertex 186.797 19.2566 3.3
    endloop
  endfacet
  facet normal -0 0 1
    outer loop
      vertex 186.298 19.7153 3.3
      vertex 186.585 19.2108 3.3
      vertex 186.648 19.7916 3.3
    endloop
  endfacet
  facet normal 0 0 1
    outer loop
      vertex 186.585 19.2108 3.3
      vertex 186.298 19.7153 3.3
      vertex 186.403 19.1345 3.3
    endloop
  endfacet
  facet normal -0 0 1
    outer loop
      vertex 185.99 19.5882 3.3
      vertex 186.403 19.1345 3.3
      vertex 186.298 19.7153 3.3
    endloop
  endfacet
  facet normal 0 0 1
    outer loop
      vertex 186.403 19.1345 3.3
      vertex 185.99 19.5882 3.3
      vertex 186.253 19.0277 3.3
    endloop
  endfacet
  facet normal -0 0 1
    outer loop
      vertex 185.724 19.4101 3.3
      vertex 186.253 19.0277 3.3
      vertex 185.99 19.5882 3.3
    endloop
  endfacet
  facet normal 0 0 1
    outer loop
      vertex 186.253 19.0277 3.3
      vertex 185.724 19.4101 3.3
      vertex 186.134 18.8907 3.3
    endloop
  endfacet
  facet normal -0 0 1
    outer loop
      vertex 185.509 19.1912 3.3
      vertex 186.134 18.8907 3.3
      vertex 185.724 19.4101 3.3
    endloop
  endfacet
  facet normal 0 0 1
    outer loop
      vertex 186.134 18.8907 3.3
      vertex 185.509 19.1912 3.3
      vertex 186.05 18.7236 3.3
    endloop
  endfacet
  facet normal -0 0 1
    outer loop
      vertex 185.356 18.9412 3.3
      vertex 186.05 18.7236 3.3
      vertex 185.509 19.1912 3.3
    endloop
  endfacet
  facet normal 0 0 1
    outer loop
      vertex 186.05 18.7236 3.3
      vertex 185.356 18.9412 3.3
      vertex 185.999 18.5265 3.3
    endloop
  endfacet
  facet normal 0 -0 1
    outer loop
      vertex 185.301 17.8874 3.3
      vertex 185.982 18.2994 3.3
      vertex 185.25 18.11 3.3
    endloop
  endfacet
  facet normal -0 0 1
    outer loop
      vertex 185.264 18.6603 3.3
      vertex 185.999 18.5265 3.3
      vertex 185.356 18.9412 3.3
    endloop
  endfacet
  facet normal 0 -0 1
    outer loop
      vertex 185.652 17.3227 3.3
      vertex 185.982 18.2994 3.3
      vertex 185.504 17.4897 3.3
    endloop
  endfacet
  facet normal 0 0 1
    outer loop
      vertex 185.982 18.2994 3.3
      vertex 185.652 17.3227 3.3
      vertex 185.824 17.1876 3.3
    endloop
  endfacet
  facet normal 0 0 1
    outer loop
      vertex 185.233 18.3483 3.3
      vertex 185.999 18.5265 3.3
      vertex 185.264 18.6603 3.3
    endloop
  endfacet
  facet normal 0 0 1
    outer loop
      vertex 185.982 18.2994 3.3
      vertex 185.386 17.6807 3.3
      vertex 185.504 17.4897 3.3
    endloop
  endfacet
  facet normal 0 0 1
    outer loop
      vertex 185.999 18.5265 3.3
      vertex 185.233 18.3483 3.3
      vertex 185.982 18.2994 3.3
    endloop
  endfacet
  facet normal 0 0 1
    outer loop
      vertex 185.982 18.2994 3.3
      vertex 185.301 17.8874 3.3
      vertex 185.386 17.6807 3.3
    endloop
  endfacet
  facet normal 0 0 1
    outer loop
      vertex 185.982 18.2994 3.3
      vertex 185.233 18.3483 3.3
      vertex 185.25 18.11 3.3
    endloop
  endfacet
  facet normal 0 0 1
    outer loop
      vertex 188.106 18.2994 3.3
      vertex 188.867 18.3401 3.3
      vertex 188.836 18.6623 3.3
    endloop
  endfacet
  facet normal 0 0 1
    outer loop
      vertex 188.867 18.3401 3.3
      vertex 188.106 18.2994 3.3
      vertex 188.85 18.1018 3.3
    endloop
  endfacet
  facet normal -0 0 1
    outer loop
      vertex 188.039 18.7248 3.3
      vertex 188.836 18.6623 3.3
      vertex 188.744 18.9494 3.3
    endloop
  endfacet
  facet normal 0 0 1
    outer loop
      vertex 188.089 18.0513 3.3
      vertex 188.85 18.1018 3.3
      vertex 188.106 18.2994 3.3
    endloop
  endfacet
  facet normal 0 0 1
    outer loop
      vertex 188.85 18.1018 3.3
      vertex 188.089 18.0513 3.3
      vertex 188.799 17.8793 3.3
    endloop
  endfacet
  facet normal 0 0 1
    outer loop
      vertex 188.039 18.7248 3.3
      vertex 188.744 18.9494 3.3
      vertex 188.591 19.2014 3.3
    endloop
  endfacet
  facet normal 0 0 1
    outer loop
      vertex 188.799 17.8793 3.3
      vertex 188.089 18.0513 3.3
      vertex 188.713 17.6726 3.3
    endloop
  endfacet
  facet normal 0 0 1
    outer loop
      vertex 188.039 18.7248 3.3
      vertex 188.591 19.2014 3.3
      vertex 188.376 19.4183 3.3
    endloop
  endfacet
  facet normal -0 0 1
    outer loop
      vertex 188.038 17.8401 3.3
      vertex 188.713 17.6726 3.3
      vertex 188.089 18.0513 3.3
    endloop
  endfacet
  facet normal 0 0 1
    outer loop
      vertex 187.839 19.0287 3.3
      vertex 188.376 19.4183 3.3
      vertex 188.109 19.5928 3.3
    endloop
  endfacet
  facet normal 0 0 1
    outer loop
      vertex 188.713 17.6726 3.3
      vertex 188.038 17.8401 3.3
      vertex 188.594 17.4816 3.3
    endloop
  endfacet
  facet normal 0 0 1
    outer loop
      vertex 188.594 17.4816 3.3
      vertex 188.038 17.8401 3.3
      vertex 188.445 17.3155 3.3
    endloop
  endfacet
  facet normal -0 0 1
    outer loop
      vertex 187.954 17.6658 3.3
      vertex 188.445 17.3155 3.3
      vertex 188.038 17.8401 3.3
    endloop
  endfacet
  facet normal 0 0 1
    outer loop
      vertex 188.445 17.3155 3.3
      vertex 187.954 17.6658 3.3
      vertex 188.272 17.1835 3.3
    endloop
  endfacet
  facet normal -0 0 1
    outer loop
      vertex 187.835 17.5284 3.3
      vertex 188.272 17.1835 3.3
      vertex 187.954 17.6658 3.3
    endloop
  endfacet
  facet normal 0 0 1
    outer loop
      vertex 188.272 17.1835 3.3
      vertex 187.835 17.5284 3.3
      vertex 188.073 17.0857 3.3
    endloop
  endfacet
  facet normal -0 0 1
    outer loop
      vertex 187.685 17.4242 3.3
      vertex 187.85 17.0218 3.3
      vertex 187.835 17.5284 3.3
    endloop
  endfacet
  facet normal 0 0 1
    outer loop
      vertex 188.073 17.0857 3.3
      vertex 187.835 17.5284 3.3
      vertex 187.85 17.0218 3.3
    endloop
  endfacet
  facet normal 0 0 1
    outer loop
      vertex 188.99 15.8687 3.3
      vertex 188.229 15.917 3.3
      vertex 188.248 15.6669 3.3
    endloop
  endfacet
  facet normal 0 0 1
    outer loop
      vertex 188.536 16.71 3.3
      vertex 188.169 16.1343 3.3
      vertex 188.229 15.917 3.3
    endloop
  endfacet
  facet normal 0 0 1
    outer loop
      vertex 187.931 16.4705 3.3
      vertex 188.338 16.8443 3.3
      vertex 188.109 16.9429 3.3
    endloop
  endfacet
  facet normal 0 0 1
    outer loop
      vertex 188.536 16.71 3.3
      vertex 188.07 16.3188 3.3
      vertex 188.169 16.1343 3.3
    endloop
  endfacet
  facet normal 0 0 1
    outer loop
      vertex 188.338 16.8443 3.3
      vertex 187.931 16.4705 3.3
      vertex 188.07 16.3188 3.3
    endloop
  endfacet
  facet normal 0 0 1
    outer loop
      vertex 187.756 16.5889 3.3
      vertex 188.109 16.9429 3.3
      vertex 187.85 17.0055 3.3
    endloop
  endfacet
  facet normal 0 0 1
    outer loop
      vertex 188.109 16.9429 3.3
      vertex 187.756 16.5889 3.3
      vertex 187.931 16.4705 3.3
    endloop
  endfacet
  facet normal -0 0 1
    outer loop
      vertex 187.503 17.3498 3.3
      vertex 187.85 17.0218 3.3
      vertex 187.685 17.4242 3.3
    endloop
  endfacet
  facet normal 0 0 1
    outer loop
      vertex 187.85 17.0218 3.3
      vertex 187.503 17.3498 3.3
      vertex 187.85 17.0055 3.3
    endloop
  endfacet
  facet normal 0 0 1
    outer loop
      vertex 187.85 17.0055 3.3
      vertex 187.55 16.6735 3.3
      vertex 187.756 16.5889 3.3
    endloop
  endfacet
  facet normal 0 0 1
    outer loop
      vertex 187.85 17.0055 3.3
      vertex 187.503 17.3498 3.3
      vertex 187.55 16.6735 3.3
    endloop
  endfacet
  facet normal 0 0 1
    outer loop
      vertex 187.503 17.3498 3.3
      vertex 187.311 16.7242 3.3
      vertex 187.55 16.6735 3.3
    endloop
  endfacet
  facet normal -0 0 1
    outer loop
      vertex 187.291 17.3052 3.3
      vertex 187.311 16.7242 3.3
      vertex 187.503 17.3498 3.3
    endloop
  endfacet
  facet normal 0 0 1
    outer loop
      vertex 187.04 16.7411 3.3
      vertex 187.291 17.3052 3.3
      vertex 187.048 17.2903 3.3
    endloop
  endfacet
  facet normal 0 0 1
    outer loop
      vertex 187.291 17.3052 3.3
      vertex 187.04 16.7411 3.3
      vertex 187.311 16.7242 3.3
    endloop
  endfacet
  facet normal 0 0 1
    outer loop
      vertex 186.808 17.3065 3.3
      vertex 187.04 16.7411 3.3
      vertex 187.048 17.2903 3.3
    endloop
  endfacet
  facet normal 0 0 1
    outer loop
      vertex 186.808 17.3065 3.3
      vertex 186.777 16.7229 3.3
      vertex 187.04 16.7411 3.3
    endloop
  endfacet
  facet normal 0 0 1
    outer loop
      vertex 186.597 17.3549 3.3
      vertex 186.777 16.7229 3.3
      vertex 186.808 17.3065 3.3
    endloop
  endfacet
  facet normal 0 0 1
    outer loop
      vertex 186.597 17.3549 3.3
      vertex 186.544 16.6684 3.3
      vertex 186.777 16.7229 3.3
    endloop
  endfacet
  facet normal 0 0 1
    outer loop
      vertex 186.242 17.0137 3.3
      vertex 186.597 17.3549 3.3
      vertex 186.415 17.4357 3.3
    endloop
  endfacet
  facet normal 0 0 1
    outer loop
      vertex 186.597 17.3549 3.3
      vertex 186.242 17.0137 3.3
      vertex 186.544 16.6684 3.3
    endloop
  endfacet
  facet normal 0 0 1
    outer loop
      vertex 186.021 17.0846 3.3
      vertex 186.415 17.4357 3.3
      vertex 186.261 17.5487 3.3
    endloop
  endfacet
  facet normal 0 0 1
    outer loop
      vertex 186.544 16.6684 3.3
      vertex 186.242 17.0137 3.3
      vertex 186.242 16.9974 3.3
    endloop
  endfacet
  facet normal 0 0 1
    outer loop
      vertex 186.544 16.6684 3.3
      vertex 186.242 16.9974 3.3
      vertex 186.341 16.5775 3.3
    endloop
  endfacet
  facet normal -0 0 1
    outer loop
      vertex 186.003 16.9379 3.3
      vertex 186.341 16.5775 3.3
      vertex 186.242 16.9974 3.3
    endloop
  endfacet
  facet normal 0 0 1
    outer loop
      vertex 186.341 16.5775 3.3
      vertex 186.003 16.9379 3.3
      vertex 186.169 16.4502 3.3
    endloop
  endfacet
  facet normal -0 0 1
    outer loop
      vertex 185.787 16.8408 3.3
      vertex 186.169 16.4502 3.3
      vertex 186.003 16.9379 3.3
    endloop
  endfacet
  facet normal 0 0 1
    outer loop
      vertex 186.169 16.4502 3.3
      vertex 185.787 16.8408 3.3
      vertex 186.032 16.2911 3.3
    endloop
  endfacet
  facet normal -0 0 1
    outer loop
      vertex 185.592 16.706 3.3
      vertex 186.032 16.2911 3.3
      vertex 185.787 16.8408 3.3
    endloop
  endfacet
  facet normal 0 0 1
    outer loop
      vertex 186.032 16.2911 3.3
      vertex 185.421 16.5336 3.3
      vertex 185.934 16.1048 3.3
    endloop
  endfacet
  facet normal -0 0 1
    outer loop
      vertex 185.421 16.5336 3.3
      vertex 186.032 16.2911 3.3
      vertex 185.592 16.706 3.3
    endloop
  endfacet
  facet normal -0 0 1
    outer loop
      vertex 188.248 15.6669 3.3
      vertex 189.009 15.5978 3.3
      vertex 188.99 15.8687 3.3
    endloop
  endfacet
  facet normal -0 0 1
    outer loop
      vertex 188.229 15.917 3.3
      vertex 188.99 15.8687 3.3
      vertex 188.933 16.116 3.3
    endloop
  endfacet
  facet normal 0 0 1
    outer loop
      vertex 188.23 15.3749 3.3
      vertex 189.009 15.5978 3.3
      vertex 188.248 15.6669 3.3
    endloop
  endfacet
  facet normal 0 0 1
    outer loop
      vertex 188.229 15.917 3.3
      vertex 188.933 16.116 3.3
      vertex 188.838 16.3397 3.3
    endloop
  endfacet
  facet normal 0 0 1
    outer loop
      vertex 189.009 15.5978 3.3
      vertex 188.23 15.3749 3.3
      vertex 188.978 15.2229 3.3
    endloop
  endfacet
  facet normal 0 0 1
    outer loop
      vertex 188.229 15.917 3.3
      vertex 188.838 16.3397 3.3
      vertex 188.704 16.5397 3.3
    endloop
  endfacet
  facet normal 0 0 1
    outer loop
      vertex 188.229 15.917 3.3
      vertex 188.704 16.5397 3.3
      vertex 188.536 16.71 3.3
    endloop
  endfacet
  facet normal 0 0 1
    outer loop
      vertex 188.175 15.1253 3.3
      vertex 188.978 15.2229 3.3
      vertex 188.23 15.3749 3.3
    endloop
  endfacet
  facet normal 0 0 1
    outer loop
      vertex 188.07 16.3188 3.3
      vertex 188.536 16.71 3.3
      vertex 188.338 16.8443 3.3
    endloop
  endfacet
  facet normal 0 0 1
    outer loop
      vertex 188.978 15.2229 3.3
      vertex 188.175 15.1253 3.3
      vertex 188.883 14.8918 3.3
    endloop
  endfacet
  facet normal 0 0 1
    outer loop
      vertex 188.883 14.8918 3.3
      vertex 188.175 15.1253 3.3
      vertex 188.725 14.6045 3.3
    endloop
  endfacet
  facet normal -0 0 1
    outer loop
      vertex 188.084 14.9182 3.3
      vertex 188.725 14.6045 3.3
      vertex 188.175 15.1253 3.3
    endloop
  endfacet
  facet normal 0 0 1
    outer loop
      vertex 188.725 14.6045 3.3
      vertex 188.084 14.9182 3.3
      vertex 188.505 14.3609 3.3
    endloop
  endfacet
  facet normal -0 0 1
    outer loop
      vertex 187.955 14.7535 3.3
      vertex 188.505 14.3609 3.3
      vertex 188.084 14.9182 3.3
    endloop
  endfacet
  facet normal 0 0 1
    outer loop
      vertex 188.505 14.3609 3.3
      vertex 187.955 14.7535 3.3
      vertex 188.225 14.1668 3.3
    endloop
  endfacet
  facet normal -0 0 1
    outer loop
      vertex 187.79 14.628 3.3
      vertex 188.225 14.1668 3.3
      vertex 187.955 14.7535 3.3
    endloop
  endfacet
  facet normal 0 0 1
    outer loop
      vertex 188.225 14.1668 3.3
      vertex 187.79 14.628 3.3
      vertex 187.89 14.0283 3.3
    endloop
  endfacet
  facet normal -0 0 1
    outer loop
      vertex 187.586 14.5384 3.3
      vertex 187.89 14.0283 3.3
      vertex 187.79 14.628 3.3
    endloop
  endfacet
  facet normal 0 0 1
    outer loop
      vertex 187.586 14.5384 3.3
      vertex 187.501 13.9451 3.3
      vertex 187.89 14.0283 3.3
    endloop
  endfacet
  facet normal -0 0 1
    outer loop
      vertex 187.344 14.4846 3.3
      vertex 187.501 13.9451 3.3
      vertex 187.586 14.5384 3.3
    endloop
  endfacet
  facet normal 0 0 1
    outer loop
      vertex 187.056 13.9174 3.3
      vertex 187.344 14.4846 3.3
      vertex 187.064 14.4666 3.3
    endloop
  endfacet
  facet normal 0 0 1
    outer loop
      vertex 187.344 14.4846 3.3
      vertex 187.056 13.9174 3.3
      vertex 187.501 13.9451 3.3
    endloop
  endfacet
  facet normal 0 0 1
    outer loop
      vertex 187.064 14.4666 3.3
      vertex 186.622 13.9446 3.3
      vertex 187.056 13.9174 3.3
    endloop
  endfacet
  facet normal 0 0 1
    outer loop
      vertex 186.536 14.5406 3.3
      vertex 186.622 13.9446 3.3
      vertex 187.064 14.4666 3.3
    endloop
  endfacet
  facet normal 0 0 1
    outer loop
      vertex 186.536 14.5406 3.3
      vertex 186.237 14.0262 3.3
      vertex 186.622 13.9446 3.3
    endloop
  endfacet
  facet normal 0 0 1
    outer loop
      vertex 186.158 14.7626 3.3
      vertex 186.237 14.0262 3.3
      vertex 186.536 14.5406 3.3
    endloop
  endfacet
  facet normal 0 0 1
    outer loop
      vertex 185.391 14.5933 3.3
      vertex 186.158 14.7626 3.3
      vertex 185.931 15.1327 3.3
    endloop
  endfacet
  facet normal 0 0 1
    outer loop
      vertex 186.158 14.7626 3.3
      vertex 185.902 14.1623 3.3
      vertex 186.237 14.0262 3.3
    endloop
  endfacet
  facet normal -0 0 1
    outer loop
      vertex 185.132 15.2118 3.3
      vertex 185.931 15.1327 3.3
      vertex 185.856 15.6507 3.3
    endloop
  endfacet
  facet normal -0 0 1
    outer loop
      vertex 185.28 16.3312 3.3
      vertex 185.934 16.1048 3.3
      vertex 185.421 16.5336 3.3
    endloop
  endfacet
  facet normal 0 -0 1
    outer loop
      vertex 185.132 15.2118 3.3
      vertex 185.856 15.6507 3.3
      vertex 185.099 15.5897 3.3
    endloop
  endfacet
  facet normal 0 0 1
    outer loop
      vertex 185.934 16.1048 3.3
      vertex 185.28 16.3312 3.3
      vertex 185.875 15.8914 3.3
    endloop
  endfacet
  facet normal -0 0 1
    outer loop
      vertex 185.179 16.1064 3.3
      vertex 185.875 15.8914 3.3
      vertex 185.28 16.3312 3.3
    endloop
  endfacet
  facet normal 0 0 1
    outer loop
      vertex 185.931 15.1327 3.3
      vertex 185.132 15.2118 3.3
      vertex 185.229 14.8797 3.3
    endloop
  endfacet
  facet normal 0 0 1
    outer loop
      vertex 185.119 15.8592 3.3
      vertex 185.875 15.8914 3.3
      vertex 185.179 16.1064 3.3
    endloop
  endfacet
  facet normal 0 0 1
    outer loop
      vertex 185.931 15.1327 3.3
      vertex 185.229 14.8797 3.3
      vertex 185.391 14.5933 3.3
    endloop
  endfacet
  facet normal 0 0 1
    outer loop
      vertex 185.875 15.8914 3.3
      vertex 185.119 15.8592 3.3
      vertex 185.856 15.6507 3.3
    endloop
  endfacet
  facet normal 0 0 1
    outer loop
      vertex 186.158 14.7626 3.3
      vertex 185.391 14.5933 3.3
      vertex 185.618 14.3528 3.3
    endloop
  endfacet
  facet normal 0 0 1
    outer loop
      vertex 185.856 15.6507 3.3
      vertex 185.119 15.8592 3.3
      vertex 185.099 15.5897 3.3
    endloop
  endfacet
  facet normal 0 0 1
    outer loop
      vertex 186.158 14.7626 3.3
      vertex 185.618 14.3528 3.3
      vertex 185.902 14.1623 3.3
    endloop
  endfacet
  facet normal 0 0 1
    outer loop
      vertex 185.824 17.1876 3.3
      vertex 186.261 17.5487 3.3
      vertex 186.139 17.6925 3.3
    endloop
  endfacet
  facet normal 0 0 1
    outer loop
      vertex 185.824 17.1876 3.3
      vertex 186.139 17.6925 3.3
      vertex 186.052 17.8656 3.3
    endloop
  endfacet
  facet normal 0 0 1
    outer loop
      vertex 186.415 17.4357 3.3
      vertex 186.021 17.0846 3.3
      vertex 186.242 17.0137 3.3
    endloop
  endfacet
  facet normal 0 0 1
    outer loop
      vertex 185.824 17.1876 3.3
      vertex 186.052 17.8656 3.3
      vertex 186 18.0679 3.3
    endloop
  endfacet
  facet normal 0 0 1
    outer loop
      vertex 185.824 17.1876 3.3
      vertex 186 18.0679 3.3
      vertex 185.982 18.2994 3.3
    endloop
  endfacet
  facet normal 0 0 1
    outer loop
      vertex 186.261 17.5487 3.3
      vertex 185.824 17.1876 3.3
      vertex 186.021 17.0846 3.3
    endloop
  endfacet
  facet normal 0 0 1
    outer loop
      vertex 182.306 19.0318 3.3
      vertex 183.043 19.7316 3.3
      vertex 182.368 19.7316 3.3
    endloop
  endfacet
  facet normal -0 0 1
    outer loop
      vertex 183.043 14.6213 3.3
      vertex 184.438 13.9988 3.3
      vertex 184.438 14.6213 3.3
    endloop
  endfacet
  facet normal 0 0 1
    outer loop
      vertex 183.043 19.7316 3.3
      vertex 182.306 19.0318 3.3
      vertex 183.043 14.6213 3.3
    endloop
  endfacet
  facet normal 0 0 1
    outer loop
      vertex 182.306 14.6213 3.3
      vertex 183.043 14.6213 3.3
      vertex 182.306 19.0318 3.3
    endloop
  endfacet
  facet normal -0 0 1
    outer loop
      vertex 182.306 14.6213 3.3
      vertex 184.438 13.9988 3.3
      vertex 183.043 14.6213 3.3
    endloop
  endfacet
  facet normal 0 0 1
    outer loop
      vertex 180.846 13.9988 3.3
      vertex 182.306 14.6213 3.3
      vertex 180.846 14.6213 3.3
    endloop
  endfacet
  facet normal 0 0 1
    outer loop
      vertex 182.306 14.6213 3.3
      vertex 180.846 13.9988 3.3
      vertex 184.438 13.9988 3.3
    endloop
  endfacet
  facet normal 0 0 1
    outer loop
      vertex 181.013 18.7999 3.3
      vertex 182.306 19.0318 3.3
      vertex 182.368 19.7316 3.3
    endloop
  endfacet
  facet normal 0 0 1
    outer loop
      vertex 182.306 19.0318 3.3
      vertex 181.013 18.7999 3.3
      vertex 181.013 18.1082 3.3
    endloop
  endfacet
  facet normal 0 0 1
    outer loop
      vertex 192.77 19.1091 3.3
      vertex 193.478 19.1376 3.3
      vertex 193.478 19.7316 3.3
    endloop
  endfacet
  facet normal 0 0 1
    outer loop
      vertex 193.478 19.1376 3.3
      vertex 192.77 19.1091 3.3
      vertex 193.071 18.5026 3.3
    endloop
  endfacet
  facet normal -0 0 1
    outer loop
      vertex 189.69 19.7316 3.3
      vertex 192.77 19.1091 3.3
      vertex 193.478 19.7316 3.3
    endloop
  endfacet
  facet normal 0 0 1
    outer loop
      vertex 192.77 19.1091 3.3
      vertex 189.69 19.7316 3.3
      vertex 189.69 19.1091 3.3
    endloop
  endfacet
  facet normal 0 0 1
    outer loop
      vertex 192.264 18.3407 3.3
      vertex 193.071 18.5026 3.3
      vertex 192.77 19.1091 3.3
    endloop
  endfacet
  facet normal 0 0 1
    outer loop
      vertex 193.071 18.5026 3.3
      vertex 192.264 18.3407 3.3
      vertex 192.729 17.9403 3.3
    endloop
  endfacet
  facet normal 0 0 1
    outer loop
      vertex 192.729 17.9403 3.3
      vertex 192.264 18.3407 3.3
      vertex 192.451 17.4508 3.3
    endloop
  endfacet
  facet normal -0 0 1
    outer loop
      vertex 191.836 17.6184 3.3
      vertex 192.451 17.4508 3.3
      vertex 192.264 18.3407 3.3
    endloop
  endfacet
  facet normal 0 0 1
    outer loop
      vertex 192.451 17.4508 3.3
      vertex 191.836 17.6184 3.3
      vertex 192.237 17.034 3.3
    endloop
  endfacet
  facet normal 0 0 1
    outer loop
      vertex 191.486 16.9421 3.3
      vertex 192.237 17.034 3.3
      vertex 191.836 17.6184 3.3
    endloop
  endfacet
  facet normal 0 0 1
    outer loop
      vertex 192.237 17.034 3.3
      vertex 191.486 16.9421 3.3
      vertex 192.067 16.6549 3.3
    endloop
  endfacet
  facet normal 0 0 1
    outer loop
      vertex 192.067 16.6549 3.3
      vertex 191.486 16.9421 3.3
      vertex 191.92 16.2783 3.3
    endloop
  endfacet
  facet normal -0 0 1
    outer loop
      vertex 191.214 16.3118 3.3
      vertex 191.92 16.2783 3.3
      vertex 191.486 16.9421 3.3
    endloop
  endfacet
  facet normal 0 0 1
    outer loop
      vertex 191.92 16.2783 3.3
      vertex 191.214 16.3118 3.3
      vertex 191.796 15.9042 3.3
    endloop
  endfacet
  facet normal 0 0 1
    outer loop
      vertex 191.01 15.7118 3.3
      vertex 191.796 15.9042 3.3
      vertex 191.214 16.3118 3.3
    endloop
  endfacet
  facet normal 0 0 1
    outer loop
      vertex 191.796 15.9042 3.3
      vertex 191.01 15.7118 3.3
      vertex 191.694 15.5326 3.3
    endloop
  endfacet
  facet normal 0 0 1
    outer loop
      vertex 191.694 15.5326 3.3
      vertex 191.01 15.7118 3.3
      vertex 191.615 15.1591 3.3
    endloop
  endfacet
  facet normal 0 0 1
    outer loop
      vertex 190.865 15.1263 3.3
      vertex 191.615 15.1591 3.3
      vertex 191.01 15.7118 3.3
    endloop
  endfacet
  facet normal 0 0 1
    outer loop
      vertex 191.615 15.1591 3.3
      vertex 190.865 15.1263 3.3
      vertex 191.558 14.7789 3.3
    endloop
  endfacet
  facet normal 0 0 1
    outer loop
      vertex 190.777 14.5553 3.3
      vertex 191.558 14.7789 3.3
      vertex 190.865 15.1263 3.3
    endloop
  endfacet
  facet normal 0 0 1
    outer loop
      vertex 191.558 14.7789 3.3
      vertex 190.777 14.5553 3.3
      vertex 191.524 14.3921 3.3
    endloop
  endfacet
  facet normal 0 0 1
    outer loop
      vertex 190.748 13.9988 3.3
      vertex 191.524 14.3921 3.3
      vertex 190.777 14.5553 3.3
    endloop
  endfacet
  facet normal 0 0 1
    outer loop
      vertex 191.524 14.3921 3.3
      vertex 190.748 13.9988 3.3
      vertex 191.513 13.9988 3.3
    endloop
  endfacet
  facet normal -0.209151 0.977883 0
    outer loop
      vertex 187.89 14.0283 3.3
      vertex 187.501 13.9451 4
      vertex 187.89 14.0283 4
    endloop
  endfacet
  facet normal -0.209151 0.977883 0
    outer loop
      vertex 187.501 13.9451 4
      vertex 187.89 14.0283 3.3
      vertex 187.501 13.9451 3.3
    endloop
  endfacet
  facet normal -0.382068 0.924134 0
    outer loop
      vertex 188.225 14.1668 3.3
      vertex 187.89 14.0283 4
      vertex 188.225 14.1668 4
    endloop
  endfacet
  facet normal -0.382068 0.924134 0
    outer loop
      vertex 187.89 14.0283 4
      vertex 188.225 14.1668 3.3
      vertex 187.89 14.0283 3.3
    endloop
  endfacet
  facet normal -0.569714 0.821843 0
    outer loop
      vertex 188.505 14.3609 3.3
      vertex 188.225 14.1668 4
      vertex 188.505 14.3609 4
    endloop
  endfacet
  facet normal -0.569714 0.821843 0
    outer loop
      vertex 188.225 14.1668 4
      vertex 188.505 14.3609 3.3
      vertex 188.225 14.1668 3.3
    endloop
  endfacet
  facet normal -0.742142 0.670243 0
    outer loop
      vertex 188.505 14.3609 3.3
      vertex 188.725 14.6045 4
      vertex 188.725 14.6045 3.3
    endloop
  endfacet
  facet normal -0.742142 0.670243 0
    outer loop
      vertex 188.725 14.6045 4
      vertex 188.505 14.3609 3.3
      vertex 188.505 14.3609 4
    endloop
  endfacet
  facet normal -0.876235 0.481884 0
    outer loop
      vertex 188.725 14.6045 3.3
      vertex 188.883 14.8918 4
      vertex 188.883 14.8918 3.3
    endloop
  endfacet
  facet normal -0.876235 0.481884 0
    outer loop
      vertex 188.883 14.8918 4
      vertex 188.725 14.6045 3.3
      vertex 188.725 14.6045 4
    endloop
  endfacet
  facet normal -0.961217 0.275795 0
    outer loop
      vertex 188.883 14.8918 3.3
      vertex 188.978 15.2229 4
      vertex 188.978 15.2229 3.3
    endloop
  endfacet
  facet normal -0.961217 0.275795 0
    outer loop
      vertex 188.978 15.2229 4
      vertex 188.883 14.8918 3.3
      vertex 188.883 14.8918 4
    endloop
  endfacet
  facet normal -0.996599 0.0824075 0
    outer loop
      vertex 188.978 15.2229 3.3
      vertex 189.009 15.5978 4
      vertex 189.009 15.5978 3.3
    endloop
  endfacet
  facet normal -0.996599 0.0824075 0
    outer loop
      vertex 189.009 15.5978 4
      vertex 188.978 15.2229 3.3
      vertex 188.978 15.2229 4
    endloop
  endfacet
  facet normal -0.997549 -0.0699647 0
    outer loop
      vertex 189.009 15.5978 3.3
      vertex 188.99 15.8687 4
      vertex 188.99 15.8687 3.3
    endloop
  endfacet
  facet normal -0.997549 -0.0699647 0
    outer loop
      vertex 188.99 15.8687 4
      vertex 189.009 15.5978 3.3
      vertex 189.009 15.5978 4
    endloop
  endfacet
  facet normal -0.974451 -0.2246 0
    outer loop
      vertex 188.99 15.8687 3.3
      vertex 188.933 16.116 4
      vertex 188.933 16.116 3.3
    endloop
  endfacet
  facet normal -0.974451 -0.2246 0
    outer loop
      vertex 188.933 16.116 4
      vertex 188.99 15.8687 3.3
      vertex 188.99 15.8687 4
    endloop
  endfacet
  facet normal -0.920438 -0.390888 0
    outer loop
      vertex 188.933 16.116 3.3
      vertex 188.838 16.3397 4
      vertex 188.838 16.3397 3.3
    endloop
  endfacet
  facet normal -0.920438 -0.390888 0
    outer loop
      vertex 188.838 16.3397 4
      vertex 188.933 16.116 3.3
      vertex 188.933 16.116 4
    endloop
  endfacet
  facet normal -0.83077 -0.556616 0
    outer loop
      vertex 188.838 16.3397 3.3
      vertex 188.704 16.5397 4
      vertex 188.704 16.5397 3.3
    endloop
  endfacet
  facet normal -0.83077 -0.556616 0
    outer loop
      vertex 188.704 16.5397 4
      vertex 188.838 16.3397 3.3
      vertex 188.838 16.3397 4
    endloop
  endfacet
  facet normal -0.711898 -0.702283 0
    outer loop
      vertex 188.704 16.5397 3.3
      vertex 188.536 16.71 4
      vertex 188.536 16.71 3.3
    endloop
  endfacet
  facet normal -0.711898 -0.702283 0
    outer loop
      vertex 188.536 16.71 4
      vertex 188.704 16.5397 3.3
      vertex 188.704 16.5397 4
    endloop
  endfacet
  facet normal -0.561338 -0.827587 0
    outer loop
      vertex 188.338 16.8443 3.3
      vertex 188.536 16.71 4
      vertex 188.338 16.8443 4
    endloop
  endfacet
  facet normal -0.561338 -0.827587 -0
    outer loop
      vertex 188.536 16.71 4
      vertex 188.338 16.8443 3.3
      vertex 188.536 16.71 3.3
    endloop
  endfacet
  facet normal -0.395468 -0.91848 0
    outer loop
      vertex 188.109 16.9429 3.3
      vertex 188.338 16.8443 4
      vertex 188.109 16.9429 4
    endloop
  endfacet
  facet normal -0.395468 -0.91848 -0
    outer loop
      vertex 188.338 16.8443 4
      vertex 188.109 16.9429 3.3
      vertex 188.338 16.8443 3.3
    endloop
  endfacet
  facet normal -0.234934 -0.972011 0
    outer loop
      vertex 187.85 17.0055 3.3
      vertex 188.109 16.9429 4
      vertex 187.85 17.0055 4
    endloop
  endfacet
  facet normal -0.234934 -0.972011 -0
    outer loop
      vertex 188.109 16.9429 4
      vertex 187.85 17.0055 3.3
      vertex 188.109 16.9429 3.3
    endloop
  endfacet
  facet normal -1 0 0
    outer loop
      vertex 187.85 17.0055 3.3
      vertex 187.85 17.0218 4
      vertex 187.85 17.0218 3.3
    endloop
  endfacet
  facet normal -1 -0 0
    outer loop
      vertex 187.85 17.0218 4
      vertex 187.85 17.0055 3.3
      vertex 187.85 17.0055 4
    endloop
  endfacet
  facet normal -0.275461 0.961312 0
    outer loop
      vertex 188.073 17.0857 3.3
      vertex 187.85 17.0218 4
      vertex 188.073 17.0857 4
    endloop
  endfacet
  facet normal -0.275461 0.961312 0
    outer loop
      vertex 187.85 17.0218 4
      vertex 188.073 17.0857 3.3
      vertex 187.85 17.0218 3.3
    endloop
  endfacet
  facet normal -0.44107 0.897473 0
    outer loop
      vertex 188.272 17.1835 3.3
      vertex 188.073 17.0857 4
      vertex 188.272 17.1835 4
    endloop
  endfacet
  facet normal -0.44107 0.897473 0
    outer loop
      vertex 188.073 17.0857 4
      vertex 188.272 17.1835 3.3
      vertex 188.073 17.0857 3.3
    endloop
  endfacet
  facet normal -0.606597 0.79501 0
    outer loop
      vertex 188.445 17.3155 3.3
      vertex 188.272 17.1835 4
      vertex 188.445 17.3155 4
    endloop
  endfacet
  facet normal -0.606597 0.79501 0
    outer loop
      vertex 188.272 17.1835 4
      vertex 188.445 17.3155 3.3
      vertex 188.272 17.1835 3.3
    endloop
  endfacet
  facet normal -0.744385 0.667751 0
    outer loop
      vertex 188.445 17.3155 3.3
      vertex 188.594 17.4816 4
      vertex 188.594 17.4816 3.3
    endloop
  endfacet
  facet normal -0.744385 0.667751 0
    outer loop
      vertex 188.594 17.4816 4
      vertex 188.445 17.3155 3.3
      vertex 188.445 17.3155 4
    endloop
  endfacet
  facet normal -0.848746 0.5288 0
    outer loop
      vertex 188.594 17.4816 3.3
      vertex 188.713 17.6726 4
      vertex 188.713 17.6726 3.3
    endloop
  endfacet
  facet normal -0.848746 0.5288 0
    outer loop
      vertex 188.713 17.6726 4
      vertex 188.594 17.4816 3.3
      vertex 188.594 17.4816 4
    endloop
  endfacet
  facet normal -0.923275 0.38414 0
    outer loop
      vertex 188.713 17.6726 3.3
      vertex 188.799 17.8793 4
      vertex 188.799 17.8793 3.3
    endloop
  endfacet
  facet normal -0.923275 0.38414 0
    outer loop
      vertex 188.799 17.8793 4
      vertex 188.713 17.6726 3.3
      vertex 188.713 17.6726 4
    endloop
  endfacet
  facet normal -0.974722 0.22342 0
    outer loop
      vertex 188.799 17.8793 3.3
      vertex 188.85 18.1018 4
      vertex 188.85 18.1018 3.3
    endloop
  endfacet
  facet normal -0.974722 0.22342 0
    outer loop
      vertex 188.85 18.1018 4
      vertex 188.799 17.8793 3.3
      vertex 188.799 17.8793 4
    endloop
  endfacet
  facet normal -0.997465 0.0711578 0
    outer loop
      vertex 188.85 18.1018 3.3
      vertex 188.867 18.3401 4
      vertex 188.867 18.3401 3.3
    endloop
  endfacet
  facet normal -0.997465 0.0711578 0
    outer loop
      vertex 188.867 18.3401 4
      vertex 188.85 18.1018 3.3
      vertex 188.85 18.1018 4
    endloop
  endfacet
  facet normal -0.995403 -0.0957713 0
    outer loop
      vertex 188.867 18.3401 3.3
      vertex 188.836 18.6623 4
      vertex 188.836 18.6623 3.3
    endloop
  endfacet
  facet normal -0.995403 -0.0957713 0
    outer loop
      vertex 188.836 18.6623 4
      vertex 188.867 18.3401 3.3
      vertex 188.867 18.3401 4
    endloop
  endfacet
  facet normal -0.952301 -0.305161 0
    outer loop
      vertex 188.836 18.6623 3.3
      vertex 188.744 18.9494 4
      vertex 188.744 18.9494 3.3
    endloop
  endfacet
  facet normal -0.952301 -0.305161 0
    outer loop
      vertex 188.744 18.9494 4
      vertex 188.836 18.6623 3.3
      vertex 188.836 18.6623 4
    endloop
  endfacet
  facet normal -0.854788 -0.518978 0
    outer loop
      vertex 188.744 18.9494 3.3
      vertex 188.591 19.2014 4
      vertex 188.591 19.2014 3.3
    endloop
  endfacet
  facet normal -0.854788 -0.518978 0
    outer loop
      vertex 188.591 19.2014 4
      vertex 188.744 18.9494 3.3
      vertex 188.744 18.9494 4
    endloop
  endfacet
  facet normal -0.710211 -0.703989 0
    outer loop
      vertex 188.591 19.2014 3.3
      vertex 188.376 19.4183 4
      vertex 188.376 19.4183 3.3
    endloop
  endfacet
  facet normal -0.710211 -0.703989 0
    outer loop
      vertex 188.376 19.4183 4
      vertex 188.591 19.2014 3.3
      vertex 188.591 19.2014 4
    endloop
  endfacet
  facet normal -0.54708 -0.83708 0
    outer loop
      vertex 188.109 19.5928 3.3
      vertex 188.376 19.4183 4
      vertex 188.109 19.5928 4
    endloop
  endfacet
  facet normal -0.54708 -0.83708 -0
    outer loop
      vertex 188.376 19.4183 4
      vertex 188.109 19.5928 3.3
      vertex 188.376 19.4183 3.3
    endloop
  endfacet
  facet normal -0.370877 -0.928682 0
    outer loop
      vertex 187.797 19.7174 3.3
      vertex 188.109 19.5928 4
      vertex 187.797 19.7174 4
    endloop
  endfacet
  facet normal -0.370877 -0.928682 -0
    outer loop
      vertex 188.109 19.5928 4
      vertex 187.797 19.7174 3.3
      vertex 188.109 19.5928 3.3
    endloop
  endfacet
  facet normal -0.205359 -0.978687 0
    outer loop
      vertex 187.441 19.7921 3.3
      vertex 187.797 19.7174 4
      vertex 187.441 19.7921 4
    endloop
  endfacet
  facet normal -0.205359 -0.978687 -0
    outer loop
      vertex 187.797 19.7174 4
      vertex 187.441 19.7921 3.3
      vertex 187.797 19.7174 3.3
    endloop
  endfacet
  facet normal -0.0622233 -0.998062 0
    outer loop
      vertex 187.04 19.8171 3.3
      vertex 187.441 19.7921 4
      vertex 187.04 19.8171 4
    endloop
  endfacet
  facet normal -0.0622233 -0.998062 -0
    outer loop
      vertex 187.441 19.7921 4
      vertex 187.04 19.8171 3.3
      vertex 187.441 19.7921 3.3
    endloop
  endfacet
  facet normal 0.0649138 -0.997891 0
    outer loop
      vertex 186.648 19.7916 3.3
      vertex 187.04 19.8171 4
      vertex 186.648 19.7916 4
    endloop
  endfacet
  facet normal 0.0649138 -0.997891 0
    outer loop
      vertex 187.04 19.8171 4
      vertex 186.648 19.7916 3.3
      vertex 187.04 19.8171 3.3
    endloop
  endfacet
  facet normal 0.212997 -0.977053 0
    outer loop
      vertex 186.298 19.7153 3.3
      vertex 186.648 19.7916 4
      vertex 186.298 19.7153 4
    endloop
  endfacet
  facet normal 0.212997 -0.977053 0
    outer loop
      vertex 186.648 19.7916 4
      vertex 186.298 19.7153 3.3
      vertex 186.648 19.7916 3.3
    endloop
  endfacet
  facet normal 0.381459 -0.924386 0
    outer loop
      vertex 185.99 19.5882 3.3
      vertex 186.298 19.7153 4
      vertex 185.99 19.5882 4
    endloop
  endfacet
  facet normal 0.381459 -0.924386 0
    outer loop
      vertex 186.298 19.7153 4
      vertex 185.99 19.5882 3.3
      vertex 186.298 19.7153 3.3
    endloop
  endfacet
  facet normal 0.556357 -0.830943 0
    outer loop
      vertex 185.724 19.4101 3.3
      vertex 185.99 19.5882 4
      vertex 185.724 19.4101 4
    endloop
  endfacet
  facet normal 0.556357 -0.830943 0
    outer loop
      vertex 185.99 19.5882 4
      vertex 185.724 19.4101 3.3
      vertex 185.99 19.5882 3.3
    endloop
  endfacet
  facet normal 0.713434 -0.700723 0
    outer loop
      vertex 185.509 19.1912 4
      vertex 185.724 19.4101 3.3
      vertex 185.724 19.4101 4
    endloop
  endfacet
  facet normal 0.713434 -0.700723 0
    outer loop
      vertex 185.724 19.4101 3.3
      vertex 185.509 19.1912 4
      vertex 185.509 19.1912 3.3
    endloop
  endfacet
  facet normal 0.852944 -0.522002 0
    outer loop
      vertex 185.356 18.9412 4
      vertex 185.509 19.1912 3.3
      vertex 185.509 19.1912 4
    endloop
  endfacet
  facet normal 0.852944 -0.522002 0
    outer loop
      vertex 185.509 19.1912 3.3
      vertex 185.356 18.9412 4
      vertex 185.356 18.9412 3.3
    endloop
  endfacet
  facet normal 0.950328 -0.31125 0
    outer loop
      vertex 185.264 18.6603 4
      vertex 185.356 18.9412 3.3
      vertex 185.356 18.9412 4
    endloop
  endfacet
  facet normal 0.950328 -0.31125 0
    outer loop
      vertex 185.356 18.9412 3.3
      vertex 185.264 18.6603 4
      vertex 185.264 18.6603 3.3
    endloop
  endfacet
  facet normal 0.9951 -0.0988721 0
    outer loop
      vertex 185.233 18.3483 4
      vertex 185.264 18.6603 3.3
      vertex 185.264 18.6603 4
    endloop
  endfacet
  facet normal 0.9951 -0.0988721 0
    outer loop
      vertex 185.264 18.6603 3.3
      vertex 185.233 18.3483 4
      vertex 185.233 18.3483 3.3
    endloop
  endfacet
  facet normal 0.997465 0.0711578 0
    outer loop
      vertex 185.25 18.11 4
      vertex 185.233 18.3483 3.3
      vertex 185.233 18.3483 4
    endloop
  endfacet
  facet normal 0.997465 0.0711578 0
    outer loop
      vertex 185.233 18.3483 3.3
      vertex 185.25 18.11 4
      vertex 185.25 18.11 3.3
    endloop
  endfacet
  facet normal 0.974744 0.223324 0
    outer loop
      vertex 185.301 17.8874 4
      vertex 185.25 18.11 3.3
      vertex 185.25 18.11 4
    endloop
  endfacet
  facet normal 0.974744 0.223324 0
    outer loop
      vertex 185.25 18.11 3.3
      vertex 185.301 17.8874 4
      vertex 185.301 17.8874 3.3
    endloop
  endfacet
  facet normal 0.924854 0.380322 0
    outer loop
      vertex 185.386 17.6807 4
      vertex 185.301 17.8874 3.3
      vertex 185.301 17.8874 4
    endloop
  endfacet
  facet normal 0.924854 0.380322 0
    outer loop
      vertex 185.301 17.8874 3.3
      vertex 185.386 17.6807 4
      vertex 185.386 17.6807 3.3
    endloop
  endfacet
  facet normal 0.850739 0.525588 0
    outer loop
      vertex 185.504 17.4897 4
      vertex 185.386 17.6807 3.3
      vertex 185.386 17.6807 4
    endloop
  endfacet
  facet normal 0.850739 0.525588 0
    outer loop
      vertex 185.386 17.6807 3.3
      vertex 185.504 17.4897 4
      vertex 185.504 17.4897 3.3
    endloop
  endfacet
  facet normal 0.748397 0.66325 0
    outer loop
      vertex 185.652 17.3227 4
      vertex 185.504 17.4897 3.3
      vertex 185.504 17.4897 4
    endloop
  endfacet
  facet normal 0.748397 0.66325 0
    outer loop
      vertex 185.504 17.4897 3.3
      vertex 185.652 17.3227 4
      vertex 185.652 17.3227 3.3
    endloop
  endfacet
  facet normal 0.6177 0.786414 -0
    outer loop
      vertex 185.824 17.1876 3.3
      vertex 185.652 17.3227 4
      vertex 185.824 17.1876 4
    endloop
  endfacet
  facet normal 0.6177 0.786414 0
    outer loop
      vertex 185.652 17.3227 4
      vertex 185.824 17.1876 3.3
      vertex 185.652 17.3227 3.3
    endloop
  endfacet
  facet normal 0.463335 0.886183 -0
    outer loop
      vertex 186.021 17.0846 3.3
      vertex 185.824 17.1876 4
      vertex 186.021 17.0846 4
    endloop
  endfacet
  facet normal 0.463335 0.886183 0
    outer loop
      vertex 185.824 17.1876 4
      vertex 186.021 17.0846 3.3
      vertex 185.824 17.1876 3.3
    endloop
  endfacet
  facet normal 0.305479 0.952199 -0
    outer loop
      vertex 186.242 17.0137 3.3
      vertex 186.021 17.0846 4
      vertex 186.242 17.0137 4
    endloop
  endfacet
  facet normal 0.305479 0.952199 0
    outer loop
      vertex 186.021 17.0846 4
      vertex 186.242 17.0137 3.3
      vertex 186.021 17.0846 3.3
    endloop
  endfacet
  facet normal 1 -0 0
    outer loop
      vertex 186.242 16.9974 4
      vertex 186.242 17.0137 3.3
      vertex 186.242 17.0137 4
    endloop
  endfacet
  facet normal 1 0 0
    outer loop
      vertex 186.242 17.0137 3.3
      vertex 186.242 16.9974 4
      vertex 186.242 16.9974 3.3
    endloop
  endfacet
  facet normal 0.24158 -0.970381 0
    outer loop
      vertex 186.003 16.9379 3.3
      vertex 186.242 16.9974 4
      vertex 186.003 16.9379 4
    endloop
  endfacet
  facet normal 0.24158 -0.970381 0
    outer loop
      vertex 186.242 16.9974 4
      vertex 186.003 16.9379 3.3
      vertex 186.242 16.9974 3.3
    endloop
  endfacet
  facet normal 0.410013 -0.912079 0
    outer loop
      vertex 185.787 16.8408 3.3
      vertex 186.003 16.9379 4
      vertex 185.787 16.8408 4
    endloop
  endfacet
  facet normal 0.410013 -0.912079 0
    outer loop
      vertex 186.003 16.9379 4
      vertex 185.787 16.8408 3.3
      vertex 186.003 16.9379 3.3
    endloop
  endfacet
  facet normal 0.56864 -0.822587 0
    outer loop
      vertex 185.592 16.706 3.3
      vertex 185.787 16.8408 4
      vertex 185.592 16.706 4
    endloop
  endfacet
  facet normal 0.56864 -0.822587 0
    outer loop
      vertex 185.787 16.8408 4
      vertex 185.592 16.706 3.3
      vertex 185.787 16.8408 3.3
    endloop
  endfacet
  facet normal 0.709984 -0.704218 0
    outer loop
      vertex 185.421 16.5336 4
      vertex 185.592 16.706 3.3
      vertex 185.592 16.706 4
    endloop
  endfacet
  facet normal 0.709984 -0.704218 0
    outer loop
      vertex 185.592 16.706 3.3
      vertex 185.421 16.5336 4
      vertex 185.421 16.5336 3.3
    endloop
  endfacet
  facet normal 0.820525 -0.571611 0
    outer loop
      vertex 185.28 16.3312 4
      vertex 185.421 16.5336 3.3
      vertex 185.421 16.5336 4
    endloop
  endfacet
  facet normal 0.820525 -0.571611 0
    outer loop
      vertex 185.421 16.5336 3.3
      vertex 185.28 16.3312 4
      vertex 185.28 16.3312 3.3
    endloop
  endfacet
  facet normal 0.912164 -0.409825 0
    outer loop
      vertex 185.179 16.1064 4
      vertex 185.28 16.3312 3.3
      vertex 185.28 16.3312 4
    endloop
  endfacet
  facet normal 0.912164 -0.409825 0
    outer loop
      vertex 185.28 16.3312 3.3
      vertex 185.179 16.1064 4
      vertex 185.179 16.1064 3.3
    endloop
  endfacet
  facet normal 0.971785 -0.23587 0
    outer loop
      vertex 185.119 15.8592 4
      vertex 185.179 16.1064 3.3
      vertex 185.179 16.1064 4
    endloop
  endfacet
  facet normal 0.971785 -0.23587 0
    outer loop
      vertex 185.179 16.1064 3.3
      vertex 185.119 15.8592 4
      vertex 185.119 15.8592 3.3
    endloop
  endfacet
  facet normal 0.997258 -0.074008 0
    outer loop
      vertex 185.099 15.5897 4
      vertex 185.119 15.8592 3.3
      vertex 185.119 15.8592 4
    endloop
  endfacet
  facet normal 0.997258 -0.074008 0
    outer loop
      vertex 185.119 15.8592 3.3
      vertex 185.099 15.5897 4
      vertex 185.099 15.5897 3.3
    endloop
  endfacet
  facet normal 0.996209 0.0869936 0
    outer loop
      vertex 185.132 15.2118 4
      vertex 185.099 15.5897 3.3
      vertex 185.099 15.5897 4
    endloop
  endfacet
  facet normal 0.996209 0.0869936 0
    outer loop
      vertex 185.099 15.5897 3.3
      vertex 185.132 15.2118 4
      vertex 185.132 15.2118 3.3
    endloop
  endfacet
  facet normal 0.959893 0.280366 0
    outer loop
      vertex 185.229 14.8797 4
      vertex 185.132 15.2118 3.3
      vertex 185.132 15.2118 4
    endloop
  endfacet
  facet normal 0.959893 0.280366 0
    outer loop
      vertex 185.132 15.2118 3.3
      vertex 185.229 14.8797 4
      vertex 185.229 14.8797 3.3
    endloop
  endfacet
  facet normal 0.870404 0.492338 0
    outer loop
      vertex 185.391 14.5933 4
      vertex 185.229 14.8797 3.3
      vertex 185.229 14.8797 4
    endloop
  endfacet
  facet normal 0.870404 0.492338 0
    outer loop
      vertex 185.229 14.8797 3.3
      vertex 185.391 14.5933 4
      vertex 185.391 14.5933 3.3
    endloop
  endfacet
  facet normal 0.727223 0.686402 0
    outer loop
      vertex 185.618 14.3528 4
      vertex 185.391 14.5933 3.3
      vertex 185.391 14.5933 4
    endloop
  endfacet
  facet normal 0.727223 0.686402 0
    outer loop
      vertex 185.391 14.5933 3.3
      vertex 185.618 14.3528 4
      vertex 185.618 14.3528 3.3
    endloop
  endfacet
  facet normal 0.55706 0.830472 -0
    outer loop
      vertex 185.902 14.1623 3.3
      vertex 185.618 14.3528 4
      vertex 185.902 14.1623 4
    endloop
  endfacet
  facet normal 0.55706 0.830472 0
    outer loop
      vertex 185.618 14.3528 4
      vertex 185.902 14.1623 3.3
      vertex 185.618 14.3528 3.3
    endloop
  endfacet
  facet normal 0.376392 0.926461 -0
    outer loop
      vertex 186.237 14.0262 3.3
      vertex 185.902 14.1623 4
      vertex 186.237 14.0262 4
    endloop
  endfacet
  facet normal 0.376392 0.926461 0
    outer loop
      vertex 185.902 14.1623 4
      vertex 186.237 14.0262 3.3
      vertex 185.902 14.1623 3.3
    endloop
  endfacet
  facet normal 0.207342 0.978268 -0
    outer loop
      vertex 186.622 13.9446 3.3
      vertex 186.237 14.0262 4
      vertex 186.622 13.9446 4
    endloop
  endfacet
  facet normal 0.207342 0.978268 0
    outer loop
      vertex 186.237 14.0262 4
      vertex 186.622 13.9446 3.3
      vertex 186.237 14.0262 3.3
    endloop
  endfacet
  facet normal 0.0625501 0.998042 -0
    outer loop
      vertex 187.056 13.9174 3.3
      vertex 186.622 13.9446 4
      vertex 187.056 13.9174 4
    endloop
  endfacet
  facet normal 0.0625501 0.998042 0
    outer loop
      vertex 186.622 13.9446 4
      vertex 187.056 13.9174 3.3
      vertex 186.622 13.9446 3.3
    endloop
  endfacet
  facet normal -0.0621269 0.998068 0
    outer loop
      vertex 187.501 13.9451 3.3
      vertex 187.056 13.9174 4
      vertex 187.501 13.9451 4
    endloop
  endfacet
  facet normal -0.0621269 0.998068 0
    outer loop
      vertex 187.056 13.9174 4
      vertex 187.501 13.9451 3.3
      vertex 187.056 13.9174 3.3
    endloop
  endfacet
  facet normal -0.223577 -0.974686 0
    outer loop
      vertex 186.597 17.3549 3.3
      vertex 186.808 17.3065 4
      vertex 186.597 17.3549 4
    endloop
  endfacet
  facet normal -0.223577 -0.974686 -0
    outer loop
      vertex 186.808 17.3065 4
      vertex 186.597 17.3549 3.3
      vertex 186.808 17.3065 3.3
    endloop
  endfacet
  facet normal -0.405766 -0.913977 0
    outer loop
      vertex 186.415 17.4357 3.3
      vertex 186.597 17.3549 4
      vertex 186.415 17.4357 4
    endloop
  endfacet
  facet normal -0.405766 -0.913977 -0
    outer loop
      vertex 186.597 17.3549 4
      vertex 186.415 17.4357 3.3
      vertex 186.597 17.3549 3.3
    endloop
  endfacet
  facet normal -0.591591 -0.806239 0
    outer loop
      vertex 186.261 17.5487 3.3
      vertex 186.415 17.4357 4
      vertex 186.261 17.5487 4
    endloop
  endfacet
  facet normal -0.591591 -0.806239 -0
    outer loop
      vertex 186.415 17.4357 4
      vertex 186.261 17.5487 3.3
      vertex 186.415 17.4357 3.3
    endloop
  endfacet
  facet normal -0.762541 -0.64694 0
    outer loop
      vertex 186.261 17.5487 3.3
      vertex 186.139 17.6925 4
      vertex 186.139 17.6925 3.3
    endloop
  endfacet
  facet normal -0.762541 -0.64694 0
    outer loop
      vertex 186.139 17.6925 4
      vertex 186.261 17.5487 3.3
      vertex 186.261 17.5487 4
    endloop
  endfacet
  facet normal -0.893496 -0.449071 0
    outer loop
      vertex 186.139 17.6925 3.3
      vertex 186.052 17.8656 4
      vertex 186.052 17.8656 3.3
    endloop
  endfacet
  facet normal -0.893496 -0.449071 0
    outer loop
      vertex 186.052 17.8656 4
      vertex 186.139 17.6925 3.3
      vertex 186.139 17.6925 4
    endloop
  endfacet
  facet normal -0.968516 -0.248951 0
    outer loop
      vertex 186.052 17.8656 3.3
      vertex 186 18.0679 4
      vertex 186 18.0679 3.3
    endloop
  endfacet
  facet normal -0.968516 -0.248951 0
    outer loop
      vertex 186 18.0679 4
      vertex 186.052 17.8656 3.3
      vertex 186.052 17.8656 4
    endloop
  endfacet
  facet normal -0.996991 -0.0775198 0
    outer loop
      vertex 186 18.0679 3.3
      vertex 185.982 18.2994 4
      vertex 185.982 18.2994 3.3
    endloop
  endfacet
  facet normal -0.996991 -0.0775198 0
    outer loop
      vertex 185.982 18.2994 4
      vertex 186 18.0679 3.3
      vertex 186 18.0679 4
    endloop
  endfacet
  facet normal -0.99721 0.074648 0
    outer loop
      vertex 185.982 18.2994 3.3
      vertex 185.999 18.5265 4
      vertex 185.999 18.5265 3.3
    endloop
  endfacet
  facet normal -0.99721 0.074648 0
    outer loop
      vertex 185.999 18.5265 4
      vertex 185.982 18.2994 3.3
      vertex 185.982 18.2994 4
    endloop
  endfacet
  facet normal -0.968116 0.250502 0
    outer loop
      vertex 185.999 18.5265 3.3
      vertex 186.05 18.7236 4
      vertex 186.05 18.7236 3.3
    endloop
  endfacet
  facet normal -0.968116 0.250502 0
    outer loop
      vertex 186.05 18.7236 4
      vertex 185.999 18.5265 3.3
      vertex 185.999 18.5265 4
    endloop
  endfacet
  facet normal -0.893463 0.449137 0
    outer loop
      vertex 186.05 18.7236 3.3
      vertex 186.134 18.8907 4
      vertex 186.134 18.8907 3.3
    endloop
  endfacet
  facet normal -0.893463 0.449137 0
    outer loop
      vertex 186.134 18.8907 4
      vertex 186.05 18.7236 3.3
      vertex 186.05 18.7236 4
    endloop
  endfacet
  facet normal -0.754961 0.655769 0
    outer loop
      vertex 186.134 18.8907 3.3
      vertex 186.253 19.0277 4
      vertex 186.253 19.0277 3.3
    endloop
  endfacet
  facet normal -0.754961 0.655769 0
    outer loop
      vertex 186.253 19.0277 4
      vertex 186.134 18.8907 3.3
      vertex 186.134 18.8907 4
    endloop
  endfacet
  facet normal -0.580005 0.814613 0
    outer loop
      vertex 186.403 19.1345 3.3
      vertex 186.253 19.0277 4
      vertex 186.403 19.1345 4
    endloop
  endfacet
  facet normal -0.580005 0.814613 0
    outer loop
      vertex 186.253 19.0277 4
      vertex 186.403 19.1345 3.3
      vertex 186.253 19.0277 3.3
    endloop
  endfacet
  facet normal -0.386629 0.922235 0
    outer loop
      vertex 186.585 19.2108 3.3
      vertex 186.403 19.1345 4
      vertex 186.585 19.2108 4
    endloop
  endfacet
  facet normal -0.386629 0.922235 0
    outer loop
      vertex 186.403 19.1345 4
      vertex 186.585 19.2108 3.3
      vertex 186.403 19.1345 3.3
    endloop
  endfacet
  facet normal -0.211166 0.97745 0
    outer loop
      vertex 186.797 19.2566 3.3
      vertex 186.585 19.2108 4
      vertex 186.797 19.2566 4
    endloop
  endfacet
  facet normal -0.211166 0.97745 0
    outer loop
      vertex 186.585 19.2108 4
      vertex 186.797 19.2566 3.3
      vertex 186.585 19.2108 3.3
    endloop
  endfacet
  facet normal -0.0624294 0.998049 0
    outer loop
      vertex 187.04 19.2718 3.3
      vertex 186.797 19.2566 4
      vertex 187.04 19.2718 4
    endloop
  endfacet
  facet normal -0.0624294 0.998049 0
    outer loop
      vertex 186.797 19.2566 4
      vertex 187.04 19.2718 3.3
      vertex 186.797 19.2566 3.3
    endloop
  endfacet
  facet normal 0.129166 0.991623 -0
    outer loop
      vertex 187.506 19.2111 3.3
      vertex 187.04 19.2718 4
      vertex 187.506 19.2111 4
    endloop
  endfacet
  facet normal 0.129166 0.991623 0
    outer loop
      vertex 187.04 19.2718 4
      vertex 187.506 19.2111 3.3
      vertex 187.04 19.2718 3.3
    endloop
  endfacet
  facet normal 0.480401 0.877049 -0
    outer loop
      vertex 187.839 19.0287 3.3
      vertex 187.506 19.2111 4
      vertex 187.839 19.0287 4
    endloop
  endfacet
  facet normal 0.480401 0.877049 0
    outer loop
      vertex 187.506 19.2111 4
      vertex 187.839 19.0287 3.3
      vertex 187.506 19.2111 3.3
    endloop
  endfacet
  facet normal 0.835334 0.549743 0
    outer loop
      vertex 188.039 18.7248 4
      vertex 187.839 19.0287 3.3
      vertex 187.839 19.0287 4
    endloop
  endfacet
  facet normal 0.835334 0.549743 0
    outer loop
      vertex 187.839 19.0287 3.3
      vertex 188.039 18.7248 4
      vertex 188.039 18.7248 3.3
    endloop
  endfacet
  facet normal 0.987823 0.155581 0
    outer loop
      vertex 188.106 18.2994 4
      vertex 188.039 18.7248 3.3
      vertex 188.039 18.7248 4
    endloop
  endfacet
  facet normal 0.987823 0.155581 0
    outer loop
      vertex 188.039 18.7248 3.3
      vertex 188.106 18.2994 4
      vertex 188.106 18.2994 3.3
    endloop
  endfacet
  facet normal 0.997661 -0.0683605 0
    outer loop
      vertex 188.089 18.0513 4
      vertex 188.106 18.2994 3.3
      vertex 188.106 18.2994 4
    endloop
  endfacet
  facet normal 0.997661 -0.0683605 0
    outer loop
      vertex 188.106 18.2994 3.3
      vertex 188.089 18.0513 4
      vertex 188.089 18.0513 3.3
    endloop
  endfacet
  facet normal 0.97206 -0.234731 0
    outer loop
      vertex 188.038 17.8401 4
      vertex 188.089 18.0513 3.3
      vertex 188.089 18.0513 4
    endloop
  endfacet
  facet normal 0.97206 -0.234731 0
    outer loop
      vertex 188.089 18.0513 3.3
      vertex 188.038 17.8401 4
      vertex 188.038 17.8401 3.3
    endloop
  endfacet
  facet normal 0.900844 -0.434142 0
    outer loop
      vertex 187.954 17.6658 4
      vertex 188.038 17.8401 3.3
      vertex 188.038 17.8401 4
    endloop
  endfacet
  facet normal 0.900844 -0.434142 0
    outer loop
      vertex 188.038 17.8401 3.3
      vertex 187.954 17.6658 4
      vertex 187.954 17.6658 3.3
    endloop
  endfacet
  facet normal 0.755907 -0.654679 0
    outer loop
      vertex 187.835 17.5284 4
      vertex 187.954 17.6658 3.3
      vertex 187.954 17.6658 4
    endloop
  endfacet
  facet normal 0.755907 -0.654679 0
    outer loop
      vertex 187.954 17.6658 3.3
      vertex 187.835 17.5284 4
      vertex 187.835 17.5284 3.3
    endloop
  endfacet
  facet normal 0.570519 -0.821284 0
    outer loop
      vertex 187.685 17.4242 3.3
      vertex 187.835 17.5284 4
      vertex 187.685 17.4242 4
    endloop
  endfacet
  facet normal 0.570519 -0.821284 0
    outer loop
      vertex 187.835 17.5284 4
      vertex 187.685 17.4242 3.3
      vertex 187.835 17.5284 3.3
    endloop
  endfacet
  facet normal 0.378395 -0.925644 0
    outer loop
      vertex 187.503 17.3498 3.3
      vertex 187.685 17.4242 4
      vertex 187.503 17.3498 4
    endloop
  endfacet
  facet normal 0.378395 -0.925644 0
    outer loop
      vertex 187.685 17.4242 4
      vertex 187.503 17.3498 3.3
      vertex 187.685 17.4242 3.3
    endloop
  endfacet
  facet normal 0.205871 -0.978579 0
    outer loop
      vertex 187.291 17.3052 3.3
      vertex 187.503 17.3498 4
      vertex 187.291 17.3052 4
    endloop
  endfacet
  facet normal 0.205871 -0.978579 0
    outer loop
      vertex 187.503 17.3498 4
      vertex 187.291 17.3052 3.3
      vertex 187.503 17.3498 3.3
    endloop
  endfacet
  facet normal 0.0612019 -0.998125 0
    outer loop
      vertex 187.048 17.2903 3.3
      vertex 187.291 17.3052 4
      vertex 187.048 17.2903 4
    endloop
  endfacet
  facet normal 0.0612019 -0.998125 0
    outer loop
      vertex 187.291 17.3052 4
      vertex 187.048 17.2903 3.3
      vertex 187.291 17.3052 3.3
    endloop
  endfacet
  facet normal -0.0673468 -0.99773 0
    outer loop
      vertex 186.808 17.3065 3.3
      vertex 187.048 17.2903 4
      vertex 186.808 17.3065 4
    endloop
  endfacet
  facet normal -0.0673468 -0.99773 -0
    outer loop
      vertex 187.048 17.2903 4
      vertex 186.808 17.3065 3.3
      vertex 187.048 17.2903 3.3
    endloop
  endfacet
  facet normal -0.506422 -0.862286 0
    outer loop
      vertex 186.158 14.7626 3.3
      vertex 186.536 14.5406 4
      vertex 186.158 14.7626 4
    endloop
  endfacet
  facet normal -0.506422 -0.862286 -0
    outer loop
      vertex 186.536 14.5406 4
      vertex 186.158 14.7626 3.3
      vertex 186.536 14.5406 3.3
    endloop
  endfacet
  facet normal -0.852432 -0.522837 0
    outer loop
      vertex 186.158 14.7626 3.3
      vertex 185.931 15.1327 4
      vertex 185.931 15.1327 3.3
    endloop
  endfacet
  facet normal -0.852432 -0.522837 0
    outer loop
      vertex 185.931 15.1327 4
      vertex 186.158 14.7626 3.3
      vertex 186.158 14.7626 4
    endloop
  endfacet
  facet normal -0.98968 -0.143293 0
    outer loop
      vertex 185.931 15.1327 3.3
      vertex 185.856 15.6507 4
      vertex 185.856 15.6507 3.3
    endloop
  endfacet
  facet normal -0.98968 -0.143293 0
    outer loop
      vertex 185.856 15.6507 4
      vertex 185.931 15.1327 3.3
      vertex 185.931 15.1327 4
    endloop
  endfacet
  facet normal -0.996899 0.0786917 0
    outer loop
      vertex 185.856 15.6507 3.3
      vertex 185.875 15.8914 4
      vertex 185.875 15.8914 3.3
    endloop
  endfacet
  facet normal -0.996899 0.0786917 0
    outer loop
      vertex 185.875 15.8914 4
      vertex 185.856 15.6507 3.3
      vertex 185.856 15.6507 4
    endloop
  endfacet
  facet normal -0.963841 0.266479 0
    outer loop
      vertex 185.875 15.8914 3.3
      vertex 185.934 16.1048 4
      vertex 185.934 16.1048 3.3
    endloop
  endfacet
  facet normal -0.963841 0.266479 0
    outer loop
      vertex 185.934 16.1048 4
      vertex 185.875 15.8914 3.3
      vertex 185.875 15.8914 4
    endloop
  endfacet
  facet normal -0.885021 0.465551 0
    outer loop
      vertex 185.934 16.1048 3.3
      vertex 186.032 16.2911 4
      vertex 186.032 16.2911 3.3
    endloop
  endfacet
  facet normal -0.885021 0.465551 0
    outer loop
      vertex 186.032 16.2911 4
      vertex 185.934 16.1048 3.3
      vertex 185.934 16.1048 4
    endloop
  endfacet
  facet normal -0.757775 0.652516 0
    outer loop
      vertex 186.032 16.2911 3.3
      vertex 186.169 16.4502 4
      vertex 186.169 16.4502 3.3
    endloop
  endfacet
  facet normal -0.757775 0.652516 0
    outer loop
      vertex 186.169 16.4502 4
      vertex 186.032 16.2911 3.3
      vertex 186.032 16.2911 4
    endloop
  endfacet
  facet normal -0.594903 0.803797 0
    outer loop
      vertex 186.341 16.5775 3.3
      vertex 186.169 16.4502 4
      vertex 186.341 16.5775 4
    endloop
  endfacet
  facet normal -0.594903 0.803797 0
    outer loop
      vertex 186.169 16.4502 4
      vertex 186.341 16.5775 3.3
      vertex 186.169 16.4502 3.3
    endloop
  endfacet
  facet normal -0.408682 0.912677 0
    outer loop
      vertex 186.544 16.6684 3.3
      vertex 186.341 16.5775 4
      vertex 186.544 16.6684 4
    endloop
  endfacet
  facet normal -0.408682 0.912677 0
    outer loop
      vertex 186.341 16.5775 4
      vertex 186.544 16.6684 3.3
      vertex 186.341 16.5775 3.3
    endloop
  endfacet
  facet normal -0.227758 0.973718 0
    outer loop
      vertex 186.777 16.7229 3.3
      vertex 186.544 16.6684 4
      vertex 186.777 16.7229 4
    endloop
  endfacet
  facet normal -0.227758 0.973718 0
    outer loop
      vertex 186.544 16.6684 4
      vertex 186.777 16.7229 3.3
      vertex 186.544 16.6684 3.3
    endloop
  endfacet
  facet normal -0.0690364 0.997614 0
    outer loop
      vertex 187.04 16.7411 3.3
      vertex 186.777 16.7229 4
      vertex 187.04 16.7411 4
    endloop
  endfacet
  facet normal -0.0690364 0.997614 0
    outer loop
      vertex 186.777 16.7229 4
      vertex 187.04 16.7411 3.3
      vertex 186.777 16.7229 3.3
    endloop
  endfacet
  facet normal 0.0622407 0.998061 -0
    outer loop
      vertex 187.311 16.7242 3.3
      vertex 187.04 16.7411 4
      vertex 187.311 16.7242 4
    endloop
  endfacet
  facet normal 0.0622407 0.998061 0
    outer loop
      vertex 187.04 16.7411 4
      vertex 187.311 16.7242 3.3
      vertex 187.04 16.7411 3.3
    endloop
  endfacet
  facet normal 0.207516 0.978232 -0
    outer loop
      vertex 187.55 16.6735 3.3
      vertex 187.311 16.7242 4
      vertex 187.55 16.6735 4
    endloop
  endfacet
  facet normal 0.207516 0.978232 0
    outer loop
      vertex 187.311 16.7242 4
      vertex 187.55 16.6735 3.3
      vertex 187.311 16.7242 3.3
    endloop
  endfacet
  facet normal 0.379891 0.925031 -0
    outer loop
      vertex 187.756 16.5889 3.3
      vertex 187.55 16.6735 4
      vertex 187.756 16.5889 4
    endloop
  endfacet
  facet normal 0.379891 0.925031 0
    outer loop
      vertex 187.55 16.6735 4
      vertex 187.756 16.5889 3.3
      vertex 187.55 16.6735 3.3
    endloop
  endfacet
  facet normal 0.560367 0.828245 -0
    outer loop
      vertex 187.931 16.4705 3.3
      vertex 187.756 16.5889 4
      vertex 187.931 16.4705 4
    endloop
  endfacet
  facet normal 0.560367 0.828245 0
    outer loop
      vertex 187.756 16.5889 4
      vertex 187.931 16.4705 3.3
      vertex 187.756 16.5889 3.3
    endloop
  endfacet
  facet normal 0.737295 0.675571 0
    outer loop
      vertex 188.07 16.3188 4
      vertex 187.931 16.4705 3.3
      vertex 187.931 16.4705 4
    endloop
  endfacet
  facet normal 0.737295 0.675571 0
    outer loop
      vertex 187.931 16.4705 3.3
      vertex 188.07 16.3188 4
      vertex 188.07 16.3188 3.3
    endloop
  endfacet
  facet normal 0.88116 0.472818 0
    outer loop
      vertex 188.169 16.1343 4
      vertex 188.07 16.3188 3.3
      vertex 188.07 16.3188 4
    endloop
  endfacet
  facet normal 0.88116 0.472818 0
    outer loop
      vertex 188.07 16.3188 3.3
      vertex 188.169 16.1343 4
      vertex 188.169 16.1343 3.3
    endloop
  endfacet
  facet normal 0.96393 0.266156 0
    outer loop
      vertex 188.229 15.917 4
      vertex 188.169 16.1343 3.3
      vertex 188.169 16.1343 4
    endloop
  endfacet
  facet normal 0.96393 0.266156 0
    outer loop
      vertex 188.169 16.1343 3.3
      vertex 188.229 15.917 4
      vertex 188.229 15.917 3.3
    endloop
  endfacet
  facet normal 0.997127 0.0757513 0
    outer loop
      vertex 188.248 15.6669 4
      vertex 188.229 15.917 3.3
      vertex 188.229 15.917 4
    endloop
  endfacet
  facet normal 0.997127 0.0757513 0
    outer loop
      vertex 188.229 15.917 3.3
      vertex 188.248 15.6669 4
      vertex 188.248 15.6669 3.3
    endloop
  endfacet
  facet normal 0.998105 -0.061527 0
    outer loop
      vertex 188.23 15.3749 4
      vertex 188.248 15.6669 3.3
      vertex 188.248 15.6669 4
    endloop
  endfacet
  facet normal 0.998105 -0.061527 0
    outer loop
      vertex 188.248 15.6669 3.3
      vertex 188.23 15.3749 4
      vertex 188.23 15.3749 3.3
    endloop
  endfacet
  facet normal 0.976572 -0.21519 0
    outer loop
      vertex 188.175 15.1253 4
      vertex 188.23 15.3749 3.3
      vertex 188.23 15.3749 4
    endloop
  endfacet
  facet normal 0.976572 -0.21519 0
    outer loop
      vertex 188.23 15.3749 3.3
      vertex 188.175 15.1253 4
      vertex 188.175 15.1253 3.3
    endloop
  endfacet
  facet normal 0.915517 -0.402279 0
    outer loop
      vertex 188.084 14.9182 4
      vertex 188.175 15.1253 3.3
      vertex 188.175 15.1253 4
    endloop
  endfacet
  facet normal 0.915517 -0.402279 0
    outer loop
      vertex 188.175 15.1253 3.3
      vertex 188.084 14.9182 4
      vertex 188.084 14.9182 3.3
    endloop
  endfacet
  facet normal 0.787263 -0.616618 0
    outer loop
      vertex 187.955 14.7535 4
      vertex 188.084 14.9182 3.3
      vertex 188.084 14.9182 4
    endloop
  endfacet
  facet normal 0.787263 -0.616618 0
    outer loop
      vertex 188.084 14.9182 3.3
      vertex 187.955 14.7535 4
      vertex 187.955 14.7535 3.3
    endloop
  endfacet
  facet normal 0.605389 -0.79593 0
    outer loop
      vertex 187.79 14.628 3.3
      vertex 187.955 14.7535 4
      vertex 187.79 14.628 4
    endloop
  endfacet
  facet normal 0.605389 -0.79593 0
    outer loop
      vertex 187.955 14.7535 4
      vertex 187.79 14.628 3.3
      vertex 187.955 14.7535 3.3
    endloop
  endfacet
  facet normal 0.402137 -0.91558 0
    outer loop
      vertex 187.586 14.5384 3.3
      vertex 187.79 14.628 4
      vertex 187.586 14.5384 4
    endloop
  endfacet
  facet normal 0.402137 -0.91558 0
    outer loop
      vertex 187.79 14.628 4
      vertex 187.586 14.5384 3.3
      vertex 187.79 14.628 3.3
    endloop
  endfacet
  facet normal 0.217016 -0.976168 0
    outer loop
      vertex 187.344 14.4846 3.3
      vertex 187.586 14.5384 4
      vertex 187.344 14.4846 4
    endloop
  endfacet
  facet normal 0.217016 -0.976168 0
    outer loop
      vertex 187.586 14.5384 4
      vertex 187.344 14.4846 3.3
      vertex 187.586 14.5384 3.3
    endloop
  endfacet
  facet normal 0.0641533 -0.99794 0
    outer loop
      vertex 187.064 14.4666 3.3
      vertex 187.344 14.4846 4
      vertex 187.064 14.4666 4
    endloop
  endfacet
  facet normal 0.0641533 -0.99794 0
    outer loop
      vertex 187.344 14.4846 4
      vertex 187.064 14.4666 3.3
      vertex 187.344 14.4846 3.3
    endloop
  endfacet
  facet normal -0.138795 -0.990321 0
    outer loop
      vertex 186.536 14.5406 3.3
      vertex 187.064 14.4666 4
      vertex 186.536 14.5406 4
    endloop
  endfacet
  facet normal -0.138795 -0.990321 -0
    outer loop
      vertex 187.064 14.4666 4
      vertex 186.536 14.5406 3.3
      vertex 187.064 14.4666 3.3
    endloop
  endfacet
  facet normal 0 -1 0
    outer loop
      vertex 183.043 14.6213 3.3
      vertex 184.438 14.6213 4
      vertex 183.043 14.6213 4
    endloop
  endfacet
  facet normal 0 -1 -0
    outer loop
      vertex 184.438 14.6213 4
      vertex 183.043 14.6213 3.3
      vertex 184.438 14.6213 3.3
    endloop
  endfacet
  facet normal -1 0 0
    outer loop
      vertex 183.043 14.6213 3.3
      vertex 183.043 19.7316 4
      vertex 183.043 19.7316 3.3
    endloop
  endfacet
  facet normal -1 -0 0
    outer loop
      vertex 183.043 19.7316 4
      vertex 183.043 14.6213 3.3
      vertex 183.043 14.6213 4
    endloop
  endfacet
  facet normal 0 -1 0
    outer loop
      vertex 182.368 19.7316 3.3
      vertex 183.043 19.7316 4
      vertex 182.368 19.7316 4
    endloop
  endfacet
  facet normal 0 -1 -0
    outer loop
      vertex 183.043 19.7316 4
      vertex 182.368 19.7316 3.3
      vertex 183.043 19.7316 3.3
    endloop
  endfacet
  facet normal 0.566586 -0.824003 0
    outer loop
      vertex 181.013 18.7999 3.3
      vertex 182.368 19.7316 4
      vertex 181.013 18.7999 4
    endloop
  endfacet
  facet normal 0.566586 -0.824003 0
    outer loop
      vertex 182.368 19.7316 4
      vertex 181.013 18.7999 3.3
      vertex 182.368 19.7316 3.3
    endloop
  endfacet
  facet normal 1 -0 0
    outer loop
      vertex 181.013 18.1082 4
      vertex 181.013 18.7999 3.3
      vertex 181.013 18.7999 4
    endloop
  endfacet
  facet normal 1 0 0
    outer loop
      vertex 181.013 18.7999 3.3
      vertex 181.013 18.1082 4
      vertex 181.013 18.1082 3.3
    endloop
  endfacet
  facet normal -0.58125 0.813725 0
    outer loop
      vertex 182.306 19.0318 3.3
      vertex 181.013 18.1082 4
      vertex 182.306 19.0318 4
    endloop
  endfacet
  facet normal -0.58125 0.813725 0
    outer loop
      vertex 181.013 18.1082 4
      vertex 182.306 19.0318 3.3
      vertex 181.013 18.1082 3.3
    endloop
  endfacet
  facet normal 1 -0 0
    outer loop
      vertex 182.306 14.6213 4
      vertex 182.306 19.0318 3.3
      vertex 182.306 19.0318 4
    endloop
  endfacet
  facet normal 1 0 0
    outer loop
      vertex 182.306 19.0318 3.3
      vertex 182.306 14.6213 4
      vertex 182.306 14.6213 3.3
    endloop
  endfacet
  facet normal 0 -1 0
    outer loop
      vertex 180.846 14.6213 3.3
      vertex 182.306 14.6213 4
      vertex 180.846 14.6213 4
    endloop
  endfacet
  facet normal 0 -1 -0
    outer loop
      vertex 182.306 14.6213 4
      vertex 180.846 14.6213 3.3
      vertex 182.306 14.6213 3.3
    endloop
  endfacet
  facet normal 1 -0 0
    outer loop
      vertex 180.846 13.9988 4
      vertex 180.846 14.6213 3.3
      vertex 180.846 14.6213 4
    endloop
  endfacet
  facet normal 1 0 0
    outer loop
      vertex 180.846 14.6213 3.3
      vertex 180.846 13.9988 4
      vertex 180.846 13.9988 3.3
    endloop
  endfacet
  facet normal 0 1 -0
    outer loop
      vertex 184.438 13.9988 3.3
      vertex 180.846 13.9988 4
      vertex 184.438 13.9988 4
    endloop
  endfacet
  facet normal 0 1 0
    outer loop
      vertex 180.846 13.9988 4
      vertex 184.438 13.9988 3.3
      vertex 180.846 13.9988 3.3
    endloop
  endfacet
  facet normal -1 0 0
    outer loop
      vertex 184.438 13.9988 3.3
      vertex 184.438 14.6213 4
      vertex 184.438 14.6213 3.3
    endloop
  endfacet
  facet normal -1 -0 0
    outer loop
      vertex 184.438 14.6213 4
      vertex 184.438 13.9988 3.3
      vertex 184.438 13.9988 4
    endloop
  endfacet
  facet normal -0.996159 0.0875631 0
    outer loop
      vertex 191.524 14.3921 3.3
      vertex 191.558 14.7789 4
      vertex 191.558 14.7789 3.3
    endloop
  endfacet
  facet normal -0.996159 0.0875631 0
    outer loop
      vertex 191.558 14.7789 4
      vertex 191.524 14.3921 3.3
      vertex 191.524 14.3921 4
    endloop
  endfacet
  facet normal -0.988948 0.148264 0
    outer loop
      vertex 191.558 14.7789 3.3
      vertex 191.615 15.1591 4
      vertex 191.615 15.1591 3.3
    endloop
  endfacet
  facet normal -0.988948 0.148264 0
    outer loop
      vertex 191.615 15.1591 4
      vertex 191.558 14.7789 3.3
      vertex 191.558 14.7789 4
    endloop
  endfacet
  facet normal -0.978355 0.206934 0
    outer loop
      vertex 191.615 15.1591 3.3
      vertex 191.694 15.5326 4
      vertex 191.694 15.5326 3.3
    endloop
  endfacet
  facet normal -0.978355 0.206934 0
    outer loop
      vertex 191.694 15.5326 4
      vertex 191.615 15.1591 3.3
      vertex 191.615 15.1591 4
    endloop
  endfacet
  facet normal -0.964331 0.264698 0
    outer loop
      vertex 191.694 15.5326 3.3
      vertex 191.796 15.9042 4
      vertex 191.796 15.9042 3.3
    endloop
  endfacet
  facet normal -0.964331 0.264698 0
    outer loop
      vertex 191.796 15.9042 4
      vertex 191.694 15.5326 3.3
      vertex 191.694 15.5326 4
    endloop
  endfacet
  facet normal -0.949215 0.314629 0
    outer loop
      vertex 191.796 15.9042 3.3
      vertex 191.92 16.2783 4
      vertex 191.92 16.2783 3.3
    endloop
  endfacet
  facet normal -0.949215 0.314629 0
    outer loop
      vertex 191.92 16.2783 4
      vertex 191.796 15.9042 3.3
      vertex 191.796 15.9042 4
    endloop
  endfacet
  facet normal -0.931549 0.363616 0
    outer loop
      vertex 191.92 16.2783 3.3
      vertex 192.067 16.6549 4
      vertex 192.067 16.6549 3.3
    endloop
  endfacet
  facet normal -0.931549 0.363616 0
    outer loop
      vertex 192.067 16.6549 4
      vertex 191.92 16.2783 3.3
      vertex 191.92 16.2783 4
    endloop
  endfacet
  facet normal -0.912457 0.409173 0
    outer loop
      vertex 192.067 16.6549 3.3
      vertex 192.237 17.034 4
      vertex 192.237 17.034 3.3
    endloop
  endfacet
  facet normal -0.912457 0.409173 0
    outer loop
      vertex 192.237 17.034 4
      vertex 192.067 16.6549 3.3
      vertex 192.067 16.6549 4
    endloop
  endfacet
  facet normal -0.889595 0.45675 0
    outer loop
      vertex 192.237 17.034 3.3
      vertex 192.451 17.4508 4
      vertex 192.451 17.4508 3.3
    endloop
  endfacet
  facet normal -0.889595 0.45675 0
    outer loop
      vertex 192.451 17.4508 4
      vertex 192.237 17.034 3.3
      vertex 192.237 17.034 4
    endloop
  endfacet
  facet normal -0.869552 0.493842 0
    outer loop
      vertex 192.451 17.4508 3.3
      vertex 192.729 17.9403 4
      vertex 192.729 17.9403 3.3
    endloop
  endfacet
  facet normal -0.869552 0.493842 0
    outer loop
      vertex 192.729 17.9403 4
      vertex 192.451 17.4508 3.3
      vertex 192.451 17.4508 4
    endloop
  endfacet
  facet normal -0.85438 0.519648 0
    outer loop
      vertex 192.729 17.9403 3.3
      vertex 193.071 18.5026 4
      vertex 193.071 18.5026 3.3
    endloop
  endfacet
  facet normal -0.85438 0.519648 0
    outer loop
      vertex 193.071 18.5026 4
      vertex 192.729 17.9403 3.3
      vertex 192.729 17.9403 4
    endloop
  endfacet
  facet normal -0.84191 0.539618 0
    outer loop
      vertex 193.071 18.5026 3.3
      vertex 193.478 19.1376 4
      vertex 193.478 19.1376 3.3
    endloop
  endfacet
  facet normal -0.84191 0.539618 0
    outer loop
      vertex 193.478 19.1376 4
      vertex 193.071 18.5026 3.3
      vertex 193.071 18.5026 4
    endloop
  endfacet
  facet normal -1 0 0
    outer loop
      vertex 193.478 19.1376 3.3
      vertex 193.478 19.7316 4
      vertex 193.478 19.7316 3.3
    endloop
  endfacet
  facet normal -1 -0 0
    outer loop
      vertex 193.478 19.7316 4
      vertex 193.478 19.1376 3.3
      vertex 193.478 19.1376 4
    endloop
  endfacet
  facet normal 0 -1 0
    outer loop
      vertex 189.69 19.7316 3.3
      vertex 193.478 19.7316 4
      vertex 189.69 19.7316 4
    endloop
  endfacet
  facet normal 0 -1 -0
    outer loop
      vertex 193.478 19.7316 4
      vertex 189.69 19.7316 3.3
      vertex 193.478 19.7316 3.3
    endloop
  endfacet
  facet normal 1 -0 0
    outer loop
      vertex 189.69 19.1091 4
      vertex 189.69 19.7316 3.3
      vertex 189.69 19.7316 4
    endloop
  endfacet
  facet normal 1 0 0
    outer loop
      vertex 189.69 19.7316 3.3
      vertex 189.69 19.1091 4
      vertex 189.69 19.1091 3.3
    endloop
  endfacet
  facet normal 0 1 -0
    outer loop
      vertex 192.77 19.1091 3.3
      vertex 189.69 19.1091 4
      vertex 192.77 19.1091 4
    endloop
  endfacet
  facet normal 0 1 0
    outer loop
      vertex 189.69 19.1091 4
      vertex 192.77 19.1091 3.3
      vertex 189.69 19.1091 3.3
    endloop
  endfacet
  facet normal 0.835181 -0.549976 0
    outer loop
      vertex 192.264 18.3407 4
      vertex 192.77 19.1091 3.3
      vertex 192.77 19.1091 4
    endloop
  endfacet
  facet normal 0.835181 -0.549976 0
    outer loop
      vertex 192.77 19.1091 3.3
      vertex 192.264 18.3407 4
      vertex 192.264 18.3407 3.3
    endloop
  endfacet
  facet normal 0.860307 -0.509776 0
    outer loop
      vertex 191.836 17.6184 4
      vertex 192.264 18.3407 3.3
      vertex 192.264 18.3407 4
    endloop
  endfacet
  facet normal 0.860307 -0.509776 0
    outer loop
      vertex 192.264 18.3407 3.3
      vertex 191.836 17.6184 4
      vertex 191.836 17.6184 3.3
    endloop
  endfacet
  facet normal 0.888116 -0.459619 0
    outer loop
      vertex 191.486 16.9421 4
      vertex 191.836 17.6184 3.3
      vertex 191.836 17.6184 4
    endloop
  endfacet
  facet normal 0.888116 -0.459619 0
    outer loop
      vertex 191.836 17.6184 3.3
      vertex 191.486 16.9421 4
      vertex 191.486 16.9421 3.3
    endloop
  endfacet
  facet normal 0.918155 -0.396221 0
    outer loop
      vertex 191.214 16.3118 4
      vertex 191.486 16.9421 3.3
      vertex 191.486 16.9421 4
    endloop
  endfacet
  facet normal 0.918155 -0.396221 0
    outer loop
      vertex 191.486 16.9421 3.3
      vertex 191.214 16.3118 4
      vertex 191.214 16.3118 3.3
    endloop
  endfacet
  facet normal 0.946773 -0.321903 0
    outer loop
      vertex 191.01 15.7118 4
      vertex 191.214 16.3118 3.3
      vertex 191.214 16.3118 4
    endloop
  endfacet
  facet normal 0.946773 -0.321903 0
    outer loop
      vertex 191.214 16.3118 3.3
      vertex 191.01 15.7118 4
      vertex 191.01 15.7118 3.3
    endloop
  endfacet
  facet normal 0.970676 -0.24039 0
    outer loop
      vertex 190.865 15.1263 4
      vertex 191.01 15.7118 3.3
      vertex 191.01 15.7118 4
    endloop
  endfacet
  facet normal 0.970676 -0.24039 0
    outer loop
      vertex 191.01 15.7118 3.3
      vertex 190.865 15.1263 4
      vertex 190.865 15.1263 3.3
    endloop
  endfacet
  facet normal 0.988332 -0.152317 0
    outer loop
      vertex 190.777 14.5553 4
      vertex 190.865 15.1263 3.3
      vertex 190.865 15.1263 4
    endloop
  endfacet
  facet normal 0.988332 -0.152317 0
    outer loop
      vertex 190.865 15.1263 3.3
      vertex 190.777 14.5553 4
      vertex 190.777 14.5553 3.3
    endloop
  endfacet
  facet normal 0.998645 -0.0520408 0
    outer loop
      vertex 190.748 13.9988 4
      vertex 190.777 14.5553 3.3
      vertex 190.777 14.5553 4
    endloop
  endfacet
  facet normal 0.998645 -0.0520408 0
    outer loop
      vertex 190.777 14.5553 3.3
      vertex 190.748 13.9988 4
      vertex 190.748 13.9988 3.3
    endloop
  endfacet
  facet normal 0 1 -0
    outer loop
      vertex 191.513 13.9988 3.3
      vertex 190.748 13.9988 4
      vertex 191.513 13.9988 4
    endloop
  endfacet
  facet normal 0 1 0
    outer loop
      vertex 190.748 13.9988 4
      vertex 191.513 13.9988 3.3
      vertex 190.748 13.9988 3.3
    endloop
  endfacet
  facet normal -0.999609 0.0279575 0
    outer loop
      vertex 191.513 13.9988 3.3
      vertex 191.524 14.3921 4
      vertex 191.524 14.3921 3.3
    endloop
  endfacet
  facet normal -0.999609 0.0279575 0
    outer loop
      vertex 191.524 14.3921 4
      vertex 191.513 13.9988 3.3
      vertex 191.513 13.9988 4
    endloop
  endfacet
  facet normal 0 0 1
    outer loop
      vertex 169.671 18.943 3.3
      vertex 166.694 18.4141 3.3
      vertex 169.671 18.4141 3.3
    endloop
  endfacet
  facet normal 0 0 1
    outer loop
      vertex 166.046 18.943 3.3
      vertex 166.694 16.8815 3.3
      vertex 166.694 18.4141 3.3
    endloop
  endfacet
  facet normal 0 0 1
    outer loop
      vertex 166.694 16.8815 3.3
      vertex 166.046 18.943 3.3
      vertex 166.694 16.3594 3.3
    endloop
  endfacet
  facet normal 0 0 1
    outer loop
      vertex 166.046 14.1656 3.3
      vertex 166.694 16.3594 3.3
      vertex 166.046 18.943 3.3
    endloop
  endfacet
  facet normal -0 0 1
    outer loop
      vertex 166.046 18.943 3.3
      vertex 166.694 18.4141 3.3
      vertex 169.671 18.943 3.3
    endloop
  endfacet
  facet normal -0 0 1
    outer loop
      vertex 166.694 16.8815 3.3
      vertex 169.467 16.3594 3.3
      vertex 169.467 16.8815 3.3
    endloop
  endfacet
  facet normal 0 0 1
    outer loop
      vertex 169.467 16.3594 3.3
      vertex 166.694 16.8815 3.3
      vertex 166.694 16.3594 3.3
    endloop
  endfacet
  facet normal -0 0 1
    outer loop
      vertex 166.694 14.6946 3.3
      vertex 169.81 14.1656 3.3
      vertex 169.81 14.6946 3.3
    endloop
  endfacet
  facet normal 0 0 1
    outer loop
      vertex 166.694 14.6946 3.3
      vertex 166.046 14.1656 3.3
      vertex 169.81 14.1656 3.3
    endloop
  endfacet
  facet normal 0 0 1
    outer loop
      vertex 166.694 16.3594 3.3
      vertex 166.046 14.1656 3.3
      vertex 166.694 14.6946 3.3
    endloop
  endfacet
  facet normal 0 0 1
    outer loop
      vertex 146.115 17.8237 3.3
      vertex 146.687 18.1062 3.3
      vertex 146.516 18.3454 3.3
    endloop
  endfacet
  facet normal 0 0 1
    outer loop
      vertex 145.994 17.9953 3.3
      vertex 146.516 18.3454 3.3
      vertex 146.311 18.5486 3.3
    endloop
  endfacet
  facet normal 0 -0 1
    outer loop
      vertex 146.211 17.6275 3.3
      vertex 146.687 18.1062 3.3
      vertex 146.115 17.8237 3.3
    endloop
  endfacet
  facet normal 0 0 1
    outer loop
      vertex 146.687 18.1062 3.3
      vertex 146.211 17.6275 3.3
      vertex 146.824 17.8309 3.3
    endloop
  endfacet
  facet normal 0 0 1
    outer loop
      vertex 145.848 18.1424 3.3
      vertex 146.311 18.5486 3.3
      vertex 146.072 18.7158 3.3
    endloop
  endfacet
  facet normal 0 0 1
    outer loop
      vertex 146.516 18.3454 3.3
      vertex 145.994 17.9953 3.3
      vertex 146.115 17.8237 3.3
    endloop
  endfacet
  facet normal 0 0 1
    outer loop
      vertex 146.311 18.5486 3.3
      vertex 145.848 18.1424 3.3
      vertex 145.994 17.9953 3.3
    endloop
  endfacet
  facet normal 0 0 1
    outer loop
      vertex 145.677 18.2649 3.3
      vertex 146.072 18.7158 3.3
      vertex 145.8 18.8464 3.3
    endloop
  endfacet
  facet normal 0 0 1
    outer loop
      vertex 146.072 18.7158 3.3
      vertex 145.677 18.2649 3.3
      vertex 145.848 18.1424 3.3
    endloop
  endfacet
  facet normal 0 0 1
    outer loop
      vertex 145.484 18.3613 3.3
      vertex 145.8 18.8464 3.3
      vertex 145.497 18.9396 3.3
    endloop
  endfacet
  facet normal 0 0 1
    outer loop
      vertex 145.8 18.8464 3.3
      vertex 145.484 18.3613 3.3
      vertex 145.677 18.2649 3.3
    endloop
  endfacet
  facet normal 0 0 1
    outer loop
      vertex 145.497 18.9396 3.3
      vertex 145.275 18.4302 3.3
      vertex 145.484 18.3613 3.3
    endloop
  endfacet
  facet normal 0 0 1
    outer loop
      vertex 145.163 18.9956 3.3
      vertex 145.275 18.4302 3.3
      vertex 145.497 18.9396 3.3
    endloop
  endfacet
  facet normal 0 0 1
    outer loop
      vertex 145.163 18.9956 3.3
      vertex 145.048 18.4715 3.3
      vertex 145.275 18.4302 3.3
    endloop
  endfacet
  facet normal 0 0 1
    outer loop
      vertex 144.797 19.0142 3.3
      vertex 145.048 18.4715 3.3
      vertex 145.163 18.9956 3.3
    endloop
  endfacet
  facet normal 0 0 1
    outer loop
      vertex 145.048 18.4715 3.3
      vertex 144.797 19.0142 3.3
      vertex 144.804 18.4853 3.3
    endloop
  endfacet
  facet normal 0 0 1
    outer loop
      vertex 144.797 19.0142 3.3
      vertex 144.429 18.4534 3.3
      vertex 144.804 18.4853 3.3
    endloop
  endfacet
  facet normal -0 0 1
    outer loop
      vertex 144.281 18.9737 3.3
      vertex 144.429 18.4534 3.3
      vertex 144.797 19.0142 3.3
    endloop
  endfacet
  facet normal 0 0 1
    outer loop
      vertex 144.281 18.9737 3.3
      vertex 144.098 18.3577 3.3
      vertex 144.429 18.4534 3.3
    endloop
  endfacet
  facet normal -0 0 1
    outer loop
      vertex 143.824 18.8523 3.3
      vertex 144.098 18.3577 3.3
      vertex 144.281 18.9737 3.3
    endloop
  endfacet
  facet normal 0 0 1
    outer loop
      vertex 143.824 18.8523 3.3
      vertex 143.812 18.1982 3.3
      vertex 144.098 18.3577 3.3
    endloop
  endfacet
  facet normal -0 0 1
    outer loop
      vertex 143.426 18.6499 3.3
      vertex 143.812 18.1982 3.3
      vertex 143.824 18.8523 3.3
    endloop
  endfacet
  facet normal 0 0 1
    outer loop
      vertex 143.812 18.1982 3.3
      vertex 143.426 18.6499 3.3
      vertex 143.569 17.975 3.3
    endloop
  endfacet
  facet normal -0 0 1
    outer loop
      vertex 143.088 18.3666 3.3
      vertex 143.569 17.975 3.3
      vertex 143.426 18.6499 3.3
    endloop
  endfacet
  facet normal 0 0 1
    outer loop
      vertex 143.569 17.975 3.3
      vertex 143.088 18.3666 3.3
      vertex 143.377 17.6962 3.3
    endloop
  endfacet
  facet normal -0 0 1
    outer loop
      vertex 142.818 18.0119 3.3
      vertex 143.377 17.6962 3.3
      vertex 143.088 18.3666 3.3
    endloop
  endfacet
  facet normal 0 0 1
    outer loop
      vertex 143.377 17.6962 3.3
      vertex 142.625 17.5953 3.3
      vertex 143.239 17.3702 3.3
    endloop
  endfacet
  facet normal 0 0 1
    outer loop
      vertex 142.625 17.5953 3.3
      vertex 143.377 17.6962 3.3
      vertex 142.818 18.0119 3.3
    endloop
  endfacet
  facet normal 0 0 1
    outer loop
      vertex 146.34 15.6236 3.3
      vertex 146.706 15.069 3.3
      vertex 146.869 15.3591 3.3
    endloop
  endfacet
  facet normal -0 0 1
    outer loop
      vertex 146.056 15.1889 3.3
      vertex 146.706 15.069 3.3
      vertex 146.34 15.6236 3.3
    endloop
  endfacet
  facet normal 0 0 1
    outer loop
      vertex 146.706 15.069 3.3
      vertex 146.056 15.1889 3.3
      vertex 146.514 14.8158 3.3
    endloop
  endfacet
  facet normal 0 0 1
    outer loop
      vertex 146.514 14.8158 3.3
      vertex 146.056 15.1889 3.3
      vertex 146.292 14.5994 3.3
    endloop
  endfacet
  facet normal -0 0 1
    outer loop
      vertex 145.71 14.8785 3.3
      vertex 146.292 14.5994 3.3
      vertex 146.056 15.1889 3.3
    endloop
  endfacet
  facet normal 0 0 1
    outer loop
      vertex 146.292 14.5994 3.3
      vertex 145.71 14.8785 3.3
      vertex 146.04 14.4199 3.3
    endloop
  endfacet
  facet normal 0 0 1
    outer loop
      vertex 146.04 14.4199 3.3
      vertex 145.71 14.8785 3.3
      vertex 145.762 14.279 3.3
    endloop
  endfacet
  facet normal -0 0 1
    outer loop
      vertex 145.301 14.6922 3.3
      vertex 145.762 14.279 3.3
      vertex 145.71 14.8785 3.3
    endloop
  endfacet
  facet normal 0 0 1
    outer loop
      vertex 145.762 14.279 3.3
      vertex 145.301 14.6922 3.3
      vertex 145.463 14.1784 3.3
    endloop
  endfacet
  facet normal 0 0 1
    outer loop
      vertex 145.301 14.6922 3.3
      vertex 145.142 14.118 3.3
      vertex 145.463 14.1784 3.3
    endloop
  endfacet
  facet normal -0 0 1
    outer loop
      vertex 144.831 14.6301 3.3
      vertex 145.142 14.118 3.3
      vertex 145.301 14.6922 3.3
    endloop
  endfacet
  facet normal 0 0 1
    outer loop
      vertex 144.831 14.6301 3.3
      vertex 144.8 14.0978 3.3
      vertex 145.142 14.118 3.3
    endloop
  endfacet
  facet normal 0 0 1
    outer loop
      vertex 144.451 14.1166 3.3
      vertex 144.831 14.6301 3.3
      vertex 144.459 14.6635 3.3
    endloop
  endfacet
  facet normal 0 0 1
    outer loop
      vertex 144.831 14.6301 3.3
      vertex 144.451 14.1166 3.3
      vertex 144.8 14.0978 3.3
    endloop
  endfacet
  facet normal 0 0 1
    outer loop
      vertex 144.127 14.1729 3.3
      vertex 144.459 14.6635 3.3
      vertex 144.128 14.7636 3.3
    endloop
  endfacet
  facet normal 0 0 1
    outer loop
      vertex 144.459 14.6635 3.3
      vertex 144.127 14.1729 3.3
      vertex 144.451 14.1166 3.3
    endloop
  endfacet
  facet normal 0 0 1
    outer loop
      vertex 143.827 14.2666 3.3
      vertex 144.128 14.7636 3.3
      vertex 143.838 14.9305 3.3
    endloop
  endfacet
  facet normal 0 0 1
    outer loop
      vertex 144.128 14.7636 3.3
      vertex 143.827 14.2666 3.3
      vertex 144.127 14.1729 3.3
    endloop
  endfacet
  facet normal 0 0 1
    outer loop
      vertex 143.303 14.564 3.3
      vertex 143.838 14.9305 3.3
      vertex 143.588 15.1641 3.3
    endloop
  endfacet
  facet normal 0 0 1
    outer loop
      vertex 143.838 14.9305 3.3
      vertex 143.551 14.3979 3.3
      vertex 143.827 14.2666 3.3
    endloop
  endfacet
  facet normal 0 0 1
    outer loop
      vertex 142.901 14.993 3.3
      vertex 143.588 15.1641 3.3
      vertex 143.387 15.4527 3.3
    endloop
  endfacet
  facet normal 0 0 1
    outer loop
      vertex 143.838 14.9305 3.3
      vertex 143.303 14.564 3.3
      vertex 143.551 14.3979 3.3
    endloop
  endfacet
  facet normal 0 0 1
    outer loop
      vertex 142.747 15.2557 3.3
      vertex 143.387 15.4527 3.3
      vertex 143.244 15.7842 3.3
    endloop
  endfacet
  facet normal -0 0 1
    outer loop
      vertex 142.54 15.8648 3.3
      vertex 143.244 15.7842 3.3
      vertex 143.157 16.1588 3.3
    endloop
  endfacet
  facet normal 0 0 1
    outer loop
      vertex 143.588 15.1641 3.3
      vertex 143.086 14.7624 3.3
      vertex 143.303 14.564 3.3
    endloop
  endfacet
  facet normal -0 0 1
    outer loop
      vertex 142.488 16.2077 3.3
      vertex 143.157 16.1588 3.3
      vertex 143.129 16.5764 3.3
    endloop
  endfacet
  facet normal 0 0 1
    outer loop
      vertex 142.509 17.1167 3.3
      vertex 143.239 17.3702 3.3
      vertex 142.625 17.5953 3.3
    endloop
  endfacet
  facet normal 0 -0 1
    outer loop
      vertex 142.488 16.2077 3.3
      vertex 143.129 16.5764 3.3
      vertex 142.471 16.5764 3.3
    endloop
  endfacet
  facet normal 0 0 1
    outer loop
      vertex 143.239 17.3702 3.3
      vertex 142.509 17.1167 3.3
      vertex 143.156 16.9969 3.3
    endloop
  endfacet
  facet normal 0 0 1
    outer loop
      vertex 143.157 16.1588 3.3
      vertex 142.488 16.2077 3.3
      vertex 142.54 15.8648 3.3
    endloop
  endfacet
  facet normal 0 0 1
    outer loop
      vertex 143.244 15.7842 3.3
      vertex 142.626 15.5474 3.3
      vertex 142.747 15.2557 3.3
    endloop
  endfacet
  facet normal 0 0 1
    outer loop
      vertex 142.471 16.5764 3.3
      vertex 143.156 16.9969 3.3
      vertex 142.509 17.1167 3.3
    endloop
  endfacet
  facet normal 0 0 1
    outer loop
      vertex 143.588 15.1641 3.3
      vertex 142.901 14.993 3.3
      vertex 143.086 14.7624 3.3
    endloop
  endfacet
  facet normal 0 0 1
    outer loop
      vertex 143.156 16.9969 3.3
      vertex 142.471 16.5764 3.3
      vertex 143.129 16.5764 3.3
    endloop
  endfacet
  facet normal 0 0 1
    outer loop
      vertex 143.387 15.4527 3.3
      vertex 142.747 15.2557 3.3
      vertex 142.901 14.993 3.3
    endloop
  endfacet
  facet normal 0 0 1
    outer loop
      vertex 143.244 15.7842 3.3
      vertex 142.54 15.8648 3.3
      vertex 142.626 15.5474 3.3
    endloop
  endfacet
  facet normal 0 0 1
    outer loop
      vertex 132.079 16.5764 3.3
      vertex 132.74 16.5764 3.3
      vertex 132.722 16.9402 3.3
    endloop
  endfacet
  facet normal -0 0 1
    outer loop
      vertex 132.051 16.9983 3.3
      vertex 132.722 16.9402 3.3
      vertex 132.669 17.2791 3.3
    endloop
  endfacet
  facet normal 0 0 1
    outer loop
      vertex 132.74 16.5764 3.3
      vertex 132.079 16.5764 3.3
      vertex 132.722 16.2134 3.3
    endloop
  endfacet
  facet normal -0 0 1
    outer loop
      vertex 131.967 17.3723 3.3
      vertex 132.669 17.2791 3.3
      vertex 132.58 17.5929 3.3
    endloop
  endfacet
  facet normal 0 0 1
    outer loop
      vertex 132.051 16.1365 3.3
      vertex 132.722 16.2134 3.3
      vertex 132.079 16.5764 3.3
    endloop
  endfacet
  facet normal 0 0 1
    outer loop
      vertex 131.967 17.3723 3.3
      vertex 132.58 17.5929 3.3
      vertex 132.457 17.8817 3.3
    endloop
  endfacet
  facet normal 0 0 1
    outer loop
      vertex 132.722 16.2134 3.3
      vertex 132.051 16.1365 3.3
      vertex 132.668 15.8737 3.3
    endloop
  endfacet
  facet normal 0 0 1
    outer loop
      vertex 131.828 17.6984 3.3
      vertex 132.457 17.8817 3.3
      vertex 132.299 18.1416 3.3
    endloop
  endfacet
  facet normal 0 0 1
    outer loop
      vertex 131.968 15.7495 3.3
      vertex 132.668 15.8737 3.3
      vertex 132.051 16.1365 3.3
    endloop
  endfacet
  facet normal 0 0 1
    outer loop
      vertex 131.633 17.9767 3.3
      vertex 132.299 18.1416 3.3
      vertex 132.11 18.3687 3.3
    endloop
  endfacet
  facet normal 0 0 1
    outer loop
      vertex 132.668 15.8737 3.3
      vertex 131.968 15.7495 3.3
      vertex 132.579 15.5573 3.3
    endloop
  endfacet
  facet normal 0 0 1
    outer loop
      vertex 132.579 15.5573 3.3
      vertex 131.968 15.7495 3.3
      vertex 132.453 15.2642 3.3
    endloop
  endfacet
  facet normal 0 0 1
    outer loop
      vertex 132.722 16.9402 3.3
      vertex 132.051 16.9983 3.3
      vertex 132.079 16.5764 3.3
    endloop
  endfacet
  facet normal 0 0 1
    outer loop
      vertex 132.669 17.2791 3.3
      vertex 131.967 17.3723 3.3
      vertex 132.051 16.9983 3.3
    endloop
  endfacet
  facet normal 0 0 1
    outer loop
      vertex 131.633 17.9767 3.3
      vertex 132.11 18.3687 3.3
      vertex 131.89 18.5629 3.3
    endloop
  endfacet
  facet normal 0 0 1
    outer loop
      vertex 132.457 17.8817 3.3
      vertex 131.828 17.6984 3.3
      vertex 131.967 17.3723 3.3
    endloop
  endfacet
  facet normal 0 0 1
    outer loop
      vertex 131.387 18.1992 3.3
      vertex 131.89 18.5629 3.3
      vertex 131.638 18.7243 3.3
    endloop
  endfacet
  facet normal 0 0 1
    outer loop
      vertex 132.299 18.1416 3.3
      vertex 131.633 17.9767 3.3
      vertex 131.828 17.6984 3.3
    endloop
  endfacet
  facet normal 0 0 1
    outer loop
      vertex 131.89 18.5629 3.3
      vertex 131.387 18.1992 3.3
      vertex 131.633 17.9767 3.3
    endloop
  endfacet
  facet normal 0 0 1
    outer loop
      vertex 131.358 18.8512 3.3
      vertex 131.387 18.1992 3.3
      vertex 131.638 18.7243 3.3
    endloop
  endfacet
  facet normal 0 0 1
    outer loop
      vertex 131.358 18.8512 3.3
      vertex 131.095 18.3581 3.3
      vertex 131.387 18.1992 3.3
    endloop
  endfacet
  facet normal 0 0 1
    outer loop
      vertex 131.054 18.9417 3.3
      vertex 131.095 18.3581 3.3
      vertex 131.358 18.8512 3.3
    endloop
  endfacet
  facet normal 0 0 1
    outer loop
      vertex 131.054 18.9417 3.3
      vertex 130.757 18.4535 3.3
      vertex 131.095 18.3581 3.3
    endloop
  endfacet
  facet normal 0 0 1
    outer loop
      vertex 130.726 18.9961 3.3
      vertex 130.757 18.4535 3.3
      vertex 131.054 18.9417 3.3
    endloop
  endfacet
  facet normal 0 0 1
    outer loop
      vertex 130.373 18.4853 3.3
      vertex 130.726 18.9961 3.3
      vertex 130.373 19.0142 3.3
    endloop
  endfacet
  facet normal 0 0 1
    outer loop
      vertex 130.726 18.9961 3.3
      vertex 130.373 18.4853 3.3
      vertex 130.757 18.4535 3.3
    endloop
  endfacet
  facet normal 0 0 1
    outer loop
      vertex 130.373 19.0142 3.3
      vertex 129.986 18.4539 3.3
      vertex 130.373 18.4853 3.3
    endloop
  endfacet
  facet normal -0 0 1
    outer loop
      vertex 129.844 18.9738 3.3
      vertex 129.986 18.4539 3.3
      vertex 130.373 19.0142 3.3
    endloop
  endfacet
  facet normal 0 0 1
    outer loop
      vertex 129.844 18.9738 3.3
      vertex 129.646 18.3598 3.3
      vertex 129.986 18.4539 3.3
    endloop
  endfacet
  facet normal -0 0 1
    outer loop
      vertex 129.377 18.8527 3.3
      vertex 129.646 18.3598 3.3
      vertex 129.844 18.9738 3.3
    endloop
  endfacet
  facet normal 0 0 1
    outer loop
      vertex 129.377 18.8527 3.3
      vertex 129.352 18.203 3.3
      vertex 129.646 18.3598 3.3
    endloop
  endfacet
  facet normal -0 0 1
    outer loop
      vertex 128.971 18.6509 3.3
      vertex 129.352 18.203 3.3
      vertex 129.377 18.8527 3.3
    endloop
  endfacet
  facet normal 0 0 1
    outer loop
      vertex 129.352 18.203 3.3
      vertex 128.971 18.6509 3.3
      vertex 129.105 17.9835 3.3
    endloop
  endfacet
  facet normal -0 0 1
    outer loop
      vertex 128.627 18.3683 3.3
      vertex 129.105 17.9835 3.3
      vertex 128.971 18.6509 3.3
    endloop
  endfacet
  facet normal 0 0 1
    outer loop
      vertex 129.105 17.9835 3.3
      vertex 128.627 18.3683 3.3
      vertex 128.909 17.7074 3.3
    endloop
  endfacet
  facet normal -0 0 1
    outer loop
      vertex 128.352 18.0141 3.3
      vertex 128.909 17.7074 3.3
      vertex 128.627 18.3683 3.3
    endloop
  endfacet
  facet normal -0 0 1
    outer loop
      vertex 128.156 17.5973 3.3
      vertex 128.769 17.3808 3.3
      vertex 128.352 18.0141 3.3
    endloop
  endfacet
  facet normal 0 0 1
    outer loop
      vertex 128.909 17.7074 3.3
      vertex 128.352 18.0141 3.3
      vertex 128.769 17.3808 3.3
    endloop
  endfacet
  facet normal -0 0 1
    outer loop
      vertex 131.83 15.4152 3.3
      vertex 132.453 15.2642 3.3
      vertex 131.968 15.7495 3.3
    endloop
  endfacet
  facet normal 0 0 1
    outer loop
      vertex 132.453 15.2642 3.3
      vertex 131.83 15.4152 3.3
      vertex 132.294 14.9991 3.3
    endloop
  endfacet
  facet normal -0 0 1
    outer loop
      vertex 131.636 15.1336 3.3
      vertex 132.294 14.9991 3.3
      vertex 131.83 15.4152 3.3
    endloop
  endfacet
  facet normal 0 0 1
    outer loop
      vertex 132.294 14.9991 3.3
      vertex 131.636 15.1336 3.3
      vertex 132.104 14.7666 3.3
    endloop
  endfacet
  facet normal 0 0 1
    outer loop
      vertex 132.104 14.7666 3.3
      vertex 131.636 15.1336 3.3
      vertex 131.883 14.5668 3.3
    endloop
  endfacet
  facet normal -0 0 1
    outer loop
      vertex 131.391 14.9104 3.3
      vertex 131.883 14.5668 3.3
      vertex 131.636 15.1336 3.3
    endloop
  endfacet
  facet normal 0 0 1
    outer loop
      vertex 131.883 14.5668 3.3
      vertex 131.391 14.9104 3.3
      vertex 131.631 14.3996 3.3
    endloop
  endfacet
  facet normal -0 0 1
    outer loop
      vertex 131.097 14.7509 3.3
      vertex 131.631 14.3996 3.3
      vertex 131.391 14.9104 3.3
    endloop
  endfacet
  facet normal 0 0 1
    outer loop
      vertex 131.631 14.3996 3.3
      vertex 131.097 14.7509 3.3
      vertex 131.351 14.2676 3.3
    endloop
  endfacet
  facet normal 0 0 1
    outer loop
      vertex 131.097 14.7509 3.3
      vertex 131.047 14.1733 3.3
      vertex 131.351 14.2676 3.3
    endloop
  endfacet
  facet normal -0 0 1
    outer loop
      vertex 130.756 14.6553 3.3
      vertex 131.047 14.1733 3.3
      vertex 131.097 14.7509 3.3
    endloop
  endfacet
  facet normal 0 0 1
    outer loop
      vertex 130.756 14.6553 3.3
      vertex 130.719 14.1167 3.3
      vertex 131.047 14.1733 3.3
    endloop
  endfacet
  facet normal -0 0 1
    outer loop
      vertex 130.366 14.6234 3.3
      vertex 130.719 14.1167 3.3
      vertex 130.756 14.6553 3.3
    endloop
  endfacet
  facet normal 0 0 1
    outer loop
      vertex 130.366 14.6234 3.3
      vertex 130.366 14.0978 3.3
      vertex 130.719 14.1167 3.3
    endloop
  endfacet
  facet normal 0 0 1
    outer loop
      vertex 130.366 14.6234 3.3
      vertex 130.011 14.1165 3.3
      vertex 130.366 14.0978 3.3
    endloop
  endfacet
  facet normal 0 0 1
    outer loop
      vertex 129.986 14.6563 3.3
      vertex 130.011 14.1165 3.3
      vertex 130.366 14.6234 3.3
    endloop
  endfacet
  facet normal 0 0 1
    outer loop
      vertex 129.986 14.6563 3.3
      vertex 129.681 14.1724 3.3
      vertex 130.011 14.1165 3.3
    endloop
  endfacet
  facet normal 0 0 1
    outer loop
      vertex 129.65 14.7552 3.3
      vertex 129.681 14.1724 3.3
      vertex 129.986 14.6563 3.3
    endloop
  endfacet
  facet normal 0 0 1
    outer loop
      vertex 129.65 14.7552 3.3
      vertex 129.376 14.2657 3.3
      vertex 129.681 14.1724 3.3
    endloop
  endfacet
  facet normal 0 0 1
    outer loop
      vertex 129.358 14.9199 3.3
      vertex 129.376 14.2657 3.3
      vertex 129.65 14.7552 3.3
    endloop
  endfacet
  facet normal 0 0 1
    outer loop
      vertex 128.845 14.562 3.3
      vertex 129.358 14.9199 3.3
      vertex 129.11 15.1506 3.3
    endloop
  endfacet
  facet normal 0 0 1
    outer loop
      vertex 129.358 14.9199 3.3
      vertex 129.097 14.3962 3.3
      vertex 129.376 14.2657 3.3
    endloop
  endfacet
  facet normal 0 0 1
    outer loop
      vertex 128.438 14.9935 3.3
      vertex 129.11 15.1506 3.3
      vertex 128.912 15.4374 3.3
    endloop
  endfacet
  facet normal 0 0 1
    outer loop
      vertex 129.358 14.9199 3.3
      vertex 128.845 14.562 3.3
      vertex 129.097 14.3962 3.3
    endloop
  endfacet
  facet normal 0 0 1
    outer loop
      vertex 128.281 15.2591 3.3
      vertex 128.912 15.4374 3.3
      vertex 128.771 15.7707 3.3
    endloop
  endfacet
  facet normal -0 0 1
    outer loop
      vertex 128.07 15.8707 3.3
      vertex 128.771 15.7707 3.3
      vertex 128.686 16.1503 3.3
    endloop
  endfacet
  facet normal 0 0 1
    outer loop
      vertex 129.11 15.1506 3.3
      vertex 128.626 14.7611 3.3
      vertex 128.845 14.562 3.3
    endloop
  endfacet
  facet normal -0 0 1
    outer loop
      vertex 128.017 16.2118 3.3
      vertex 128.686 16.1503 3.3
      vertex 128.657 16.5764 3.3
    endloop
  endfacet
  facet normal 0 0 1
    outer loop
      vertex 128.039 17.1181 3.3
      vertex 128.769 17.3808 3.3
      vertex 128.156 17.5973 3.3
    endloop
  endfacet
  facet normal 0 -0 1
    outer loop
      vertex 128.017 16.2118 3.3
      vertex 128.657 16.5764 3.3
      vertex 128 16.5764 3.3
    endloop
  endfacet
  facet normal 0 0 1
    outer loop
      vertex 128.769 17.3808 3.3
      vertex 128.039 17.1181 3.3
      vertex 128.685 17.0038 3.3
    endloop
  endfacet
  facet normal 0 0 1
    outer loop
      vertex 128.686 16.1503 3.3
      vertex 128.017 16.2118 3.3
      vertex 128.07 15.8707 3.3
    endloop
  endfacet
  facet normal 0 0 1
    outer loop
      vertex 128.771 15.7707 3.3
      vertex 128.158 15.5531 3.3
      vertex 128.281 15.2591 3.3
    endloop
  endfacet
  facet normal 0 0 1
    outer loop
      vertex 128 16.5764 3.3
      vertex 128.685 17.0038 3.3
      vertex 128.039 17.1181 3.3
    endloop
  endfacet
  facet normal 0 0 1
    outer loop
      vertex 129.11 15.1506 3.3
      vertex 128.438 14.9935 3.3
      vertex 128.626 14.7611 3.3
    endloop
  endfacet
  facet normal 0 0 1
    outer loop
      vertex 128.685 17.0038 3.3
      vertex 128 16.5764 3.3
      vertex 128.657 16.5764 3.3
    endloop
  endfacet
  facet normal 0 0 1
    outer loop
      vertex 128.912 15.4374 3.3
      vertex 128.281 15.2591 3.3
      vertex 128.438 14.9935 3.3
    endloop
  endfacet
  facet normal 0 0 1
    outer loop
      vertex 128.771 15.7707 3.3
      vertex 128.07 15.8707 3.3
      vertex 128.158 15.5531 3.3
    endloop
  endfacet
  facet normal 0 0 1
    outer loop
      vertex 140.296 18.943 3.3
      vertex 138.655 18.4141 3.3
      vertex 140.296 18.4141 3.3
    endloop
  endfacet
  facet normal 0 0 1
    outer loop
      vertex 138.655 18.4141 3.3
      vertex 138.011 18.4141 3.3
      vertex 138.655 14.1656 3.3
    endloop
  endfacet
  facet normal 0 0 1
    outer loop
      vertex 140.296 18.943 3.3
      vertex 138.011 18.4141 3.3
      vertex 138.655 18.4141 3.3
    endloop
  endfacet
  facet normal -0 0 1
    outer loop
      vertex 136.37 18.943 3.3
      vertex 138.011 18.4141 3.3
      vertex 140.296 18.943 3.3
    endloop
  endfacet
  facet normal 0 0 1
    outer loop
      vertex 138.011 18.4141 3.3
      vertex 136.37 18.943 3.3
      vertex 136.37 18.4141 3.3
    endloop
  endfacet
  facet normal 0 0 1
    outer loop
      vertex 138.655 14.1656 3.3
      vertex 138.011 18.4141 3.3
      vertex 138.011 14.1656 3.3
    endloop
  endfacet
  facet normal 0 0 1
    outer loop
      vertex 134.163 18.943 3.3
      vertex 133.515 18.943 3.3
      vertex 134.163 14.6946 3.3
    endloop
  endfacet
  facet normal -0 0 1
    outer loop
      vertex 134.163 14.6946 3.3
      vertex 136.577 14.1656 3.3
      vertex 136.577 14.6946 3.3
    endloop
  endfacet
  facet normal 0 0 1
    outer loop
      vertex 134.163 14.6946 3.3
      vertex 133.515 14.1656 3.3
      vertex 136.577 14.1656 3.3
    endloop
  endfacet
  facet normal 0 0 1
    outer loop
      vertex 133.515 14.1656 3.3
      vertex 134.163 14.6946 3.3
      vertex 133.515 18.943 3.3
    endloop
  endfacet
  facet normal 0 0 1
    outer loop
      vertex 160.519 18.943 3.3
      vertex 158.878 18.4141 3.3
      vertex 160.519 18.4141 3.3
    endloop
  endfacet
  facet normal 0 0 1
    outer loop
      vertex 158.878 18.4141 3.3
      vertex 158.234 18.4141 3.3
      vertex 158.878 14.1656 3.3
    endloop
  endfacet
  facet normal 0 0 1
    outer loop
      vertex 160.519 18.943 3.3
      vertex 158.234 18.4141 3.3
      vertex 158.878 18.4141 3.3
    endloop
  endfacet
  facet normal -0 0 1
    outer loop
      vertex 156.593 18.943 3.3
      vertex 158.234 18.4141 3.3
      vertex 160.519 18.943 3.3
    endloop
  endfacet
  facet normal 0 0 1
    outer loop
      vertex 158.234 18.4141 3.3
      vertex 156.593 18.943 3.3
      vertex 156.593 18.4141 3.3
    endloop
  endfacet
  facet normal 0 0 1
    outer loop
      vertex 158.878 14.1656 3.3
      vertex 158.234 18.4141 3.3
      vertex 158.234 14.1656 3.3
    endloop
  endfacet
  facet normal 0 0 1
    outer loop
      vertex 164.431 17.5698 3.3
      vertex 165.082 17.5766 3.3
      vertex 165.054 17.881 3.3
    endloop
  endfacet
  facet normal 0 0 1
    outer loop
      vertex 165.082 17.5766 3.3
      vertex 164.431 17.5698 3.3
      vertex 165.063 17.321 3.3
    endloop
  endfacet
  facet normal 0 0 1
    outer loop
      vertex 164.413 17.7659 3.3
      vertex 165.054 17.881 3.3
      vertex 164.972 18.15 3.3
    endloop
  endfacet
  facet normal -0 0 1
    outer loop
      vertex 164.413 17.3665 3.3
      vertex 165.063 17.321 3.3
      vertex 164.431 17.5698 3.3
    endloop
  endfacet
  facet normal 0 0 1
    outer loop
      vertex 164.36 17.9373 3.3
      vertex 164.972 18.15 3.3
      vertex 164.835 18.3837 3.3
    endloop
  endfacet
  facet normal 0 0 1
    outer loop
      vertex 165.063 17.321 3.3
      vertex 164.413 17.3665 3.3
      vertex 165.004 17.0866 3.3
    endloop
  endfacet
  facet normal 0 0 1
    outer loop
      vertex 164.272 18.0838 3.3
      vertex 164.835 18.3837 3.3
      vertex 164.643 18.5819 3.3
    endloop
  endfacet
  facet normal -0 0 1
    outer loop
      vertex 164.361 17.1871 3.3
      vertex 165.004 17.0866 3.3
      vertex 164.413 17.3665 3.3
    endloop
  endfacet
  facet normal 0 0 1
    outer loop
      vertex 165.004 17.0866 3.3
      vertex 164.361 17.1871 3.3
      vertex 164.907 16.8735 3.3
    endloop
  endfacet
  facet normal 0 0 1
    outer loop
      vertex 165.054 17.881 3.3
      vertex 164.413 17.7659 3.3
      vertex 164.431 17.5698 3.3
    endloop
  endfacet
  facet normal 0 0 1
    outer loop
      vertex 164.148 18.2056 3.3
      vertex 164.643 18.5819 3.3
      vertex 164.4 18.7399 3.3
    endloop
  endfacet
  facet normal 0 0 1
    outer loop
      vertex 164.972 18.15 3.3
      vertex 164.36 17.9373 3.3
      vertex 164.413 17.7659 3.3
    endloop
  endfacet
  facet normal 0 0 1
    outer loop
      vertex 164.835 18.3837 3.3
      vertex 164.272 18.0838 3.3
      vertex 164.36 17.9373 3.3
    endloop
  endfacet
  facet normal 0 0 1
    outer loop
      vertex 164.643 18.5819 3.3
      vertex 164.148 18.2056 3.3
      vertex 164.272 18.0838 3.3
    endloop
  endfacet
  facet normal 0 0 1
    outer loop
      vertex 163.991 18.3013 3.3
      vertex 164.4 18.7399 3.3
      vertex 164.112 18.8527 3.3
    endloop
  endfacet
  facet normal 0 0 1
    outer loop
      vertex 164.4 18.7399 3.3
      vertex 163.991 18.3013 3.3
      vertex 164.148 18.2056 3.3
    endloop
  endfacet
  facet normal 0 0 1
    outer loop
      vertex 164.112 18.8527 3.3
      vertex 163.802 18.3696 3.3
      vertex 163.991 18.3013 3.3
    endloop
  endfacet
  facet normal 0 0 1
    outer loop
      vertex 163.777 18.9205 3.3
      vertex 163.802 18.3696 3.3
      vertex 164.112 18.8527 3.3
    endloop
  endfacet
  facet normal 0 0 1
    outer loop
      vertex 163.777 18.9205 3.3
      vertex 163.583 18.4106 3.3
      vertex 163.802 18.3696 3.3
    endloop
  endfacet
  facet normal 0 0 1
    outer loop
      vertex 163.397 18.943 3.3
      vertex 163.583 18.4106 3.3
      vertex 163.777 18.9205 3.3
    endloop
  endfacet
  facet normal 0 0 1
    outer loop
      vertex 163.397 18.943 3.3
      vertex 163.332 18.4243 3.3
      vertex 163.583 18.4106 3.3
    endloop
  endfacet
  facet normal 0 0 1
    outer loop
      vertex 163.397 18.943 3.3
      vertex 161.796 18.4243 3.3
      vertex 163.332 18.4243 3.3
    endloop
  endfacet
  facet normal 0 0 1
    outer loop
      vertex 161.149 18.943 3.3
      vertex 161.796 16.6611 3.3
      vertex 161.796 18.4243 3.3
    endloop
  endfacet
  facet normal 0 0 1
    outer loop
      vertex 161.149 14.1656 3.3
      vertex 161.796 16.6611 3.3
      vertex 161.149 18.943 3.3
    endloop
  endfacet
  facet normal -0 0 1
    outer loop
      vertex 161.149 18.943 3.3
      vertex 161.796 18.4243 3.3
      vertex 163.397 18.943 3.3
    endloop
  endfacet
  facet normal 0 0 1
    outer loop
      vertex 161.796 16.6611 3.3
      vertex 161.149 14.1656 3.3
      vertex 161.796 16.1491 3.3
    endloop
  endfacet
  facet normal 0 0 1
    outer loop
      vertex 161.796 16.1491 3.3
      vertex 161.149 14.1656 3.3
      vertex 161.796 14.1656 3.3
    endloop
  endfacet
  facet normal 0 0 1
    outer loop
      vertex 164.907 16.8735 3.3
      vertex 164.361 17.1871 3.3
      vertex 164.772 16.6815 3.3
    endloop
  endfacet
  facet normal -0 0 1
    outer loop
      vertex 164.274 17.0317 3.3
      vertex 164.772 16.6815 3.3
      vertex 164.361 17.1871 3.3
    endloop
  endfacet
  facet normal 0 0 1
    outer loop
      vertex 164.772 16.6815 3.3
      vertex 164.274 17.0317 3.3
      vertex 164.602 16.5168 3.3
    endloop
  endfacet
  facet normal -0 0 1
    outer loop
      vertex 164.151 16.9002 3.3
      vertex 164.602 16.5168 3.3
      vertex 164.274 17.0317 3.3
    endloop
  endfacet
  facet normal 0 0 1
    outer loop
      vertex 164.602 16.5168 3.3
      vertex 164.151 16.9002 3.3
      vertex 164.403 16.3857 3.3
    endloop
  endfacet
  facet normal -0 0 1
    outer loop
      vertex 163.997 16.7956 3.3
      vertex 164.403 16.3857 3.3
      vertex 164.151 16.9002 3.3
    endloop
  endfacet
  facet normal 0 0 1
    outer loop
      vertex 164.403 16.3857 3.3
      vertex 163.997 16.7956 3.3
      vertex 164.174 16.2879 3.3
    endloop
  endfacet
  facet normal -0 0 1
    outer loop
      vertex 163.813 16.7209 3.3
      vertex 164.174 16.2879 3.3
      vertex 163.997 16.7956 3.3
    endloop
  endfacet
  facet normal 0 0 1
    outer loop
      vertex 164.174 16.2879 3.3
      vertex 163.813 16.7209 3.3
      vertex 163.916 16.2237 3.3
    endloop
  endfacet
  facet normal 0 0 1
    outer loop
      vertex 163.916 16.2237 3.3
      vertex 164.526 14.1656 3.3
      vertex 165.272 14.1656 3.3
    endloop
  endfacet
  facet normal -0 0 1
    outer loop
      vertex 163.601 16.6761 3.3
      vertex 163.916 16.2237 3.3
      vertex 163.813 16.7209 3.3
    endloop
  endfacet
  facet normal 0 0 1
    outer loop
      vertex 163.285 16.1491 3.3
      vertex 163.916 16.2237 3.3
      vertex 163.601 16.6761 3.3
    endloop
  endfacet
  facet normal 0 0 1
    outer loop
      vertex 163.285 16.1491 3.3
      vertex 163.601 16.6761 3.3
      vertex 163.359 16.6611 3.3
    endloop
  endfacet
  facet normal 0 0 1
    outer loop
      vertex 163.916 16.2237 3.3
      vertex 163.285 16.1491 3.3
      vertex 164.526 14.1656 3.3
    endloop
  endfacet
  facet normal -0 0 1
    outer loop
      vertex 161.796 16.6611 3.3
      vertex 163.285 16.1491 3.3
      vertex 163.359 16.6611 3.3
    endloop
  endfacet
  facet normal 0 0 1
    outer loop
      vertex 163.285 16.1491 3.3
      vertex 161.796 16.6611 3.3
      vertex 161.796 16.1491 3.3
    endloop
  endfacet
  facet normal -0 0 1
    outer loop
      vertex 155.404 15.8101 3.3
      vertex 155.988 14.1656 3.3
      vertex 155.988 18.943 3.3
    endloop
  endfacet
  facet normal 0 0 1
    outer loop
      vertex 155.988 14.1656 3.3
      vertex 155.427 15.1565 3.3
      vertex 155.445 14.8471 3.3
    endloop
  endfacet
  facet normal 0 0 1
    outer loop
      vertex 155.988 14.1656 3.3
      vertex 155.415 15.4202 3.3
      vertex 155.427 15.1565 3.3
    endloop
  endfacet
  facet normal 0 0 1
    outer loop
      vertex 155.988 14.1656 3.3
      vertex 155.407 15.638 3.3
      vertex 155.415 15.4202 3.3
    endloop
  endfacet
  facet normal 0 0 1
    outer loop
      vertex 155.404 15.8101 3.3
      vertex 155.988 18.943 3.3
      vertex 155.404 18.943 3.3
    endloop
  endfacet
  facet normal 0 0 1
    outer loop
      vertex 155.988 14.1656 3.3
      vertex 155.404 15.8101 3.3
      vertex 155.407 15.638 3.3
    endloop
  endfacet
  facet normal 0 0 1
    outer loop
      vertex 155.445 14.8471 3.3
      vertex 155.208 14.1656 3.3
      vertex 155.988 14.1656 3.3
    endloop
  endfacet
  facet normal -0 0 1
    outer loop
      vertex 152.651 18.2344 3.3
      vertex 155.445 14.8471 3.3
      vertex 152.861 18.943 3.3
    endloop
  endfacet
  facet normal 0 0 1
    outer loop
      vertex 155.445 14.8471 3.3
      vertex 152.651 18.2344 3.3
      vertex 155.208 14.1656 3.3
    endloop
  endfacet
  facet normal 0 -0 1
    outer loop
      vertex 152.651 18.2344 3.3
      vertex 152.861 18.943 3.3
      vertex 152.109 18.943 3.3
    endloop
  endfacet
  facet normal 0 0 1
    outer loop
      vertex 152.109 18.943 3.3
      vertex 152.685 17.3393 3.3
      vertex 152.668 17.9055 3.3
    endloop
  endfacet
  facet normal 0 0 1
    outer loop
      vertex 152.109 18.943 3.3
      vertex 152.668 17.9055 3.3
      vertex 152.651 18.2344 3.3
    endloop
  endfacet
  facet normal 0 0 1
    outer loop
      vertex 152.685 17.3393 3.3
      vertex 152.109 18.943 3.3
      vertex 152.109 14.1656 3.3
    endloop
  endfacet
  facet normal 0 0 1
    outer loop
      vertex 152.685 17.3393 3.3
      vertex 152.109 14.1656 3.3
      vertex 152.685 14.1656 3.3
    endloop
  endfacet
  facet normal 0 0 1
    outer loop
      vertex 151.21 18.943 3.3
      vertex 148.233 18.4141 3.3
      vertex 151.21 18.4141 3.3
    endloop
  endfacet
  facet normal 0 0 1
    outer loop
      vertex 147.585 18.943 3.3
      vertex 148.233 16.8815 3.3
      vertex 148.233 18.4141 3.3
    endloop
  endfacet
  facet normal 0 0 1
    outer loop
      vertex 148.233 16.8815 3.3
      vertex 147.585 18.943 3.3
      vertex 148.233 16.3594 3.3
    endloop
  endfacet
  facet normal 0 0 1
    outer loop
      vertex 147.585 14.1656 3.3
      vertex 148.233 16.3594 3.3
      vertex 147.585 18.943 3.3
    endloop
  endfacet
  facet normal -0 0 1
    outer loop
      vertex 147.585 18.943 3.3
      vertex 148.233 18.4141 3.3
      vertex 151.21 18.943 3.3
    endloop
  endfacet
  facet normal -0 0 1
    outer loop
      vertex 148.233 16.8815 3.3
      vertex 151.007 16.3594 3.3
      vertex 151.007 16.8815 3.3
    endloop
  endfacet
  facet normal 0 0 1
    outer loop
      vertex 151.007 16.3594 3.3
      vertex 148.233 16.8815 3.3
      vertex 148.233 16.3594 3.3
    endloop
  endfacet
  facet normal -0 0 1
    outer loop
      vertex 148.233 14.6946 3.3
      vertex 151.349 14.1656 3.3
      vertex 151.349 14.6946 3.3
    endloop
  endfacet
  facet normal 0 0 1
    outer loop
      vertex 148.233 14.6946 3.3
      vertex 147.585 14.1656 3.3
      vertex 151.349 14.1656 3.3
    endloop
  endfacet
  facet normal 0 0 1
    outer loop
      vertex 148.233 16.3594 3.3
      vertex 147.585 14.1656 3.3
      vertex 148.233 14.6946 3.3
    endloop
  endfacet
  facet normal 0 0 1
    outer loop
      vertex 106.273 17.5698 3.3
      vertex 106.924 17.5766 3.3
      vertex 106.897 17.881 3.3
    endloop
  endfacet
  facet normal 0 0 1
    outer loop
      vertex 106.924 17.5766 3.3
      vertex 106.273 17.5698 3.3
      vertex 106.905 17.321 3.3
    endloop
  endfacet
  facet normal 0 0 1
    outer loop
      vertex 106.256 17.7659 3.3
      vertex 106.897 17.881 3.3
      vertex 106.815 18.15 3.3
    endloop
  endfacet
  facet normal -0 0 1
    outer loop
      vertex 106.256 17.3665 3.3
      vertex 106.905 17.321 3.3
      vertex 106.273 17.5698 3.3
    endloop
  endfacet
  facet normal 0 0 1
    outer loop
      vertex 106.202 17.9373 3.3
      vertex 106.815 18.15 3.3
      vertex 106.677 18.3837 3.3
    endloop
  endfacet
  facet normal 0 0 1
    outer loop
      vertex 106.905 17.321 3.3
      vertex 106.256 17.3665 3.3
      vertex 106.847 17.0866 3.3
    endloop
  endfacet
  facet normal 0 0 1
    outer loop
      vertex 106.114 18.0838 3.3
      vertex 106.677 18.3837 3.3
      vertex 106.485 18.5819 3.3
    endloop
  endfacet
  facet normal -0 0 1
    outer loop
      vertex 106.203 17.1871 3.3
      vertex 106.847 17.0866 3.3
      vertex 106.256 17.3665 3.3
    endloop
  endfacet
  facet normal 0 0 1
    outer loop
      vertex 106.847 17.0866 3.3
      vertex 106.203 17.1871 3.3
      vertex 106.75 16.8735 3.3
    endloop
  endfacet
  facet normal 0 0 1
    outer loop
      vertex 106.897 17.881 3.3
      vertex 106.256 17.7659 3.3
      vertex 106.273 17.5698 3.3
    endloop
  endfacet
  facet normal 0 0 1
    outer loop
      vertex 105.99 18.2056 3.3
      vertex 106.485 18.5819 3.3
      vertex 106.243 18.7399 3.3
    endloop
  endfacet
  facet normal 0 0 1
    outer loop
      vertex 106.815 18.15 3.3
      vertex 106.202 17.9373 3.3
      vertex 106.256 17.7659 3.3
    endloop
  endfacet
  facet normal 0 0 1
    outer loop
      vertex 106.677 18.3837 3.3
      vertex 106.114 18.0838 3.3
      vertex 106.202 17.9373 3.3
    endloop
  endfacet
  facet normal 0 0 1
    outer loop
      vertex 106.485 18.5819 3.3
      vertex 105.99 18.2056 3.3
      vertex 106.114 18.0838 3.3
    endloop
  endfacet
  facet normal 0 0 1
    outer loop
      vertex 105.833 18.3013 3.3
      vertex 106.243 18.7399 3.3
      vertex 105.954 18.8527 3.3
    endloop
  endfacet
  facet normal 0 0 1
    outer loop
      vertex 106.243 18.7399 3.3
      vertex 105.833 18.3013 3.3
      vertex 105.99 18.2056 3.3
    endloop
  endfacet
  facet normal 0 0 1
    outer loop
      vertex 105.954 18.8527 3.3
      vertex 105.645 18.3696 3.3
      vertex 105.833 18.3013 3.3
    endloop
  endfacet
  facet normal 0 0 1
    outer loop
      vertex 105.62 18.9205 3.3
      vertex 105.645 18.3696 3.3
      vertex 105.954 18.8527 3.3
    endloop
  endfacet
  facet normal 0 0 1
    outer loop
      vertex 105.62 18.9205 3.3
      vertex 105.425 18.4106 3.3
      vertex 105.645 18.3696 3.3
    endloop
  endfacet
  facet normal 0 0 1
    outer loop
      vertex 105.239 18.943 3.3
      vertex 105.425 18.4106 3.3
      vertex 105.62 18.9205 3.3
    endloop
  endfacet
  facet normal 0 0 1
    outer loop
      vertex 105.239 18.943 3.3
      vertex 105.175 18.4243 3.3
      vertex 105.425 18.4106 3.3
    endloop
  endfacet
  facet normal 0 0 1
    outer loop
      vertex 105.239 18.943 3.3
      vertex 103.639 18.4243 3.3
      vertex 105.175 18.4243 3.3
    endloop
  endfacet
  facet normal 0 0 1
    outer loop
      vertex 102.991 18.943 3.3
      vertex 103.639 16.6611 3.3
      vertex 103.639 18.4243 3.3
    endloop
  endfacet
  facet normal 0 0 1
    outer loop
      vertex 102.991 14.1656 3.3
      vertex 103.639 16.6611 3.3
      vertex 102.991 18.943 3.3
    endloop
  endfacet
  facet normal -0 0 1
    outer loop
      vertex 102.991 18.943 3.3
      vertex 103.639 18.4243 3.3
      vertex 105.239 18.943 3.3
    endloop
  endfacet
  facet normal 0 0 1
    outer loop
      vertex 103.639 16.6611 3.3
      vertex 102.991 14.1656 3.3
      vertex 103.639 16.1491 3.3
    endloop
  endfacet
  facet normal 0 0 1
    outer loop
      vertex 103.639 16.1491 3.3
      vertex 102.991 14.1656 3.3
      vertex 103.639 14.1656 3.3
    endloop
  endfacet
  facet normal 0 0 1
    outer loop
      vertex 106.75 16.8735 3.3
      vertex 106.203 17.1871 3.3
      vertex 106.614 16.6815 3.3
    endloop
  endfacet
  facet normal -0 0 1
    outer loop
      vertex 106.116 17.0317 3.3
      vertex 106.614 16.6815 3.3
      vertex 106.203 17.1871 3.3
    endloop
  endfacet
  facet normal 0 0 1
    outer loop
      vertex 106.614 16.6815 3.3
      vertex 106.116 17.0317 3.3
      vertex 106.444 16.5168 3.3
    endloop
  endfacet
  facet normal -0 0 1
    outer loop
      vertex 105.994 16.9002 3.3
      vertex 106.444 16.5168 3.3
      vertex 106.116 17.0317 3.3
    endloop
  endfacet
  facet normal 0 0 1
    outer loop
      vertex 106.444 16.5168 3.3
      vertex 105.994 16.9002 3.3
      vertex 106.245 16.3857 3.3
    endloop
  endfacet
  facet normal -0 0 1
    outer loop
      vertex 105.839 16.7956 3.3
      vertex 106.245 16.3857 3.3
      vertex 105.994 16.9002 3.3
    endloop
  endfacet
  facet normal 0 0 1
    outer loop
      vertex 106.245 16.3857 3.3
      vertex 105.839 16.7956 3.3
      vertex 106.016 16.2879 3.3
    endloop
  endfacet
  facet normal -0 0 1
    outer loop
      vertex 105.656 16.7209 3.3
      vertex 106.016 16.2879 3.3
      vertex 105.839 16.7956 3.3
    endloop
  endfacet
  facet normal 0 0 1
    outer loop
      vertex 106.016 16.2879 3.3
      vertex 105.656 16.7209 3.3
      vertex 105.758 16.2237 3.3
    endloop
  endfacet
  facet normal 0 0 1
    outer loop
      vertex 105.758 16.2237 3.3
      vertex 106.368 14.1656 3.3
      vertex 107.114 14.1656 3.3
    endloop
  endfacet
  facet normal -0 0 1
    outer loop
      vertex 105.443 16.6761 3.3
      vertex 105.758 16.2237 3.3
      vertex 105.656 16.7209 3.3
    endloop
  endfacet
  facet normal 0 0 1
    outer loop
      vertex 105.127 16.1491 3.3
      vertex 105.758 16.2237 3.3
      vertex 105.443 16.6761 3.3
    endloop
  endfacet
  facet normal 0 0 1
    outer loop
      vertex 105.127 16.1491 3.3
      vertex 105.443 16.6761 3.3
      vertex 105.202 16.6611 3.3
    endloop
  endfacet
  facet normal 0 0 1
    outer loop
      vertex 105.758 16.2237 3.3
      vertex 105.127 16.1491 3.3
      vertex 106.368 14.1656 3.3
    endloop
  endfacet
  facet normal -0 0 1
    outer loop
      vertex 103.639 16.6611 3.3
      vertex 105.127 16.1491 3.3
      vertex 105.202 16.6611 3.3
    endloop
  endfacet
  facet normal 0 0 1
    outer loop
      vertex 105.127 16.1491 3.3
      vertex 103.639 16.6611 3.3
      vertex 103.639 16.1491 3.3
    endloop
  endfacet
  facet normal -0 0 1
    outer loop
      vertex 126.484 17.7054 3.3
      vertex 127.12 17.58 3.3
      vertex 127.135 17.7834 3.3
    endloop
  endfacet
  facet normal -0 0 1
    outer loop
      vertex 126.467 17.8849 3.3
      vertex 127.135 17.7834 3.3
      vertex 127.03 18.2907 3.3
    endloop
  endfacet
  facet normal 0 0 1
    outer loop
      vertex 126.468 17.5167 3.3
      vertex 127.12 17.58 3.3
      vertex 126.484 17.7054 3.3
    endloop
  endfacet
  facet normal 0 0 1
    outer loop
      vertex 127.12 17.58 3.3
      vertex 126.468 17.5167 3.3
      vertex 127.075 17.3935 3.3
    endloop
  endfacet
  facet normal 0 0 1
    outer loop
      vertex 127.075 17.3935 3.3
      vertex 126.468 17.5167 3.3
      vertex 127.001 17.2239 3.3
    endloop
  endfacet
  facet normal 0 0 1
    outer loop
      vertex 126.418 18.0369 3.3
      vertex 127.03 18.2907 3.3
      vertex 126.714 18.6531 3.3
    endloop
  endfacet
  facet normal -0 0 1
    outer loop
      vertex 126.42 17.3541 3.3
      vertex 127.001 17.2239 3.3
      vertex 126.468 17.5167 3.3
    endloop
  endfacet
  facet normal 0 0 1
    outer loop
      vertex 127.001 17.2239 3.3
      vertex 126.42 17.3541 3.3
      vertex 126.897 17.0714 3.3
    endloop
  endfacet
  facet normal 0 0 1
    outer loop
      vertex 127.135 17.7834 3.3
      vertex 126.467 17.8849 3.3
      vertex 126.484 17.7054 3.3
    endloop
  endfacet
  facet normal 0 0 1
    outer loop
      vertex 127.03 18.2907 3.3
      vertex 126.418 18.0369 3.3
      vertex 126.467 17.8849 3.3
    endloop
  endfacet
  facet normal 0 0 1
    outer loop
      vertex 126.714 18.6531 3.3
      vertex 126.335 18.1613 3.3
      vertex 126.418 18.0369 3.3
    endloop
  endfacet
  facet normal 0 0 1
    outer loop
      vertex 126.714 18.6531 3.3
      vertex 126.219 18.2581 3.3
      vertex 126.335 18.1613 3.3
    endloop
  endfacet
  facet normal 0 0 1
    outer loop
      vertex 126.189 18.8705 3.3
      vertex 126.219 18.2581 3.3
      vertex 126.714 18.6531 3.3
    endloop
  endfacet
  facet normal 0 0 1
    outer loop
      vertex 126.189 18.8705 3.3
      vertex 126.072 18.3308 3.3
      vertex 126.219 18.2581 3.3
    endloop
  endfacet
  facet normal 0 0 1
    outer loop
      vertex 126.189 18.8705 3.3
      vertex 125.896 18.3827 3.3
      vertex 126.072 18.3308 3.3
    endloop
  endfacet
  facet normal 0 0 1
    outer loop
      vertex 126.189 18.8705 3.3
      vertex 125.689 18.4139 3.3
      vertex 125.896 18.3827 3.3
    endloop
  endfacet
  facet normal 0 0 1
    outer loop
      vertex 125.453 18.943 3.3
      vertex 125.689 18.4139 3.3
      vertex 126.189 18.8705 3.3
    endloop
  endfacet
  facet normal 0 0 1
    outer loop
      vertex 125.453 18.943 3.3
      vertex 125.453 18.4243 3.3
      vertex 125.689 18.4139 3.3
    endloop
  endfacet
  facet normal 0 0 1
    outer loop
      vertex 125.453 18.943 3.3
      vertex 124.365 18.4243 3.3
      vertex 125.453 18.4243 3.3
    endloop
  endfacet
  facet normal 0 0 1
    outer loop
      vertex 123.717 18.943 3.3
      vertex 124.365 16.912 3.3
      vertex 124.365 18.4243 3.3
    endloop
  endfacet
  facet normal 0 0 1
    outer loop
      vertex 124.365 16.912 3.3
      vertex 123.717 18.943 3.3
      vertex 124.365 16.4068 3.3
    endloop
  endfacet
  facet normal 0 0 1
    outer loop
      vertex 123.717 14.1656 3.3
      vertex 124.365 16.4068 3.3
      vertex 123.717 18.943 3.3
    endloop
  endfacet
  facet normal -0 0 1
    outer loop
      vertex 123.717 18.943 3.3
      vertex 124.365 18.4243 3.3
      vertex 125.453 18.943 3.3
    endloop
  endfacet
  facet normal 0 0 1
    outer loop
      vertex 126.897 17.0714 3.3
      vertex 126.42 17.3541 3.3
      vertex 126.767 16.9391 3.3
    endloop
  endfacet
  facet normal -0 0 1
    outer loop
      vertex 126.34 17.2175 3.3
      vertex 126.767 16.9391 3.3
      vertex 126.42 17.3541 3.3
    endloop
  endfacet
  facet normal 0 0 1
    outer loop
      vertex 126.767 16.9391 3.3
      vertex 126.34 17.2175 3.3
      vertex 126.611 16.8306 3.3
    endloop
  endfacet
  facet normal -0 0 1
    outer loop
      vertex 126.228 17.107 3.3
      vertex 126.611 16.8306 3.3
      vertex 126.34 17.2175 3.3
    endloop
  endfacet
  facet normal 0 0 1
    outer loop
      vertex 126.611 16.8306 3.3
      vertex 126.228 17.107 3.3
      vertex 126.431 16.7459 3.3
    endloop
  endfacet
  facet normal 0 0 1
    outer loop
      vertex 126.228 17.107 3.3
      vertex 126.226 16.6849 3.3
      vertex 126.431 16.7459 3.3
    endloop
  endfacet
  facet normal -0 0 1
    outer loop
      vertex 126.083 17.0217 3.3
      vertex 126.226 16.6849 3.3
      vertex 126.228 17.107 3.3
    endloop
  endfacet
  facet normal -0 0 1
    outer loop
      vertex 125.906 16.9608 3.3
      vertex 126.226 16.6849 3.3
      vertex 126.083 17.0217 3.3
    endloop
  endfacet
  facet normal 0 0 1
    outer loop
      vertex 126.226 16.6849 3.3
      vertex 125.906 16.9608 3.3
      vertex 126.091 16.3541 3.3
    endloop
  endfacet
  facet normal -0 0 1
    outer loop
      vertex 125.696 16.9242 3.3
      vertex 126.091 16.3541 3.3
      vertex 125.906 16.9608 3.3
    endloop
  endfacet
  facet normal 0 0 1
    outer loop
      vertex 125.696 16.9242 3.3
      vertex 125.572 16.4068 3.3
      vertex 126.091 16.3541 3.3
    endloop
  endfacet
  facet normal -0 0 1
    outer loop
      vertex 125.453 16.912 3.3
      vertex 125.572 16.4068 3.3
      vertex 125.696 16.9242 3.3
    endloop
  endfacet
  facet normal 0 0 1
    outer loop
      vertex 124.365 16.4068 3.3
      vertex 125.453 16.912 3.3
      vertex 124.365 16.912 3.3
    endloop
  endfacet
  facet normal 0 0 1
    outer loop
      vertex 125.453 16.912 3.3
      vertex 124.365 16.4068 3.3
      vertex 125.572 16.4068 3.3
    endloop
  endfacet
  facet normal 0 0 1
    outer loop
      vertex 126.462 16.1958 3.3
      vertex 126.934 16.4448 3.3
      vertex 126.73 16.5556 3.3
    endloop
  endfacet
  facet normal 0 0 1
    outer loop
      vertex 126.934 16.4448 3.3
      vertex 126.684 15.9319 3.3
      vertex 126.758 15.5626 3.3
    endloop
  endfacet
  facet normal 0 0 1
    outer loop
      vertex 126.462 16.1958 3.3
      vertex 126.73 16.5556 3.3
      vertex 126.495 16.6356 3.3
    endloop
  endfacet
  facet normal 0 0 1
    outer loop
      vertex 126.934 16.4448 3.3
      vertex 126.462 16.1958 3.3
      vertex 126.684 15.9319 3.3
    endloop
  endfacet
  facet normal 0 0 1
    outer loop
      vertex 126.091 16.3541 3.3
      vertex 126.495 16.6356 3.3
      vertex 126.226 16.6849 3.3
    endloop
  endfacet
  facet normal 0 0 1
    outer loop
      vertex 126.495 16.6356 3.3
      vertex 126.091 16.3541 3.3
      vertex 126.462 16.1958 3.3
    endloop
  endfacet
  facet normal -0 0 1
    outer loop
      vertex 126.758 15.5626 3.3
      vertex 127.413 15.5117 3.3
      vertex 127.394 15.7405 3.3
    endloop
  endfacet
  facet normal 0 0 1
    outer loop
      vertex 126.758 15.5626 3.3
      vertex 127.394 15.7405 3.3
      vertex 127.336 15.9487 3.3
    endloop
  endfacet
  facet normal 0 0 1
    outer loop
      vertex 126.741 15.3575 3.3
      vertex 127.413 15.5117 3.3
      vertex 126.758 15.5626 3.3
    endloop
  endfacet
  facet normal 0 0 1
    outer loop
      vertex 126.758 15.5626 3.3
      vertex 127.336 15.9487 3.3
      vertex 127.239 16.1363 3.3
    endloop
  endfacet
  facet normal 0 0 1
    outer loop
      vertex 127.413 15.5117 3.3
      vertex 126.741 15.3575 3.3
      vertex 127.384 15.2107 3.3
    endloop
  endfacet
  facet normal 0 0 1
    outer loop
      vertex 126.758 15.5626 3.3
      vertex 127.239 16.1363 3.3
      vertex 127.104 16.3034 3.3
    endloop
  endfacet
  facet normal 0 0 1
    outer loop
      vertex 127.384 15.2107 3.3
      vertex 126.741 15.3575 3.3
      vertex 127.297 14.9451 3.3
    endloop
  endfacet
  facet normal 0 0 1
    outer loop
      vertex 126.758 15.5626 3.3
      vertex 127.104 16.3034 3.3
      vertex 126.934 16.4448 3.3
    endloop
  endfacet
  facet normal -0 0 1
    outer loop
      vertex 126.691 15.1794 3.3
      vertex 127.297 14.9451 3.3
      vertex 126.741 15.3575 3.3
    endloop
  endfacet
  facet normal 0 0 1
    outer loop
      vertex 127.297 14.9451 3.3
      vertex 126.691 15.1794 3.3
      vertex 127.152 14.7148 3.3
    endloop
  endfacet
  facet normal -0 0 1
    outer loop
      vertex 126.606 15.0285 3.3
      vertex 127.152 14.7148 3.3
      vertex 126.691 15.1794 3.3
    endloop
  endfacet
  facet normal 0 0 1
    outer loop
      vertex 127.152 14.7148 3.3
      vertex 126.606 15.0285 3.3
      vertex 126.948 14.5199 3.3
    endloop
  endfacet
  facet normal -0 0 1
    outer loop
      vertex 126.487 14.9048 3.3
      vertex 126.948 14.5199 3.3
      vertex 126.606 15.0285 3.3
    endloop
  endfacet
  facet normal 0 0 1
    outer loop
      vertex 126.948 14.5199 3.3
      vertex 126.487 14.9048 3.3
      vertex 126.693 14.3649 3.3
    endloop
  endfacet
  facet normal -0 0 1
    outer loop
      vertex 126.331 14.8084 3.3
      vertex 126.693 14.3649 3.3
      vertex 126.487 14.9048 3.3
    endloop
  endfacet
  facet normal 0 0 1
    outer loop
      vertex 126.693 14.3649 3.3
      vertex 126.331 14.8084 3.3
      vertex 126.393 14.2542 3.3
    endloop
  endfacet
  facet normal -0 0 1
    outer loop
      vertex 126.135 14.7395 3.3
      vertex 126.393 14.2542 3.3
      vertex 126.331 14.8084 3.3
    endloop
  endfacet
  facet normal 0 0 1
    outer loop
      vertex 126.135 14.7395 3.3
      vertex 126.047 14.1878 3.3
      vertex 126.393 14.2542 3.3
    endloop
  endfacet
  facet normal -0 0 1
    outer loop
      vertex 125.899 14.6982 3.3
      vertex 126.047 14.1878 3.3
      vertex 126.135 14.7395 3.3
    endloop
  endfacet
  facet normal 0 0 1
    outer loop
      vertex 125.899 14.6982 3.3
      vertex 125.656 14.1656 3.3
      vertex 126.047 14.1878 3.3
    endloop
  endfacet
  facet normal -0 0 1
    outer loop
      vertex 125.623 14.6844 3.3
      vertex 125.656 14.1656 3.3
      vertex 125.899 14.6982 3.3
    endloop
  endfacet
  facet normal -0 0 1
    outer loop
      vertex 124.365 14.6844 3.3
      vertex 125.656 14.1656 3.3
      vertex 125.623 14.6844 3.3
    endloop
  endfacet
  facet normal 0 0 1
    outer loop
      vertex 124.365 14.6844 3.3
      vertex 123.717 14.1656 3.3
      vertex 125.656 14.1656 3.3
    endloop
  endfacet
  facet normal 0 0 1
    outer loop
      vertex 124.365 16.4068 3.3
      vertex 123.717 14.1656 3.3
      vertex 124.365 14.6844 3.3
    endloop
  endfacet
  facet normal 0 0 1
    outer loop
      vertex 116.46 14.1656 3.3
      vertex 115.253 15.5626 3.3
      vertex 115.799 14.1656 3.3
    endloop
  endfacet
  facet normal 0 0 1
    outer loop
      vertex 116.46 14.1656 3.3
      vertex 115.06 16.0678 3.3
      vertex 115.253 15.5626 3.3
    endloop
  endfacet
  facet normal 0 0 1
    outer loop
      vertex 114.541 18.943 3.3
      vertex 115.06 16.0678 3.3
      vertex 116.46 14.1656 3.3
    endloop
  endfacet
  facet normal 0 0 1
    outer loop
      vertex 114.541 18.943 3.3
      vertex 114.446 17.6444 3.3
      vertex 115.06 16.0678 3.3
    endloop
  endfacet
  facet normal 0 0 1
    outer loop
      vertex 114.541 18.943 3.3
      vertex 114.399 17.7652 3.3
      vertex 114.446 17.6444 3.3
    endloop
  endfacet
  facet normal 0 0 1
    outer loop
      vertex 114.541 18.943 3.3
      vertex 114.351 17.8936 3.3
      vertex 114.399 17.7652 3.3
    endloop
  endfacet
  facet normal 0 0 1
    outer loop
      vertex 114.541 18.943 3.3
      vertex 114.304 18.0296 3.3
      vertex 114.351 17.8936 3.3
    endloop
  endfacet
  facet normal 0 0 1
    outer loop
      vertex 114.541 18.943 3.3
      vertex 114.257 18.1733 3.3
      vertex 114.304 18.0296 3.3
    endloop
  endfacet
  facet normal 0 0 1
    outer loop
      vertex 114.541 18.943 3.3
      vertex 114.165 18.4548 3.3
      vertex 114.257 18.1733 3.3
    endloop
  endfacet
  facet normal 0 0 1
    outer loop
      vertex 113.806 18.943 3.3
      vertex 114.087 18.2092 3.3
      vertex 114.134 18.3598 3.3
    endloop
  endfacet
  facet normal 0 0 1
    outer loop
      vertex 113.806 18.943 3.3
      vertex 114.134 18.3598 3.3
      vertex 114.165 18.4548 3.3
    endloop
  endfacet
  facet normal 0 0 1
    outer loop
      vertex 114.087 18.2092 3.3
      vertex 113.806 18.943 3.3
      vertex 114.029 18.0386 3.3
    endloop
  endfacet
  facet normal 0 0 1
    outer loop
      vertex 114.029 18.0386 3.3
      vertex 113.806 18.943 3.3
      vertex 113.962 17.8481 3.3
    endloop
  endfacet
  facet normal -0 0 1
    outer loop
      vertex 113.806 18.943 3.3
      vertex 114.165 18.4548 3.3
      vertex 114.541 18.943 3.3
    endloop
  endfacet
  facet normal 0 0 1
    outer loop
      vertex 113.962 17.8481 3.3
      vertex 113.806 18.943 3.3
      vertex 113.884 17.6376 3.3
    endloop
  endfacet
  facet normal 0 0 1
    outer loop
      vertex 113.806 18.943 3.3
      vertex 113.273 16.0678 3.3
      vertex 113.884 17.6376 3.3
    endloop
  endfacet
  facet normal 0 0 1
    outer loop
      vertex 111.856 14.1656 3.3
      vertex 113.273 16.0678 3.3
      vertex 113.806 18.943 3.3
    endloop
  endfacet
  facet normal 0 0 1
    outer loop
      vertex 113.273 16.0678 3.3
      vertex 111.856 14.1656 3.3
      vertex 113.077 15.5626 3.3
    endloop
  endfacet
  facet normal 0 0 1
    outer loop
      vertex 113.077 15.5626 3.3
      vertex 111.856 14.1656 3.3
      vertex 112.527 14.1656 3.3
    endloop
  endfacet
  facet normal -0 0 1
    outer loop
      vertex 113.273 16.0678 3.3
      vertex 115.253 15.5626 3.3
      vertex 115.06 16.0678 3.3
    endloop
  endfacet
  facet normal 0 0 1
    outer loop
      vertex 115.253 15.5626 3.3
      vertex 113.273 16.0678 3.3
      vertex 113.077 15.5626 3.3
    endloop
  endfacet
  facet normal 0 0 1
    outer loop
      vertex 111.513 18.943 3.3
      vertex 108.536 18.4141 3.3
      vertex 111.513 18.4141 3.3
    endloop
  endfacet
  facet normal 0 0 1
    outer loop
      vertex 107.889 18.943 3.3
      vertex 108.536 16.8815 3.3
      vertex 108.536 18.4141 3.3
    endloop
  endfacet
  facet normal 0 0 1
    outer loop
      vertex 108.536 16.8815 3.3
      vertex 107.889 18.943 3.3
      vertex 108.536 16.3594 3.3
    endloop
  endfacet
  facet normal 0 0 1
    outer loop
      vertex 107.889 14.1656 3.3
      vertex 108.536 16.3594 3.3
      vertex 107.889 18.943 3.3
    endloop
  endfacet
  facet normal -0 0 1
    outer loop
      vertex 107.889 18.943 3.3
      vertex 108.536 18.4141 3.3
      vertex 111.513 18.943 3.3
    endloop
  endfacet
  facet normal -0 0 1
    outer loop
      vertex 108.536 16.8815 3.3
      vertex 111.31 16.3594 3.3
      vertex 111.31 16.8815 3.3
    endloop
  endfacet
  facet normal 0 0 1
    outer loop
      vertex 111.31 16.3594 3.3
      vertex 108.536 16.8815 3.3
      vertex 108.536 16.3594 3.3
    endloop
  endfacet
  facet normal -0 0 1
    outer loop
      vertex 108.536 14.6946 3.3
      vertex 111.652 14.1656 3.3
      vertex 111.652 14.6946 3.3
    endloop
  endfacet
  facet normal 0 0 1
    outer loop
      vertex 108.536 14.6946 3.3
      vertex 107.889 14.1656 3.3
      vertex 111.652 14.1656 3.3
    endloop
  endfacet
  facet normal 0 0 1
    outer loop
      vertex 108.536 16.3594 3.3
      vertex 107.889 14.1656 3.3
      vertex 108.536 14.6946 3.3
    endloop
  endfacet
  facet normal -0 0 1
    outer loop
      vertex 120.367 17.0213 3.3
      vertex 121.048 16.6035 3.3
      vertex 121.007 17.1325 3.3
    endloop
  endfacet
  facet normal 0 0 1
    outer loop
      vertex 120.384 16.3183 3.3
      vertex 121.048 16.6035 3.3
      vertex 120.397 16.6035 3.3
    endloop
  endfacet
  facet normal 0 0 1
    outer loop
      vertex 121.048 16.6035 3.3
      vertex 120.384 16.3183 3.3
      vertex 121.03 16.2455 3.3
    endloop
  endfacet
  facet normal 0 0 1
    outer loop
      vertex 120.367 17.0213 3.3
      vertex 121.007 17.1325 3.3
      vertex 120.883 17.5973 3.3
    endloop
  endfacet
  facet normal 0 0 1
    outer loop
      vertex 120.344 16.0525 3.3
      vertex 121.03 16.2455 3.3
      vertex 120.384 16.3183 3.3
    endloop
  endfacet
  facet normal 0 0 1
    outer loop
      vertex 120.276 17.3863 3.3
      vertex 120.883 17.5973 3.3
      vertex 120.677 17.998 3.3
    endloop
  endfacet
  facet normal 0 0 1
    outer loop
      vertex 121.03 16.2455 3.3
      vertex 120.344 16.0525 3.3
      vertex 120.976 15.9105 3.3
    endloop
  endfacet
  facet normal 0 0 1
    outer loop
      vertex 120.976 15.9105 3.3
      vertex 120.344 16.0525 3.3
      vertex 120.886 15.5987 3.3
    endloop
  endfacet
  facet normal -0 0 1
    outer loop
      vertex 120.277 15.8063 3.3
      vertex 120.886 15.5987 3.3
      vertex 120.344 16.0525 3.3
    endloop
  endfacet
  facet normal 0 0 1
    outer loop
      vertex 120.123 17.6985 3.3
      vertex 120.677 17.998 3.3
      vertex 120.389 18.3344 3.3
    endloop
  endfacet
  facet normal 0 0 1
    outer loop
      vertex 121.048 16.6035 3.3
      vertex 120.367 17.0213 3.3
      vertex 120.397 16.6035 3.3
    endloop
  endfacet
  facet normal 0 0 1
    outer loop
      vertex 120.883 17.5973 3.3
      vertex 120.276 17.3863 3.3
      vertex 120.367 17.0213 3.3
    endloop
  endfacet
  facet normal 0 0 1
    outer loop
      vertex 120.677 17.998 3.3
      vertex 120.123 17.6985 3.3
      vertex 120.276 17.3863 3.3
    endloop
  endfacet
  facet normal 0 0 1
    outer loop
      vertex 119.911 17.958 3.3
      vertex 120.389 18.3344 3.3
      vertex 120.024 18.6006 3.3
    endloop
  endfacet
  facet normal 0 0 1
    outer loop
      vertex 120.389 18.3344 3.3
      vertex 119.911 17.958 3.3
      vertex 120.123 17.6985 3.3
    endloop
  endfacet
  facet normal 0 0 1
    outer loop
      vertex 120.024 18.6006 3.3
      vertex 119.64 18.162 3.3
      vertex 119.911 17.958 3.3
    endloop
  endfacet
  facet normal 0 0 1
    outer loop
      vertex 119.591 18.7908 3.3
      vertex 119.64 18.162 3.3
      vertex 120.024 18.6006 3.3
    endloop
  endfacet
  facet normal 0 0 1
    outer loop
      vertex 119.591 18.7908 3.3
      vertex 119.315 18.3077 3.3
      vertex 119.64 18.162 3.3
    endloop
  endfacet
  facet normal 0 0 1
    outer loop
      vertex 119.088 18.905 3.3
      vertex 119.315 18.3077 3.3
      vertex 119.591 18.7908 3.3
    endloop
  endfacet
  facet normal 0 0 1
    outer loop
      vertex 119.088 18.905 3.3
      vertex 118.936 18.3951 3.3
      vertex 119.315 18.3077 3.3
    endloop
  endfacet
  facet normal 0 0 1
    outer loop
      vertex 118.515 18.943 3.3
      vertex 118.936 18.3951 3.3
      vertex 119.088 18.905 3.3
    endloop
  endfacet
  facet normal 0 0 1
    outer loop
      vertex 118.515 18.943 3.3
      vertex 118.502 18.4243 3.3
      vertex 118.936 18.3951 3.3
    endloop
  endfacet
  facet normal 0 0 1
    outer loop
      vertex 118.515 18.943 3.3
      vertex 117.583 18.4243 3.3
      vertex 118.502 18.4243 3.3
    endloop
  endfacet
  facet normal 0 0 1
    outer loop
      vertex 117.583 18.4243 3.3
      vertex 116.935 18.943 3.3
      vertex 117.583 14.6844 3.3
    endloop
  endfacet
  facet normal -0 0 1
    outer loop
      vertex 116.935 18.943 3.3
      vertex 117.583 18.4243 3.3
      vertex 118.515 18.943 3.3
    endloop
  endfacet
  facet normal 0 0 1
    outer loop
      vertex 120.886 15.5987 3.3
      vertex 120.277 15.8063 3.3
      vertex 120.76 15.3099 3.3
    endloop
  endfacet
  facet normal -0 0 1
    outer loop
      vertex 120.184 15.5795 3.3
      vertex 120.76 15.3099 3.3
      vertex 120.277 15.8063 3.3
    endloop
  endfacet
  facet normal 0 0 1
    outer loop
      vertex 120.76 15.3099 3.3
      vertex 120.184 15.5795 3.3
      vertex 120.601 15.049 3.3
    endloop
  endfacet
  facet normal -0 0 1
    outer loop
      vertex 120.065 15.3752 3.3
      vertex 120.601 15.049 3.3
      vertex 120.184 15.5795 3.3
    endloop
  endfacet
  facet normal 0 0 1
    outer loop
      vertex 120.601 15.049 3.3
      vertex 120.065 15.3752 3.3
      vertex 120.412 14.8204 3.3
    endloop
  endfacet
  facet normal -0 0 1
    outer loop
      vertex 119.924 15.1964 3.3
      vertex 120.412 14.8204 3.3
      vertex 120.065 15.3752 3.3
    endloop
  endfacet
  facet normal 0 0 1
    outer loop
      vertex 120.412 14.8204 3.3
      vertex 119.924 15.1964 3.3
      vertex 120.192 14.6243 3.3
    endloop
  endfacet
  facet normal -0 0 1
    outer loop
      vertex 119.759 15.0429 3.3
      vertex 120.192 14.6243 3.3
      vertex 119.924 15.1964 3.3
    endloop
  endfacet
  facet normal 0 0 1
    outer loop
      vertex 120.192 14.6243 3.3
      vertex 119.759 15.0429 3.3
      vertex 119.943 14.4606 3.3
    endloop
  endfacet
  facet normal -0 0 1
    outer loop
      vertex 119.572 14.9149 3.3
      vertex 119.943 14.4606 3.3
      vertex 119.759 15.0429 3.3
    endloop
  endfacet
  facet normal 0 0 1
    outer loop
      vertex 119.943 14.4606 3.3
      vertex 119.572 14.9149 3.3
      vertex 119.668 14.3315 3.3
    endloop
  endfacet
  facet normal -0 0 1
    outer loop
      vertex 119.364 14.8141 3.3
      vertex 119.668 14.3315 3.3
      vertex 119.572 14.9149 3.3
    endloop
  endfacet
  facet normal 0 0 1
    outer loop
      vertex 119.668 14.3315 3.3
      vertex 119.364 14.8141 3.3
      vertex 119.373 14.2394 3.3
    endloop
  endfacet
  facet normal -0 0 1
    outer loop
      vertex 119.141 14.742 3.3
      vertex 119.373 14.2394 3.3
      vertex 119.364 14.8141 3.3
    endloop
  endfacet
  facet normal 0 0 1
    outer loop
      vertex 119.141 14.742 3.3
      vertex 119.058 14.1841 3.3
      vertex 119.373 14.2394 3.3
    endloop
  endfacet
  facet normal -0 0 1
    outer loop
      vertex 118.902 14.6988 3.3
      vertex 119.058 14.1841 3.3
      vertex 119.141 14.742 3.3
    endloop
  endfacet
  facet normal 0 0 1
    outer loop
      vertex 118.902 14.6988 3.3
      vertex 118.722 14.1656 3.3
      vertex 119.058 14.1841 3.3
    endloop
  endfacet
  facet normal -0 0 1
    outer loop
      vertex 118.648 14.6844 3.3
      vertex 118.722 14.1656 3.3
      vertex 118.902 14.6988 3.3
    endloop
  endfacet
  facet normal -0 0 1
    outer loop
      vertex 117.583 14.6844 3.3
      vertex 118.722 14.1656 3.3
      vertex 118.648 14.6844 3.3
    endloop
  endfacet
  facet normal 0 0 1
    outer loop
      vertex 117.583 14.6844 3.3
      vertex 116.935 14.1656 3.3
      vertex 118.722 14.1656 3.3
    endloop
  endfacet
  facet normal 0 0 1
    outer loop
      vertex 116.935 14.1656 3.3
      vertex 117.583 14.6844 3.3
      vertex 116.935 18.943 3.3
    endloop
  endfacet
  facet normal -0.184917 0.982754 0
    outer loop
      vertex 145.463 14.1784 3.3
      vertex 145.142 14.118 4
      vertex 145.463 14.1784 4
    endloop
  endfacet
  facet normal -0.184917 0.982754 0
    outer loop
      vertex 145.142 14.118 4
      vertex 145.463 14.1784 3.3
      vertex 145.142 14.118 3.3
    endloop
  endfacet
  facet normal -0.318889 0.947792 0
    outer loop
      vertex 145.762 14.279 3.3
      vertex 145.463 14.1784 4
      vertex 145.762 14.279 4
    endloop
  endfacet
  facet normal -0.318889 0.947792 0
    outer loop
      vertex 145.463 14.1784 4
      vertex 145.762 14.279 3.3
      vertex 145.463 14.1784 3.3
    endloop
  endfacet
  facet normal -0.452084 0.891975 0
    outer loop
      vertex 146.04 14.4199 3.3
      vertex 145.762 14.279 4
      vertex 146.04 14.4199 4
    endloop
  endfacet
  facet normal -0.452084 0.891975 0
    outer loop
      vertex 145.762 14.279 4
      vertex 146.04 14.4199 3.3
      vertex 145.762 14.279 3.3
    endloop
  endfacet
  facet normal -0.580168 0.814497 0
    outer loop
      vertex 146.292 14.5994 3.3
      vertex 146.04 14.4199 4
      vertex 146.292 14.5994 4
    endloop
  endfacet
  facet normal -0.580168 0.814497 0
    outer loop
      vertex 146.04 14.4199 4
      vertex 146.292 14.5994 3.3
      vertex 146.04 14.4199 3.3
    endloop
  endfacet
  facet normal -0.698017 0.716081 0
    outer loop
      vertex 146.514 14.8158 3.3
      vertex 146.292 14.5994 4
      vertex 146.514 14.8158 4
    endloop
  endfacet
  facet normal -0.698017 0.716081 0
    outer loop
      vertex 146.292 14.5994 4
      vertex 146.514 14.8158 3.3
      vertex 146.292 14.5994 3.3
    endloop
  endfacet
  facet normal -0.796817 0.604221 0
    outer loop
      vertex 146.514 14.8158 3.3
      vertex 146.706 15.069 4
      vertex 146.706 15.069 3.3
    endloop
  endfacet
  facet normal -0.796817 0.604221 0
    outer loop
      vertex 146.706 15.069 4
      vertex 146.514 14.8158 3.3
      vertex 146.514 14.8158 4
    endloop
  endfacet
  facet normal -0.871808 0.489847 0
    outer loop
      vertex 146.706 15.069 3.3
      vertex 146.869 15.3591 4
      vertex 146.869 15.3591 3.3
    endloop
  endfacet
  facet normal -0.871808 0.489847 0
    outer loop
      vertex 146.869 15.3591 4
      vertex 146.706 15.069 3.3
      vertex 146.706 15.069 4
    endloop
  endfacet
  facet normal -0.447214 -0.894427 0
    outer loop
      vertex 146.34 15.6236 3.3
      vertex 146.869 15.3591 4
      vertex 146.34 15.6236 4
    endloop
  endfacet
  facet normal -0.447214 -0.894427 -0
    outer loop
      vertex 146.869 15.3591 4
      vertex 146.34 15.6236 3.3
      vertex 146.869 15.3591 3.3
    endloop
  endfacet
  facet normal 0.83717 -0.546943 0
    outer loop
      vertex 146.056 15.1889 4
      vertex 146.34 15.6236 3.3
      vertex 146.34 15.6236 4
    endloop
  endfacet
  facet normal 0.83717 -0.546943 0
    outer loop
      vertex 146.34 15.6236 3.3
      vertex 146.056 15.1889 4
      vertex 146.056 15.1889 3.3
    endloop
  endfacet
  facet normal 0.667775 -0.744363 0
    outer loop
      vertex 145.71 14.8785 3.3
      vertex 146.056 15.1889 4
      vertex 145.71 14.8785 4
    endloop
  endfacet
  facet normal 0.667775 -0.744363 0
    outer loop
      vertex 146.056 15.1889 4
      vertex 145.71 14.8785 3.3
      vertex 146.056 15.1889 3.3
    endloop
  endfacet
  facet normal 0.414524 -0.910039 0
    outer loop
      vertex 145.301 14.6922 3.3
      vertex 145.71 14.8785 4
      vertex 145.301 14.6922 4
    endloop
  endfacet
  facet normal 0.414524 -0.910039 0
    outer loop
      vertex 145.71 14.8785 4
      vertex 145.301 14.6922 3.3
      vertex 145.71 14.8785 3.3
    endloop
  endfacet
  facet normal 0.130989 -0.991384 0
    outer loop
      vertex 144.831 14.6301 3.3
      vertex 145.301 14.6922 4
      vertex 144.831 14.6301 4
    endloop
  endfacet
  facet normal 0.130989 -0.991384 0
    outer loop
      vertex 145.301 14.6922 4
      vertex 144.831 14.6301 3.3
      vertex 145.301 14.6922 3.3
    endloop
  endfacet
  facet normal -0.0894252 -0.995994 0
    outer loop
      vertex 144.459 14.6635 3.3
      vertex 144.831 14.6301 4
      vertex 144.459 14.6635 4
    endloop
  endfacet
  facet normal -0.0894252 -0.995994 -0
    outer loop
      vertex 144.831 14.6301 4
      vertex 144.459 14.6635 3.3
      vertex 144.831 14.6301 3.3
    endloop
  endfacet
  facet normal -0.28947 -0.957187 0
    outer loop
      vertex 144.128 14.7636 3.3
      vertex 144.459 14.6635 4
      vertex 144.128 14.7636 4
    endloop
  endfacet
  facet normal -0.28947 -0.957187 -0
    outer loop
      vertex 144.459 14.6635 4
      vertex 144.128 14.7636 3.3
      vertex 144.459 14.6635 3.3
    endloop
  endfacet
  facet normal -0.498808 -0.866713 0
    outer loop
      vertex 143.838 14.9305 3.3
      vertex 144.128 14.7636 4
      vertex 143.838 14.9305 4
    endloop
  endfacet
  facet normal -0.498808 -0.866713 -0
    outer loop
      vertex 144.128 14.7636 4
      vertex 143.838 14.9305 3.3
      vertex 144.128 14.7636 3.3
    endloop
  endfacet
  facet normal -0.682735 -0.730666 0
    outer loop
      vertex 143.588 15.1641 3.3
      vertex 143.838 14.9305 4
      vertex 143.588 15.1641 4
    endloop
  endfacet
  facet normal -0.682735 -0.730666 -0
    outer loop
      vertex 143.838 14.9305 4
      vertex 143.588 15.1641 3.3
      vertex 143.838 14.9305 3.3
    endloop
  endfacet
  facet normal -0.820592 -0.571514 0
    outer loop
      vertex 143.588 15.1641 3.3
      vertex 143.387 15.4527 4
      vertex 143.387 15.4527 3.3
    endloop
  endfacet
  facet normal -0.820592 -0.571514 0
    outer loop
      vertex 143.387 15.4527 4
      vertex 143.588 15.1641 3.3
      vertex 143.588 15.1641 4
    endloop
  endfacet
  facet normal -0.918211 -0.396091 0
    outer loop
      vertex 143.387 15.4527 3.3
      vertex 143.244 15.7842 4
      vertex 143.244 15.7842 3.3
    endloop
  endfacet
  facet normal -0.918211 -0.396091 0
    outer loop
      vertex 143.244 15.7842 4
      vertex 143.387 15.4527 3.3
      vertex 143.387 15.4527 4
    endloop
  endfacet
  facet normal -0.974075 -0.226227 0
    outer loop
      vertex 143.244 15.7842 3.3
      vertex 143.157 16.1588 4
      vertex 143.157 16.1588 3.3
    endloop
  endfacet
  facet normal -0.974075 -0.226227 0
    outer loop
      vertex 143.157 16.1588 4
      vertex 143.244 15.7842 3.3
      vertex 143.244 15.7842 4
    endloop
  endfacet
  facet normal -0.99776 -0.0668996 0
    outer loop
      vertex 143.157 16.1588 3.3
      vertex 143.129 16.5764 4
      vertex 143.129 16.5764 3.3
    endloop
  endfacet
  facet normal -0.99776 -0.0668996 0
    outer loop
      vertex 143.129 16.5764 4
      vertex 143.157 16.1588 3.3
      vertex 143.157 16.1588 4
    endloop
  endfacet
  facet normal -0.997945 0.0640773 0
    outer loop
      vertex 143.129 16.5764 3.3
      vertex 143.156 16.9969 4
      vertex 143.156 16.9969 3.3
    endloop
  endfacet
  facet normal -0.997945 0.0640773 0
    outer loop
      vertex 143.156 16.9969 4
      vertex 143.129 16.5764 3.3
      vertex 143.129 16.5764 4
    endloop
  endfacet
  facet normal -0.976162 0.217041 0
    outer loop
      vertex 143.156 16.9969 3.3
      vertex 143.239 17.3702 4
      vertex 143.239 17.3702 3.3
    endloop
  endfacet
  facet normal -0.976162 0.217041 0
    outer loop
      vertex 143.239 17.3702 4
      vertex 143.156 16.9969 3.3
      vertex 143.156 16.9969 4
    endloop
  endfacet
  facet normal -0.920889 0.389824 0
    outer loop
      vertex 143.239 17.3702 3.3
      vertex 143.377 17.6962 4
      vertex 143.377 17.6962 3.3
    endloop
  endfacet
  facet normal -0.920889 0.389824 0
    outer loop
      vertex 143.377 17.6962 4
      vertex 143.239 17.3702 3.3
      vertex 143.239 17.3702 4
    endloop
  endfacet
  facet normal -0.823593 0.567181 0
    outer loop
      vertex 143.377 17.6962 3.3
      vertex 143.569 17.975 4
      vertex 143.569 17.975 3.3
    endloop
  endfacet
  facet normal -0.823593 0.567181 0
    outer loop
      vertex 143.569 17.975 4
      vertex 143.377 17.6962 3.3
      vertex 143.377 17.6962 4
    endloop
  endfacet
  facet normal -0.676465 0.736474 0
    outer loop
      vertex 143.812 18.1982 3.3
      vertex 143.569 17.975 4
      vertex 143.812 18.1982 4
    endloop
  endfacet
  facet normal -0.676465 0.736474 0
    outer loop
      vertex 143.569 17.975 4
      vertex 143.812 18.1982 3.3
      vertex 143.569 17.975 3.3
    endloop
  endfacet
  facet normal -0.487068 0.873364 0
    outer loop
      vertex 144.098 18.3577 3.3
      vertex 143.812 18.1982 4
      vertex 144.098 18.3577 4
    endloop
  endfacet
  facet normal -0.487068 0.873364 0
    outer loop
      vertex 143.812 18.1982 4
      vertex 144.098 18.3577 3.3
      vertex 143.812 18.1982 3.3
    endloop
  endfacet
  facet normal -0.277748 0.960654 0
    outer loop
      vertex 144.429 18.4534 3.3
      vertex 144.098 18.3577 4
      vertex 144.429 18.4534 4
    endloop
  endfacet
  facet normal -0.277748 0.960654 0
    outer loop
      vertex 144.098 18.3577 4
      vertex 144.429 18.4534 3.3
      vertex 144.098 18.3577 3.3
    endloop
  endfacet
  facet normal -0.0847605 0.996401 0
    outer loop
      vertex 144.804 18.4853 3.3
      vertex 144.429 18.4534 4
      vertex 144.804 18.4853 4
    endloop
  endfacet
  facet normal -0.0847605 0.996401 0
    outer loop
      vertex 144.429 18.4534 4
      vertex 144.804 18.4853 3.3
      vertex 144.429 18.4534 3.3
    endloop
  endfacet
  facet normal 0.0564671 0.998404 -0
    outer loop
      vertex 145.048 18.4715 3.3
      vertex 144.804 18.4853 4
      vertex 145.048 18.4715 4
    endloop
  endfacet
  facet normal 0.0564671 0.998404 0
    outer loop
      vertex 144.804 18.4853 4
      vertex 145.048 18.4715 3.3
      vertex 144.804 18.4853 3.3
    endloop
  endfacet
  facet normal 0.179 0.983849 -0
    outer loop
      vertex 145.275 18.4302 3.3
      vertex 145.048 18.4715 4
      vertex 145.275 18.4302 4
    endloop
  endfacet
  facet normal 0.179 0.983849 0
    outer loop
      vertex 145.048 18.4715 4
      vertex 145.275 18.4302 3.3
      vertex 145.048 18.4715 3.3
    endloop
  endfacet
  facet normal 0.313091 0.949723 -0
    outer loop
      vertex 145.484 18.3613 3.3
      vertex 145.275 18.4302 4
      vertex 145.484 18.3613 4
    endloop
  endfacet
  facet normal 0.313091 0.949723 0
    outer loop
      vertex 145.275 18.4302 4
      vertex 145.484 18.3613 3.3
      vertex 145.275 18.4302 3.3
    endloop
  endfacet
  facet normal 0.446843 0.894613 -0
    outer loop
      vertex 145.677 18.2649 3.3
      vertex 145.484 18.3613 4
      vertex 145.677 18.2649 4
    endloop
  endfacet
  facet normal 0.446843 0.894613 0
    outer loop
      vertex 145.484 18.3613 4
      vertex 145.677 18.2649 3.3
      vertex 145.484 18.3613 3.3
    endloop
  endfacet
  facet normal 0.582362 0.81293 -0
    outer loop
      vertex 145.848 18.1424 3.3
      vertex 145.677 18.2649 4
      vertex 145.848 18.1424 4
    endloop
  endfacet
  facet normal 0.582362 0.81293 0
    outer loop
      vertex 145.677 18.2649 4
      vertex 145.848 18.1424 3.3
      vertex 145.677 18.2649 3.3
    endloop
  endfacet
  facet normal 0.709756 0.704448 0
    outer loop
      vertex 145.994 17.9953 4
      vertex 145.848 18.1424 3.3
      vertex 145.848 18.1424 4
    endloop
  endfacet
  facet normal 0.709756 0.704448 0
    outer loop
      vertex 145.848 18.1424 3.3
      vertex 145.994 17.9953 4
      vertex 145.994 17.9953 3.3
    endloop
  endfacet
  facet normal 0.817258 0.576272 0
    outer loop
      vertex 146.115 17.8237 4
      vertex 145.994 17.9953 3.3
      vertex 145.994 17.9953 4
    endloop
  endfacet
  facet normal 0.817258 0.576272 0
    outer loop
      vertex 145.994 17.9953 3.3
      vertex 146.115 17.8237 4
      vertex 146.115 17.8237 3.3
    endloop
  endfacet
  facet normal 0.89824 0.439506 0
    outer loop
      vertex 146.211 17.6275 4
      vertex 146.115 17.8237 3.3
      vertex 146.115 17.8237 4
    endloop
  endfacet
  facet normal 0.89824 0.439506 0
    outer loop
      vertex 146.115 17.8237 3.3
      vertex 146.211 17.6275 4
      vertex 146.211 17.6275 3.3
    endloop
  endfacet
  facet normal -0.314927 0.949116 0
    outer loop
      vertex 146.824 17.8309 3.3
      vertex 146.211 17.6275 4
      vertex 146.824 17.8309 4
    endloop
  endfacet
  facet normal -0.314927 0.949116 0
    outer loop
      vertex 146.211 17.6275 4
      vertex 146.824 17.8309 3.3
      vertex 146.211 17.6275 3.3
    endloop
  endfacet
  facet normal -0.895271 -0.445522 0
    outer loop
      vertex 146.824 17.8309 3.3
      vertex 146.687 18.1062 4
      vertex 146.687 18.1062 3.3
    endloop
  endfacet
  facet normal -0.895271 -0.445522 0
    outer loop
      vertex 146.687 18.1062 4
      vertex 146.824 17.8309 3.3
      vertex 146.824 17.8309 4
    endloop
  endfacet
  facet normal -0.813504 -0.58156 0
    outer loop
      vertex 146.687 18.1062 3.3
      vertex 146.516 18.3454 4
      vertex 146.516 18.3454 3.3
    endloop
  endfacet
  facet normal -0.813504 -0.58156 0
    outer loop
      vertex 146.516 18.3454 4
      vertex 146.687 18.1062 3.3
      vertex 146.687 18.1062 4
    endloop
  endfacet
  facet normal -0.703982 -0.710218 0
    outer loop
      vertex 146.311 18.5486 3.3
      vertex 146.516 18.3454 4
      vertex 146.311 18.5486 4
    endloop
  endfacet
  facet normal -0.703982 -0.710218 -0
    outer loop
      vertex 146.516 18.3454 4
      vertex 146.311 18.5486 3.3
      vertex 146.516 18.3454 3.3
    endloop
  endfacet
  facet normal -0.573232 -0.819393 0
    outer loop
      vertex 146.072 18.7158 3.3
      vertex 146.311 18.5486 4
      vertex 146.072 18.7158 4
    endloop
  endfacet
  facet normal -0.573232 -0.819393 -0
    outer loop
      vertex 146.311 18.5486 4
      vertex 146.072 18.7158 3.3
      vertex 146.311 18.5486 3.3
    endloop
  endfacet
  facet normal -0.432839 -0.901471 0
    outer loop
      vertex 145.8 18.8464 3.3
      vertex 146.072 18.7158 4
      vertex 145.8 18.8464 4
    endloop
  endfacet
  facet normal -0.432839 -0.901471 -0
    outer loop
      vertex 146.072 18.7158 4
      vertex 145.8 18.8464 3.3
      vertex 146.072 18.7158 3.3
    endloop
  endfacet
  facet normal -0.293997 -0.955806 0
    outer loop
      vertex 145.497 18.9396 3.3
      vertex 145.8 18.8464 4
      vertex 145.497 18.9396 4
    endloop
  endfacet
  facet normal -0.293997 -0.955806 -0
    outer loop
      vertex 145.8 18.8464 4
      vertex 145.497 18.9396 3.3
      vertex 145.8 18.8464 3.3
    endloop
  endfacet
  facet normal -0.165357 -0.986234 0
    outer loop
      vertex 145.163 18.9956 3.3
      vertex 145.497 18.9396 4
      vertex 145.163 18.9956 4
    endloop
  endfacet
  facet normal -0.165357 -0.986234 -0
    outer loop
      vertex 145.497 18.9396 4
      vertex 145.163 18.9956 3.3
      vertex 145.497 18.9396 3.3
    endloop
  endfacet
  facet normal -0.0507542 -0.998711 0
    outer loop
      vertex 144.797 19.0142 3.3
      vertex 145.163 18.9956 4
      vertex 144.797 19.0142 4
    endloop
  endfacet
  facet normal -0.0507542 -0.998711 -0
    outer loop
      vertex 145.163 18.9956 4
      vertex 144.797 19.0142 3.3
      vertex 145.163 18.9956 3.3
    endloop
  endfacet
  facet normal 0.0782477 -0.996934 0
    outer loop
      vertex 144.281 18.9737 3.3
      vertex 144.797 19.0142 4
      vertex 144.281 18.9737 4
    endloop
  endfacet
  facet normal 0.0782477 -0.996934 0
    outer loop
      vertex 144.797 19.0142 4
      vertex 144.281 18.9737 3.3
      vertex 144.797 19.0142 3.3
    endloop
  endfacet
  facet normal 0.256741 -0.96648 0
    outer loop
      vertex 143.824 18.8523 3.3
      vertex 144.281 18.9737 4
      vertex 143.824 18.8523 4
    endloop
  endfacet
  facet normal 0.256741 -0.96648 0
    outer loop
      vertex 144.281 18.9737 4
      vertex 143.824 18.8523 3.3
      vertex 144.281 18.9737 3.3
    endloop
  endfacet
  facet normal 0.453295 -0.891361 0
    outer loop
      vertex 143.426 18.6499 3.3
      vertex 143.824 18.8523 4
      vertex 143.426 18.6499 4
    endloop
  endfacet
  facet normal 0.453295 -0.891361 0
    outer loop
      vertex 143.824 18.8523 4
      vertex 143.426 18.6499 3.3
      vertex 143.824 18.8523 3.3
    endloop
  endfacet
  facet normal 0.642367 -0.766397 0
    outer loop
      vertex 143.088 18.3666 3.3
      vertex 143.426 18.6499 4
      vertex 143.088 18.3666 4
    endloop
  endfacet
  facet normal 0.642367 -0.766397 0
    outer loop
      vertex 143.426 18.6499 4
      vertex 143.088 18.3666 3.3
      vertex 143.426 18.6499 3.3
    endloop
  endfacet
  facet normal 0.795699 -0.605692 0
    outer loop
      vertex 142.818 18.0119 4
      vertex 143.088 18.3666 3.3
      vertex 143.088 18.3666 4
    endloop
  endfacet
  facet normal 0.795699 -0.605692 0
    outer loop
      vertex 143.088 18.3666 3.3
      vertex 142.818 18.0119 4
      vertex 142.818 18.0119 3.3
    endloop
  endfacet
  facet normal 0.907359 -0.420356 0
    outer loop
      vertex 142.625 17.5953 4
      vertex 142.818 18.0119 3.3
      vertex 142.818 18.0119 4
    endloop
  endfacet
  facet normal 0.907359 -0.420356 0
    outer loop
      vertex 142.818 18.0119 3.3
      vertex 142.625 17.5953 4
      vertex 142.625 17.5953 3.3
    endloop
  endfacet
  facet normal 0.971861 -0.235554 0
    outer loop
      vertex 142.509 17.1167 4
      vertex 142.625 17.5953 3.3
      vertex 142.625 17.5953 4
    endloop
  endfacet
  facet normal 0.971861 -0.235554 0
    outer loop
      vertex 142.625 17.5953 3.3
      vertex 142.509 17.1167 4
      vertex 142.509 17.1167 3.3
    endloop
  endfacet
  facet normal 0.997536 -0.070158 0
    outer loop
      vertex 142.471 16.5764 4
      vertex 142.509 17.1167 3.3
      vertex 142.509 17.1167 4
    endloop
  endfacet
  facet normal 0.997536 -0.070158 0
    outer loop
      vertex 142.509 17.1167 3.3
      vertex 142.471 16.5764 4
      vertex 142.471 16.5764 3.3
    endloop
  endfacet
  facet normal 0.998939 0.046059 0
    outer loop
      vertex 142.488 16.2077 4
      vertex 142.471 16.5764 3.3
      vertex 142.471 16.5764 4
    endloop
  endfacet
  facet normal 0.998939 0.046059 0
    outer loop
      vertex 142.471 16.5764 3.3
      vertex 142.488 16.2077 4
      vertex 142.488 16.2077 3.3
    endloop
  endfacet
  facet normal 0.988696 0.149933 0
    outer loop
      vertex 142.54 15.8648 4
      vertex 142.488 16.2077 3.3
      vertex 142.488 16.2077 4
    endloop
  endfacet
  facet normal 0.988696 0.149933 0
    outer loop
      vertex 142.488 16.2077 3.3
      vertex 142.54 15.8648 4
      vertex 142.54 15.8648 3.3
    endloop
  endfacet
  facet normal 0.965198 0.261522 0
    outer loop
      vertex 142.626 15.5474 4
      vertex 142.54 15.8648 3.3
      vertex 142.54 15.8648 4
    endloop
  endfacet
  facet normal 0.965198 0.261522 0
    outer loop
      vertex 142.54 15.8648 3.3
      vertex 142.626 15.5474 4
      vertex 142.626 15.5474 3.3
    endloop
  endfacet
  facet normal 0.923685 0.383153 0
    outer loop
      vertex 142.747 15.2557 4
      vertex 142.626 15.5474 3.3
      vertex 142.626 15.5474 4
    endloop
  endfacet
  facet normal 0.923685 0.383153 0
    outer loop
      vertex 142.626 15.5474 3.3
      vertex 142.747 15.2557 4
      vertex 142.747 15.2557 3.3
    endloop
  endfacet
  facet normal 0.862693 0.505728 0
    outer loop
      vertex 142.901 14.993 4
      vertex 142.747 15.2557 3.3
      vertex 142.747 15.2557 4
    endloop
  endfacet
  facet normal 0.862693 0.505728 0
    outer loop
      vertex 142.747 15.2557 3.3
      vertex 142.901 14.993 4
      vertex 142.901 14.993 3.3
    endloop
  endfacet
  facet normal 0.78001 0.625767 0
    outer loop
      vertex 143.086 14.7624 4
      vertex 142.901 14.993 3.3
      vertex 142.901 14.993 4
    endloop
  endfacet
  facet normal 0.78001 0.625767 0
    outer loop
      vertex 142.901 14.993 3.3
      vertex 143.086 14.7624 4
      vertex 143.086 14.7624 3.3
    endloop
  endfacet
  facet normal 0.674769 0.738029 -0
    outer loop
      vertex 143.303 14.564 3.3
      vertex 143.086 14.7624 4
      vertex 143.303 14.564 4
    endloop
  endfacet
  facet normal 0.674769 0.738029 0
    outer loop
      vertex 143.086 14.7624 4
      vertex 143.303 14.564 3.3
      vertex 143.086 14.7624 3.3
    endloop
  endfacet
  facet normal 0.556477 0.830863 -0
    outer loop
      vertex 143.551 14.3979 3.3
      vertex 143.303 14.564 4
      vertex 143.551 14.3979 4
    endloop
  endfacet
  facet normal 0.556477 0.830863 0
    outer loop
      vertex 143.303 14.564 4
      vertex 143.551 14.3979 3.3
      vertex 143.303 14.564 3.3
    endloop
  endfacet
  facet normal 0.429591 0.903024 -0
    outer loop
      vertex 143.827 14.2666 3.3
      vertex 143.551 14.3979 4
      vertex 143.827 14.2666 4
    endloop
  endfacet
  facet normal 0.429591 0.903024 0
    outer loop
      vertex 143.551 14.3979 4
      vertex 143.827 14.2666 3.3
      vertex 143.551 14.3979 3.3
    endloop
  endfacet
  facet normal 0.29813 0.954525 -0
    outer loop
      vertex 144.127 14.1729 3.3
      vertex 143.827 14.2666 4
      vertex 144.127 14.1729 4
    endloop
  endfacet
  facet normal 0.29813 0.954525 0
    outer loop
      vertex 143.827 14.2666 4
      vertex 144.127 14.1729 3.3
      vertex 143.827 14.2666 3.3
    endloop
  endfacet
  facet normal 0.1712 0.985236 -0
    outer loop
      vertex 144.451 14.1166 3.3
      vertex 144.127 14.1729 4
      vertex 144.451 14.1166 4
    endloop
  endfacet
  facet normal 0.1712 0.985236 0
    outer loop
      vertex 144.127 14.1729 4
      vertex 144.451 14.1166 3.3
      vertex 144.127 14.1729 3.3
    endloop
  endfacet
  facet normal 0.0537902 0.998552 -0
    outer loop
      vertex 144.8 14.0978 3.3
      vertex 144.451 14.1166 4
      vertex 144.8 14.0978 4
    endloop
  endfacet
  facet normal 0.0537902 0.998552 0
    outer loop
      vertex 144.451 14.1166 4
      vertex 144.8 14.0978 3.3
      vertex 144.451 14.1166 3.3
    endloop
  endfacet
  facet normal -0.0589616 0.99826 0
    outer loop
      vertex 145.142 14.118 3.3
      vertex 144.8 14.0978 4
      vertex 145.142 14.118 4
    endloop
  endfacet
  facet normal -0.0589616 0.99826 0
    outer loop
      vertex 144.8 14.0978 4
      vertex 145.142 14.118 3.3
      vertex 144.8 14.0978 3.3
    endloop
  endfacet
  facet normal -0.170048 0.985436 0
    outer loop
      vertex 131.047 14.1733 3.3
      vertex 130.719 14.1167 4
      vertex 131.047 14.1733 4
    endloop
  endfacet
  facet normal -0.170048 0.985436 0
    outer loop
      vertex 130.719 14.1167 4
      vertex 131.047 14.1733 3.3
      vertex 130.719 14.1167 3.3
    endloop
  endfacet
  facet normal -0.296271 0.955104 0
    outer loop
      vertex 131.351 14.2676 3.3
      vertex 131.047 14.1733 4
      vertex 131.351 14.2676 4
    endloop
  endfacet
  facet normal -0.296271 0.955104 0
    outer loop
      vertex 131.047 14.1733 4
      vertex 131.351 14.2676 3.3
      vertex 131.047 14.1733 3.3
    endloop
  endfacet
  facet normal -0.426419 0.904526 0
    outer loop
      vertex 131.631 14.3996 3.3
      vertex 131.351 14.2676 4
      vertex 131.631 14.3996 4
    endloop
  endfacet
  facet normal -0.426419 0.904526 0
    outer loop
      vertex 131.351 14.2676 4
      vertex 131.631 14.3996 3.3
      vertex 131.351 14.2676 3.3
    endloop
  endfacet
  facet normal -0.552867 0.833269 0
    outer loop
      vertex 131.883 14.5668 3.3
      vertex 131.631 14.3996 4
      vertex 131.883 14.5668 4
    endloop
  endfacet
  facet normal -0.552867 0.833269 0
    outer loop
      vertex 131.631 14.3996 4
      vertex 131.883 14.5668 3.3
      vertex 131.631 14.3996 3.3
    endloop
  endfacet
  facet normal -0.670632 0.74179 0
    outer loop
      vertex 132.104 14.7666 3.3
      vertex 131.883 14.5668 4
      vertex 132.104 14.7666 4
    endloop
  endfacet
  facet normal -0.670632 0.74179 0
    outer loop
      vertex 131.883 14.5668 4
      vertex 132.104 14.7666 3.3
      vertex 131.883 14.5668 3.3
    endloop
  endfacet
  facet normal -0.774328 0.632784 0
    outer loop
      vertex 132.104 14.7666 3.3
      vertex 132.294 14.9991 4
      vertex 132.294 14.9991 3.3
    endloop
  endfacet
  facet normal -0.774328 0.632784 0
    outer loop
      vertex 132.294 14.9991 4
      vertex 132.104 14.7666 3.3
      vertex 132.104 14.7666 4
    endloop
  endfacet
  facet normal -0.857579 0.514353 0
    outer loop
      vertex 132.294 14.9991 3.3
      vertex 132.453 15.2642 4
      vertex 132.453 15.2642 3.3
    endloop
  endfacet
  facet normal -0.857579 0.514353 0
    outer loop
      vertex 132.453 15.2642 4
      vertex 132.294 14.9991 3.3
      vertex 132.294 14.9991 4
    endloop
  endfacet
  facet normal -0.918707 0.39494 0
    outer loop
      vertex 132.453 15.2642 3.3
      vertex 132.579 15.5573 4
      vertex 132.579 15.5573 3.3
    endloop
  endfacet
  facet normal -0.918707 0.39494 0
    outer loop
      vertex 132.579 15.5573 4
      vertex 132.453 15.2642 3.3
      vertex 132.453 15.2642 4
    endloop
  endfacet
  facet normal -0.962641 0.270781 0
    outer loop
      vertex 132.579 15.5573 3.3
      vertex 132.668 15.8737 4
      vertex 132.668 15.8737 3.3
    endloop
  endfacet
  facet normal -0.962641 0.270781 0
    outer loop
      vertex 132.668 15.8737 4
      vertex 132.579 15.5573 3.3
      vertex 132.579 15.5573 4
    endloop
  endfacet
  facet normal -0.9876 0.156993 0
    outer loop
      vertex 132.668 15.8737 3.3
      vertex 132.722 16.2134 4
      vertex 132.722 16.2134 3.3
    endloop
  endfacet
  facet normal -0.9876 0.156993 0
    outer loop
      vertex 132.722 16.2134 4
      vertex 132.668 15.8737 3.3
      vertex 132.668 15.8737 4
    endloop
  endfacet
  facet normal -0.998773 0.0495259 0
    outer loop
      vertex 132.722 16.2134 3.3
      vertex 132.74 16.5764 4
      vertex 132.74 16.5764 3.3
    endloop
  endfacet
  facet normal -0.998773 0.0495259 0
    outer loop
      vertex 132.74 16.5764 4
      vertex 132.722 16.2134 3.3
      vertex 132.722 16.2134 4
    endloop
  endfacet
  facet normal -0.998778 -0.0494173 0
    outer loop
      vertex 132.74 16.5764 3.3
      vertex 132.722 16.9402 4
      vertex 132.722 16.9402 3.3
    endloop
  endfacet
  facet normal -0.998778 -0.0494173 0
    outer loop
      vertex 132.722 16.9402 4
      vertex 132.74 16.5764 3.3
      vertex 132.74 16.5764 4
    endloop
  endfacet
  facet normal -0.987991 -0.15451 0
    outer loop
      vertex 132.722 16.9402 3.3
      vertex 132.669 17.2791 4
      vertex 132.669 17.2791 3.3
    endloop
  endfacet
  facet normal -0.987991 -0.15451 0
    outer loop
      vertex 132.669 17.2791 4
      vertex 132.722 16.9402 3.3
      vertex 132.722 16.9402 4
    endloop
  endfacet
  facet normal -0.962054 -0.272858 0
    outer loop
      vertex 132.669 17.2791 3.3
      vertex 132.58 17.5929 4
      vertex 132.58 17.5929 3.3
    endloop
  endfacet
  facet normal -0.962054 -0.272858 0
    outer loop
      vertex 132.58 17.5929 4
      vertex 132.669 17.2791 3.3
      vertex 132.669 17.2791 4
    endloop
  endfacet
  facet normal -0.920032 -0.391842 0
    outer loop
      vertex 132.58 17.5929 3.3
      vertex 132.457 17.8817 4
      vertex 132.457 17.8817 3.3
    endloop
  endfacet
  facet normal -0.920032 -0.391842 0
    outer loop
      vertex 132.457 17.8817 4
      vertex 132.58 17.5929 3.3
      vertex 132.58 17.5929 4
    endloop
  endfacet
  facet normal -0.85449 -0.519467 0
    outer loop
      vertex 132.457 17.8817 3.3
      vertex 132.299 18.1416 4
      vertex 132.299 18.1416 3.3
    endloop
  endfacet
  facet normal -0.85449 -0.519467 0
    outer loop
      vertex 132.299 18.1416 4
      vertex 132.457 17.8817 3.3
      vertex 132.457 17.8817 4
    endloop
  endfacet
  facet normal -0.768637 -0.639685 0
    outer loop
      vertex 132.299 18.1416 3.3
      vertex 132.11 18.3687 4
      vertex 132.11 18.3687 3.3
    endloop
  endfacet
  facet normal -0.768637 -0.639685 0
    outer loop
      vertex 132.11 18.3687 4
      vertex 132.299 18.1416 3.3
      vertex 132.299 18.1416 4
    endloop
  endfacet
  facet normal -0.661779 -0.749699 0
    outer loop
      vertex 131.89 18.5629 3.3
      vertex 132.11 18.3687 4
      vertex 131.89 18.5629 4
    endloop
  endfacet
  facet normal -0.661779 -0.749699 -0
    outer loop
      vertex 132.11 18.3687 4
      vertex 131.89 18.5629 3.3
      vertex 132.11 18.3687 3.3
    endloop
  endfacet
  facet normal -0.539338 -0.842089 0
    outer loop
      vertex 131.638 18.7243 3.3
      vertex 131.89 18.5629 4
      vertex 131.638 18.7243 4
    endloop
  endfacet
  facet normal -0.539338 -0.842089 -0
    outer loop
      vertex 131.89 18.5629 4
      vertex 131.638 18.7243 3.3
      vertex 131.89 18.5629 3.3
    endloop
  endfacet
  facet normal -0.412798 -0.910823 0
    outer loop
      vertex 131.358 18.8512 3.3
      vertex 131.638 18.7243 4
      vertex 131.358 18.8512 4
    endloop
  endfacet
  facet normal -0.412798 -0.910823 -0
    outer loop
      vertex 131.638 18.7243 4
      vertex 131.358 18.8512 3.3
      vertex 131.638 18.7243 3.3
    endloop
  endfacet
  facet normal -0.285323 -0.958432 0
    outer loop
      vertex 131.054 18.9417 3.3
      vertex 131.358 18.8512 4
      vertex 131.054 18.9417 4
    endloop
  endfacet
  facet normal -0.285323 -0.958432 -0
    outer loop
      vertex 131.358 18.8512 4
      vertex 131.054 18.9417 3.3
      vertex 131.358 18.8512 3.3
    endloop
  endfacet
  facet normal -0.163619 -0.986524 0
    outer loop
      vertex 130.726 18.9961 3.3
      vertex 131.054 18.9417 4
      vertex 130.726 18.9961 4
    endloop
  endfacet
  facet normal -0.163619 -0.986524 -0
    outer loop
      vertex 131.054 18.9417 4
      vertex 130.726 18.9961 3.3
      vertex 131.054 18.9417 3.3
    endloop
  endfacet
  facet normal -0.0512075 -0.998688 0
    outer loop
      vertex 130.373 19.0142 3.3
      vertex 130.726 18.9961 4
      vertex 130.373 19.0142 4
    endloop
  endfacet
  facet normal -0.0512075 -0.998688 -0
    outer loop
      vertex 130.726 18.9961 4
      vertex 130.373 19.0142 3.3
      vertex 130.726 18.9961 3.3
    endloop
  endfacet
  facet normal 0.0761488 -0.997096 0
    outer loop
      vertex 129.844 18.9738 3.3
      vertex 130.373 19.0142 4
      vertex 129.844 18.9738 4
    endloop
  endfacet
  facet normal 0.0761488 -0.997096 0
    outer loop
      vertex 130.373 19.0142 4
      vertex 129.844 18.9738 3.3
      vertex 130.373 19.0142 3.3
    endloop
  endfacet
  facet normal 0.251013 -0.967984 0
    outer loop
      vertex 129.377 18.8527 3.3
      vertex 129.844 18.9738 4
      vertex 129.377 18.8527 4
    endloop
  endfacet
  facet normal 0.251013 -0.967984 0
    outer loop
      vertex 129.844 18.9738 4
      vertex 129.377 18.8527 3.3
      vertex 129.844 18.9738 3.3
    endloop
  endfacet
  facet normal 0.445095 -0.895483 0
    outer loop
      vertex 128.971 18.6509 3.3
      vertex 129.377 18.8527 4
      vertex 128.971 18.6509 4
    endloop
  endfacet
  facet normal 0.445095 -0.895483 0
    outer loop
      vertex 129.377 18.8527 4
      vertex 128.971 18.6509 3.3
      vertex 129.377 18.8527 3.3
    endloop
  endfacet
  facet normal 0.634778 -0.772695 0
    outer loop
      vertex 128.627 18.3683 3.3
      vertex 128.971 18.6509 4
      vertex 128.627 18.3683 4
    endloop
  endfacet
  facet normal 0.634778 -0.772695 0
    outer loop
      vertex 128.971 18.6509 4
      vertex 128.627 18.3683 3.3
      vertex 128.971 18.6509 3.3
    endloop
  endfacet
  facet normal 0.78988 -0.613261 0
    outer loop
      vertex 128.352 18.0141 4
      vertex 128.627 18.3683 3.3
      vertex 128.627 18.3683 4
    endloop
  endfacet
  facet normal 0.78988 -0.613261 0
    outer loop
      vertex 128.627 18.3683 3.3
      vertex 128.352 18.0141 4
      vertex 128.352 18.0141 3.3
    endloop
  endfacet
  facet normal 0.904937 -0.425546 0
    outer loop
      vertex 128.156 17.5973 4
      vertex 128.352 18.0141 3.3
      vertex 128.352 18.0141 4
    endloop
  endfacet
  facet normal 0.904937 -0.425546 0
    outer loop
      vertex 128.352 18.0141 3.3
      vertex 128.156 17.5973 4
      vertex 128.156 17.5973 3.3
    endloop
  endfacet
  facet normal 0.971463 -0.23719 0
    outer loop
      vertex 128.039 17.1181 4
      vertex 128.156 17.5973 3.3
      vertex 128.156 17.5973 4
    endloop
  endfacet
  facet normal 0.971463 -0.23719 0
    outer loop
      vertex 128.156 17.5973 3.3
      vertex 128.039 17.1181 4
      vertex 128.039 17.1181 3.3
    endloop
  endfacet
  facet normal 0.997418 -0.0718097 0
    outer loop
      vertex 128 16.5764 4
      vertex 128.039 17.1181 3.3
      vertex 128.039 17.1181 4
    endloop
  endfacet
  facet normal 0.997418 -0.0718097 0
    outer loop
      vertex 128.039 17.1181 3.3
      vertex 128 16.5764 4
      vertex 128 16.5764 3.3
    endloop
  endfacet
  facet normal 0.998915 0.0465758 0
    outer loop
      vertex 128.017 16.2118 4
      vertex 128 16.5764 3.3
      vertex 128 16.5764 4
    endloop
  endfacet
  facet normal 0.998915 0.0465758 0
    outer loop
      vertex 128 16.5764 3.3
      vertex 128.017 16.2118 4
      vertex 128.017 16.2118 3.3
    endloop
  endfacet
  facet normal 0.988143 0.153537 0
    outer loop
      vertex 128.07 15.8707 4
      vertex 128.017 16.2118 3.3
      vertex 128.017 16.2118 4
    endloop
  endfacet
  facet normal 0.988143 0.153537 0
    outer loop
      vertex 128.017 16.2118 3.3
      vertex 128.07 15.8707 4
      vertex 128.07 15.8707 3.3
    endloop
  endfacet
  facet normal 0.963692 0.267018 0
    outer loop
      vertex 128.158 15.5531 4
      vertex 128.07 15.8707 3.3
      vertex 128.07 15.8707 4
    endloop
  endfacet
  facet normal 0.963692 0.267018 0
    outer loop
      vertex 128.07 15.8707 3.3
      vertex 128.158 15.5531 4
      vertex 128.158 15.5531 3.3
    endloop
  endfacet
  facet normal 0.922519 0.385952 0
    outer loop
      vertex 128.281 15.2591 4
      vertex 128.158 15.5531 3.3
      vertex 128.158 15.5531 4
    endloop
  endfacet
  facet normal 0.922519 0.385952 0
    outer loop
      vertex 128.158 15.5531 3.3
      vertex 128.281 15.2591 4
      vertex 128.281 15.2591 3.3
    endloop
  endfacet
  facet normal 0.860849 0.50886 0
    outer loop
      vertex 128.438 14.9935 4
      vertex 128.281 15.2591 3.3
      vertex 128.281 15.2591 4
    endloop
  endfacet
  facet normal 0.860849 0.50886 0
    outer loop
      vertex 128.281 15.2591 3.3
      vertex 128.438 14.9935 4
      vertex 128.438 14.9935 3.3
    endloop
  endfacet
  facet normal 0.777463 0.628929 0
    outer loop
      vertex 128.626 14.7611 4
      vertex 128.438 14.9935 3.3
      vertex 128.438 14.9935 4
    endloop
  endfacet
  facet normal 0.777463 0.628929 0
    outer loop
      vertex 128.438 14.9935 3.3
      vertex 128.626 14.7611 4
      vertex 128.626 14.7611 3.3
    endloop
  endfacet
  facet normal 0.67269 0.739925 -0
    outer loop
      vertex 128.845 14.562 3.3
      vertex 128.626 14.7611 4
      vertex 128.845 14.562 4
    endloop
  endfacet
  facet normal 0.67269 0.739925 0
    outer loop
      vertex 128.626 14.7611 4
      vertex 128.845 14.562 3.3
      vertex 128.626 14.7611 3.3
    endloop
  endfacet
  facet normal 0.549641 0.835401 -0
    outer loop
      vertex 129.097 14.3962 3.3
      vertex 128.845 14.562 4
      vertex 129.097 14.3962 4
    endloop
  endfacet
  facet normal 0.549641 0.835401 0
    outer loop
      vertex 128.845 14.562 4
      vertex 129.097 14.3962 3.3
      vertex 128.845 14.562 3.3
    endloop
  endfacet
  facet normal 0.423685 0.90581 -0
    outer loop
      vertex 129.376 14.2657 3.3
      vertex 129.097 14.3962 4
      vertex 129.376 14.2657 4
    endloop
  endfacet
  facet normal 0.423685 0.90581 0
    outer loop
      vertex 129.097 14.3962 4
      vertex 129.376 14.2657 3.3
      vertex 129.097 14.3962 3.3
    endloop
  endfacet
  facet normal 0.292521 0.956259 -0
    outer loop
      vertex 129.681 14.1724 3.3
      vertex 129.376 14.2657 4
      vertex 129.681 14.1724 4
    endloop
  endfacet
  facet normal 0.292521 0.956259 0
    outer loop
      vertex 129.376 14.2657 4
      vertex 129.681 14.1724 3.3
      vertex 129.376 14.2657 3.3
    endloop
  endfacet
  facet normal 0.167015 0.985954 -0
    outer loop
      vertex 130.011 14.1165 3.3
      vertex 129.681 14.1724 4
      vertex 130.011 14.1165 4
    endloop
  endfacet
  facet normal 0.167015 0.985954 0
    outer loop
      vertex 129.681 14.1724 4
      vertex 130.011 14.1165 3.3
      vertex 129.681 14.1724 3.3
    endloop
  endfacet
  facet normal 0.0526031 0.998615 -0
    outer loop
      vertex 130.366 14.0978 3.3
      vertex 130.011 14.1165 4
      vertex 130.366 14.0978 4
    endloop
  endfacet
  facet normal 0.0526031 0.998615 0
    outer loop
      vertex 130.011 14.1165 4
      vertex 130.366 14.0978 3.3
      vertex 130.011 14.1165 3.3
    endloop
  endfacet
  facet normal -0.0534645 0.99857 0
    outer loop
      vertex 130.719 14.1167 3.3
      vertex 130.366 14.0978 4
      vertex 130.719 14.1167 4
    endloop
  endfacet
  facet normal -0.0534645 0.99857 0
    outer loop
      vertex 130.366 14.0978 4
      vertex 130.719 14.1167 3.3
      vertex 130.366 14.0978 3.3
    endloop
  endfacet
  facet normal -0.282367 -0.959306 0
    outer loop
      vertex 129.65 14.7552 3.3
      vertex 129.986 14.6563 4
      vertex 129.65 14.7552 4
    endloop
  endfacet
  facet normal -0.282367 -0.959306 -0
    outer loop
      vertex 129.986 14.6563 4
      vertex 129.65 14.7552 3.3
      vertex 129.986 14.6563 3.3
    endloop
  endfacet
  facet normal -0.491281 -0.871001 0
    outer loop
      vertex 129.358 14.9199 3.3
      vertex 129.65 14.7552 4
      vertex 129.358 14.9199 4
    endloop
  endfacet
  facet normal -0.491281 -0.871001 -0
    outer loop
      vertex 129.65 14.7552 4
      vertex 129.358 14.9199 3.3
      vertex 129.65 14.7552 3.3
    endloop
  endfacet
  facet normal -0.681108 -0.732183 0
    outer loop
      vertex 129.11 15.1506 3.3
      vertex 129.358 14.9199 4
      vertex 129.11 15.1506 4
    endloop
  endfacet
  facet normal -0.681108 -0.732183 -0
    outer loop
      vertex 129.358 14.9199 4
      vertex 129.11 15.1506 3.3
      vertex 129.358 14.9199 3.3
    endloop
  endfacet
  facet normal -0.822935 -0.568135 0
    outer loop
      vertex 129.11 15.1506 3.3
      vertex 128.912 15.4374 4
      vertex 128.912 15.4374 3.3
    endloop
  endfacet
  facet normal -0.822935 -0.568135 0
    outer loop
      vertex 128.912 15.4374 4
      vertex 129.11 15.1506 3.3
      vertex 129.11 15.1506 4
    endloop
  endfacet
  facet normal -0.920979 -0.389613 0
    outer loop
      vertex 128.912 15.4374 3.3
      vertex 128.771 15.7707 4
      vertex 128.771 15.7707 3.3
    endloop
  endfacet
  facet normal -0.920979 -0.389613 0
    outer loop
      vertex 128.771 15.7707 4
      vertex 128.912 15.4374 3.3
      vertex 128.912 15.4374 4
    endloop
  endfacet
  facet normal -0.975835 -0.218509 0
    outer loop
      vertex 128.771 15.7707 3.3
      vertex 128.686 16.1503 4
      vertex 128.686 16.1503 3.3
    endloop
  endfacet
  facet normal -0.975835 -0.218509 0
    outer loop
      vertex 128.686 16.1503 4
      vertex 128.771 15.7707 3.3
      vertex 128.771 15.7707 4
    endloop
  endfacet
  facet normal -0.997692 -0.0679021 0
    outer loop
      vertex 128.686 16.1503 3.3
      vertex 128.657 16.5764 4
      vertex 128.657 16.5764 3.3
    endloop
  endfacet
  facet normal -0.997692 -0.0679021 0
    outer loop
      vertex 128.657 16.5764 4
      vertex 128.686 16.1503 3.3
      vertex 128.686 16.1503 4
    endloop
  endfacet
  facet normal -0.997861 0.0653723 0
    outer loop
      vertex 128.657 16.5764 3.3
      vertex 128.685 17.0038 4
      vertex 128.685 17.0038 3.3
    endloop
  endfacet
  facet normal -0.997861 0.0653723 0
    outer loop
      vertex 128.685 17.0038 4
      vertex 128.657 16.5764 3.3
      vertex 128.657 16.5764 4
    endloop
  endfacet
  facet normal -0.976065 0.217479 0
    outer loop
      vertex 128.685 17.0038 3.3
      vertex 128.769 17.3808 4
      vertex 128.769 17.3808 3.3
    endloop
  endfacet
  facet normal -0.976065 0.217479 0
    outer loop
      vertex 128.769 17.3808 4
      vertex 128.685 17.0038 3.3
      vertex 128.685 17.0038 4
    endloop
  endfacet
  facet normal -0.919116 0.393987 0
    outer loop
      vertex 128.769 17.3808 3.3
      vertex 128.909 17.7074 4
      vertex 128.909 17.7074 3.3
    endloop
  endfacet
  facet normal -0.919116 0.393987 0
    outer loop
      vertex 128.909 17.7074 4
      vertex 128.769 17.3808 3.3
      vertex 128.769 17.3808 4
    endloop
  endfacet
  facet normal -0.815426 0.578861 0
    outer loop
      vertex 128.909 17.7074 3.3
      vertex 129.105 17.9835 4
      vertex 129.105 17.9835 3.3
    endloop
  endfacet
  facet normal -0.815426 0.578861 0
    outer loop
      vertex 129.105 17.9835 4
      vertex 128.909 17.7074 3.3
      vertex 128.909 17.7074 4
    endloop
  endfacet
  facet normal -0.66427 0.747493 0
    outer loop
      vertex 129.352 18.203 3.3
      vertex 129.105 17.9835 4
      vertex 129.352 18.203 4
    endloop
  endfacet
  facet normal -0.66427 0.747493 0
    outer loop
      vertex 129.105 17.9835 4
      vertex 129.352 18.203 3.3
      vertex 129.105 17.9835 3.3
    endloop
  endfacet
  facet normal -0.470588 0.882353 0
    outer loop
      vertex 129.646 18.3598 3.3
      vertex 129.352 18.203 4
      vertex 129.646 18.3598 4
    endloop
  endfacet
  facet normal -0.470588 0.882353 0
    outer loop
      vertex 129.352 18.203 4
      vertex 129.646 18.3598 3.3
      vertex 129.352 18.203 3.3
    endloop
  endfacet
  facet normal -0.266737 0.963769 0
    outer loop
      vertex 129.986 18.4539 3.3
      vertex 129.646 18.3598 4
      vertex 129.986 18.4539 4
    endloop
  endfacet
  facet normal -0.266737 0.963769 0
    outer loop
      vertex 129.646 18.3598 4
      vertex 129.986 18.4539 3.3
      vertex 129.646 18.3598 3.3
    endloop
  endfacet
  facet normal -0.0808712 0.996725 0
    outer loop
      vertex 130.373 18.4853 3.3
      vertex 129.986 18.4539 4
      vertex 130.373 18.4853 4
    endloop
  endfacet
  facet normal -0.0808712 0.996725 0
    outer loop
      vertex 129.986 18.4539 4
      vertex 130.373 18.4853 3.3
      vertex 129.986 18.4539 3.3
    endloop
  endfacet
  facet normal 0.08253 0.996589 -0
    outer loop
      vertex 130.757 18.4535 3.3
      vertex 130.373 18.4853 4
      vertex 130.757 18.4535 4
    endloop
  endfacet
  facet normal 0.08253 0.996589 0
    outer loop
      vertex 130.373 18.4853 4
      vertex 130.757 18.4535 3.3
      vertex 130.373 18.4853 3.3
    endloop
  endfacet
  facet normal 0.271636 0.9624 -0
    outer loop
      vertex 131.095 18.3581 3.3
      vertex 130.757 18.4535 4
      vertex 131.095 18.3581 4
    endloop
  endfacet
  facet normal 0.271636 0.9624 0
    outer loop
      vertex 130.757 18.4535 4
      vertex 131.095 18.3581 3.3
      vertex 130.757 18.4535 3.3
    endloop
  endfacet
  facet normal 0.477988 0.878366 -0
    outer loop
      vertex 131.387 18.1992 3.3
      vertex 131.095 18.3581 4
      vertex 131.387 18.1992 4
    endloop
  endfacet
  facet normal 0.477988 0.878366 0
    outer loop
      vertex 131.095 18.3581 4
      vertex 131.387 18.1992 3.3
      vertex 131.095 18.3581 3.3
    endloop
  endfacet
  facet normal 0.670795 0.741643 -0
    outer loop
      vertex 131.633 17.9767 3.3
      vertex 131.387 18.1992 4
      vertex 131.633 17.9767 4
    endloop
  endfacet
  facet normal 0.670795 0.741643 0
    outer loop
      vertex 131.387 18.1992 4
      vertex 131.633 17.9767 3.3
      vertex 131.387 18.1992 3.3
    endloop
  endfacet
  facet normal 0.818969 0.573838 0
    outer loop
      vertex 131.828 17.6984 4
      vertex 131.633 17.9767 3.3
      vertex 131.633 17.9767 4
    endloop
  endfacet
  facet normal 0.818969 0.573838 0
    outer loop
      vertex 131.633 17.9767 3.3
      vertex 131.828 17.6984 4
      vertex 131.828 17.6984 3.3
    endloop
  endfacet
  facet normal 0.919917 0.392114 0
    outer loop
      vertex 131.967 17.3723 4
      vertex 131.828 17.6984 3.3
      vertex 131.828 17.6984 4
    endloop
  endfacet
  facet normal 0.919917 0.392114 0
    outer loop
      vertex 131.828 17.6984 3.3
      vertex 131.967 17.3723 4
      vertex 131.967 17.3723 3.3
    endloop
  endfacet
  facet normal 0.975693 0.21914 0
    outer loop
      vertex 132.051 16.9983 4
      vertex 131.967 17.3723 3.3
      vertex 131.967 17.3723 4
    endloop
  endfacet
  facet normal 0.975693 0.21914 0
    outer loop
      vertex 131.967 17.3723 3.3
      vertex 132.051 16.9983 4
      vertex 132.051 16.9983 3.3
    endloop
  endfacet
  facet normal 0.997805 0.0662208 0
    outer loop
      vertex 132.079 16.5764 4
      vertex 132.051 16.9983 3.3
      vertex 132.051 16.9983 4
    endloop
  endfacet
  facet normal 0.997805 0.0662208 0
    outer loop
      vertex 132.051 16.9983 3.3
      vertex 132.079 16.5764 4
      vertex 132.079 16.5764 3.3
    endloop
  endfacet
  facet normal 0.99798 -0.0635223 0
    outer loop
      vertex 132.051 16.1365 4
      vertex 132.079 16.5764 3.3
      vertex 132.079 16.5764 4
    endloop
  endfacet
  facet normal 0.99798 -0.0635223 0
    outer loop
      vertex 132.079 16.5764 3.3
      vertex 132.051 16.1365 4
      vertex 132.051 16.1365 3.3
    endloop
  endfacet
  facet normal 0.977765 -0.209702 0
    outer loop
      vertex 131.968 15.7495 4
      vertex 132.051 16.1365 3.3
      vertex 132.051 16.1365 4
    endloop
  endfacet
  facet normal 0.977765 -0.209702 0
    outer loop
      vertex 132.051 16.1365 3.3
      vertex 131.968 15.7495 4
      vertex 131.968 15.7495 3.3
    endloop
  endfacet
  facet normal 0.92434 -0.38157 0
    outer loop
      vertex 131.83 15.4152 4
      vertex 131.968 15.7495 3.3
      vertex 131.968 15.7495 4
    endloop
  endfacet
  facet normal 0.92434 -0.38157 0
    outer loop
      vertex 131.968 15.7495 3.3
      vertex 131.83 15.4152 4
      vertex 131.83 15.4152 3.3
    endloop
  endfacet
  facet normal 0.823495 -0.567323 0
    outer loop
      vertex 131.636 15.1336 4
      vertex 131.83 15.4152 3.3
      vertex 131.83 15.4152 4
    endloop
  endfacet
  facet normal 0.823495 -0.567323 0
    outer loop
      vertex 131.83 15.4152 3.3
      vertex 131.636 15.1336 4
      vertex 131.636 15.1336 3.3
    endloop
  endfacet
  facet normal 0.673453 -0.73923 0
    outer loop
      vertex 131.391 14.9104 3.3
      vertex 131.636 15.1336 4
      vertex 131.391 14.9104 4
    endloop
  endfacet
  facet normal 0.673453 -0.73923 0
    outer loop
      vertex 131.636 15.1336 4
      vertex 131.391 14.9104 3.3
      vertex 131.636 15.1336 3.3
    endloop
  endfacet
  facet normal 0.476861 -0.878979 0
    outer loop
      vertex 131.097 14.7509 3.3
      vertex 131.391 14.9104 4
      vertex 131.097 14.7509 4
    endloop
  endfacet
  facet normal 0.476861 -0.878979 0
    outer loop
      vertex 131.391 14.9104 4
      vertex 131.097 14.7509 3.3
      vertex 131.391 14.9104 3.3
    endloop
  endfacet
  facet normal 0.269944 -0.962876 0
    outer loop
      vertex 130.756 14.6553 3.3
      vertex 131.097 14.7509 4
      vertex 130.756 14.6553 4
    endloop
  endfacet
  facet normal 0.269944 -0.962876 0
    outer loop
      vertex 131.097 14.7509 4
      vertex 130.756 14.6553 3.3
      vertex 131.097 14.7509 3.3
    endloop
  endfacet
  facet normal 0.0815226 -0.996671 0
    outer loop
      vertex 130.366 14.6234 3.3
      vertex 130.756 14.6553 4
      vertex 130.366 14.6234 4
    endloop
  endfacet
  facet normal 0.0815226 -0.996671 0
    outer loop
      vertex 130.756 14.6553 4
      vertex 130.366 14.6234 3.3
      vertex 130.756 14.6553 3.3
    endloop
  endfacet
  facet normal -0.0862563 -0.996273 0
    outer loop
      vertex 129.986 14.6563 3.3
      vertex 130.366 14.6234 4
      vertex 129.986 14.6563 4
    endloop
  endfacet
  facet normal -0.0862563 -0.996273 -0
    outer loop
      vertex 130.366 14.6234 4
      vertex 129.986 14.6563 3.3
      vertex 130.366 14.6234 3.3
    endloop
  endfacet
  facet normal 0 -1 0
    outer loop
      vertex 134.163 14.6946 3.3
      vertex 136.577 14.6946 4
      vertex 134.163 14.6946 4
    endloop
  endfacet
  facet normal 0 -1 -0
    outer loop
      vertex 136.577 14.6946 4
      vertex 134.163 14.6946 3.3
      vertex 136.577 14.6946 3.3
    endloop
  endfacet
  facet normal -1 0 0
    outer loop
      vertex 134.163 14.6946 3.3
      vertex 134.163 18.943 4
      vertex 134.163 18.943 3.3
    endloop
  endfacet
  facet normal -1 -0 0
    outer loop
      vertex 134.163 18.943 4
      vertex 134.163 14.6946 3.3
      vertex 134.163 14.6946 4
    endloop
  endfacet
  facet normal 0 -1 0
    outer loop
      vertex 133.515 18.943 3.3
      vertex 134.163 18.943 4
      vertex 133.515 18.943 4
    endloop
  endfacet
  facet normal 0 -1 -0
    outer loop
      vertex 134.163 18.943 4
      vertex 133.515 18.943 3.3
      vertex 134.163 18.943 3.3
    endloop
  endfacet
  facet normal 1 -0 0
    outer loop
      vertex 133.515 14.1656 4
      vertex 133.515 18.943 3.3
      vertex 133.515 18.943 4
    endloop
  endfacet
  facet normal 1 0 0
    outer loop
      vertex 133.515 18.943 3.3
      vertex 133.515 14.1656 4
      vertex 133.515 14.1656 3.3
    endloop
  endfacet
  facet normal 0 1 -0
    outer loop
      vertex 136.577 14.1656 3.3
      vertex 133.515 14.1656 4
      vertex 136.577 14.1656 4
    endloop
  endfacet
  facet normal 0 1 0
    outer loop
      vertex 133.515 14.1656 4
      vertex 136.577 14.1656 3.3
      vertex 133.515 14.1656 3.3
    endloop
  endfacet
  facet normal -1 0 0
    outer loop
      vertex 136.577 14.1656 3.3
      vertex 136.577 14.6946 4
      vertex 136.577 14.6946 3.3
    endloop
  endfacet
  facet normal -1 -0 0
    outer loop
      vertex 136.577 14.6946 4
      vertex 136.577 14.1656 3.3
      vertex 136.577 14.1656 4
    endloop
  endfacet
  facet normal 0 -1 0
    outer loop
      vertex 166.694 14.6946 3.3
      vertex 169.81 14.6946 4
      vertex 166.694 14.6946 4
    endloop
  endfacet
  facet normal 0 -1 -0
    outer loop
      vertex 169.81 14.6946 4
      vertex 166.694 14.6946 3.3
      vertex 169.81 14.6946 3.3
    endloop
  endfacet
  facet normal -1 0 0
    outer loop
      vertex 166.694 14.6946 3.3
      vertex 166.694 16.3594 4
      vertex 166.694 16.3594 3.3
    endloop
  endfacet
  facet normal -1 -0 0
    outer loop
      vertex 166.694 16.3594 4
      vertex 166.694 14.6946 3.3
      vertex 166.694 14.6946 4
    endloop
  endfacet
  facet normal 0 1 -0
    outer loop
      vertex 169.467 16.3594 3.3
      vertex 166.694 16.3594 4
      vertex 169.467 16.3594 4
    endloop
  endfacet
  facet normal 0 1 0
    outer loop
      vertex 166.694 16.3594 4
      vertex 169.467 16.3594 3.3
      vertex 166.694 16.3594 3.3
    endloop
  endfacet
  facet normal -1 0 0
    outer loop
      vertex 169.467 16.3594 3.3
      vertex 169.467 16.8815 4
      vertex 169.467 16.8815 3.3
    endloop
  endfacet
  facet normal -1 -0 0
    outer loop
      vertex 169.467 16.8815 4
      vertex 169.467 16.3594 3.3
      vertex 169.467 16.3594 4
    endloop
  endfacet
  facet normal 0 -1 0
    outer loop
      vertex 166.694 16.8815 3.3
      vertex 169.467 16.8815 4
      vertex 166.694 16.8815 4
    endloop
  endfacet
  facet normal 0 -1 -0
    outer loop
      vertex 169.467 16.8815 4
      vertex 166.694 16.8815 3.3
      vertex 169.467 16.8815 3.3
    endloop
  endfacet
  facet normal -1 0 0
    outer loop
      vertex 166.694 16.8815 3.3
      vertex 166.694 18.4141 4
      vertex 166.694 18.4141 3.3
    endloop
  endfacet
  facet normal -1 -0 0
    outer loop
      vertex 166.694 18.4141 4
      vertex 166.694 16.8815 3.3
      vertex 166.694 16.8815 4
    endloop
  endfacet
  facet normal 0 1 -0
    outer loop
      vertex 169.671 18.4141 3.3
      vertex 166.694 18.4141 4
      vertex 169.671 18.4141 4
    endloop
  endfacet
  facet normal 0 1 0
    outer loop
      vertex 166.694 18.4141 4
      vertex 169.671 18.4141 3.3
      vertex 166.694 18.4141 3.3
    endloop
  endfacet
  facet normal -1 0 0
    outer loop
      vertex 169.671 18.4141 3.3
      vertex 169.671 18.943 4
      vertex 169.671 18.943 3.3
    endloop
  endfacet
  facet normal -1 -0 0
    outer loop
      vertex 169.671 18.943 4
      vertex 169.671 18.4141 3.3
      vertex 169.671 18.4141 4
    endloop
  endfacet
  facet normal 0 -1 0
    outer loop
      vertex 166.046 18.943 3.3
      vertex 169.671 18.943 4
      vertex 166.046 18.943 4
    endloop
  endfacet
  facet normal 0 -1 -0
    outer loop
      vertex 169.671 18.943 4
      vertex 166.046 18.943 3.3
      vertex 169.671 18.943 3.3
    endloop
  endfacet
  facet normal 1 -0 0
    outer loop
      vertex 166.046 14.1656 4
      vertex 166.046 18.943 3.3
      vertex 166.046 18.943 4
    endloop
  endfacet
  facet normal 1 0 0
    outer loop
      vertex 166.046 18.943 3.3
      vertex 166.046 14.1656 4
      vertex 166.046 14.1656 3.3
    endloop
  endfacet
  facet normal 0 1 -0
    outer loop
      vertex 169.81 14.1656 3.3
      vertex 166.046 14.1656 4
      vertex 169.81 14.1656 4
    endloop
  endfacet
  facet normal 0 1 0
    outer loop
      vertex 166.046 14.1656 4
      vertex 169.81 14.1656 3.3
      vertex 166.046 14.1656 3.3
    endloop
  endfacet
  facet normal -1 0 0
    outer loop
      vertex 169.81 14.1656 3.3
      vertex 169.81 14.6946 4
      vertex 169.81 14.6946 3.3
    endloop
  endfacet
  facet normal -1 -0 0
    outer loop
      vertex 169.81 14.6946 4
      vertex 169.81 14.1656 3.3
      vertex 169.81 14.1656 4
    endloop
  endfacet
  facet normal 0 1 -0
    outer loop
      vertex 163.285 16.1491 3.3
      vertex 161.796 16.1491 4
      vertex 163.285 16.1491 4
    endloop
  endfacet
  facet normal 0 1 0
    outer loop
      vertex 161.796 16.1491 4
      vertex 163.285 16.1491 3.3
      vertex 161.796 16.1491 3.3
    endloop
  endfacet
  facet normal 0.847746 0.530402 0
    outer loop
      vertex 164.526 14.1656 4
      vertex 163.285 16.1491 3.3
      vertex 163.285 16.1491 4
    endloop
  endfacet
  facet normal 0.847746 0.530402 0
    outer loop
      vertex 163.285 16.1491 3.3
      vertex 164.526 14.1656 4
      vertex 164.526 14.1656 3.3
    endloop
  endfacet
  facet normal 0 1 -0
    outer loop
      vertex 165.272 14.1656 3.3
      vertex 164.526 14.1656 4
      vertex 165.272 14.1656 4
    endloop
  endfacet
  facet normal 0 1 0
    outer loop
      vertex 164.526 14.1656 4
      vertex 165.272 14.1656 3.3
      vertex 164.526 14.1656 3.3
    endloop
  endfacet
  facet normal -0.835047 -0.550179 0
    outer loop
      vertex 165.272 14.1656 3.3
      vertex 163.916 16.2237 4
      vertex 163.916 16.2237 3.3
    endloop
  endfacet
  facet normal -0.835047 -0.550179 0
    outer loop
      vertex 163.916 16.2237 4
      vertex 165.272 14.1656 3.3
      vertex 165.272 14.1656 4
    endloop
  endfacet
  facet normal -0.241473 0.970407 0
    outer loop
      vertex 164.174 16.2879 3.3
      vertex 163.916 16.2237 4
      vertex 164.174 16.2879 4
    endloop
  endfacet
  facet normal -0.241473 0.970407 0
    outer loop
      vertex 163.916 16.2237 4
      vertex 164.174 16.2879 3.3
      vertex 163.916 16.2237 3.3
    endloop
  endfacet
  facet normal -0.392756 0.919643 0
    outer loop
      vertex 164.403 16.3857 3.3
      vertex 164.174 16.2879 4
      vertex 164.403 16.3857 4
    endloop
  endfacet
  facet normal -0.392756 0.919643 0
    outer loop
      vertex 164.174 16.2879 4
      vertex 164.403 16.3857 3.3
      vertex 164.174 16.2879 3.3
    endloop
  endfacet
  facet normal -0.55014 0.835072 0
    outer loop
      vertex 164.602 16.5168 3.3
      vertex 164.403 16.3857 4
      vertex 164.602 16.5168 4
    endloop
  endfacet
  facet normal -0.55014 0.835072 0
    outer loop
      vertex 164.403 16.3857 4
      vertex 164.602 16.5168 3.3
      vertex 164.403 16.3857 3.3
    endloop
  endfacet
  facet normal -0.695822 0.718214 0
    outer loop
      vertex 164.772 16.6815 3.3
      vertex 164.602 16.5168 4
      vertex 164.772 16.6815 4
    endloop
  endfacet
  facet normal -0.695822 0.718214 0
    outer loop
      vertex 164.602 16.5168 4
      vertex 164.772 16.6815 3.3
      vertex 164.602 16.5168 3.3
    endloop
  endfacet
  facet normal -0.818029 0.575177 0
    outer loop
      vertex 164.772 16.6815 3.3
      vertex 164.907 16.8735 4
      vertex 164.907 16.8735 3.3
    endloop
  endfacet
  facet normal -0.818029 0.575177 0
    outer loop
      vertex 164.907 16.8735 4
      vertex 164.772 16.6815 3.3
      vertex 164.772 16.6815 4
    endloop
  endfacet
  facet normal -0.910147 0.414286 0
    outer loop
      vertex 164.907 16.8735 3.3
      vertex 165.004 17.0866 4
      vertex 165.004 17.0866 3.3
    endloop
  endfacet
  facet normal -0.910147 0.414286 0
    outer loop
      vertex 165.004 17.0866 4
      vertex 164.907 16.8735 3.3
      vertex 164.907 16.8735 4
    endloop
  endfacet
  facet normal -0.969752 0.244093 0
    outer loop
      vertex 165.004 17.0866 3.3
      vertex 165.063 17.321 4
      vertex 165.063 17.321 3.3
    endloop
  endfacet
  facet normal -0.969752 0.244093 0
    outer loop
      vertex 165.063 17.321 4
      vertex 165.004 17.0866 3.3
      vertex 165.004 17.0866 4
    endloop
  endfacet
  facet normal -0.997249 0.0741304 0
    outer loop
      vertex 165.063 17.321 3.3
      vertex 165.082 17.5766 4
      vertex 165.082 17.5766 3.3
    endloop
  endfacet
  facet normal -0.997249 0.0741304 0
    outer loop
      vertex 165.082 17.5766 4
      vertex 165.063 17.321 3.3
      vertex 165.063 17.321 4
    endloop
  endfacet
  facet normal -0.995796 -0.0915975 0
    outer loop
      vertex 165.082 17.5766 3.3
      vertex 165.054 17.881 4
      vertex 165.054 17.881 3.3
    endloop
  endfacet
  facet normal -0.995796 -0.0915975 0
    outer loop
      vertex 165.054 17.881 4
      vertex 165.082 17.5766 3.3
      vertex 165.082 17.5766 4
    endloop
  endfacet
  facet normal -0.956545 -0.291586 0
    outer loop
      vertex 165.054 17.881 3.3
      vertex 164.972 18.15 4
      vertex 164.972 18.15 3.3
    endloop
  endfacet
  facet normal -0.956545 -0.291586 0
    outer loop
      vertex 164.972 18.15 4
      vertex 165.054 17.881 3.3
      vertex 165.054 17.881 4
    endloop
  endfacet
  facet normal -0.862692 -0.505729 0
    outer loop
      vertex 164.972 18.15 3.3
      vertex 164.835 18.3837 4
      vertex 164.835 18.3837 3.3
    endloop
  endfacet
  facet normal -0.862692 -0.505729 0
    outer loop
      vertex 164.835 18.3837 4
      vertex 164.972 18.15 3.3
      vertex 164.972 18.15 4
    endloop
  endfacet
  facet normal -0.718252 -0.695784 0
    outer loop
      vertex 164.835 18.3837 3.3
      vertex 164.643 18.5819 4
      vertex 164.643 18.5819 3.3
    endloop
  endfacet
  facet normal -0.718252 -0.695784 0
    outer loop
      vertex 164.643 18.5819 4
      vertex 164.835 18.3837 3.3
      vertex 164.835 18.3837 4
    endloop
  endfacet
  facet normal -0.54511 -0.838365 0
    outer loop
      vertex 164.4 18.7399 3.3
      vertex 164.643 18.5819 4
      vertex 164.4 18.7399 4
    endloop
  endfacet
  facet normal -0.54511 -0.838365 -0
    outer loop
      vertex 164.643 18.5819 4
      vertex 164.4 18.7399 3.3
      vertex 164.643 18.5819 3.3
    endloop
  endfacet
  facet normal -0.364692 -0.931128 0
    outer loop
      vertex 164.112 18.8527 3.3
      vertex 164.4 18.7399 4
      vertex 164.112 18.8527 4
    endloop
  endfacet
  facet normal -0.364692 -0.931128 -0
    outer loop
      vertex 164.4 18.7399 4
      vertex 164.112 18.8527 3.3
      vertex 164.4 18.7399 3.3
    endloop
  endfacet
  facet normal -0.198366 -0.980128 0
    outer loop
      vertex 163.777 18.9205 3.3
      vertex 164.112 18.8527 4
      vertex 163.777 18.9205 4
    endloop
  endfacet
  facet normal -0.198366 -0.980128 -0
    outer loop
      vertex 164.112 18.8527 4
      vertex 163.777 18.9205 3.3
      vertex 164.112 18.8527 3.3
    endloop
  endfacet
  facet normal -0.059107 -0.998252 0
    outer loop
      vertex 163.397 18.943 3.3
      vertex 163.777 18.9205 4
      vertex 163.397 18.943 4
    endloop
  endfacet
  facet normal -0.059107 -0.998252 -0
    outer loop
      vertex 163.777 18.9205 4
      vertex 163.397 18.943 3.3
      vertex 163.777 18.9205 3.3
    endloop
  endfacet
  facet normal 0 -1 0
    outer loop
      vertex 161.149 18.943 3.3
      vertex 163.397 18.943 4
      vertex 161.149 18.943 4
    endloop
  endfacet
  facet normal 0 -1 -0
    outer loop
      vertex 163.397 18.943 4
      vertex 161.149 18.943 3.3
      vertex 163.397 18.943 3.3
    endloop
  endfacet
  facet normal 1 -0 0
    outer loop
      vertex 161.149 14.1656 4
      vertex 161.149 18.943 3.3
      vertex 161.149 18.943 4
    endloop
  endfacet
  facet normal 1 0 0
    outer loop
      vertex 161.149 18.943 3.3
      vertex 161.149 14.1656 4
      vertex 161.149 14.1656 3.3
    endloop
  endfacet
  facet normal 0 1 -0
    outer loop
      vertex 161.796 14.1656 3.3
      vertex 161.149 14.1656 4
      vertex 161.796 14.1656 4
    endloop
  endfacet
  facet normal 0 1 0
    outer loop
      vertex 161.149 14.1656 4
      vertex 161.796 14.1656 3.3
      vertex 161.149 14.1656 3.3
    endloop
  endfacet
  facet normal -1 0 0
    outer loop
      vertex 161.796 14.1656 3.3
      vertex 161.796 16.1491 4
      vertex 161.796 16.1491 3.3
    endloop
  endfacet
  facet normal -1 -0 0
    outer loop
      vertex 161.796 16.1491 4
      vertex 161.796 14.1656 3.3
      vertex 161.796 14.1656 4
    endloop
  endfacet
  facet normal -1 0 0
    outer loop
      vertex 161.796 16.6611 3.3
      vertex 161.796 18.4243 4
      vertex 161.796 18.4243 3.3
    endloop
  endfacet
  facet normal -1 -0 0
    outer loop
      vertex 161.796 18.4243 4
      vertex 161.796 16.6611 3.3
      vertex 161.796 16.6611 4
    endloop
  endfacet
  facet normal 0 1 -0
    outer loop
      vertex 163.332 18.4243 3.3
      vertex 161.796 18.4243 4
      vertex 163.332 18.4243 4
    endloop
  endfacet
  facet normal 0 1 0
    outer loop
      vertex 161.796 18.4243 4
      vertex 163.332 18.4243 3.3
      vertex 161.796 18.4243 3.3
    endloop
  endfacet
  facet normal 0.0545006 0.998514 -0
    outer loop
      vertex 163.583 18.4106 3.3
      vertex 163.332 18.4243 4
      vertex 163.583 18.4106 4
    endloop
  endfacet
  facet normal 0.0545006 0.998514 0
    outer loop
      vertex 163.332 18.4243 4
      vertex 163.583 18.4106 3.3
      vertex 163.332 18.4243 3.3
    endloop
  endfacet
  facet normal 0.184018 0.982923 -0
    outer loop
      vertex 163.802 18.3696 3.3
      vertex 163.583 18.4106 4
      vertex 163.802 18.3696 4
    endloop
  endfacet
  facet normal 0.184018 0.982923 0
    outer loop
      vertex 163.583 18.4106 4
      vertex 163.802 18.3696 3.3
      vertex 163.583 18.4106 3.3
    endloop
  endfacet
  facet normal 0.339865 0.940474 -0
    outer loop
      vertex 163.991 18.3013 3.3
      vertex 163.802 18.3696 4
      vertex 163.991 18.3013 4
    endloop
  endfacet
  facet normal 0.339865 0.940474 0
    outer loop
      vertex 163.802 18.3696 4
      vertex 163.991 18.3013 3.3
      vertex 163.802 18.3696 3.3
    endloop
  endfacet
  facet normal 0.520482 0.853873 -0
    outer loop
      vertex 164.148 18.2056 3.3
      vertex 163.991 18.3013 4
      vertex 164.148 18.2056 4
    endloop
  endfacet
  facet normal 0.520482 0.853873 0
    outer loop
      vertex 163.991 18.3013 4
      vertex 164.148 18.2056 3.3
      vertex 163.991 18.3013 3.3
    endloop
  endfacet
  facet normal 0.70075 0.713407 -0
    outer loop
      vertex 164.272 18.0838 3.3
      vertex 164.148 18.2056 4
      vertex 164.272 18.0838 4
    endloop
  endfacet
  facet normal 0.70075 0.713407 0
    outer loop
      vertex 164.148 18.2056 4
      vertex 164.272 18.0838 3.3
      vertex 164.148 18.2056 3.3
    endloop
  endfacet
  facet normal 0.857235 0.514926 0
    outer loop
      vertex 164.36 17.9373 4
      vertex 164.272 18.0838 3.3
      vertex 164.272 18.0838 4
    endloop
  endfacet
  facet normal 0.857235 0.514926 0
    outer loop
      vertex 164.272 18.0838 3.3
      vertex 164.36 17.9373 4
      vertex 164.36 17.9373 3.3
    endloop
  endfacet
  facet normal 0.955368 0.295417 0
    outer loop
      vertex 164.413 17.7659 4
      vertex 164.36 17.9373 3.3
      vertex 164.36 17.9373 4
    endloop
  endfacet
  facet normal 0.955368 0.295417 0
    outer loop
      vertex 164.36 17.9373 3.3
      vertex 164.413 17.7659 4
      vertex 164.413 17.7659 3.3
    endloop
  endfacet
  facet normal 0.995814 0.0914056 0
    outer loop
      vertex 164.431 17.5698 4
      vertex 164.413 17.7659 3.3
      vertex 164.413 17.7659 4
    endloop
  endfacet
  facet normal 0.995814 0.0914056 0
    outer loop
      vertex 164.413 17.7659 3.3
      vertex 164.431 17.5698 4
      vertex 164.431 17.5698 3.3
    endloop
  endfacet
  facet normal 0.996103 -0.0881941 0
    outer loop
      vertex 164.413 17.3665 4
      vertex 164.431 17.5698 3.3
      vertex 164.431 17.5698 4
    endloop
  endfacet
  facet normal 0.996103 -0.0881941 0
    outer loop
      vertex 164.431 17.5698 3.3
      vertex 164.413 17.3665 4
      vertex 164.413 17.3665 3.3
    endloop
  endfacet
  facet normal 0.960466 -0.278396 0
    outer loop
      vertex 164.361 17.1871 4
      vertex 164.413 17.3665 3.3
      vertex 164.413 17.3665 4
    endloop
  endfacet
  facet normal 0.960466 -0.278396 0
    outer loop
      vertex 164.413 17.3665 3.3
      vertex 164.361 17.1871 4
      vertex 164.361 17.1871 3.3
    endloop
  endfacet
  facet normal 0.872563 -0.488501 0
    outer loop
      vertex 164.274 17.0317 4
      vertex 164.361 17.1871 3.3
      vertex 164.361 17.1871 4
    endloop
  endfacet
  facet normal 0.872563 -0.488501 0
    outer loop
      vertex 164.361 17.1871 3.3
      vertex 164.274 17.0317 4
      vertex 164.274 17.0317 3.3
    endloop
  endfacet
  facet normal 0.730316 -0.683109 0
    outer loop
      vertex 164.151 16.9002 4
      vertex 164.274 17.0317 3.3
      vertex 164.274 17.0317 4
    endloop
  endfacet
  facet normal 0.730316 -0.683109 0
    outer loop
      vertex 164.274 17.0317 3.3
      vertex 164.151 16.9002 4
      vertex 164.151 16.9002 3.3
    endloop
  endfacet
  facet normal 0.561869 -0.827226 0
    outer loop
      vertex 163.997 16.7956 3.3
      vertex 164.151 16.9002 4
      vertex 163.997 16.7956 4
    endloop
  endfacet
  facet normal 0.561869 -0.827226 0
    outer loop
      vertex 164.151 16.9002 4
      vertex 163.997 16.7956 3.3
      vertex 164.151 16.9002 3.3
    endloop
  endfacet
  facet normal 0.376161 -0.926554 0
    outer loop
      vertex 163.813 16.7209 3.3
      vertex 163.997 16.7956 4
      vertex 163.813 16.7209 4
    endloop
  endfacet
  facet normal 0.376161 -0.926554 0
    outer loop
      vertex 163.997 16.7956 4
      vertex 163.813 16.7209 3.3
      vertex 163.997 16.7956 3.3
    endloop
  endfacet
  facet normal 0.206755 -0.978393 0
    outer loop
      vertex 163.601 16.6761 3.3
      vertex 163.813 16.7209 4
      vertex 163.601 16.6761 4
    endloop
  endfacet
  facet normal 0.206755 -0.978393 0
    outer loop
      vertex 163.813 16.7209 4
      vertex 163.601 16.6761 3.3
      vertex 163.813 16.7209 3.3
    endloop
  endfacet
  facet normal 0.0618647 -0.998085 0
    outer loop
      vertex 163.359 16.6611 3.3
      vertex 163.601 16.6761 4
      vertex 163.359 16.6611 4
    endloop
  endfacet
  facet normal 0.0618647 -0.998085 0
    outer loop
      vertex 163.601 16.6761 4
      vertex 163.359 16.6611 3.3
      vertex 163.601 16.6761 3.3
    endloop
  endfacet
  facet normal 0 -1 0
    outer loop
      vertex 161.796 16.6611 3.3
      vertex 163.359 16.6611 4
      vertex 161.796 16.6611 4
    endloop
  endfacet
  facet normal 0 -1 -0
    outer loop
      vertex 163.359 16.6611 4
      vertex 161.796 16.6611 3.3
      vertex 163.359 16.6611 3.3
    endloop
  endfacet
  facet normal 0 1 -0
    outer loop
      vertex 160.519 18.4141 3.3
      vertex 158.878 18.4141 4
      vertex 160.519 18.4141 4
    endloop
  endfacet
  facet normal 0 1 0
    outer loop
      vertex 158.878 18.4141 4
      vertex 160.519 18.4141 3.3
      vertex 158.878 18.4141 3.3
    endloop
  endfacet
  facet normal -1 0 0
    outer loop
      vertex 160.519 18.4141 3.3
      vertex 160.519 18.943 4
      vertex 160.519 18.943 3.3
    endloop
  endfacet
  facet normal -1 -0 0
    outer loop
      vertex 160.519 18.943 4
      vertex 160.519 18.4141 3.3
      vertex 160.519 18.4141 4
    endloop
  endfacet
  facet normal 0 -1 0
    outer loop
      vertex 156.593 18.943 3.3
      vertex 160.519 18.943 4
      vertex 156.593 18.943 4
    endloop
  endfacet
  facet normal 0 -1 -0
    outer loop
      vertex 160.519 18.943 4
      vertex 156.593 18.943 3.3
      vertex 160.519 18.943 3.3
    endloop
  endfacet
  facet normal 1 -0 0
    outer loop
      vertex 156.593 18.4141 4
      vertex 156.593 18.943 3.3
      vertex 156.593 18.943 4
    endloop
  endfacet
  facet normal 1 0 0
    outer loop
      vertex 156.593 18.943 3.3
      vertex 156.593 18.4141 4
      vertex 156.593 18.4141 3.3
    endloop
  endfacet
  facet normal 0 1 -0
    outer loop
      vertex 158.234 18.4141 3.3
      vertex 156.593 18.4141 4
      vertex 158.234 18.4141 4
    endloop
  endfacet
  facet normal 0 1 0
    outer loop
      vertex 156.593 18.4141 4
      vertex 158.234 18.4141 3.3
      vertex 156.593 18.4141 3.3
    endloop
  endfacet
  facet normal 1 -0 0
    outer loop
      vertex 158.234 14.1656 4
      vertex 158.234 18.4141 3.3
      vertex 158.234 18.4141 4
    endloop
  endfacet
  facet normal 1 0 0
    outer loop
      vertex 158.234 18.4141 3.3
      vertex 158.234 14.1656 4
      vertex 158.234 14.1656 3.3
    endloop
  endfacet
  facet normal 0 1 -0
    outer loop
      vertex 158.878 14.1656 3.3
      vertex 158.234 14.1656 4
      vertex 158.878 14.1656 4
    endloop
  endfacet
  facet normal 0 1 0
    outer loop
      vertex 158.234 14.1656 4
      vertex 158.878 14.1656 3.3
      vertex 158.234 14.1656 3.3
    endloop
  endfacet
  facet normal -1 0 0
    outer loop
      vertex 158.878 14.1656 3.3
      vertex 158.878 18.4141 4
      vertex 158.878 18.4141 3.3
    endloop
  endfacet
  facet normal -1 -0 0
    outer loop
      vertex 158.878 18.4141 4
      vertex 158.878 14.1656 3.3
      vertex 158.878 14.1656 4
    endloop
  endfacet
  facet normal -0.99955 -0.0300112 0
    outer loop
      vertex 152.685 17.3393 3.3
      vertex 152.668 17.9055 4
      vertex 152.668 17.9055 3.3
    endloop
  endfacet
  facet normal -0.99955 -0.0300112 0
    outer loop
      vertex 152.668 17.9055 4
      vertex 152.685 17.3393 3.3
      vertex 152.685 17.3393 4
    endloop
  endfacet
  facet normal -0.998667 -0.0516185 0
    outer loop
      vertex 152.668 17.9055 3.3
      vertex 152.651 18.2344 4
      vertex 152.651 18.2344 3.3
    endloop
  endfacet
  facet normal -0.998667 -0.0516185 0
    outer loop
      vertex 152.651 18.2344 4
      vertex 152.668 17.9055 3.3
      vertex 152.668 17.9055 4
    endloop
  endfacet
  facet normal 0.846686 0.532092 0
    outer loop
      vertex 155.208 14.1656 4
      vertex 152.651 18.2344 3.3
      vertex 152.651 18.2344 4
    endloop
  endfacet
  facet normal 0.846686 0.532092 0
    outer loop
      vertex 152.651 18.2344 3.3
      vertex 155.208 14.1656 4
      vertex 155.208 14.1656 3.3
    endloop
  endfacet
  facet normal 0 1 -0
    outer loop
      vertex 155.988 14.1656 3.3
      vertex 155.208 14.1656 4
      vertex 155.988 14.1656 4
    endloop
  endfacet
  facet normal 0 1 0
    outer loop
      vertex 155.208 14.1656 4
      vertex 155.988 14.1656 3.3
      vertex 155.208 14.1656 3.3
    endloop
  endfacet
  facet normal -1 0 0
    outer loop
      vertex 155.988 14.1656 3.3
      vertex 155.988 18.943 4
      vertex 155.988 18.943 3.3
    endloop
  endfacet
  facet normal -1 -0 0
    outer loop
      vertex 155.988 18.943 4
      vertex 155.988 14.1656 3.3
      vertex 155.988 14.1656 4
    endloop
  endfacet
  facet normal 0 -1 0
    outer loop
      vertex 155.404 18.943 3.3
      vertex 155.988 18.943 4
      vertex 155.404 18.943 4
    endloop
  endfacet
  facet normal 0 -1 -0
    outer loop
      vertex 155.988 18.943 4
      vertex 155.404 18.943 3.3
      vertex 155.988 18.943 3.3
    endloop
  endfacet
  facet normal 1 -0 0
    outer loop
      vertex 155.404 15.8101 4
      vertex 155.404 18.943 3.3
      vertex 155.404 18.943 4
    endloop
  endfacet
  facet normal 1 0 0
    outer loop
      vertex 155.404 18.943 3.3
      vertex 155.404 15.8101 4
      vertex 155.404 15.8101 3.3
    endloop
  endfacet
  facet normal 0.999848 0.0174291 0
    outer loop
      vertex 155.407 15.638 4
      vertex 155.404 15.8101 3.3
      vertex 155.404 15.8101 4
    endloop
  endfacet
  facet normal 0.999848 0.0174291 0
    outer loop
      vertex 155.404 15.8101 3.3
      vertex 155.407 15.638 4
      vertex 155.407 15.638 3.3
    endloop
  endfacet
  facet normal 0.999326 0.0367062 0
    outer loop
      vertex 155.415 15.4202 4
      vertex 155.407 15.638 3.3
      vertex 155.407 15.638 4
    endloop
  endfacet
  facet normal 0.999326 0.0367062 0
    outer loop
      vertex 155.407 15.638 3.3
      vertex 155.415 15.4202 4
      vertex 155.415 15.4202 3.3
    endloop
  endfacet
  facet normal 0.998966 0.0454592 0
    outer loop
      vertex 155.427 15.1565 4
      vertex 155.415 15.4202 3.3
      vertex 155.415 15.4202 4
    endloop
  endfacet
  facet normal 0.998966 0.0454592 0
    outer loop
      vertex 155.415 15.4202 3.3
      vertex 155.427 15.1565 4
      vertex 155.427 15.1565 3.3
    endloop
  endfacet
  facet normal 0.998312 0.0580789 0
    outer loop
      vertex 155.445 14.8471 4
      vertex 155.427 15.1565 3.3
      vertex 155.427 15.1565 4
    endloop
  endfacet
  facet normal 0.998312 0.0580789 0
    outer loop
      vertex 155.427 15.1565 3.3
      vertex 155.445 14.8471 4
      vertex 155.445 14.8471 3.3
    endloop
  endfacet
  facet normal -0.845758 -0.533567 0
    outer loop
      vertex 155.445 14.8471 3.3
      vertex 152.861 18.943 4
      vertex 152.861 18.943 3.3
    endloop
  endfacet
  facet normal -0.845758 -0.533567 0
    outer loop
      vertex 152.861 18.943 4
      vertex 155.445 14.8471 3.3
      vertex 155.445 14.8471 4
    endloop
  endfacet
  facet normal 0 -1 0
    outer loop
      vertex 152.109 18.943 3.3
      vertex 152.861 18.943 4
      vertex 152.109 18.943 4
    endloop
  endfacet
  facet normal 0 -1 -0
    outer loop
      vertex 152.861 18.943 4
      vertex 152.109 18.943 3.3
      vertex 152.861 18.943 3.3
    endloop
  endfacet
  facet normal 1 -0 0
    outer loop
      vertex 152.109 14.1656 4
      vertex 152.109 18.943 3.3
      vertex 152.109 18.943 4
    endloop
  endfacet
  facet normal 1 0 0
    outer loop
      vertex 152.109 18.943 3.3
      vertex 152.109 14.1656 4
      vertex 152.109 14.1656 3.3
    endloop
  endfacet
  facet normal 0 1 -0
    outer loop
      vertex 152.685 14.1656 3.3
      vertex 152.109 14.1656 4
      vertex 152.685 14.1656 4
    endloop
  endfacet
  facet normal 0 1 0
    outer loop
      vertex 152.109 14.1656 4
      vertex 152.685 14.1656 3.3
      vertex 152.109 14.1656 3.3
    endloop
  endfacet
  facet normal -1 0 0
    outer loop
      vertex 152.685 14.1656 3.3
      vertex 152.685 17.3393 4
      vertex 152.685 17.3393 3.3
    endloop
  endfacet
  facet normal -1 -0 0
    outer loop
      vertex 152.685 17.3393 4
      vertex 152.685 14.1656 3.3
      vertex 152.685 14.1656 4
    endloop
  endfacet
  facet normal 0 -1 0
    outer loop
      vertex 148.233 14.6946 3.3
      vertex 151.349 14.6946 4
      vertex 148.233 14.6946 4
    endloop
  endfacet
  facet normal 0 -1 -0
    outer loop
      vertex 151.349 14.6946 4
      vertex 148.233 14.6946 3.3
      vertex 151.349 14.6946 3.3
    endloop
  endfacet
  facet normal -1 0 0
    outer loop
      vertex 148.233 14.6946 3.3
      vertex 148.233 16.3594 4
      vertex 148.233 16.3594 3.3
    endloop
  endfacet
  facet normal -1 -0 0
    outer loop
      vertex 148.233 16.3594 4
      vertex 148.233 14.6946 3.3
      vertex 148.233 14.6946 4
    endloop
  endfacet
  facet normal 0 1 -0
    outer loop
      vertex 151.007 16.3594 3.3
      vertex 148.233 16.3594 4
      vertex 151.007 16.3594 4
    endloop
  endfacet
  facet normal 0 1 0
    outer loop
      vertex 148.233 16.3594 4
      vertex 151.007 16.3594 3.3
      vertex 148.233 16.3594 3.3
    endloop
  endfacet
  facet normal -1 0 0
    outer loop
      vertex 151.007 16.3594 3.3
      vertex 151.007 16.8815 4
      vertex 151.007 16.8815 3.3
    endloop
  endfacet
  facet normal -1 -0 0
    outer loop
      vertex 151.007 16.8815 4
      vertex 151.007 16.3594 3.3
      vertex 151.007 16.3594 4
    endloop
  endfacet
  facet normal 0 -1 0
    outer loop
      vertex 148.233 16.8815 3.3
      vertex 151.007 16.8815 4
      vertex 148.233 16.8815 4
    endloop
  endfacet
  facet normal 0 -1 -0
    outer loop
      vertex 151.007 16.8815 4
      vertex 148.233 16.8815 3.3
      vertex 151.007 16.8815 3.3
    endloop
  endfacet
  facet normal -1 0 0
    outer loop
      vertex 148.233 16.8815 3.3
      vertex 148.233 18.4141 4
      vertex 148.233 18.4141 3.3
    endloop
  endfacet
  facet normal -1 -0 0
    outer loop
      vertex 148.233 18.4141 4
      vertex 148.233 16.8815 3.3
      vertex 148.233 16.8815 4
    endloop
  endfacet
  facet normal 0 1 -0
    outer loop
      vertex 151.21 18.4141 3.3
      vertex 148.233 18.4141 4
      vertex 151.21 18.4141 4
    endloop
  endfacet
  facet normal 0 1 0
    outer loop
      vertex 148.233 18.4141 4
      vertex 151.21 18.4141 3.3
      vertex 148.233 18.4141 3.3
    endloop
  endfacet
  facet normal -1 0 0
    outer loop
      vertex 151.21 18.4141 3.3
      vertex 151.21 18.943 4
      vertex 151.21 18.943 3.3
    endloop
  endfacet
  facet normal -1 -0 0
    outer loop
      vertex 151.21 18.943 4
      vertex 151.21 18.4141 3.3
      vertex 151.21 18.4141 4
    endloop
  endfacet
  facet normal 0 -1 0
    outer loop
      vertex 147.585 18.943 3.3
      vertex 151.21 18.943 4
      vertex 147.585 18.943 4
    endloop
  endfacet
  facet normal 0 -1 -0
    outer loop
      vertex 151.21 18.943 4
      vertex 147.585 18.943 3.3
      vertex 151.21 18.943 3.3
    endloop
  endfacet
  facet normal 1 -0 0
    outer loop
      vertex 147.585 14.1656 4
      vertex 147.585 18.943 3.3
      vertex 147.585 18.943 4
    endloop
  endfacet
  facet normal 1 0 0
    outer loop
      vertex 147.585 18.943 3.3
      vertex 147.585 14.1656 4
      vertex 147.585 14.1656 3.3
    endloop
  endfacet
  facet normal 0 1 -0
    outer loop
      vertex 151.349 14.1656 3.3
      vertex 147.585 14.1656 4
      vertex 151.349 14.1656 4
    endloop
  endfacet
  facet normal 0 1 0
    outer loop
      vertex 147.585 14.1656 4
      vertex 151.349 14.1656 3.3
      vertex 147.585 14.1656 3.3
    endloop
  endfacet
  facet normal -1 0 0
    outer loop
      vertex 151.349 14.1656 3.3
      vertex 151.349 14.6946 4
      vertex 151.349 14.6946 3.3
    endloop
  endfacet
  facet normal -1 -0 0
    outer loop
      vertex 151.349 14.6946 4
      vertex 151.349 14.1656 3.3
      vertex 151.349 14.1656 4
    endloop
  endfacet
  facet normal 0 1 -0
    outer loop
      vertex 140.296 18.4141 3.3
      vertex 138.655 18.4141 4
      vertex 140.296 18.4141 4
    endloop
  endfacet
  facet normal 0 1 0
    outer loop
      vertex 138.655 18.4141 4
      vertex 140.296 18.4141 3.3
      vertex 138.655 18.4141 3.3
    endloop
  endfacet
  facet normal -1 0 0
    outer loop
      vertex 140.296 18.4141 3.3
      vertex 140.296 18.943 4
      vertex 140.296 18.943 3.3
    endloop
  endfacet
  facet normal -1 -0 0
    outer loop
      vertex 140.296 18.943 4
      vertex 140.296 18.4141 3.3
      vertex 140.296 18.4141 4
    endloop
  endfacet
  facet normal 0 -1 0
    outer loop
      vertex 136.37 18.943 3.3
      vertex 140.296 18.943 4
      vertex 136.37 18.943 4
    endloop
  endfacet
  facet normal 0 -1 -0
    outer loop
      vertex 140.296 18.943 4
      vertex 136.37 18.943 3.3
      vertex 140.296 18.943 3.3
    endloop
  endfacet
  facet normal 1 -0 0
    outer loop
      vertex 136.37 18.4141 4
      vertex 136.37 18.943 3.3
      vertex 136.37 18.943 4
    endloop
  endfacet
  facet normal 1 0 0
    outer loop
      vertex 136.37 18.943 3.3
      vertex 136.37 18.4141 4
      vertex 136.37 18.4141 3.3
    endloop
  endfacet
  facet normal 0 1 -0
    outer loop
      vertex 138.011 18.4141 3.3
      vertex 136.37 18.4141 4
      vertex 138.011 18.4141 4
    endloop
  endfacet
  facet normal 0 1 0
    outer loop
      vertex 136.37 18.4141 4
      vertex 138.011 18.4141 3.3
      vertex 136.37 18.4141 3.3
    endloop
  endfacet
  facet normal 1 -0 0
    outer loop
      vertex 138.011 14.1656 4
      vertex 138.011 18.4141 3.3
      vertex 138.011 18.4141 4
    endloop
  endfacet
  facet normal 1 0 0
    outer loop
      vertex 138.011 18.4141 3.3
      vertex 138.011 14.1656 4
      vertex 138.011 14.1656 3.3
    endloop
  endfacet
  facet normal 0 1 -0
    outer loop
      vertex 138.655 14.1656 3.3
      vertex 138.011 14.1656 4
      vertex 138.655 14.1656 4
    endloop
  endfacet
  facet normal 0 1 0
    outer loop
      vertex 138.011 14.1656 4
      vertex 138.655 14.1656 3.3
      vertex 138.011 14.1656 3.3
    endloop
  endfacet
  facet normal -1 0 0
    outer loop
      vertex 138.655 14.1656 3.3
      vertex 138.655 18.4141 4
      vertex 138.655 18.4141 3.3
    endloop
  endfacet
  facet normal -1 -0 0
    outer loop
      vertex 138.655 18.4141 4
      vertex 138.655 14.1656 3.3
      vertex 138.655 14.1656 4
    endloop
  endfacet
  facet normal 0 1 -0
    outer loop
      vertex 105.127 16.1491 3.3
      vertex 103.639 16.1491 4
      vertex 105.127 16.1491 4
    endloop
  endfacet
  facet normal 0 1 0
    outer loop
      vertex 103.639 16.1491 4
      vertex 105.127 16.1491 3.3
      vertex 103.639 16.1491 3.3
    endloop
  endfacet
  facet normal 0.847746 0.530402 0
    outer loop
      vertex 106.368 14.1656 4
      vertex 105.127 16.1491 3.3
      vertex 105.127 16.1491 4
    endloop
  endfacet
  facet normal 0.847746 0.530402 0
    outer loop
      vertex 105.127 16.1491 3.3
      vertex 106.368 14.1656 4
      vertex 106.368 14.1656 3.3
    endloop
  endfacet
  facet normal 0 1 -0
    outer loop
      vertex 107.114 14.1656 3.3
      vertex 106.368 14.1656 4
      vertex 107.114 14.1656 4
    endloop
  endfacet
  facet normal 0 1 0
    outer loop
      vertex 106.368 14.1656 4
      vertex 107.114 14.1656 3.3
      vertex 106.368 14.1656 3.3
    endloop
  endfacet
  facet normal -0.835047 -0.550179 0
    outer loop
      vertex 107.114 14.1656 3.3
      vertex 105.758 16.2237 4
      vertex 105.758 16.2237 3.3
    endloop
  endfacet
  facet normal -0.835047 -0.550179 0
    outer loop
      vertex 105.758 16.2237 4
      vertex 107.114 14.1656 3.3
      vertex 107.114 14.1656 4
    endloop
  endfacet
  facet normal -0.241473 0.970407 0
    outer loop
      vertex 106.016 16.2879 3.3
      vertex 105.758 16.2237 4
      vertex 106.016 16.2879 4
    endloop
  endfacet
  facet normal -0.241473 0.970407 0
    outer loop
      vertex 105.758 16.2237 4
      vertex 106.016 16.2879 3.3
      vertex 105.758 16.2237 3.3
    endloop
  endfacet
  facet normal -0.392756 0.919643 0
    outer loop
      vertex 106.245 16.3857 3.3
      vertex 106.016 16.2879 4
      vertex 106.245 16.3857 4
    endloop
  endfacet
  facet normal -0.392756 0.919643 0
    outer loop
      vertex 106.016 16.2879 4
      vertex 106.245 16.3857 3.3
      vertex 106.016 16.2879 3.3
    endloop
  endfacet
  facet normal -0.55014 0.835072 0
    outer loop
      vertex 106.444 16.5168 3.3
      vertex 106.245 16.3857 4
      vertex 106.444 16.5168 4
    endloop
  endfacet
  facet normal -0.55014 0.835072 0
    outer loop
      vertex 106.245 16.3857 4
      vertex 106.444 16.5168 3.3
      vertex 106.245 16.3857 3.3
    endloop
  endfacet
  facet normal -0.695822 0.718214 0
    outer loop
      vertex 106.614 16.6815 3.3
      vertex 106.444 16.5168 4
      vertex 106.614 16.6815 4
    endloop
  endfacet
  facet normal -0.695822 0.718214 0
    outer loop
      vertex 106.444 16.5168 4
      vertex 106.614 16.6815 3.3
      vertex 106.444 16.5168 3.3
    endloop
  endfacet
  facet normal -0.816024 0.578017 0
    outer loop
      vertex 106.614 16.6815 3.3
      vertex 106.75 16.8735 4
      vertex 106.75 16.8735 3.3
    endloop
  endfacet
  facet normal -0.816024 0.578017 0
    outer loop
      vertex 106.75 16.8735 4
      vertex 106.614 16.6815 3.3
      vertex 106.614 16.6815 4
    endloop
  endfacet
  facet normal -0.910147 0.414286 0
    outer loop
      vertex 106.75 16.8735 3.3
      vertex 106.847 17.0866 4
      vertex 106.847 17.0866 3.3
    endloop
  endfacet
  facet normal -0.910147 0.414286 0
    outer loop
      vertex 106.847 17.0866 4
      vertex 106.75 16.8735 3.3
      vertex 106.75 16.8735 4
    endloop
  endfacet
  facet normal -0.970724 0.240196 0
    outer loop
      vertex 106.847 17.0866 3.3
      vertex 106.905 17.321 4
      vertex 106.905 17.321 3.3
    endloop
  endfacet
  facet normal -0.970724 0.240196 0
    outer loop
      vertex 106.905 17.321 4
      vertex 106.847 17.0866 3.3
      vertex 106.847 17.0866 4
    endloop
  endfacet
  facet normal -0.997249 0.0741304 0
    outer loop
      vertex 106.905 17.321 3.3
      vertex 106.924 17.5766 4
      vertex 106.924 17.5766 3.3
    endloop
  endfacet
  facet normal -0.997249 0.0741304 0
    outer loop
      vertex 106.924 17.5766 4
      vertex 106.905 17.321 3.3
      vertex 106.905 17.321 4
    endloop
  endfacet
  facet normal -0.996089 -0.0883522 0
    outer loop
      vertex 106.924 17.5766 3.3
      vertex 106.897 17.881 4
      vertex 106.897 17.881 3.3
    endloop
  endfacet
  facet normal -0.996089 -0.0883522 0
    outer loop
      vertex 106.897 17.881 4
      vertex 106.924 17.5766 3.3
      vertex 106.924 17.5766 4
    endloop
  endfacet
  facet normal -0.956545 -0.291586 0
    outer loop
      vertex 106.897 17.881 3.3
      vertex 106.815 18.15 4
      vertex 106.815 18.15 3.3
    endloop
  endfacet
  facet normal -0.956545 -0.291586 0
    outer loop
      vertex 106.815 18.15 4
      vertex 106.897 17.881 3.3
      vertex 106.897 17.881 4
    endloop
  endfacet
  facet normal -0.861081 -0.508469 0
    outer loop
      vertex 106.815 18.15 3.3
      vertex 106.677 18.3837 4
      vertex 106.677 18.3837 3.3
    endloop
  endfacet
  facet normal -0.861081 -0.508469 0
    outer loop
      vertex 106.677 18.3837 4
      vertex 106.815 18.15 3.3
      vertex 106.815 18.15 4
    endloop
  endfacet
  facet normal -0.718252 -0.695784 0
    outer loop
      vertex 106.677 18.3837 3.3
      vertex 106.485 18.5819 4
      vertex 106.485 18.5819 3.3
    endloop
  endfacet
  facet normal -0.718252 -0.695784 0
    outer loop
      vertex 106.485 18.5819 4
      vertex 106.677 18.3837 3.3
      vertex 106.677 18.3837 4
    endloop
  endfacet
  facet normal -0.54669 -0.837335 0
    outer loop
      vertex 106.243 18.7399 3.3
      vertex 106.485 18.5819 4
      vertex 106.243 18.7399 4
    endloop
  endfacet
  facet normal -0.54669 -0.837335 -0
    outer loop
      vertex 106.485 18.5819 4
      vertex 106.243 18.7399 3.3
      vertex 106.485 18.5819 3.3
    endloop
  endfacet
  facet normal -0.363597 -0.931556 0
    outer loop
      vertex 105.954 18.8527 3.3
      vertex 106.243 18.7399 4
      vertex 105.954 18.8527 4
    endloop
  endfacet
  facet normal -0.363597 -0.931556 -0
    outer loop
      vertex 106.243 18.7399 4
      vertex 105.954 18.8527 3.3
      vertex 106.243 18.7399 3.3
    endloop
  endfacet
  facet normal -0.198937 -0.980012 0
    outer loop
      vertex 105.62 18.9205 3.3
      vertex 105.954 18.8527 4
      vertex 105.62 18.9205 4
    endloop
  endfacet
  facet normal -0.198937 -0.980012 -0
    outer loop
      vertex 105.954 18.8527 4
      vertex 105.62 18.9205 3.3
      vertex 105.954 18.8527 3.3
    endloop
  endfacet
  facet normal -0.0589524 -0.998261 0
    outer loop
      vertex 105.239 18.943 3.3
      vertex 105.62 18.9205 4
      vertex 105.239 18.943 4
    endloop
  endfacet
  facet normal -0.0589524 -0.998261 -0
    outer loop
      vertex 105.62 18.9205 4
      vertex 105.239 18.943 3.3
      vertex 105.62 18.9205 3.3
    endloop
  endfacet
  facet normal 0 -1 0
    outer loop
      vertex 102.991 18.943 3.3
      vertex 105.239 18.943 4
      vertex 102.991 18.943 4
    endloop
  endfacet
  facet normal 0 -1 -0
    outer loop
      vertex 105.239 18.943 4
      vertex 102.991 18.943 3.3
      vertex 105.239 18.943 3.3
    endloop
  endfacet
  facet normal 1 -0 0
    outer loop
      vertex 102.991 14.1656 4
      vertex 102.991 18.943 3.3
      vertex 102.991 18.943 4
    endloop
  endfacet
  facet normal 1 0 0
    outer loop
      vertex 102.991 18.943 3.3
      vertex 102.991 14.1656 4
      vertex 102.991 14.1656 3.3
    endloop
  endfacet
  facet normal 0 1 -0
    outer loop
      vertex 103.639 14.1656 3.3
      vertex 102.991 14.1656 4
      vertex 103.639 14.1656 4
    endloop
  endfacet
  facet normal 0 1 0
    outer loop
      vertex 102.991 14.1656 4
      vertex 103.639 14.1656 3.3
      vertex 102.991 14.1656 3.3
    endloop
  endfacet
  facet normal -1 0 0
    outer loop
      vertex 103.639 14.1656 3.3
      vertex 103.639 16.1491 4
      vertex 103.639 16.1491 3.3
    endloop
  endfacet
  facet normal -1 -0 0
    outer loop
      vertex 103.639 16.1491 4
      vertex 103.639 14.1656 3.3
      vertex 103.639 14.1656 4
    endloop
  endfacet
  facet normal -1 0 0
    outer loop
      vertex 103.639 16.6611 3.3
      vertex 103.639 18.4243 4
      vertex 103.639 18.4243 3.3
    endloop
  endfacet
  facet normal -1 -0 0
    outer loop
      vertex 103.639 18.4243 4
      vertex 103.639 16.6611 3.3
      vertex 103.639 16.6611 4
    endloop
  endfacet
  facet normal 0 1 -0
    outer loop
      vertex 105.175 18.4243 3.3
      vertex 103.639 18.4243 4
      vertex 105.175 18.4243 4
    endloop
  endfacet
  facet normal 0 1 0
    outer loop
      vertex 103.639 18.4243 4
      vertex 105.175 18.4243 3.3
      vertex 103.639 18.4243 3.3
    endloop
  endfacet
  facet normal 0.0547179 0.998502 -0
    outer loop
      vertex 105.425 18.4106 3.3
      vertex 105.175 18.4243 4
      vertex 105.425 18.4106 4
    endloop
  endfacet
  facet normal 0.0547179 0.998502 0
    outer loop
      vertex 105.175 18.4243 4
      vertex 105.425 18.4106 3.3
      vertex 105.175 18.4243 3.3
    endloop
  endfacet
  facet normal 0.183209 0.983074 -0
    outer loop
      vertex 105.645 18.3696 3.3
      vertex 105.425 18.4106 4
      vertex 105.645 18.3696 4
    endloop
  endfacet
  facet normal 0.183209 0.983074 0
    outer loop
      vertex 105.425 18.4106 4
      vertex 105.645 18.3696 3.3
      vertex 105.425 18.4106 3.3
    endloop
  endfacet
  facet normal 0.341462 0.939896 -0
    outer loop
      vertex 105.833 18.3013 3.3
      vertex 105.645 18.3696 4
      vertex 105.833 18.3013 4
    endloop
  endfacet
  facet normal 0.341462 0.939896 0
    outer loop
      vertex 105.645 18.3696 4
      vertex 105.833 18.3013 3.3
      vertex 105.645 18.3696 3.3
    endloop
  endfacet
  facet normal 0.520482 0.853873 -0
    outer loop
      vertex 105.99 18.2056 3.3
      vertex 105.833 18.3013 4
      vertex 105.99 18.2056 4
    endloop
  endfacet
  facet normal 0.520482 0.853873 0
    outer loop
      vertex 105.833 18.3013 4
      vertex 105.99 18.2056 3.3
      vertex 105.833 18.3013 3.3
    endloop
  endfacet
  facet normal 0.70075 0.713407 -0
    outer loop
      vertex 106.114 18.0838 3.3
      vertex 105.99 18.2056 4
      vertex 106.114 18.0838 4
    endloop
  endfacet
  facet normal 0.70075 0.713407 0
    outer loop
      vertex 105.99 18.2056 4
      vertex 106.114 18.0838 3.3
      vertex 105.99 18.2056 3.3
    endloop
  endfacet
  facet normal 0.857235 0.514926 0
    outer loop
      vertex 106.202 17.9373 4
      vertex 106.114 18.0838 3.3
      vertex 106.114 18.0838 4
    endloop
  endfacet
  facet normal 0.857235 0.514926 0
    outer loop
      vertex 106.114 18.0838 3.3
      vertex 106.202 17.9373 4
      vertex 106.202 17.9373 3.3
    endloop
  endfacet
  facet normal 0.953784 0.300492 0
    outer loop
      vertex 106.256 17.7659 4
      vertex 106.202 17.9373 3.3
      vertex 106.202 17.9373 4
    endloop
  endfacet
  facet normal 0.953784 0.300492 0
    outer loop
      vertex 106.202 17.9373 3.3
      vertex 106.256 17.7659 4
      vertex 106.256 17.7659 3.3
    endloop
  endfacet
  facet normal 0.996263 0.0863665 0
    outer loop
      vertex 106.273 17.5698 4
      vertex 106.256 17.7659 3.3
      vertex 106.256 17.7659 4
    endloop
  endfacet
  facet normal 0.996263 0.0863665 0
    outer loop
      vertex 106.256 17.7659 3.3
      vertex 106.273 17.5698 4
      vertex 106.273 17.5698 3.3
    endloop
  endfacet
  facet normal 0.996522 -0.0833294 0
    outer loop
      vertex 106.256 17.3665 4
      vertex 106.273 17.5698 3.3
      vertex 106.273 17.5698 4
    endloop
  endfacet
  facet normal 0.996522 -0.0833294 0
    outer loop
      vertex 106.273 17.5698 3.3
      vertex 106.256 17.3665 4
      vertex 106.256 17.3665 3.3
    endloop
  endfacet
  facet normal 0.959024 -0.283324 0
    outer loop
      vertex 106.203 17.1871 4
      vertex 106.256 17.3665 3.3
      vertex 106.256 17.3665 4
    endloop
  endfacet
  facet normal 0.959024 -0.283324 0
    outer loop
      vertex 106.256 17.3665 3.3
      vertex 106.203 17.1871 4
      vertex 106.203 17.1871 3.3
    endloop
  endfacet
  facet normal 0.872563 -0.488501 0
    outer loop
      vertex 106.116 17.0317 4
      vertex 106.203 17.1871 3.3
      vertex 106.203 17.1871 4
    endloop
  endfacet
  facet normal 0.872563 -0.488501 0
    outer loop
      vertex 106.203 17.1871 3.3
      vertex 106.116 17.0317 4
      vertex 106.116 17.0317 3.3
    endloop
  endfacet
  facet normal 0.733091 -0.68013 0
    outer loop
      vertex 105.994 16.9002 4
      vertex 106.116 17.0317 3.3
      vertex 106.116 17.0317 4
    endloop
  endfacet
  facet normal 0.733091 -0.68013 0
    outer loop
      vertex 106.116 17.0317 3.3
      vertex 105.994 16.9002 4
      vertex 105.994 16.9002 3.3
    endloop
  endfacet
  facet normal 0.559381 -0.828911 0
    outer loop
      vertex 105.839 16.7956 3.3
      vertex 105.994 16.9002 4
      vertex 105.839 16.7956 4
    endloop
  endfacet
  facet normal 0.559381 -0.828911 0
    outer loop
      vertex 105.994 16.9002 4
      vertex 105.839 16.7956 3.3
      vertex 105.994 16.9002 3.3
    endloop
  endfacet
  facet normal 0.377924 -0.925837 0
    outer loop
      vertex 105.656 16.7209 3.3
      vertex 105.839 16.7956 4
      vertex 105.656 16.7209 4
    endloop
  endfacet
  facet normal 0.377924 -0.925837 0
    outer loop
      vertex 105.839 16.7956 4
      vertex 105.656 16.7209 3.3
      vertex 105.839 16.7956 3.3
    endloop
  endfacet
  facet normal 0.205825 -0.978589 0
    outer loop
      vertex 105.443 16.6761 3.3
      vertex 105.656 16.7209 4
      vertex 105.443 16.6761 4
    endloop
  endfacet
  facet normal 0.205825 -0.978589 0
    outer loop
      vertex 105.656 16.7209 4
      vertex 105.443 16.6761 3.3
      vertex 105.656 16.7209 3.3
    endloop
  endfacet
  facet normal 0.0621205 -0.998069 0
    outer loop
      vertex 105.202 16.6611 3.3
      vertex 105.443 16.6761 4
      vertex 105.202 16.6611 4
    endloop
  endfacet
  facet normal 0.0621205 -0.998069 0
    outer loop
      vertex 105.443 16.6761 4
      vertex 105.202 16.6611 3.3
      vertex 105.443 16.6761 3.3
    endloop
  endfacet
  facet normal 0 -1 0
    outer loop
      vertex 103.639 16.6611 3.3
      vertex 105.202 16.6611 4
      vertex 103.639 16.6611 4
    endloop
  endfacet
  facet normal 0 -1 -0
    outer loop
      vertex 105.202 16.6611 4
      vertex 103.639 16.6611 3.3
      vertex 105.202 16.6611 3.3
    endloop
  endfacet
  facet normal -0.188468 0.982079 0
    outer loop
      vertex 126.393 14.2542 3.3
      vertex 126.047 14.1878 4
      vertex 126.393 14.2542 4
    endloop
  endfacet
  facet normal -0.188468 0.982079 0
    outer loop
      vertex 126.047 14.1878 4
      vertex 126.393 14.2542 3.3
      vertex 126.047 14.1878 3.3
    endloop
  endfacet
  facet normal -0.346184 0.938167 0
    outer loop
      vertex 126.693 14.3649 3.3
      vertex 126.393 14.2542 4
      vertex 126.693 14.3649 4
    endloop
  endfacet
  facet normal -0.346184 0.938167 0
    outer loop
      vertex 126.393 14.2542 4
      vertex 126.693 14.3649 3.3
      vertex 126.393 14.2542 3.3
    endloop
  endfacet
  facet normal -0.519415 0.854522 0
    outer loop
      vertex 126.948 14.5199 3.3
      vertex 126.693 14.3649 4
      vertex 126.948 14.5199 4
    endloop
  endfacet
  facet normal -0.519415 0.854522 0
    outer loop
      vertex 126.693 14.3649 4
      vertex 126.948 14.5199 3.3
      vertex 126.693 14.3649 3.3
    endloop
  endfacet
  facet normal -0.690796 0.72305 0
    outer loop
      vertex 127.152 14.7148 3.3
      vertex 126.948 14.5199 4
      vertex 127.152 14.7148 4
    endloop
  endfacet
  facet normal -0.690796 0.72305 0
    outer loop
      vertex 126.948 14.5199 4
      vertex 127.152 14.7148 3.3
      vertex 126.948 14.5199 3.3
    endloop
  endfacet
  facet normal -0.846239 0.532804 0
    outer loop
      vertex 127.152 14.7148 3.3
      vertex 127.297 14.9451 4
      vertex 127.297 14.9451 3.3
    endloop
  endfacet
  facet normal -0.846239 0.532804 0
    outer loop
      vertex 127.297 14.9451 4
      vertex 127.152 14.7148 3.3
      vertex 127.152 14.7148 4
    endloop
  endfacet
  facet normal -0.950316 0.311286 0
    outer loop
      vertex 127.297 14.9451 3.3
      vertex 127.384 15.2107 4
      vertex 127.384 15.2107 3.3
    endloop
  endfacet
  facet normal -0.950316 0.311286 0
    outer loop
      vertex 127.384 15.2107 4
      vertex 127.297 14.9451 3.3
      vertex 127.297 14.9451 4
    endloop
  endfacet
  facet normal -0.995391 0.0959014 0
    outer loop
      vertex 127.384 15.2107 3.3
      vertex 127.413 15.5117 4
      vertex 127.413 15.5117 3.3
    endloop
  endfacet
  facet normal -0.995391 0.0959014 0
    outer loop
      vertex 127.413 15.5117 4
      vertex 127.384 15.2107 3.3
      vertex 127.384 15.2107 4
    endloop
  endfacet
  facet normal -0.99657 -0.0827571 0
    outer loop
      vertex 127.413 15.5117 3.3
      vertex 127.394 15.7405 4
      vertex 127.394 15.7405 3.3
    endloop
  endfacet
  facet normal -0.99657 -0.0827571 0
    outer loop
      vertex 127.394 15.7405 4
      vertex 127.413 15.5117 3.3
      vertex 127.413 15.5117 4
    endloop
  endfacet
  facet normal -0.963319 -0.26836 0
    outer loop
      vertex 127.394 15.7405 3.3
      vertex 127.336 15.9487 4
      vertex 127.336 15.9487 3.3
    endloop
  endfacet
  facet normal -0.963319 -0.26836 0
    outer loop
      vertex 127.336 15.9487 4
      vertex 127.394 15.7405 3.3
      vertex 127.394 15.7405 4
    endloop
  endfacet
  facet normal -0.888284 -0.459294 0
    outer loop
      vertex 127.336 15.9487 3.3
      vertex 127.239 16.1363 4
      vertex 127.239 16.1363 3.3
    endloop
  endfacet
  facet normal -0.888284 -0.459294 0
    outer loop
      vertex 127.239 16.1363 4
      vertex 127.336 15.9487 3.3
      vertex 127.336 15.9487 4
    endloop
  endfacet
  facet normal -0.777862 -0.628435 0
    outer loop
      vertex 127.239 16.1363 3.3
      vertex 127.104 16.3034 4
      vertex 127.104 16.3034 3.3
    endloop
  endfacet
  facet normal -0.777862 -0.628435 0
    outer loop
      vertex 127.104 16.3034 4
      vertex 127.239 16.1363 3.3
      vertex 127.239 16.1363 4
    endloop
  endfacet
  facet normal -0.639472 -0.768814 0
    outer loop
      vertex 126.934 16.4448 3.3
      vertex 127.104 16.3034 4
      vertex 126.934 16.4448 4
    endloop
  endfacet
  facet normal -0.639472 -0.768814 -0
    outer loop
      vertex 127.104 16.3034 4
      vertex 126.934 16.4448 3.3
      vertex 127.104 16.3034 3.3
    endloop
  endfacet
  facet normal -0.477282 -0.87875 0
    outer loop
      vertex 126.73 16.5556 3.3
      vertex 126.934 16.4448 4
      vertex 126.73 16.5556 4
    endloop
  endfacet
  facet normal -0.477282 -0.87875 -0
    outer loop
      vertex 126.934 16.4448 4
      vertex 126.73 16.5556 3.3
      vertex 126.934 16.4448 3.3
    endloop
  endfacet
  facet normal -0.322264 -0.94665 0
    outer loop
      vertex 126.495 16.6356 3.3
      vertex 126.73 16.5556 4
      vertex 126.495 16.6356 4
    endloop
  endfacet
  facet normal -0.322264 -0.94665 -0
    outer loop
      vertex 126.73 16.5556 4
      vertex 126.495 16.6356 3.3
      vertex 126.73 16.5556 3.3
    endloop
  endfacet
  facet normal -0.180269 -0.983617 0
    outer loop
      vertex 126.226 16.6849 3.3
      vertex 126.495 16.6356 4
      vertex 126.226 16.6849 4
    endloop
  endfacet
  facet normal -0.180269 -0.983617 -0
    outer loop
      vertex 126.495 16.6356 4
      vertex 126.226 16.6849 3.3
      vertex 126.495 16.6356 3.3
    endloop
  endfacet
  facet normal -0.285202 0.958467 0
    outer loop
      vertex 126.431 16.7459 3.3
      vertex 126.226 16.6849 4
      vertex 126.431 16.7459 4
    endloop
  endfacet
  facet normal -0.285202 0.958467 0
    outer loop
      vertex 126.226 16.6849 4
      vertex 126.431 16.7459 3.3
      vertex 126.226 16.6849 3.3
    endloop
  endfacet
  facet normal -0.425773 0.90483 0
    outer loop
      vertex 126.611 16.8306 3.3
      vertex 126.431 16.7459 4
      vertex 126.611 16.8306 4
    endloop
  endfacet
  facet normal -0.425773 0.90483 0
    outer loop
      vertex 126.431 16.7459 4
      vertex 126.611 16.8306 3.3
      vertex 126.431 16.7459 3.3
    endloop
  endfacet
  facet normal -0.570987 0.820959 0
    outer loop
      vertex 126.767 16.9391 3.3
      vertex 126.611 16.8306 4
      vertex 126.767 16.9391 4
    endloop
  endfacet
  facet normal -0.570987 0.820959 0
    outer loop
      vertex 126.611 16.8306 4
      vertex 126.767 16.9391 3.3
      vertex 126.611 16.8306 3.3
    endloop
  endfacet
  facet normal -0.71328 0.70088 0
    outer loop
      vertex 126.767 16.9391 3.3
      vertex 126.897 17.0714 4
      vertex 126.897 17.0714 3.3
    endloop
  endfacet
  facet normal -0.71328 0.70088 0
    outer loop
      vertex 126.897 17.0714 4
      vertex 126.767 16.9391 3.3
      vertex 126.767 16.9391 4
    endloop
  endfacet
  facet normal -0.82617 0.563421 0
    outer loop
      vertex 126.897 17.0714 3.3
      vertex 127.001 17.2239 4
      vertex 127.001 17.2239 3.3
    endloop
  endfacet
  facet normal -0.82617 0.563421 0
    outer loop
      vertex 127.001 17.2239 4
      vertex 126.897 17.0714 3.3
      vertex 126.897 17.0714 4
    endloop
  endfacet
  facet normal -0.916554 0.399911 0
    outer loop
      vertex 127.001 17.2239 3.3
      vertex 127.075 17.3935 4
      vertex 127.075 17.3935 3.3
    endloop
  endfacet
  facet normal -0.916554 0.399911 0
    outer loop
      vertex 127.075 17.3935 4
      vertex 127.001 17.2239 3.3
      vertex 127.001 17.2239 4
    endloop
  endfacet
  facet normal -0.972103 0.234556 0
    outer loop
      vertex 127.075 17.3935 3.3
      vertex 127.12 17.58 4
      vertex 127.12 17.58 3.3
    endloop
  endfacet
  facet normal -0.972103 0.234556 0
    outer loop
      vertex 127.12 17.58 4
      vertex 127.075 17.3935 3.3
      vertex 127.075 17.3935 4
    endloop
  endfacet
  facet normal -0.997292 0.0735466 0
    outer loop
      vertex 127.12 17.58 3.3
      vertex 127.135 17.7834 4
      vertex 127.135 17.7834 3.3
    endloop
  endfacet
  facet normal -0.997292 0.0735466 0
    outer loop
      vertex 127.135 17.7834 4
      vertex 127.12 17.58 3.3
      vertex 127.12 17.58 4
    endloop
  endfacet
  facet normal -0.979245 -0.202682 0
    outer loop
      vertex 127.135 17.7834 3.3
      vertex 127.03 18.2907 4
      vertex 127.03 18.2907 3.3
    endloop
  endfacet
  facet normal -0.979245 -0.202682 0
    outer loop
      vertex 127.03 18.2907 4
      vertex 127.135 17.7834 3.3
      vertex 127.135 17.7834 4
    endloop
  endfacet
  facet normal -0.753709 -0.657208 0
    outer loop
      vertex 127.03 18.2907 3.3
      vertex 126.714 18.6531 4
      vertex 126.714 18.6531 3.3
    endloop
  endfacet
  facet normal -0.753709 -0.657208 0
    outer loop
      vertex 126.714 18.6531 4
      vertex 127.03 18.2907 3.3
      vertex 127.03 18.2907 4
    endloop
  endfacet
  facet normal -0.38259 -0.923918 0
    outer loop
      vertex 126.189 18.8705 3.3
      vertex 126.714 18.6531 4
      vertex 126.189 18.8705 4
    endloop
  endfacet
  facet normal -0.38259 -0.923918 -0
    outer loop
      vertex 126.714 18.6531 4
      vertex 126.189 18.8705 3.3
      vertex 126.714 18.6531 3.3
    endloop
  endfacet
  facet normal -0.098031 -0.995183 0
    outer loop
      vertex 125.453 18.943 3.3
      vertex 126.189 18.8705 4
      vertex 125.453 18.943 4
    endloop
  endfacet
  facet normal -0.098031 -0.995183 -0
    outer loop
      vertex 126.189 18.8705 4
      vertex 125.453 18.943 3.3
      vertex 126.189 18.8705 3.3
    endloop
  endfacet
  facet normal 0 -1 0
    outer loop
      vertex 123.717 18.943 3.3
      vertex 125.453 18.943 4
      vertex 123.717 18.943 4
    endloop
  endfacet
  facet normal 0 -1 -0
    outer loop
      vertex 125.453 18.943 4
      vertex 123.717 18.943 3.3
      vertex 125.453 18.943 3.3
    endloop
  endfacet
  facet normal 1 -0 0
    outer loop
      vertex 123.717 14.1656 4
      vertex 123.717 18.943 3.3
      vertex 123.717 18.943 4
    endloop
  endfacet
  facet normal 1 0 0
    outer loop
      vertex 123.717 18.943 3.3
      vertex 123.717 14.1656 4
      vertex 123.717 14.1656 3.3
    endloop
  endfacet
  facet normal 0 1 -0
    outer loop
      vertex 125.656 14.1656 3.3
      vertex 123.717 14.1656 4
      vertex 125.656 14.1656 4
    endloop
  endfacet
  facet normal 0 1 0
    outer loop
      vertex 123.717 14.1656 4
      vertex 125.656 14.1656 3.3
      vertex 123.717 14.1656 3.3
    endloop
  endfacet
  facet normal -0.0566862 0.998392 0
    outer loop
      vertex 126.047 14.1878 3.3
      vertex 125.656 14.1656 4
      vertex 126.047 14.1878 4
    endloop
  endfacet
  facet normal -0.0566862 0.998392 0
    outer loop
      vertex 125.656 14.1656 4
      vertex 126.047 14.1878 3.3
      vertex 125.656 14.1656 3.3
    endloop
  endfacet
  facet normal -1 0 0
    outer loop
      vertex 124.365 16.912 3.3
      vertex 124.365 18.4243 4
      vertex 124.365 18.4243 3.3
    endloop
  endfacet
  facet normal -1 -0 0
    outer loop
      vertex 124.365 18.4243 4
      vertex 124.365 16.912 3.3
      vertex 124.365 16.912 4
    endloop
  endfacet
  facet normal 0 1 -0
    outer loop
      vertex 125.453 18.4243 3.3
      vertex 124.365 18.4243 4
      vertex 125.453 18.4243 4
    endloop
  endfacet
  facet normal 0 1 0
    outer loop
      vertex 124.365 18.4243 4
      vertex 125.453 18.4243 3.3
      vertex 124.365 18.4243 3.3
    endloop
  endfacet
  facet normal 0.0440251 0.99903 -0
    outer loop
      vertex 125.689 18.4139 3.3
      vertex 125.453 18.4243 4
      vertex 125.689 18.4139 4
    endloop
  endfacet
  facet normal 0.0440251 0.99903 0
    outer loop
      vertex 125.453 18.4243 4
      vertex 125.689 18.4139 3.3
      vertex 125.453 18.4243 3.3
    endloop
  endfacet
  facet normal 0.149041 0.988831 -0
    outer loop
      vertex 125.896 18.3827 3.3
      vertex 125.689 18.4139 4
      vertex 125.896 18.3827 4
    endloop
  endfacet
  facet normal 0.149041 0.988831 0
    outer loop
      vertex 125.689 18.4139 4
      vertex 125.896 18.3827 3.3
      vertex 125.689 18.4139 3.3
    endloop
  endfacet
  facet normal 0.282845 0.959166 -0
    outer loop
      vertex 126.072 18.3308 3.3
      vertex 125.896 18.3827 4
      vertex 126.072 18.3308 4
    endloop
  endfacet
  facet normal 0.282845 0.959166 0
    outer loop
      vertex 125.896 18.3827 4
      vertex 126.072 18.3308 3.3
      vertex 125.896 18.3827 3.3
    endloop
  endfacet
  facet normal 0.443307 0.89637 -0
    outer loop
      vertex 126.219 18.2581 3.3
      vertex 126.072 18.3308 4
      vertex 126.219 18.2581 4
    endloop
  endfacet
  facet normal 0.443307 0.89637 0
    outer loop
      vertex 126.072 18.3308 4
      vertex 126.219 18.2581 3.3
      vertex 126.072 18.3308 3.3
    endloop
  endfacet
  facet normal 0.640705 0.767787 -0
    outer loop
      vertex 126.335 18.1613 3.3
      vertex 126.219 18.2581 4
      vertex 126.335 18.1613 4
    endloop
  endfacet
  facet normal 0.640705 0.767787 0
    outer loop
      vertex 126.219 18.2581 4
      vertex 126.335 18.1613 3.3
      vertex 126.219 18.2581 3.3
    endloop
  endfacet
  facet normal 0.831844 0.555009 0
    outer loop
      vertex 126.418 18.0369 4
      vertex 126.335 18.1613 3.3
      vertex 126.335 18.1613 4
    endloop
  endfacet
  facet normal 0.831844 0.555009 0
    outer loop
      vertex 126.335 18.1613 3.3
      vertex 126.418 18.0369 4
      vertex 126.418 18.0369 3.3
    endloop
  endfacet
  facet normal 0.951768 0.30682 0
    outer loop
      vertex 126.467 17.8849 4
      vertex 126.418 18.0369 3.3
      vertex 126.418 18.0369 4
    endloop
  endfacet
  facet normal 0.951768 0.30682 0
    outer loop
      vertex 126.418 18.0369 3.3
      vertex 126.467 17.8849 4
      vertex 126.467 17.8849 3.3
    endloop
  endfacet
  facet normal 0.995545 0.0942856 0
    outer loop
      vertex 126.484 17.7054 4
      vertex 126.467 17.8849 3.3
      vertex 126.467 17.8849 4
    endloop
  endfacet
  facet normal 0.995545 0.0942856 0
    outer loop
      vertex 126.467 17.8849 3.3
      vertex 126.484 17.7054 4
      vertex 126.484 17.7054 3.3
    endloop
  endfacet
  facet normal 0.996425 -0.0844875 0
    outer loop
      vertex 126.468 17.5167 4
      vertex 126.484 17.7054 3.3
      vertex 126.484 17.7054 4
    endloop
  endfacet
  facet normal 0.996425 -0.0844875 0
    outer loop
      vertex 126.484 17.7054 3.3
      vertex 126.468 17.5167 4
      vertex 126.468 17.5167 3.3
    endloop
  endfacet
  facet normal 0.959083 -0.283124 0
    outer loop
      vertex 126.42 17.3541 4
      vertex 126.468 17.5167 3.3
      vertex 126.468 17.5167 4
    endloop
  endfacet
  facet normal 0.959083 -0.283124 0
    outer loop
      vertex 126.468 17.5167 3.3
      vertex 126.42 17.3541 4
      vertex 126.42 17.3541 3.3
    endloop
  endfacet
  facet normal 0.862907 -0.505363 0
    outer loop
      vertex 126.34 17.2175 4
      vertex 126.42 17.3541 3.3
      vertex 126.42 17.3541 4
    endloop
  endfacet
  facet normal 0.862907 -0.505363 0
    outer loop
      vertex 126.42 17.3541 3.3
      vertex 126.34 17.2175 4
      vertex 126.34 17.2175 3.3
    endloop
  endfacet
  facet normal 0.702324 -0.711858 0
    outer loop
      vertex 126.228 17.107 3.3
      vertex 126.34 17.2175 4
      vertex 126.228 17.107 4
    endloop
  endfacet
  facet normal 0.702324 -0.711858 0
    outer loop
      vertex 126.34 17.2175 4
      vertex 126.228 17.107 3.3
      vertex 126.34 17.2175 3.3
    endloop
  endfacet
  facet normal 0.507046 -0.861919 0
    outer loop
      vertex 126.083 17.0217 3.3
      vertex 126.228 17.107 4
      vertex 126.083 17.0217 4
    endloop
  endfacet
  facet normal 0.507046 -0.861919 0
    outer loop
      vertex 126.228 17.107 4
      vertex 126.083 17.0217 3.3
      vertex 126.228 17.107 3.3
    endloop
  endfacet
  facet normal 0.325349 -0.945594 0
    outer loop
      vertex 125.906 16.9608 3.3
      vertex 126.083 17.0217 4
      vertex 125.906 16.9608 4
    endloop
  endfacet
  facet normal 0.325349 -0.945594 0
    outer loop
      vertex 126.083 17.0217 4
      vertex 125.906 16.9608 3.3
      vertex 126.083 17.0217 3.3
    endloop
  endfacet
  facet normal 0.171698 -0.98515 0
    outer loop
      vertex 125.696 16.9242 3.3
      vertex 125.906 16.9608 4
      vertex 125.696 16.9242 4
    endloop
  endfacet
  facet normal 0.171698 -0.98515 0
    outer loop
      vertex 125.906 16.9608 4
      vertex 125.696 16.9242 3.3
      vertex 125.906 16.9608 3.3
    endloop
  endfacet
  facet normal 0.0501426 -0.998742 0
    outer loop
      vertex 125.453 16.912 3.3
      vertex 125.696 16.9242 4
      vertex 125.453 16.912 4
    endloop
  endfacet
  facet normal 0.0501426 -0.998742 0
    outer loop
      vertex 125.696 16.9242 4
      vertex 125.453 16.912 3.3
      vertex 125.696 16.9242 3.3
    endloop
  endfacet
  facet normal 0 -1 0
    outer loop
      vertex 124.365 16.912 3.3
      vertex 125.453 16.912 4
      vertex 124.365 16.912 4
    endloop
  endfacet
  facet normal 0 -1 -0
    outer loop
      vertex 125.453 16.912 4
      vertex 124.365 16.912 3.3
      vertex 125.453 16.912 3.3
    endloop
  endfacet
  facet normal -1 0 0
    outer loop
      vertex 124.365 14.6844 3.3
      vertex 124.365 16.4068 4
      vertex 124.365 16.4068 3.3
    endloop
  endfacet
  facet normal -1 -0 0
    outer loop
      vertex 124.365 16.4068 4
      vertex 124.365 14.6844 3.3
      vertex 124.365 14.6844 4
    endloop
  endfacet
  facet normal 0 1 -0
    outer loop
      vertex 125.572 16.4068 3.3
      vertex 124.365 16.4068 4
      vertex 125.572 16.4068 4
    endloop
  endfacet
  facet normal 0 1 0
    outer loop
      vertex 124.365 16.4068 4
      vertex 125.572 16.4068 3.3
      vertex 124.365 16.4068 3.3
    endloop
  endfacet
  facet normal 0.101022 0.994884 -0
    outer loop
      vertex 126.091 16.3541 3.3
      vertex 125.572 16.4068 4
      vertex 126.091 16.3541 4
    endloop
  endfacet
  facet normal 0.101022 0.994884 0
    outer loop
      vertex 125.572 16.4068 4
      vertex 126.091 16.3541 3.3
      vertex 125.572 16.4068 3.3
    endloop
  endfacet
  facet normal 0.392453 0.919772 -0
    outer loop
      vertex 126.462 16.1958 3.3
      vertex 126.091 16.3541 4
      vertex 126.462 16.1958 4
    endloop
  endfacet
  facet normal 0.392453 0.919772 0
    outer loop
      vertex 126.091 16.3541 4
      vertex 126.462 16.1958 3.3
      vertex 126.091 16.3541 3.3
    endloop
  endfacet
  facet normal 0.765242 0.643743 0
    outer loop
      vertex 126.684 15.9319 4
      vertex 126.462 16.1958 3.3
      vertex 126.462 16.1958 4
    endloop
  endfacet
  facet normal 0.765242 0.643743 0
    outer loop
      vertex 126.462 16.1958 3.3
      vertex 126.684 15.9319 4
      vertex 126.684 15.9319 3.3
    endloop
  endfacet
  facet normal 0.980509 0.196474 0
    outer loop
      vertex 126.758 15.5626 4
      vertex 126.684 15.9319 3.3
      vertex 126.684 15.9319 4
    endloop
  endfacet
  facet normal 0.980509 0.196474 0
    outer loop
      vertex 126.684 15.9319 3.3
      vertex 126.758 15.5626 4
      vertex 126.758 15.5626 3.3
    endloop
  endfacet
  facet normal 0.996583 -0.0826031 0
    outer loop
      vertex 126.741 15.3575 4
      vertex 126.758 15.5626 3.3
      vertex 126.758 15.5626 4
    endloop
  endfacet
  facet normal 0.996583 -0.0826031 0
    outer loop
      vertex 126.758 15.5626 3.3
      vertex 126.741 15.3575 4
      vertex 126.741 15.3575 3.3
    endloop
  endfacet
  facet normal 0.962779 -0.270292 0
    outer loop
      vertex 126.691 15.1794 4
      vertex 126.741 15.3575 3.3
      vertex 126.741 15.3575 4
    endloop
  endfacet
  facet normal 0.962779 -0.270292 0
    outer loop
      vertex 126.741 15.3575 3.3
      vertex 126.691 15.1794 4
      vertex 126.691 15.1794 3.3
    endloop
  endfacet
  facet normal 0.871282 -0.490782 0
    outer loop
      vertex 126.606 15.0285 4
      vertex 126.691 15.1794 3.3
      vertex 126.691 15.1794 4
    endloop
  endfacet
  facet normal 0.871282 -0.490782 0
    outer loop
      vertex 126.691 15.1794 3.3
      vertex 126.606 15.0285 4
      vertex 126.606 15.0285 3.3
    endloop
  endfacet
  facet normal 0.720665 -0.693283 0
    outer loop
      vertex 126.487 14.9048 4
      vertex 126.606 15.0285 3.3
      vertex 126.606 15.0285 4
    endloop
  endfacet
  facet normal 0.720665 -0.693283 0
    outer loop
      vertex 126.606 15.0285 3.3
      vertex 126.487 14.9048 4
      vertex 126.487 14.9048 3.3
    endloop
  endfacet
  facet normal 0.525679 -0.850683 0
    outer loop
      vertex 126.331 14.8084 3.3
      vertex 126.487 14.9048 4
      vertex 126.331 14.8084 4
    endloop
  endfacet
  facet normal 0.525679 -0.850683 0
    outer loop
      vertex 126.487 14.9048 4
      vertex 126.331 14.8084 3.3
      vertex 126.487 14.9048 3.3
    endloop
  endfacet
  facet normal 0.331637 -0.943407 0
    outer loop
      vertex 126.135 14.7395 3.3
      vertex 126.331 14.8084 4
      vertex 126.135 14.7395 4
    endloop
  endfacet
  facet normal 0.331637 -0.943407 0
    outer loop
      vertex 126.331 14.8084 4
      vertex 126.135 14.7395 3.3
      vertex 126.331 14.8084 3.3
    endloop
  endfacet
  facet normal 0.17238 -0.98503 0
    outer loop
      vertex 125.899 14.6982 3.3
      vertex 126.135 14.7395 4
      vertex 125.899 14.6982 4
    endloop
  endfacet
  facet normal 0.17238 -0.98503 0
    outer loop
      vertex 126.135 14.7395 4
      vertex 125.899 14.6982 3.3
      vertex 126.135 14.7395 3.3
    endloop
  endfacet
  facet normal 0.0499376 -0.998752 0
    outer loop
      vertex 125.623 14.6844 3.3
      vertex 125.899 14.6982 4
      vertex 125.623 14.6844 4
    endloop
  endfacet
  facet normal 0.0499376 -0.998752 0
    outer loop
      vertex 125.899 14.6982 4
      vertex 125.623 14.6844 3.3
      vertex 125.899 14.6982 3.3
    endloop
  endfacet
  facet normal 0 -1 0
    outer loop
      vertex 124.365 14.6844 3.3
      vertex 125.623 14.6844 4
      vertex 124.365 14.6844 4
    endloop
  endfacet
  facet normal 0 -1 -0
    outer loop
      vertex 125.623 14.6844 4
      vertex 124.365 14.6844 3.3
      vertex 125.623 14.6844 3.3
    endloop
  endfacet
  facet normal 0 -1 0
    outer loop
      vertex 108.536 14.6946 3.3
      vertex 111.652 14.6946 4
      vertex 108.536 14.6946 4
    endloop
  endfacet
  facet normal 0 -1 -0
    outer loop
      vertex 111.652 14.6946 4
      vertex 108.536 14.6946 3.3
      vertex 111.652 14.6946 3.3
    endloop
  endfacet
  facet normal -1 0 0
    outer loop
      vertex 108.536 14.6946 3.3
      vertex 108.536 16.3594 4
      vertex 108.536 16.3594 3.3
    endloop
  endfacet
  facet normal -1 -0 0
    outer loop
      vertex 108.536 16.3594 4
      vertex 108.536 14.6946 3.3
      vertex 108.536 14.6946 4
    endloop
  endfacet
  facet normal 0 1 -0
    outer loop
      vertex 111.31 16.3594 3.3
      vertex 108.536 16.3594 4
      vertex 111.31 16.3594 4
    endloop
  endfacet
  facet normal 0 1 0
    outer loop
      vertex 108.536 16.3594 4
      vertex 111.31 16.3594 3.3
      vertex 108.536 16.3594 3.3
    endloop
  endfacet
  facet normal -1 0 0
    outer loop
      vertex 111.31 16.3594 3.3
      vertex 111.31 16.8815 4
      vertex 111.31 16.8815 3.3
    endloop
  endfacet
  facet normal -1 -0 0
    outer loop
      vertex 111.31 16.8815 4
      vertex 111.31 16.3594 3.3
      vertex 111.31 16.3594 4
    endloop
  endfacet
  facet normal 0 -1 0
    outer loop
      vertex 108.536 16.8815 3.3
      vertex 111.31 16.8815 4
      vertex 108.536 16.8815 4
    endloop
  endfacet
  facet normal 0 -1 -0
    outer loop
      vertex 111.31 16.8815 4
      vertex 108.536 16.8815 3.3
      vertex 111.31 16.8815 3.3
    endloop
  endfacet
  facet normal -1 0 0
    outer loop
      vertex 108.536 16.8815 3.3
      vertex 108.536 18.4141 4
      vertex 108.536 18.4141 3.3
    endloop
  endfacet
  facet normal -1 -0 0
    outer loop
      vertex 108.536 18.4141 4
      vertex 108.536 16.8815 3.3
      vertex 108.536 16.8815 4
    endloop
  endfacet
  facet normal 0 1 -0
    outer loop
      vertex 111.513 18.4141 3.3
      vertex 108.536 18.4141 4
      vertex 111.513 18.4141 4
    endloop
  endfacet
  facet normal 0 1 0
    outer loop
      vertex 108.536 18.4141 4
      vertex 111.513 18.4141 3.3
      vertex 108.536 18.4141 3.3
    endloop
  endfacet
  facet normal -1 0 0
    outer loop
      vertex 111.513 18.4141 3.3
      vertex 111.513 18.943 4
      vertex 111.513 18.943 3.3
    endloop
  endfacet
  facet normal -1 -0 0
    outer loop
      vertex 111.513 18.943 4
      vertex 111.513 18.4141 3.3
      vertex 111.513 18.4141 4
    endloop
  endfacet
  facet normal 0 -1 0
    outer loop
      vertex 107.889 18.943 3.3
      vertex 111.513 18.943 4
      vertex 107.889 18.943 4
    endloop
  endfacet
  facet normal 0 -1 -0
    outer loop
      vertex 111.513 18.943 4
      vertex 107.889 18.943 3.3
      vertex 111.513 18.943 3.3
    endloop
  endfacet
  facet normal 1 -0 0
    outer loop
      vertex 107.889 14.1656 4
      vertex 107.889 18.943 3.3
      vertex 107.889 18.943 4
    endloop
  endfacet
  facet normal 1 0 0
    outer loop
      vertex 107.889 18.943 3.3
      vertex 107.889 14.1656 4
      vertex 107.889 14.1656 3.3
    endloop
  endfacet
  facet normal 0 1 -0
    outer loop
      vertex 111.652 14.1656 3.3
      vertex 107.889 14.1656 4
      vertex 111.652 14.1656 4
    endloop
  endfacet
  facet normal 0 1 0
    outer loop
      vertex 107.889 14.1656 4
      vertex 111.652 14.1656 3.3
      vertex 107.889 14.1656 3.3
    endloop
  endfacet
  facet normal -1 0 0
    outer loop
      vertex 111.652 14.1656 3.3
      vertex 111.652 14.6946 4
      vertex 111.652 14.6946 3.3
    endloop
  endfacet
  facet normal -1 -0 0
    outer loop
      vertex 111.652 14.6946 4
      vertex 111.652 14.1656 3.3
      vertex 111.652 14.1656 4
    endloop
  endfacet
  facet normal 0 1 -0
    outer loop
      vertex 115.253 15.5626 3.3
      vertex 113.077 15.5626 4
      vertex 115.253 15.5626 4
    endloop
  endfacet
  facet normal 0 1 0
    outer loop
      vertex 113.077 15.5626 4
      vertex 115.253 15.5626 3.3
      vertex 113.077 15.5626 3.3
    endloop
  endfacet
  facet normal 0.93139 0.364022 0
    outer loop
      vertex 115.799 14.1656 4
      vertex 115.253 15.5626 3.3
      vertex 115.253 15.5626 4
    endloop
  endfacet
  facet normal 0.93139 0.364022 0
    outer loop
      vertex 115.253 15.5626 3.3
      vertex 115.799 14.1656 4
      vertex 115.799 14.1656 3.3
    endloop
  endfacet
  facet normal 0 1 -0
    outer loop
      vertex 116.46 14.1656 3.3
      vertex 115.799 14.1656 4
      vertex 116.46 14.1656 4
    endloop
  endfacet
  facet normal 0 1 0
    outer loop
      vertex 115.799 14.1656 4
      vertex 116.46 14.1656 3.3
      vertex 115.799 14.1656 3.3
    endloop
  endfacet
  facet normal -0.927937 -0.372737 0
    outer loop
      vertex 116.46 14.1656 3.3
      vertex 114.541 18.943 4
      vertex 114.541 18.943 3.3
    endloop
  endfacet
  facet normal -0.927937 -0.372737 0
    outer loop
      vertex 114.541 18.943 4
      vertex 116.46 14.1656 3.3
      vertex 116.46 14.1656 4
    endloop
  endfacet
  facet normal 0 -1 0
    outer loop
      vertex 113.806 18.943 3.3
      vertex 114.541 18.943 4
      vertex 113.806 18.943 4
    endloop
  endfacet
  facet normal 0 -1 -0
    outer loop
      vertex 114.541 18.943 4
      vertex 113.806 18.943 3.3
      vertex 114.541 18.943 3.3
    endloop
  endfacet
  facet normal 0.925845 -0.377904 0
    outer loop
      vertex 111.856 14.1656 4
      vertex 113.806 18.943 3.3
      vertex 113.806 18.943 4
    endloop
  endfacet
  facet normal 0.925845 -0.377904 0
    outer loop
      vertex 113.806 18.943 3.3
      vertex 111.856 14.1656 4
      vertex 111.856 14.1656 3.3
    endloop
  endfacet
  facet normal 0 1 -0
    outer loop
      vertex 112.527 14.1656 3.3
      vertex 111.856 14.1656 4
      vertex 112.527 14.1656 4
    endloop
  endfacet
  facet normal 0 1 0
    outer loop
      vertex 111.856 14.1656 4
      vertex 112.527 14.1656 3.3
      vertex 111.856 14.1656 3.3
    endloop
  endfacet
  facet normal -0.930484 0.366332 0
    outer loop
      vertex 112.527 14.1656 3.3
      vertex 113.077 15.5626 4
      vertex 113.077 15.5626 3.3
    endloop
  endfacet
  facet normal -0.930484 0.366332 0
    outer loop
      vertex 113.077 15.5626 4
      vertex 112.527 14.1656 3.3
      vertex 112.527 14.1656 4
    endloop
  endfacet
  facet normal -0.9319 0.362716 0
    outer loop
      vertex 113.273 16.0678 3.3
      vertex 113.884 17.6376 4
      vertex 113.884 17.6376 3.3
    endloop
  endfacet
  facet normal -0.9319 0.362716 0
    outer loop
      vertex 113.884 17.6376 4
      vertex 113.273 16.0678 3.3
      vertex 113.273 16.0678 4
    endloop
  endfacet
  facet normal -0.937695 0.347459 0
    outer loop
      vertex 113.884 17.6376 3.3
      vertex 113.962 17.8481 4
      vertex 113.962 17.8481 3.3
    endloop
  endfacet
  facet normal -0.937695 0.347459 0
    outer loop
      vertex 113.962 17.8481 4
      vertex 113.884 17.6376 3.3
      vertex 113.884 17.6376 4
    endloop
  endfacet
  facet normal -0.943355 0.331784 0
    outer loop
      vertex 113.962 17.8481 3.3
      vertex 114.029 18.0386 4
      vertex 114.029 18.0386 3.3
    endloop
  endfacet
  facet normal -0.943355 0.331784 0
    outer loop
      vertex 114.029 18.0386 4
      vertex 113.962 17.8481 3.3
      vertex 113.962 17.8481 4
    endloop
  endfacet
  facet normal -0.94678 0.321883 0
    outer loop
      vertex 114.029 18.0386 3.3
      vertex 114.087 18.2092 4
      vertex 114.087 18.2092 3.3
    endloop
  endfacet
  facet normal -0.94678 0.321883 0
    outer loop
      vertex 114.087 18.2092 4
      vertex 114.029 18.0386 3.3
      vertex 114.029 18.0386 4
    endloop
  endfacet
  facet normal -0.954593 0.297914 0
    outer loop
      vertex 114.087 18.2092 3.3
      vertex 114.134 18.3598 4
      vertex 114.134 18.3598 3.3
    endloop
  endfacet
  facet normal -0.954593 0.297914 0
    outer loop
      vertex 114.134 18.3598 4
      vertex 114.087 18.2092 3.3
      vertex 114.087 18.2092 4
    endloop
  endfacet
  facet normal -0.950666 0.310217 0
    outer loop
      vertex 114.134 18.3598 3.3
      vertex 114.165 18.4548 4
      vertex 114.165 18.4548 3.3
    endloop
  endfacet
  facet normal -0.950666 0.310217 0
    outer loop
      vertex 114.165 18.4548 4
      vertex 114.134 18.3598 3.3
      vertex 114.134 18.3598 4
    endloop
  endfacet
  facet normal 0.950524 0.310651 0
    outer loop
      vertex 114.257 18.1733 4
      vertex 114.165 18.4548 3.3
      vertex 114.165 18.4548 4
    endloop
  endfacet
  facet normal 0.950524 0.310651 0
    outer loop
      vertex 114.165 18.4548 3.3
      vertex 114.257 18.1733 4
      vertex 114.257 18.1733 3.3
    endloop
  endfacet
  facet normal 0.950454 0.310865 0
    outer loop
      vertex 114.304 18.0296 4
      vertex 114.257 18.1733 3.3
      vertex 114.257 18.1733 4
    endloop
  endfacet
  facet normal 0.950454 0.310865 0
    outer loop
      vertex 114.257 18.1733 3.3
      vertex 114.304 18.0296 4
      vertex 114.304 18.0296 3.3
    endloop
  endfacet
  facet normal 0.945151 0.326633 0
    outer loop
      vertex 114.351 17.8936 4
      vertex 114.304 18.0296 3.3
      vertex 114.304 18.0296 4
    endloop
  endfacet
  facet normal 0.945151 0.326633 0
    outer loop
      vertex 114.304 18.0296 3.3
      vertex 114.351 17.8936 4
      vertex 114.351 17.8936 3.3
    endloop
  endfacet
  facet normal 0.936688 0.350164 0
    outer loop
      vertex 114.399 17.7652 4
      vertex 114.351 17.8936 3.3
      vertex 114.351 17.8936 4
    endloop
  endfacet
  facet normal 0.936688 0.350164 0
    outer loop
      vertex 114.351 17.8936 3.3
      vertex 114.399 17.7652 4
      vertex 114.399 17.7652 3.3
    endloop
  endfacet
  facet normal 0.931947 0.362595 0
    outer loop
      vertex 114.446 17.6444 4
      vertex 114.399 17.7652 3.3
      vertex 114.399 17.7652 4
    endloop
  endfacet
  facet normal 0.931947 0.362595 0
    outer loop
      vertex 114.399 17.7652 3.3
      vertex 114.446 17.6444 4
      vertex 114.446 17.6444 3.3
    endloop
  endfacet
  facet normal 0.931829 0.362897 0
    outer loop
      vertex 115.06 16.0678 4
      vertex 114.446 17.6444 3.3
      vertex 114.446 17.6444 4
    endloop
  endfacet
  facet normal 0.931829 0.362897 0
    outer loop
      vertex 114.446 17.6444 3.3
      vertex 115.06 16.0678 4
      vertex 115.06 16.0678 3.3
    endloop
  endfacet
  facet normal 0 -1 0
    outer loop
      vertex 113.273 16.0678 3.3
      vertex 115.06 16.0678 4
      vertex 113.273 16.0678 4
    endloop
  endfacet
  facet normal 0 -1 -0
    outer loop
      vertex 115.06 16.0678 4
      vertex 113.273 16.0678 3.3
      vertex 115.06 16.0678 3.3
    endloop
  endfacet
  facet normal -0.172911 0.984937 0
    outer loop
      vertex 119.373 14.2394 3.3
      vertex 119.058 14.1841 4
      vertex 119.373 14.2394 4
    endloop
  endfacet
  facet normal -0.172911 0.984937 0
    outer loop
      vertex 119.058 14.1841 4
      vertex 119.373 14.2394 3.3
      vertex 119.058 14.1841 3.3
    endloop
  endfacet
  facet normal -0.298017 0.954561 0
    outer loop
      vertex 119.668 14.3315 3.3
      vertex 119.373 14.2394 4
      vertex 119.668 14.3315 4
    endloop
  endfacet
  facet normal -0.298017 0.954561 0
    outer loop
      vertex 119.373 14.2394 4
      vertex 119.668 14.3315 3.3
      vertex 119.373 14.2394 3.3
    endloop
  endfacet
  facet normal -0.424957 0.905214 0
    outer loop
      vertex 119.943 14.4606 3.3
      vertex 119.668 14.3315 4
      vertex 119.943 14.4606 4
    endloop
  endfacet
  facet normal -0.424957 0.905214 0
    outer loop
      vertex 119.668 14.3315 4
      vertex 119.943 14.4606 3.3
      vertex 119.668 14.3315 3.3
    endloop
  endfacet
  facet normal -0.549345 0.835595 0
    outer loop
      vertex 120.192 14.6243 3.3
      vertex 119.943 14.4606 4
      vertex 120.192 14.6243 4
    endloop
  endfacet
  facet normal -0.549345 0.835595 0
    outer loop
      vertex 119.943 14.4606 4
      vertex 120.192 14.6243 3.3
      vertex 119.943 14.4606 3.3
    endloop
  endfacet
  facet normal -0.665395 0.746491 0
    outer loop
      vertex 120.412 14.8204 3.3
      vertex 120.192 14.6243 4
      vertex 120.412 14.8204 4
    endloop
  endfacet
  facet normal -0.665395 0.746491 0
    outer loop
      vertex 120.192 14.6243 4
      vertex 120.412 14.8204 3.3
      vertex 120.192 14.6243 3.3
    endloop
  endfacet
  facet normal -0.770703 0.637195 0
    outer loop
      vertex 120.412 14.8204 3.3
      vertex 120.601 15.049 4
      vertex 120.601 15.049 3.3
    endloop
  endfacet
  facet normal -0.770703 0.637195 0
    outer loop
      vertex 120.601 15.049 4
      vertex 120.412 14.8204 3.3
      vertex 120.412 14.8204 4
    endloop
  endfacet
  facet normal -0.85392 0.520404 0
    outer loop
      vertex 120.601 15.049 3.3
      vertex 120.76 15.3099 4
      vertex 120.76 15.3099 3.3
    endloop
  endfacet
  facet normal -0.85392 0.520404 0
    outer loop
      vertex 120.76 15.3099 4
      vertex 120.601 15.049 3.3
      vertex 120.601 15.049 4
    endloop
  endfacet
  facet normal -0.916565 0.399886 0
    outer loop
      vertex 120.76 15.3099 3.3
      vertex 120.886 15.5987 4
      vertex 120.886 15.5987 3.3
    endloop
  endfacet
  facet normal -0.916565 0.399886 0
    outer loop
      vertex 120.886 15.5987 4
      vertex 120.76 15.3099 3.3
      vertex 120.76 15.3099 4
    endloop
  endfacet
  facet normal -0.960776 0.277325 0
    outer loop
      vertex 120.886 15.5987 3.3
      vertex 120.976 15.9105 4
      vertex 120.976 15.9105 3.3
    endloop
  endfacet
  facet normal -0.960776 0.277325 0
    outer loop
      vertex 120.976 15.9105 4
      vertex 120.886 15.5987 3.3
      vertex 120.886 15.5987 4
    endloop
  endfacet
  facet normal -0.987256 0.15914 0
    outer loop
      vertex 120.976 15.9105 3.3
      vertex 121.03 16.2455 4
      vertex 121.03 16.2455 3.3
    endloop
  endfacet
  facet normal -0.987256 0.15914 0
    outer loop
      vertex 121.03 16.2455 4
      vertex 120.976 15.9105 3.3
      vertex 120.976 15.9105 4
    endloop
  endfacet
  facet normal -0.998738 0.0502159 0
    outer loop
      vertex 121.03 16.2455 3.3
      vertex 121.048 16.6035 4
      vertex 121.048 16.6035 3.3
    endloop
  endfacet
  facet normal -0.998738 0.0502159 0
    outer loop
      vertex 121.048 16.6035 4
      vertex 121.03 16.2455 3.3
      vertex 121.03 16.2455 4
    endloop
  endfacet
  facet normal -0.99701 -0.077273 0
    outer loop
      vertex 121.048 16.6035 3.3
      vertex 121.007 17.1325 4
      vertex 121.007 17.1325 3.3
    endloop
  endfacet
  facet normal -0.99701 -0.077273 0
    outer loop
      vertex 121.007 17.1325 4
      vertex 121.048 16.6035 3.3
      vertex 121.048 16.6035 4
    endloop
  endfacet
  facet normal -0.966207 -0.257766 0
    outer loop
      vertex 121.007 17.1325 3.3
      vertex 120.883 17.5973 4
      vertex 120.883 17.5973 3.3
    endloop
  endfacet
  facet normal -0.966207 -0.257766 0
    outer loop
      vertex 120.883 17.5973 4
      vertex 121.007 17.1325 3.3
      vertex 121.007 17.1325 4
    endloop
  endfacet
  facet normal -0.889355 -0.457218 0
    outer loop
      vertex 120.883 17.5973 3.3
      vertex 120.677 17.998 4
      vertex 120.677 17.998 3.3
    endloop
  endfacet
  facet normal -0.889355 -0.457218 0
    outer loop
      vertex 120.677 17.998 4
      vertex 120.883 17.5973 3.3
      vertex 120.883 17.5973 4
    endloop
  endfacet
  facet normal -0.759639 -0.650345 0
    outer loop
      vertex 120.677 17.998 3.3
      vertex 120.389 18.3344 4
      vertex 120.389 18.3344 3.3
    endloop
  endfacet
  facet normal -0.759639 -0.650345 0
    outer loop
      vertex 120.389 18.3344 4
      vertex 120.677 17.998 3.3
      vertex 120.677 17.998 4
    endloop
  endfacet
  facet normal -0.58925 -0.80795 0
    outer loop
      vertex 120.024 18.6006 3.3
      vertex 120.389 18.3344 4
      vertex 120.024 18.6006 4
    endloop
  endfacet
  facet normal -0.58925 -0.80795 -0
    outer loop
      vertex 120.389 18.3344 4
      vertex 120.024 18.6006 3.3
      vertex 120.389 18.3344 3.3
    endloop
  endfacet
  facet normal -0.402172 -0.915564 0
    outer loop
      vertex 119.591 18.7908 3.3
      vertex 120.024 18.6006 4
      vertex 119.591 18.7908 4
    endloop
  endfacet
  facet normal -0.402172 -0.915564 -0
    outer loop
      vertex 120.024 18.6006 4
      vertex 119.591 18.7908 3.3
      vertex 120.024 18.6006 3.3
    endloop
  endfacet
  facet normal -0.221403 -0.975182 0
    outer loop
      vertex 119.088 18.905 3.3
      vertex 119.591 18.7908 4
      vertex 119.088 18.905 4
    endloop
  endfacet
  facet normal -0.221403 -0.975182 -0
    outer loop
      vertex 119.591 18.7908 4
      vertex 119.088 18.905 3.3
      vertex 119.591 18.7908 3.3
    endloop
  endfacet
  facet normal -0.0661723 -0.997808 0
    outer loop
      vertex 118.515 18.943 3.3
      vertex 119.088 18.905 4
      vertex 118.515 18.943 4
    endloop
  endfacet
  facet normal -0.0661723 -0.997808 -0
    outer loop
      vertex 119.088 18.905 4
      vertex 118.515 18.943 3.3
      vertex 119.088 18.905 3.3
    endloop
  endfacet
  facet normal 0 -1 0
    outer loop
      vertex 116.935 18.943 3.3
      vertex 118.515 18.943 4
      vertex 116.935 18.943 4
    endloop
  endfacet
  facet normal 0 -1 -0
    outer loop
      vertex 118.515 18.943 4
      vertex 116.935 18.943 3.3
      vertex 118.515 18.943 3.3
    endloop
  endfacet
  facet normal 1 -0 0
    outer loop
      vertex 116.935 14.1656 4
      vertex 116.935 18.943 3.3
      vertex 116.935 18.943 4
    endloop
  endfacet
  facet normal 1 0 0
    outer loop
      vertex 116.935 18.943 3.3
      vertex 116.935 14.1656 4
      vertex 116.935 14.1656 3.3
    endloop
  endfacet
  facet normal 0 1 -0
    outer loop
      vertex 118.722 14.1656 3.3
      vertex 116.935 14.1656 4
      vertex 118.722 14.1656 4
    endloop
  endfacet
  facet normal 0 1 0
    outer loop
      vertex 116.935 14.1656 4
      vertex 118.722 14.1656 3.3
      vertex 116.935 14.1656 3.3
    endloop
  endfacet
  facet normal -0.0549763 0.998488 0
    outer loop
      vertex 119.058 14.1841 3.3
      vertex 118.722 14.1656 4
      vertex 119.058 14.1841 4
    endloop
  endfacet
  facet normal -0.0549763 0.998488 0
    outer loop
      vertex 118.722 14.1656 4
      vertex 119.058 14.1841 3.3
      vertex 118.722 14.1656 3.3
    endloop
  endfacet
  facet normal -1 0 0
    outer loop
      vertex 117.583 14.6844 3.3
      vertex 117.583 18.4243 4
      vertex 117.583 18.4243 3.3
    endloop
  endfacet
  facet normal -1 -0 0
    outer loop
      vertex 117.583 18.4243 4
      vertex 117.583 14.6844 3.3
      vertex 117.583 14.6844 4
    endloop
  endfacet
  facet normal 0 1 -0
    outer loop
      vertex 118.502 18.4243 3.3
      vertex 117.583 18.4243 4
      vertex 118.502 18.4243 4
    endloop
  endfacet
  facet normal 0 1 0
    outer loop
      vertex 117.583 18.4243 4
      vertex 118.502 18.4243 3.3
      vertex 117.583 18.4243 3.3
    endloop
  endfacet
  facet normal 0.0671293 0.997744 -0
    outer loop
      vertex 118.936 18.3951 3.3
      vertex 118.502 18.4243 4
      vertex 118.936 18.3951 4
    endloop
  endfacet
  facet normal 0.0671293 0.997744 0
    outer loop
      vertex 118.502 18.4243 4
      vertex 118.936 18.3951 3.3
      vertex 118.502 18.4243 3.3
    endloop
  endfacet
  facet normal 0.224709 0.974426 -0
    outer loop
      vertex 119.315 18.3077 3.3
      vertex 118.936 18.3951 4
      vertex 119.315 18.3077 4
    endloop
  endfacet
  facet normal 0.224709 0.974426 0
    outer loop
      vertex 118.936 18.3951 4
      vertex 119.315 18.3077 3.3
      vertex 118.936 18.3951 3.3
    endloop
  endfacet
  facet normal 0.40908 0.912498 -0
    outer loop
      vertex 119.64 18.162 3.3
      vertex 119.315 18.3077 4
      vertex 119.64 18.162 4
    endloop
  endfacet
  facet normal 0.40908 0.912498 0
    outer loop
      vertex 119.315 18.3077 4
      vertex 119.64 18.162 3.3
      vertex 119.315 18.3077 3.3
    endloop
  endfacet
  facet normal 0.601414 0.798937 -0
    outer loop
      vertex 119.911 17.958 3.3
      vertex 119.64 18.162 4
      vertex 119.911 17.958 4
    endloop
  endfacet
  facet normal 0.601414 0.798937 0
    outer loop
      vertex 119.64 18.162 4
      vertex 119.911 17.958 3.3
      vertex 119.64 18.162 3.3
    endloop
  endfacet
  facet normal 0.774422 0.632669 0
    outer loop
      vertex 120.123 17.6985 4
      vertex 119.911 17.958 3.3
      vertex 119.911 17.958 4
    endloop
  endfacet
  facet normal 0.774422 0.632669 0
    outer loop
      vertex 119.911 17.958 3.3
      vertex 120.123 17.6985 4
      vertex 120.123 17.6985 3.3
    endloop
  endfacet
  facet normal 0.897965 0.440066 0
    outer loop
      vertex 120.276 17.3863 4
      vertex 120.123 17.6985 3.3
      vertex 120.123 17.6985 4
    endloop
  endfacet
  facet normal 0.897965 0.440066 0
    outer loop
      vertex 120.123 17.6985 3.3
      vertex 120.276 17.3863 4
      vertex 120.276 17.3863 3.3
    endloop
  endfacet
  facet normal 0.970299 0.24191 0
    outer loop
      vertex 120.367 17.0213 4
      vertex 120.276 17.3863 3.3
      vertex 120.276 17.3863 4
    endloop
  endfacet
  facet normal 0.970299 0.24191 0
    outer loop
      vertex 120.276 17.3863 3.3
      vertex 120.367 17.0213 4
      vertex 120.367 17.0213 3.3
    endloop
  endfacet
  facet normal 0.997432 0.0716203 0
    outer loop
      vertex 120.397 16.6035 4
      vertex 120.367 17.0213 3.3
      vertex 120.367 17.0213 4
    endloop
  endfacet
  facet normal 0.997432 0.0716203 0
    outer loop
      vertex 120.367 17.0213 3.3
      vertex 120.397 16.6035 4
      vertex 120.397 16.6035 3.3
    endloop
  endfacet
  facet normal 0.998963 -0.0455348 0
    outer loop
      vertex 120.384 16.3183 4
      vertex 120.397 16.6035 3.3
      vertex 120.397 16.6035 4
    endloop
  endfacet
  facet normal 0.998963 -0.0455348 0
    outer loop
      vertex 120.397 16.6035 3.3
      vertex 120.384 16.3183 4
      vertex 120.384 16.3183 3.3
    endloop
  endfacet
  facet normal 0.988865 -0.148813 0
    outer loop
      vertex 120.344 16.0525 4
      vertex 120.384 16.3183 3.3
      vertex 120.384 16.3183 4
    endloop
  endfacet
  facet normal 0.988865 -0.148813 0
    outer loop
      vertex 120.384 16.3183 3.3
      vertex 120.344 16.0525 4
      vertex 120.344 16.0525 3.3
    endloop
  endfacet
  facet normal 0.964908 -0.262587 0
    outer loop
      vertex 120.277 15.8063 4
      vertex 120.344 16.0525 3.3
      vertex 120.344 16.0525 4
    endloop
  endfacet
  facet normal 0.964908 -0.262587 0
    outer loop
      vertex 120.344 16.0525 3.3
      vertex 120.277 15.8063 4
      vertex 120.277 15.8063 3.3
    endloop
  endfacet
  facet normal 0.925235 -0.379395 0
    outer loop
      vertex 120.184 15.5795 4
      vertex 120.277 15.8063 3.3
      vertex 120.277 15.8063 4
    endloop
  endfacet
  facet normal 0.925235 -0.379395 0
    outer loop
      vertex 120.277 15.8063 3.3
      vertex 120.184 15.5795 4
      vertex 120.184 15.5795 3.3
    endloop
  endfacet
  facet normal 0.864101 -0.503319 0
    outer loop
      vertex 120.065 15.3752 4
      vertex 120.184 15.5795 3.3
      vertex 120.184 15.5795 4
    endloop
  endfacet
  facet normal 0.864101 -0.503319 0
    outer loop
      vertex 120.184 15.5795 3.3
      vertex 120.065 15.3752 4
      vertex 120.065 15.3752 3.3
    endloop
  endfacet
  facet normal 0.78522 -0.619217 0
    outer loop
      vertex 119.924 15.1964 4
      vertex 120.065 15.3752 3.3
      vertex 120.065 15.3752 4
    endloop
  endfacet
  facet normal 0.78522 -0.619217 0
    outer loop
      vertex 120.065 15.3752 3.3
      vertex 119.924 15.1964 4
      vertex 119.924 15.1964 3.3
    endloop
  endfacet
  facet normal 0.681132 -0.732161 0
    outer loop
      vertex 119.759 15.0429 3.3
      vertex 119.924 15.1964 4
      vertex 119.759 15.0429 4
    endloop
  endfacet
  facet normal 0.681132 -0.732161 0
    outer loop
      vertex 119.924 15.1964 4
      vertex 119.759 15.0429 3.3
      vertex 119.924 15.1964 3.3
    endloop
  endfacet
  facet normal 0.564842 -0.825199 0
    outer loop
      vertex 119.572 14.9149 3.3
      vertex 119.759 15.0429 4
      vertex 119.572 14.9149 4
    endloop
  endfacet
  facet normal 0.564842 -0.825199 0
    outer loop
      vertex 119.759 15.0429 4
      vertex 119.572 14.9149 3.3
      vertex 119.759 15.0429 3.3
    endloop
  endfacet
  facet normal 0.436104 -0.899896 0
    outer loop
      vertex 119.364 14.8141 3.3
      vertex 119.572 14.9149 4
      vertex 119.364 14.8141 4
    endloop
  endfacet
  facet normal 0.436104 -0.899896 0
    outer loop
      vertex 119.572 14.9149 4
      vertex 119.364 14.8141 3.3
      vertex 119.572 14.9149 3.3
    endloop
  endfacet
  facet normal 0.307639 -0.951503 0
    outer loop
      vertex 119.141 14.742 3.3
      vertex 119.364 14.8141 4
      vertex 119.141 14.742 4
    endloop
  endfacet
  facet normal 0.307639 -0.951503 0
    outer loop
      vertex 119.364 14.8141 4
      vertex 119.141 14.742 3.3
      vertex 119.364 14.8141 3.3
    endloop
  endfacet
  facet normal 0.177871 -0.984054 0
    outer loop
      vertex 118.902 14.6988 3.3
      vertex 119.141 14.742 4
      vertex 118.902 14.6988 4
    endloop
  endfacet
  facet normal 0.177871 -0.984054 0
    outer loop
      vertex 119.141 14.742 4
      vertex 118.902 14.6988 3.3
      vertex 119.141 14.742 3.3
    endloop
  endfacet
  facet normal 0.056602 -0.998397 0
    outer loop
      vertex 118.648 14.6844 3.3
      vertex 118.902 14.6988 4
      vertex 118.648 14.6844 4
    endloop
  endfacet
  facet normal 0.056602 -0.998397 0
    outer loop
      vertex 118.902 14.6988 4
      vertex 118.648 14.6844 3.3
      vertex 118.902 14.6988 3.3
    endloop
  endfacet
  facet normal 0 -1 0
    outer loop
      vertex 117.583 14.6844 3.3
      vertex 118.648 14.6844 4
      vertex 117.583 14.6844 4
    endloop
  endfacet
  facet normal 0 -1 -0
    outer loop
      vertex 118.648 14.6844 4
      vertex 117.583 14.6844 3.3
      vertex 118.648 14.6844 3.3
    endloop
  endfacet
  facet normal -0.980786 -0.195086 0
    outer loop
      vertex 2.6769 0.35242 0
      vertex 2.608 0.698811 4
      vertex 2.608 0.698811 0
    endloop
  endfacet
  facet normal -0.980786 -0.195086 0
    outer loop
      vertex 2.608 0.698811 4
      vertex 2.6769 0.35242 0
      vertex 2.6769 0.35242 4
    endloop
  endfacet
  facet normal -0.997859 -0.0654064 0
    outer loop
      vertex 2.7 0 0
      vertex 2.6769 0.35242 4
      vertex 2.6769 0.35242 0
    endloop
  endfacet
  facet normal -0.997859 -0.0654064 0
    outer loop
      vertex 2.6769 0.35242 4
      vertex 2.7 0 0
      vertex 2.7 0 4
    endloop
  endfacet
  facet normal -0.946927 -0.321448 0
    outer loop
      vertex 2.608 0.698811 0
      vertex 2.49447 1.03325 4
      vertex 2.49447 1.03325 0
    endloop
  endfacet
  facet normal -0.946927 -0.321448 0
    outer loop
      vertex 2.49447 1.03325 4
      vertex 2.608 0.698811 0
      vertex 2.608 0.698811 4
    endloop
  endfacet
  facet normal -0.44228 0.896877 0
    outer loop
      vertex 1.35 -2.33827 0
      vertex 1.03325 -2.49447 4
      vertex 1.35 -2.33827 4
    endloop
  endfacet
  facet normal -0.44228 0.896877 0
    outer loop
      vertex 1.03325 -2.49447 4
      vertex 1.35 -2.33827 0
      vertex 1.03325 -2.49447 0
    endloop
  endfacet
  facet normal -0.831466 0.555575 0
    outer loop
      vertex 2.14205 -1.64366 0
      vertex 2.33827 -1.35 4
      vertex 2.33827 -1.35 0
    endloop
  endfacet
  facet normal -0.831466 0.555575 0
    outer loop
      vertex 2.33827 -1.35 4
      vertex 2.14205 -1.64366 0
      vertex 2.14205 -1.64366 4
    endloop
  endfacet
  facet normal -0.997859 0.0654064 0
    outer loop
      vertex 2.6769 -0.35242 0
      vertex 2.7 0 4
      vertex 2.7 0 0
    endloop
  endfacet
  facet normal -0.997859 0.0654064 0
    outer loop
      vertex 2.7 0 4
      vertex 2.6769 -0.35242 0
      vertex 2.6769 -0.35242 4
    endloop
  endfacet
  facet normal 0.195086 0.980786 -0
    outer loop
      vertex -0.35242 -2.6769 0
      vertex -0.698811 -2.608 4
      vertex -0.35242 -2.6769 4
    endloop
  endfacet
  facet normal 0.195086 0.980786 0
    outer loop
      vertex -0.698811 -2.608 4
      vertex -0.35242 -2.6769 0
      vertex -0.698811 -2.608 0
    endloop
  endfacet
  facet normal -0.896877 -0.44228 0
    outer loop
      vertex 2.49447 1.03325 0
      vertex 2.33827 1.35 4
      vertex 2.33827 1.35 0
    endloop
  endfacet
  facet normal -0.896877 -0.44228 0
    outer loop
      vertex 2.33827 1.35 4
      vertex 2.49447 1.03325 0
      vertex 2.49447 1.03325 4
    endloop
  endfacet
  facet normal -0.751845 0.65934 0
    outer loop
      vertex 1.90919 -1.90919 0
      vertex 2.14205 -1.64366 4
      vertex 2.14205 -1.64366 0
    endloop
  endfacet
  facet normal -0.751845 0.65934 0
    outer loop
      vertex 2.14205 -1.64366 4
      vertex 1.90919 -1.90919 0
      vertex 1.90919 -1.90919 4
    endloop
  endfacet
  facet normal 0.44228 -0.896877 0
    outer loop
      vertex -1.35 2.33827 0
      vertex -1.03325 2.49447 4
      vertex -1.35 2.33827 4
    endloop
  endfacet
  facet normal 0.44228 -0.896877 0
    outer loop
      vertex -1.03325 2.49447 4
      vertex -1.35 2.33827 0
      vertex -1.03325 2.49447 0
    endloop
  endfacet
  facet normal -0.946927 0.321448 0
    outer loop
      vertex 2.49447 -1.03325 0
      vertex 2.608 -0.698811 4
      vertex 2.608 -0.698811 0
    endloop
  endfacet
  facet normal -0.946927 0.321448 0
    outer loop
      vertex 2.608 -0.698811 4
      vertex 2.49447 -1.03325 0
      vertex 2.49447 -1.03325 4
    endloop
  endfacet
  facet normal -0.831466 -0.555575 0
    outer loop
      vertex 2.33827 1.35 0
      vertex 2.14205 1.64366 4
      vertex 2.14205 1.64366 0
    endloop
  endfacet
  facet normal -0.831466 -0.555575 0
    outer loop
      vertex 2.14205 1.64366 4
      vertex 2.33827 1.35 0
      vertex 2.33827 1.35 4
    endloop
  endfacet
  facet normal 0.321448 0.946927 -0
    outer loop
      vertex -0.698811 -2.608 0
      vertex -1.03325 -2.49447 4
      vertex -0.698811 -2.608 4
    endloop
  endfacet
  facet normal 0.321448 0.946927 0
    outer loop
      vertex -1.03325 -2.49447 4
      vertex -0.698811 -2.608 0
      vertex -1.03325 -2.49447 0
    endloop
  endfacet
  facet normal 0.997859 0.0654064 0
    outer loop
      vertex -2.6769 -0.35242 4
      vertex -2.7 0 0
      vertex -2.7 0 4
    endloop
  endfacet
  facet normal 0.997859 0.0654064 0
    outer loop
      vertex -2.7 0 0
      vertex -2.6769 -0.35242 4
      vertex -2.6769 -0.35242 0
    endloop
  endfacet
  facet normal 0.751845 -0.65934 0
    outer loop
      vertex -2.14205 1.64366 4
      vertex -1.90919 1.90919 0
      vertex -1.90919 1.90919 4
    endloop
  endfacet
  facet normal 0.751845 -0.65934 0
    outer loop
      vertex -1.90919 1.90919 0
      vertex -2.14205 1.64366 4
      vertex -2.14205 1.64366 0
    endloop
  endfacet
  facet normal 0.65934 0.751845 -0
    outer loop
      vertex -1.64366 -2.14205 0
      vertex -1.90919 -1.90919 4
      vertex -1.64366 -2.14205 4
    endloop
  endfacet
  facet normal 0.65934 0.751845 0
    outer loop
      vertex -1.90919 -1.90919 4
      vertex -1.64366 -2.14205 0
      vertex -1.90919 -1.90919 0
    endloop
  endfacet
  facet normal 0.0654064 0.997859 -0
    outer loop
      vertex 0 -2.7 0
      vertex -0.35242 -2.6769 4
      vertex 0 -2.7 4
    endloop
  endfacet
  facet normal 0.0654064 0.997859 0
    outer loop
      vertex -0.35242 -2.6769 4
      vertex 0 -2.7 0
      vertex -0.35242 -2.6769 0
    endloop
  endfacet
  facet normal 0.321448 -0.946927 0
    outer loop
      vertex -1.03325 2.49447 0
      vertex -0.698811 2.608 4
      vertex -1.03325 2.49447 4
    endloop
  endfacet
  facet normal 0.321448 -0.946927 0
    outer loop
      vertex -0.698811 2.608 4
      vertex -1.03325 2.49447 0
      vertex -0.698811 2.608 0
    endloop
  endfacet
  facet normal -0.555575 -0.831466 0
    outer loop
      vertex 1.35 2.33827 0
      vertex 1.64366 2.14205 4
      vertex 1.35 2.33827 4
    endloop
  endfacet
  facet normal -0.555575 -0.831466 -0
    outer loop
      vertex 1.64366 2.14205 4
      vertex 1.35 2.33827 0
      vertex 1.64366 2.14205 0
    endloop
  endfacet
  facet normal -0.751845 -0.65934 0
    outer loop
      vertex 2.14205 1.64366 0
      vertex 1.90919 1.90919 4
      vertex 1.90919 1.90919 0
    endloop
  endfacet
  facet normal -0.751845 -0.65934 0
    outer loop
      vertex 1.90919 1.90919 4
      vertex 2.14205 1.64366 0
      vertex 2.14205 1.64366 4
    endloop
  endfacet
  facet normal -0.321448 -0.946927 0
    outer loop
      vertex 0.698811 2.608 0
      vertex 1.03325 2.49447 4
      vertex 0.698811 2.608 4
    endloop
  endfacet
  facet normal -0.321448 -0.946927 -0
    outer loop
      vertex 1.03325 2.49447 4
      vertex 0.698811 2.608 0
      vertex 1.03325 2.49447 0
    endloop
  endfacet
  facet normal -0.0654064 0.997859 0
    outer loop
      vertex 0.35242 -2.6769 0
      vertex 0 -2.7 4
      vertex 0.35242 -2.6769 4
    endloop
  endfacet
  facet normal -0.0654064 0.997859 0
    outer loop
      vertex 0 -2.7 4
      vertex 0.35242 -2.6769 0
      vertex 0 -2.7 0
    endloop
  endfacet
  facet normal -0.555575 0.831466 0
    outer loop
      vertex 1.64366 -2.14205 0
      vertex 1.35 -2.33827 4
      vertex 1.64366 -2.14205 4
    endloop
  endfacet
  facet normal -0.555575 0.831466 0
    outer loop
      vertex 1.35 -2.33827 4
      vertex 1.64366 -2.14205 0
      vertex 1.35 -2.33827 0
    endloop
  endfacet
  facet normal 0.65934 -0.751845 0
    outer loop
      vertex -1.90919 1.90919 0
      vertex -1.64366 2.14205 4
      vertex -1.90919 1.90919 4
    endloop
  endfacet
  facet normal 0.65934 -0.751845 0
    outer loop
      vertex -1.64366 2.14205 4
      vertex -1.90919 1.90919 0
      vertex -1.64366 2.14205 0
    endloop
  endfacet
  facet normal 0.946927 0.321448 0
    outer loop
      vertex -2.49447 -1.03325 4
      vertex -2.608 -0.698811 0
      vertex -2.608 -0.698811 4
    endloop
  endfacet
  facet normal 0.946927 0.321448 0
    outer loop
      vertex -2.608 -0.698811 0
      vertex -2.49447 -1.03325 4
      vertex -2.49447 -1.03325 0
    endloop
  endfacet
  facet normal -0.65934 -0.751845 0
    outer loop
      vertex 1.64366 2.14205 0
      vertex 1.90919 1.90919 4
      vertex 1.64366 2.14205 4
    endloop
  endfacet
  facet normal -0.65934 -0.751845 -0
    outer loop
      vertex 1.90919 1.90919 4
      vertex 1.64366 2.14205 0
      vertex 1.90919 1.90919 0
    endloop
  endfacet
  facet normal 0.896877 0.44228 0
    outer loop
      vertex -2.33827 -1.35 4
      vertex -2.49447 -1.03325 0
      vertex -2.49447 -1.03325 4
    endloop
  endfacet
  facet normal 0.896877 0.44228 0
    outer loop
      vertex -2.49447 -1.03325 0
      vertex -2.33827 -1.35 4
      vertex -2.33827 -1.35 0
    endloop
  endfacet
  facet normal 0.0654064 -0.997859 0
    outer loop
      vertex -0.35242 2.6769 0
      vertex 0 2.7 4
      vertex -0.35242 2.6769 4
    endloop
  endfacet
  facet normal 0.0654064 -0.997859 0
    outer loop
      vertex 0 2.7 4
      vertex -0.35242 2.6769 0
      vertex 0 2.7 0
    endloop
  endfacet
  facet normal 0.751845 0.65934 0
    outer loop
      vertex -1.90919 -1.90919 4
      vertex -2.14205 -1.64366 0
      vertex -2.14205 -1.64366 4
    endloop
  endfacet
  facet normal 0.751845 0.65934 0
    outer loop
      vertex -2.14205 -1.64366 0
      vertex -1.90919 -1.90919 4
      vertex -1.90919 -1.90919 0
    endloop
  endfacet
  facet normal -0.0654064 -0.997859 0
    outer loop
      vertex 0 2.7 0
      vertex 0.35242 2.6769 4
      vertex 0 2.7 4
    endloop
  endfacet
  facet normal -0.0654064 -0.997859 -0
    outer loop
      vertex 0.35242 2.6769 4
      vertex 0 2.7 0
      vertex 0.35242 2.6769 0
    endloop
  endfacet
  facet normal -0.65934 0.751845 0
    outer loop
      vertex 1.90919 -1.90919 0
      vertex 1.64366 -2.14205 4
      vertex 1.90919 -1.90919 4
    endloop
  endfacet
  facet normal -0.65934 0.751845 0
    outer loop
      vertex 1.64366 -2.14205 4
      vertex 1.90919 -1.90919 0
      vertex 1.64366 -2.14205 0
    endloop
  endfacet
  facet normal -0.44228 -0.896877 0
    outer loop
      vertex 1.03325 2.49447 0
      vertex 1.35 2.33827 4
      vertex 1.03325 2.49447 4
    endloop
  endfacet
  facet normal -0.44228 -0.896877 -0
    outer loop
      vertex 1.35 2.33827 4
      vertex 1.03325 2.49447 0
      vertex 1.35 2.33827 0
    endloop
  endfacet
  facet normal 0.555575 -0.831466 0
    outer loop
      vertex -1.64366 2.14205 0
      vertex -1.35 2.33827 4
      vertex -1.64366 2.14205 4
    endloop
  endfacet
  facet normal 0.555575 -0.831466 0
    outer loop
      vertex -1.35 2.33827 4
      vertex -1.64366 2.14205 0
      vertex -1.35 2.33827 0
    endloop
  endfacet
  facet normal -0.896877 0.44228 0
    outer loop
      vertex 2.33827 -1.35 0
      vertex 2.49447 -1.03325 4
      vertex 2.49447 -1.03325 0
    endloop
  endfacet
  facet normal -0.896877 0.44228 0
    outer loop
      vertex 2.49447 -1.03325 4
      vertex 2.33827 -1.35 0
      vertex 2.33827 -1.35 4
    endloop
  endfacet
  facet normal 0.997859 -0.0654064 0
    outer loop
      vertex -2.7 0 4
      vertex -2.6769 0.35242 0
      vertex -2.6769 0.35242 4
    endloop
  endfacet
  facet normal 0.997859 -0.0654064 0
    outer loop
      vertex -2.6769 0.35242 0
      vertex -2.7 0 4
      vertex -2.7 0 0
    endloop
  endfacet
  facet normal 0.195086 -0.980786 0
    outer loop
      vertex -0.698811 2.608 0
      vertex -0.35242 2.6769 4
      vertex -0.698811 2.608 4
    endloop
  endfacet
  facet normal 0.195086 -0.980786 0
    outer loop
      vertex -0.35242 2.6769 4
      vertex -0.698811 2.608 0
      vertex -0.35242 2.6769 0
    endloop
  endfacet
  facet normal -0.321448 0.946927 0
    outer loop
      vertex 1.03325 -2.49447 0
      vertex 0.698811 -2.608 4
      vertex 1.03325 -2.49447 4
    endloop
  endfacet
  facet normal -0.321448 0.946927 0
    outer loop
      vertex 0.698811 -2.608 4
      vertex 1.03325 -2.49447 0
      vertex 0.698811 -2.608 0
    endloop
  endfacet
  facet normal 0.980786 -0.195086 0
    outer loop
      vertex -2.6769 0.35242 4
      vertex -2.608 0.698811 0
      vertex -2.608 0.698811 4
    endloop
  endfacet
  facet normal 0.980786 -0.195086 0
    outer loop
      vertex -2.608 0.698811 0
      vertex -2.6769 0.35242 4
      vertex -2.6769 0.35242 0
    endloop
  endfacet
  facet normal -0.980786 0.195086 0
    outer loop
      vertex 2.608 -0.698811 0
      vertex 2.6769 -0.35242 4
      vertex 2.6769 -0.35242 0
    endloop
  endfacet
  facet normal -0.980786 0.195086 0
    outer loop
      vertex 2.6769 -0.35242 4
      vertex 2.608 -0.698811 0
      vertex 2.608 -0.698811 4
    endloop
  endfacet
  facet normal 0.980786 0.195086 0
    outer loop
      vertex -2.608 -0.698811 4
      vertex -2.6769 -0.35242 0
      vertex -2.6769 -0.35242 4
    endloop
  endfacet
  facet normal 0.980786 0.195086 0
    outer loop
      vertex -2.6769 -0.35242 0
      vertex -2.608 -0.698811 4
      vertex -2.608 -0.698811 0
    endloop
  endfacet
  facet normal 0.946927 -0.321448 0
    outer loop
      vertex -2.608 0.698811 4
      vertex -2.49447 1.03325 0
      vertex -2.49447 1.03325 4
    endloop
  endfacet
  facet normal 0.946927 -0.321448 0
    outer loop
      vertex -2.49447 1.03325 0
      vertex -2.608 0.698811 4
      vertex -2.608 0.698811 0
    endloop
  endfacet
  facet normal -0.195086 0.980786 0
    outer loop
      vertex 0.698811 -2.608 0
      vertex 0.35242 -2.6769 4
      vertex 0.698811 -2.608 4
    endloop
  endfacet
  facet normal -0.195086 0.980786 0
    outer loop
      vertex 0.35242 -2.6769 4
      vertex 0.698811 -2.608 0
      vertex 0.35242 -2.6769 0
    endloop
  endfacet
  facet normal -0.195086 -0.980786 0
    outer loop
      vertex 0.35242 2.6769 0
      vertex 0.698811 2.608 4
      vertex 0.35242 2.6769 4
    endloop
  endfacet
  facet normal -0.195086 -0.980786 -0
    outer loop
      vertex 0.698811 2.608 4
      vertex 0.35242 2.6769 0
      vertex 0.698811 2.608 0
    endloop
  endfacet
  facet normal 0.831466 0.555575 0
    outer loop
      vertex -2.14205 -1.64366 4
      vertex -2.33827 -1.35 0
      vertex -2.33827 -1.35 4
    endloop
  endfacet
  facet normal 0.831466 0.555575 0
    outer loop
      vertex -2.33827 -1.35 0
      vertex -2.14205 -1.64366 4
      vertex -2.14205 -1.64366 0
    endloop
  endfacet
  facet normal 0.896877 -0.44228 0
    outer loop
      vertex -2.49447 1.03325 4
      vertex -2.33827 1.35 0
      vertex -2.33827 1.35 4
    endloop
  endfacet
  facet normal 0.896877 -0.44228 0
    outer loop
      vertex -2.33827 1.35 0
      vertex -2.49447 1.03325 4
      vertex -2.49447 1.03325 0
    endloop
  endfacet
  facet normal 0.831466 -0.555575 0
    outer loop
      vertex -2.33827 1.35 4
      vertex -2.14205 1.64366 0
      vertex -2.14205 1.64366 4
    endloop
  endfacet
  facet normal 0.831466 -0.555575 0
    outer loop
      vertex -2.14205 1.64366 0
      vertex -2.33827 1.35 4
      vertex -2.33827 1.35 0
    endloop
  endfacet
  facet normal 0.555575 0.831466 -0
    outer loop
      vertex -1.35 -2.33827 0
      vertex -1.64366 -2.14205 4
      vertex -1.35 -2.33827 4
    endloop
  endfacet
  facet normal 0.555575 0.831466 0
    outer loop
      vertex -1.64366 -2.14205 4
      vertex -1.35 -2.33827 0
      vertex -1.64366 -2.14205 0
    endloop
  endfacet
  facet normal 0.44228 0.896877 -0
    outer loop
      vertex -1.03325 -2.49447 0
      vertex -1.35 -2.33827 4
      vertex -1.03325 -2.49447 4
    endloop
  endfacet
  facet normal 0.44228 0.896877 0
    outer loop
      vertex -1.35 -2.33827 4
      vertex -1.03325 -2.49447 0
      vertex -1.35 -2.33827 0
    endloop
  endfacet
  facet normal 0.752507 0.658584 0
    outer loop
      vertex 176.02 -1.9799 4
      vertex 175.779 -1.70453 0
      vertex 175.779 -1.70453 4
    endloop
  endfacet
  facet normal 0.752507 0.658584 0
    outer loop
      vertex 175.779 -1.70453 0
      vertex 176.02 -1.9799 4
      vertex 176.02 -1.9799 0
    endloop
  endfacet
  facet normal -0.194675 -0.980868 0
    outer loop
      vertex 196.365 2.77604 0
      vertex 196.725 2.70459 4
      vertex 196.365 2.77604 4
    endloop
  endfacet
  facet normal -0.194675 -0.980868 -0
    outer loop
      vertex 196.725 2.70459 4
      vertex 196.365 2.77604 0
      vertex 196.725 2.70459 0
    endloop
  endfacet
  facet normal -0.997851 0.0655272 0
    outer loop
      vertex 198.776 -0.365473 0
      vertex 198.8 0 4
      vertex 198.8 0 0
    endloop
  endfacet
  facet normal -0.997851 0.0655272 0
    outer loop
      vertex 198.8 0 4
      vertex 198.776 -0.365473 0
      vertex 198.776 -0.365473 4
    endloop
  endfacet
  facet normal 0.896866 0.442303 0
    outer loop
      vertex 175.575 -1.4 4
      vertex 175.413 -1.07151 0
      vertex 175.413 -1.07151 4
    endloop
  endfacet
  facet normal 0.896866 0.442303 0
    outer loop
      vertex 175.413 -1.07151 0
      vertex 175.575 -1.4 4
      vertex 175.575 -1.4 0
    endloop
  endfacet
  facet normal 0.997851 -0.0655272 0
    outer loop
      vertex 175.2 0 4
      vertex 175.224 0.365473 0
      vertex 175.224 0.365473 4
    endloop
  endfacet
  facet normal 0.997851 -0.0655272 0
    outer loop
      vertex 175.224 0.365473 0
      vertex 175.2 0 4
      vertex 175.2 0 0
    endloop
  endfacet
  facet normal 0.442813 0.896614 -0
    outer loop
      vertex 176.928 -2.58686 0
      vertex 176.6 -2.42487 4
      vertex 176.928 -2.58686 4
    endloop
  endfacet
  facet normal 0.442813 0.896614 0
    outer loop
      vertex 176.6 -2.42487 4
      vertex 176.928 -2.58686 0
      vertex 176.6 -2.42487 0
    endloop
  endfacet
  facet normal 0.659842 -0.751404 0
    outer loop
      vertex 176.02 1.9799 0
      vertex 176.295 2.22139 4
      vertex 176.02 1.9799 4
    endloop
  endfacet
  facet normal 0.659842 -0.751404 0
    outer loop
      vertex 176.295 2.22139 4
      vertex 176.02 1.9799 0
      vertex 176.295 2.22139 0
    endloop
  endfacet
  facet normal 0 -1 0
    outer loop
      vertex 178 2.8 0
      vertex 196 2.8 4
      vertex 178 2.8 4
    endloop
  endfacet
  facet normal 0 -1 -0
    outer loop
      vertex 196 2.8 4
      vertex 178 2.8 0
      vertex 196 2.8 0
    endloop
  endfacet
  facet normal 0.194675 -0.980868 0
    outer loop
      vertex 177.275 2.70459 0
      vertex 177.635 2.77604 4
      vertex 177.275 2.70459 4
    endloop
  endfacet
  facet normal 0.194675 -0.980868 0
    outer loop
      vertex 177.635 2.77604 4
      vertex 177.275 2.70459 0
      vertex 177.635 2.77604 0
    endloop
  endfacet
  facet normal 0.442813 -0.896614 0
    outer loop
      vertex 176.6 2.42487 0
      vertex 176.928 2.58686 4
      vertex 176.6 2.42487 4
    endloop
  endfacet
  facet normal 0.442813 -0.896614 0
    outer loop
      vertex 176.928 2.58686 4
      vertex 176.6 2.42487 0
      vertex 176.928 2.58686 0
    endloop
  endfacet
  facet normal -0.0655029 -0.997852 0
    outer loop
      vertex 196 2.8 0
      vertex 196.365 2.77604 4
      vertex 196 2.8 4
    endloop
  endfacet
  facet normal -0.0655029 -0.997852 -0
    outer loop
      vertex 196.365 2.77604 4
      vertex 196 2.8 0
      vertex 196.365 2.77604 0
    endloop
  endfacet
  facet normal 0.946704 -0.322104 0
    outer loop
      vertex 175.295 0.724693 4
      vertex 175.413 1.07151 0
      vertex 175.413 1.07151 4
    endloop
  endfacet
  facet normal 0.946704 -0.322104 0
    outer loop
      vertex 175.413 1.07151 0
      vertex 175.295 0.724693 4
      vertex 175.295 0.724693 0
    endloop
  endfacet
  facet normal 0.0655029 0.997852 -0
    outer loop
      vertex 178 -2.8 0
      vertex 177.635 -2.77604 4
      vertex 178 -2.8 4
    endloop
  endfacet
  facet normal 0.0655029 0.997852 0
    outer loop
      vertex 177.635 -2.77604 4
      vertex 178 -2.8 0
      vertex 177.635 -2.77604 0
    endloop
  endfacet
  facet normal 0.321291 -0.94698 0
    outer loop
      vertex 176.928 2.58686 0
      vertex 177.275 2.70459 4
      vertex 176.928 2.58686 4
    endloop
  endfacet
  facet normal 0.321291 -0.94698 0
    outer loop
      vertex 177.275 2.70459 4
      vertex 176.928 2.58686 0
      vertex 177.275 2.70459 0
    endloop
  endfacet
  facet normal 0.752507 -0.658584 0
    outer loop
      vertex 175.779 1.70453 4
      vertex 176.02 1.9799 0
      vertex 176.02 1.9799 4
    endloop
  endfacet
  facet normal 0.752507 -0.658584 0
    outer loop
      vertex 176.02 1.9799 0
      vertex 175.779 1.70453 4
      vertex 175.779 1.70453 0
    endloop
  endfacet
  facet normal -0.194675 0.980868 0
    outer loop
      vertex 196.725 -2.70459 0
      vertex 196.365 -2.77604 4
      vertex 196.725 -2.70459 4
    endloop
  endfacet
  facet normal -0.194675 0.980868 0
    outer loop
      vertex 196.365 -2.77604 4
      vertex 196.725 -2.70459 0
      vertex 196.365 -2.77604 0
    endloop
  endfacet
  facet normal 0.0655029 -0.997852 0
    outer loop
      vertex 177.635 2.77604 0
      vertex 178 2.8 4
      vertex 177.635 2.77604 4
    endloop
  endfacet
  facet normal 0.0655029 -0.997852 0
    outer loop
      vertex 178 2.8 4
      vertex 177.635 2.77604 0
      vertex 178 2.8 0
    endloop
  endfacet
  facet normal -0.896866 0.442303 0
    outer loop
      vertex 198.425 -1.4 0
      vertex 198.587 -1.07151 4
      vertex 198.587 -1.07151 0
    endloop
  endfacet
  facet normal -0.896866 0.442303 0
    outer loop
      vertex 198.587 -1.07151 4
      vertex 198.425 -1.4 0
      vertex 198.425 -1.4 4
    endloop
  endfacet
  facet normal 0.659842 0.751404 -0
    outer loop
      vertex 176.295 -2.22139 0
      vertex 176.02 -1.9799 4
      vertex 176.295 -2.22139 4
    endloop
  endfacet
  facet normal 0.659842 0.751404 0
    outer loop
      vertex 176.02 -1.9799 4
      vertex 176.295 -2.22139 0
      vertex 176.02 -1.9799 0
    endloop
  endfacet
  facet normal 0 1 -0
    outer loop
      vertex 196 -2.8 0
      vertex 178 -2.8 4
      vertex 196 -2.8 4
    endloop
  endfacet
  facet normal 0 1 0
    outer loop
      vertex 178 -2.8 4
      vertex 196 -2.8 0
      vertex 178 -2.8 0
    endloop
  endfacet
  facet normal -0.896866 -0.442303 0
    outer loop
      vertex 198.587 1.07151 0
      vertex 198.425 1.4 4
      vertex 198.425 1.4 0
    endloop
  endfacet
  facet normal -0.896866 -0.442303 0
    outer loop
      vertex 198.425 1.4 4
      vertex 198.587 1.07151 0
      vertex 198.587 1.07151 4
    endloop
  endfacet
  facet normal -0.0655029 0.997852 0
    outer loop
      vertex 196.365 -2.77604 0
      vertex 196 -2.8 4
      vertex 196.365 -2.77604 4
    endloop
  endfacet
  facet normal -0.0655029 0.997852 0
    outer loop
      vertex 196 -2.8 4
      vertex 196.365 -2.77604 0
      vertex 196 -2.8 0
    endloop
  endfacet
  facet normal -0.997851 -0.0655272 0
    outer loop
      vertex 198.8 0 0
      vertex 198.776 0.365473 4
      vertex 198.776 0.365473 0
    endloop
  endfacet
  facet normal -0.997851 -0.0655272 0
    outer loop
      vertex 198.776 0.365473 4
      vertex 198.8 0 0
      vertex 198.8 0 4
    endloop
  endfacet
  facet normal -0.321291 0.94698 0
    outer loop
      vertex 197.072 -2.58686 0
      vertex 196.725 -2.70459 4
      vertex 197.072 -2.58686 4
    endloop
  endfacet
  facet normal -0.321291 0.94698 0
    outer loop
      vertex 196.725 -2.70459 4
      vertex 197.072 -2.58686 0
      vertex 196.725 -2.70459 0
    endloop
  endfacet
  facet normal -0.442813 0.896614 0
    outer loop
      vertex 197.4 -2.42487 0
      vertex 197.072 -2.58686 4
      vertex 197.4 -2.42487 4
    endloop
  endfacet
  facet normal -0.442813 0.896614 0
    outer loop
      vertex 197.072 -2.58686 4
      vertex 197.4 -2.42487 0
      vertex 197.072 -2.58686 0
    endloop
  endfacet
  facet normal 0.981021 -0.193899 0
    outer loop
      vertex 175.224 0.365473 4
      vertex 175.295 0.724693 0
      vertex 175.295 0.724693 4
    endloop
  endfacet
  facet normal 0.981021 -0.193899 0
    outer loop
      vertex 175.295 0.724693 0
      vertex 175.224 0.365473 4
      vertex 175.224 0.365473 0
    endloop
  endfacet
  facet normal -0.946704 -0.322104 0
    outer loop
      vertex 198.705 0.724693 0
      vertex 198.587 1.07151 4
      vertex 198.587 1.07151 0
    endloop
  endfacet
  facet normal -0.946704 -0.322104 0
    outer loop
      vertex 198.587 1.07151 4
      vertex 198.705 0.724693 0
      vertex 198.705 0.724693 4
    endloop
  endfacet
  facet normal 0.896866 -0.442303 0
    outer loop
      vertex 175.413 1.07151 4
      vertex 175.575 1.4 0
      vertex 175.575 1.4 4
    endloop
  endfacet
  facet normal 0.896866 -0.442303 0
    outer loop
      vertex 175.575 1.4 0
      vertex 175.413 1.07151 4
      vertex 175.413 1.07151 0
    endloop
  endfacet
  facet normal 0.997851 0.0655272 0
    outer loop
      vertex 175.224 -0.365473 4
      vertex 175.2 0 0
      vertex 175.2 0 4
    endloop
  endfacet
  facet normal 0.997851 0.0655272 0
    outer loop
      vertex 175.2 0 0
      vertex 175.224 -0.365473 4
      vertex 175.224 -0.365473 0
    endloop
  endfacet
  facet normal 0.946704 0.322104 0
    outer loop
      vertex 175.413 -1.07151 4
      vertex 175.295 -0.724693 0
      vertex 175.295 -0.724693 4
    endloop
  endfacet
  facet normal 0.946704 0.322104 0
    outer loop
      vertex 175.295 -0.724693 0
      vertex 175.413 -1.07151 4
      vertex 175.413 -1.07151 0
    endloop
  endfacet
  facet normal -0.554977 -0.831866 0
    outer loop
      vertex 197.4 2.42487 0
      vertex 197.705 2.22139 4
      vertex 197.4 2.42487 4
    endloop
  endfacet
  facet normal -0.554977 -0.831866 -0
    outer loop
      vertex 197.705 2.22139 4
      vertex 197.4 2.42487 0
      vertex 197.705 2.22139 0
    endloop
  endfacet
  facet normal -0.946704 0.322104 0
    outer loop
      vertex 198.587 -1.07151 0
      vertex 198.705 -0.724693 4
      vertex 198.705 -0.724693 0
    endloop
  endfacet
  facet normal -0.946704 0.322104 0
    outer loop
      vertex 198.705 -0.724693 4
      vertex 198.587 -1.07151 0
      vertex 198.587 -1.07151 4
    endloop
  endfacet
  facet normal 0.830814 -0.55655 0
    outer loop
      vertex 175.575 1.4 4
      vertex 175.779 1.70453 0
      vertex 175.779 1.70453 4
    endloop
  endfacet
  facet normal 0.830814 -0.55655 0
    outer loop
      vertex 175.779 1.70453 0
      vertex 175.575 1.4 4
      vertex 175.575 1.4 0
    endloop
  endfacet
  facet normal 0.321291 0.94698 -0
    outer loop
      vertex 177.275 -2.70459 0
      vertex 176.928 -2.58686 4
      vertex 177.275 -2.70459 4
    endloop
  endfacet
  facet normal 0.321291 0.94698 0
    outer loop
      vertex 176.928 -2.58686 4
      vertex 177.275 -2.70459 0
      vertex 176.928 -2.58686 0
    endloop
  endfacet
  facet normal 0.194675 0.980868 -0
    outer loop
      vertex 177.635 -2.77604 0
      vertex 177.275 -2.70459 4
      vertex 177.635 -2.77604 4
    endloop
  endfacet
  facet normal 0.194675 0.980868 0
    outer loop
      vertex 177.275 -2.70459 4
      vertex 177.635 -2.77604 0
      vertex 177.275 -2.70459 0
    endloop
  endfacet
  facet normal -0.554977 0.831866 0
    outer loop
      vertex 197.705 -2.22139 0
      vertex 197.4 -2.42487 4
      vertex 197.705 -2.22139 4
    endloop
  endfacet
  facet normal -0.554977 0.831866 0
    outer loop
      vertex 197.4 -2.42487 4
      vertex 197.705 -2.22139 0
      vertex 197.4 -2.42487 0
    endloop
  endfacet
  facet normal -0.830814 0.55655 0
    outer loop
      vertex 198.221 -1.70453 0
      vertex 198.425 -1.4 4
      vertex 198.425 -1.4 0
    endloop
  endfacet
  facet normal -0.830814 0.55655 0
    outer loop
      vertex 198.425 -1.4 4
      vertex 198.221 -1.70453 0
      vertex 198.221 -1.70453 4
    endloop
  endfacet
  facet normal -0.659842 0.751404 0
    outer loop
      vertex 197.98 -1.9799 0
      vertex 197.705 -2.22139 4
      vertex 197.98 -1.9799 4
    endloop
  endfacet
  facet normal -0.659842 0.751404 0
    outer loop
      vertex 197.705 -2.22139 4
      vertex 197.98 -1.9799 0
      vertex 197.705 -2.22139 0
    endloop
  endfacet
  facet normal -0.659842 -0.751404 0
    outer loop
      vertex 197.705 2.22139 0
      vertex 197.98 1.9799 4
      vertex 197.705 2.22139 4
    endloop
  endfacet
  facet normal -0.659842 -0.751404 -0
    outer loop
      vertex 197.98 1.9799 4
      vertex 197.705 2.22139 0
      vertex 197.98 1.9799 0
    endloop
  endfacet
  facet normal 0.830814 0.55655 0
    outer loop
      vertex 175.779 -1.70453 4
      vertex 175.575 -1.4 0
      vertex 175.575 -1.4 4
    endloop
  endfacet
  facet normal 0.830814 0.55655 0
    outer loop
      vertex 175.575 -1.4 0
      vertex 175.779 -1.70453 4
      vertex 175.779 -1.70453 0
    endloop
  endfacet
  facet normal -0.830814 -0.55655 0
    outer loop
      vertex 198.425 1.4 0
      vertex 198.221 1.70453 4
      vertex 198.221 1.70453 0
    endloop
  endfacet
  facet normal -0.830814 -0.55655 0
    outer loop
      vertex 198.221 1.70453 4
      vertex 198.425 1.4 0
      vertex 198.425 1.4 4
    endloop
  endfacet
  facet normal 0.554977 -0.831866 0
    outer loop
      vertex 176.295 2.22139 0
      vertex 176.6 2.42487 4
      vertex 176.295 2.22139 4
    endloop
  endfacet
  facet normal 0.554977 -0.831866 0
    outer loop
      vertex 176.6 2.42487 4
      vertex 176.295 2.22139 0
      vertex 176.6 2.42487 0
    endloop
  endfacet
  facet normal 0.981021 0.193899 0
    outer loop
      vertex 175.295 -0.724693 4
      vertex 175.224 -0.365473 0
      vertex 175.224 -0.365473 4
    endloop
  endfacet
  facet normal 0.981021 0.193899 0
    outer loop
      vertex 175.224 -0.365473 0
      vertex 175.295 -0.724693 4
      vertex 175.295 -0.724693 0
    endloop
  endfacet
  facet normal -0.752507 -0.658584 0
    outer loop
      vertex 198.221 1.70453 0
      vertex 197.98 1.9799 4
      vertex 197.98 1.9799 0
    endloop
  endfacet
  facet normal -0.752507 -0.658584 0
    outer loop
      vertex 197.98 1.9799 4
      vertex 198.221 1.70453 0
      vertex 198.221 1.70453 4
    endloop
  endfacet
  facet normal 0.554977 0.831866 -0
    outer loop
      vertex 176.6 -2.42487 0
      vertex 176.295 -2.22139 4
      vertex 176.6 -2.42487 4
    endloop
  endfacet
  facet normal 0.554977 0.831866 0
    outer loop
      vertex 176.295 -2.22139 4
      vertex 176.6 -2.42487 0
      vertex 176.295 -2.22139 0
    endloop
  endfacet
  facet normal -0.442813 -0.896614 0
    outer loop
      vertex 197.072 2.58686 0
      vertex 197.4 2.42487 4
      vertex 197.072 2.58686 4
    endloop
  endfacet
  facet normal -0.442813 -0.896614 -0
    outer loop
      vertex 197.4 2.42487 4
      vertex 197.072 2.58686 0
      vertex 197.4 2.42487 0
    endloop
  endfacet
  facet normal -0.981021 -0.193899 0
    outer loop
      vertex 198.776 0.365473 0
      vertex 198.705 0.724693 4
      vertex 198.705 0.724693 0
    endloop
  endfacet
  facet normal -0.981021 -0.193899 0
    outer loop
      vertex 198.705 0.724693 4
      vertex 198.776 0.365473 0
      vertex 198.776 0.365473 4
    endloop
  endfacet
  facet normal -0.321291 -0.94698 0
    outer loop
      vertex 196.725 2.70459 0
      vertex 197.072 2.58686 4
      vertex 196.725 2.70459 4
    endloop
  endfacet
  facet normal -0.321291 -0.94698 -0
    outer loop
      vertex 197.072 2.58686 4
      vertex 196.725 2.70459 0
      vertex 197.072 2.58686 0
    endloop
  endfacet
  facet normal -0.752507 0.658584 0
    outer loop
      vertex 197.98 -1.9799 0
      vertex 198.221 -1.70453 4
      vertex 198.221 -1.70453 0
    endloop
  endfacet
  facet normal -0.752507 0.658584 0
    outer loop
      vertex 198.221 -1.70453 4
      vertex 197.98 -1.9799 0
      vertex 197.98 -1.9799 4
    endloop
  endfacet
  facet normal -0.981021 0.193899 0
    outer loop
      vertex 198.705 -0.724693 0
      vertex 198.776 -0.365473 4
      vertex 198.776 -0.365473 0
    endloop
  endfacet
  facet normal -0.981021 0.193899 0
    outer loop
      vertex 198.776 -0.365473 4
      vertex 198.705 -0.724693 0
      vertex 198.705 -0.724693 4
    endloop
  endfacet
  facet normal -1 0 0
    outer loop
      vertex -2.5 17 0
      vertex -2.5 22 4
      vertex -2.5 22 0
    endloop
  endfacet
  facet normal -1 -0 0
    outer loop
      vertex -2.5 22 4
      vertex -2.5 17 0
      vertex -2.5 17 4
    endloop
  endfacet
  facet normal 0 1 -0
    outer loop
      vertex -2.5 17 0
      vertex -6 17 4
      vertex -2.5 17 4
    endloop
  endfacet
  facet normal 0 1 0
    outer loop
      vertex -6 17 4
      vertex -2.5 17 0
      vertex -6 17 0
    endloop
  endfacet
endsolid OpenSCAD_Model
